#Inventor V2.1 ascii


DEF root Separator {

  DEF material VRMLAppearance {
    material 
    DEF color VRMLMaterial {
      diffuseColor 1 0.40000001 0

    }

  }
  USE color
  USE color
  IndexedTriangleStripSet {
    vertexProperty 
    VertexProperty {
      vertex [ -0.023350319 0.19203348 -0.041812979,
          -0.023350319 0.20903347 -0.041799441,
          -0.028606558 0.19203094 -0.038608383,
          -0.028606558 0.20903093 -0.038594849,
          -0.03342915 0.20902789 -0.034768622,
          -0.03342915 0.19202788 -0.034782156,
          -0.037744991 0.20902438 -0.03037875,
          -0.037744991 0.19202439 -0.030392285,
          -0.041488659 0.20902048 -0.025491789,
          -0.041488659 0.19202051 -0.025505325,
          -0.0446034 0.20901626 -0.020181812,
          -0.0446034 0.19201627 -0.02019535,
          -0.047041997 0.19201177 -0.014542856,
          -0.047041997 0.20901176 -0.01452932,
          -0.048767485 0.20900705 -0.0086199958,
          -0.048767485 0.19200706 -0.0086335307,
          -0.049753711 0.20900223 -0.0025434173,
          -0.049753711 0.19200222 -0.0025569533,
          -0.049985722 0.20899732 0.0036082983,
          -0.049985722 0.19199732 0.0035947622,
          -0.049459994 0.20899244 0.0097418977,
          -0.049459994 0.19199245 0.0097283619,
          -0.048184507 0.20898765 0.015764402,
          -0.048184507 0.19198765 0.015750866,
          -0.046178591 0.20898302 0.021584518,
          -0.046178591 0.19198301 0.021570982,
          -0.043472659 0.19197862 0.027100481,
          -0.043472659 0.20897861 0.027114017,
          -0.04010772 0.2089745 0.032269076,
          -0.04010772 0.19197451 0.032255542,
          -0.036134791 0.19197075 0.036958013,
          -0.036134791 0.20897076 0.03697155,
          -0.031614095 0.20896743 0.041150156,
          -0.031614095 0.19196743 0.041136622,
          -0.026614161 0.20896459 0.044741552,
          -0.026614161 0.19196458 0.044728018,
          -0.021210786 0.19196223 0.047677755,
          -0.021210786 0.20896223 0.047691293,
          -0.015485876 0.20896041 0.049954668,
          -0.015485876 0.19196042 0.04994113,
          -0.0095262155 0.19195919 0.051483825,
          -0.0095262155 0.20895919 0.051497359,
          -0.0034221467 0.19195856 0.052282449,
          -0.0034221467 0.20895855 0.052295987,
          0.0027337978 0.20895852 0.052338444,
          0.0027337978 0.19195852 0.05232491,
          0.0088483002 0.1919591 0.051610548,
          0.0088483002 0.20895909 0.051624082,
          0.014828672 0.19196026 0.050150201,
          0.014828672 0.20896026 0.050163742,
          0.020584255 0.191962 0.047966007,
          0.020584255 0.20896199 0.047979545,
          0.026027804 0.20896429 0.045104612,
          0.026027804 0.19196428 0.045091078,
          0.031076796 0.1919671 0.041568987,
          0.031076796 0.20896707 0.041582521,
          0.035654698 0.19197036 0.037453126,
          0.035654698 0.20897037 0.03746666,
          0.039692111 0.19197407 0.032805894,
          0.039692111 0.20897406 0.032819431,
          0.043127827 0.19197814 0.027697742,
          0.043127827 0.20897813 0.027711278,
          0.045909774 0.20898251 0.022219626,
          0.045909774 0.19198251 0.022206092,
          0.047995776 0.19198711 0.016414195,
          0.047995776 0.20898712 0.016427731,
          0.049354207 0.20899189 0.010423393,
          0.049354207 0.19199191 0.010409857,
          0.04996448 0.19199677 0.0042840922,
          0.04996448 0.20899677 0.0042976281,
          0.049817342 0.20900168 -0.0018567024,
          0.049817342 0.19200167 -0.0018702383,
          0.048915025 0.19200653 -0.0079598408,
          0.048915025 0.20900652 -0.007946305,
          0.047271207 0.20901124 -0.013878867,
          0.047271207 0.19201125 -0.013892403,
          0.044910807 0.19201577 -0.019577995,
          0.044910807 0.20901577 -0.019564457,
          0.041869599 0.20902003 -0.024916887,
          0.041869599 0.19202004 -0.024930423,
          0.038193695 0.19202396 -0.029868556,
          0.038193695 0.20902397 -0.02985502,
          0.033938814 0.2090275 -0.034304004,
          0.033938814 0.19202752 -0.034317538,
          0.029169453 0.2090306 -0.038196385,
          0.029169453 0.19203062 -0.038209923,
          0.023957916 0.20903321 -0.041473165,
          0.023957916 0.19203323 -0.041486703,
          0.018383197 0.1920353 -0.044098217,
          0.018383197 0.20903531 -0.044084676,
          0.012529811 0.20903681 -0.045991328,
          0.012529811 0.19203681 -0.046004862,
          0.0064864834 0.20903775 -0.047164209,
          0.0064864834 0.19203776 -0.047177743,
          0.00034482853 0.20903808 -0.047585551,
          0.00034482853 0.19203809 -0.047599085,
          -0.005802054 0.19203782 -0.047262494,
          -0.005802054 0.20903783 -0.04724896,
          -0.011860983 0.20903695 -0.046159543,
          -0.011860983 0.19203696 -0.046173077,
          -0.017740112 0.2090355 -0.044333812,
          -0.017740112 0.1920355 -0.04434735,
          -0.028020382 0.20904052 -0.050641976,
          -0.028020382 0.19204052 -0.050655514,
          -0.033784498 0.20903777 -0.04717109,
          -0.033784498 0.19203776 -0.047184628,
          -0.039123755 0.20903449 -0.043076649,
          -0.039123755 0.1920345 -0.043090191,
          -0.043971006 0.19203079 -0.038423687,
          -0.043971006 0.20903079 -0.038410153,
          -0.048265301 0.19202666 -0.033243809,
          -0.048265301 0.20902665 -0.033230275,
          -0.051952623 0.20902218 -0.027602158,
          -0.051952623 0.19202217 -0.027615696,
          -0.054986618 0.2090174 -0.021596581,
          -0.054986618 0.19201741 -0.021610118,
          -0.057329122 0.20901237 -0.015289066,
          -0.057329122 0.19201237 -0.015302601,
          -0.058950678 0.20900716 -0.0087589342,
          -0.058950678 0.19200718 -0.0087724701,
          -0.059830897 0.19200186 -0.0021018418,
          -0.059830897 0.20900185 -0.0020883058,
          -0.059958708 0.1919965 0.0046253959,
          -0.059958708 0.2089965 0.0046389322,
          -0.059332505 0.19199118 0.011324646,
          -0.059332505 0.20899117 0.011338181,
          -0.05796016 0.19198592 0.017911656,
          -0.05796016 0.20898592 0.017925194,
          -0.055858929 0.19198084 0.024303598,
          -0.055858929 0.20898083 0.024317134,
          -0.053055238 0.19197597 0.030420084,
          -0.053055238 0.20897596 0.030433619,
          -0.049584351 0.19197138 0.036184199,
          -0.049584351 0.20897137 0.036197737,
          -0.045489911 0.19196713 0.041523457,
          -0.045489911 0.20896713 0.041536991,
          -0.040823411 0.19196327 0.046370704,
          -0.040823411 0.20896326 0.046384241,
          -0.035643533 0.20895985 0.050678529,
          -0.035643533 0.19195984 0.050664995,
          -0.030015415 0.19195692 0.054352321,
          -0.030015415 0.2089569 0.054365855,
          -0.024009835 0.19195449 0.057386313,
          -0.024009835 0.2089545 0.057399847,
          -0.017702319 0.19195263 0.059728816,
          -0.017702319 0.20895264 0.059742354,
          -0.011172185 0.19195133 0.061350372,
          -0.011172185 0.20895134 0.061363909,
          -0.0045015542 0.19195065 0.062230591,
          -0.0045015542 0.20895064 0.062244128,
          0.0022256856 0.19195054 0.062358402,
          0.0022256856 0.20895053 0.062371939,
          0.0089249369 0.19195104 0.061732195,
          0.0089249369 0.20895103 0.061745733,
          0.01551195 0.19195212 0.060359851,
          0.01551195 0.20895213 0.060373388,
          0.021903893 0.19195381 0.058258619,
          0.021903893 0.2089538 0.058272157,
          0.028020382 0.19195603 0.055454936,
          0.028020382 0.20895603 0.05546847,
          0.033784498 0.20895879 0.051997583,
          0.033784498 0.1919588 0.051984049,
          0.039123755 0.19196206 0.047889609,
          0.039123755 0.20896207 0.047903147,
          0.043971006 0.19196577 0.043223113,
          0.043971006 0.20896576 0.043236647,
          0.048265301 0.1919699 0.038043234,
          0.048265301 0.20896989 0.038056768,
          0.051952623 0.19197437 0.032415114,
          0.051952623 0.20897438 0.032428652,
          0.054986618 0.19197917 0.02640954,
          0.054986618 0.20897914 0.026423076,
          0.057329122 0.20898418 0.020115562,
          0.057329122 0.19198419 0.020102026,
          0.058950678 0.19198939 0.013571893,
          0.058950678 0.20898938 0.013585428,
          0.059830897 0.1919947 0.0069012642,
          0.059830897 0.20899469 0.0069148,
          0.059958708 0.19200006 0.00017402609,
          0.059958708 0.20900004 0.00018756215,
          0.059332505 0.19200538 -0.0065252227,
          0.059332505 0.20900539 -0.0065116868,
          0.05796016 0.19201063 -0.013112235,
          0.05796016 0.20901063 -0.013098698,
          0.055858929 0.20901571 -0.019490639,
          0.055858929 0.19201572 -0.019504176,
          0.053055238 0.1920206 -0.025620662,
          0.053055238 0.20902058 -0.025607126,
          0.049584351 0.19202518 -0.031384777,
          0.049584351 0.20902517 -0.03137124,
          0.045489911 0.19202943 -0.036724031,
          0.045489911 0.20902944 -0.036710497,
          0.040823411 0.19203329 -0.041571282,
          0.040823411 0.2090333 -0.041557744,
          0.035643533 0.20903671 -0.045852039,
          0.035643533 0.1920367 -0.045865573,
          0.030015415 0.20903964 -0.049539361,
          0.030015415 0.19203965 -0.049552895,
          0.024009835 0.20904206 -0.052573353,
          0.024009835 0.19204207 -0.052586891,
          0.017702319 0.20904392 -0.054915857,
          0.017702319 0.19204393 -0.054929398,
          0.011172185 0.2090452 -0.056537412,
          0.011172185 0.19204523 -0.056550954,
          0.0045015542 0.2090459 -0.057417631,
          0.0045015542 0.19204593 -0.057431165,
          -0.0022256856 0.20904602 -0.057545442,
          -0.0022256856 0.19204602 -0.057558976,
          -0.0089249369 0.20904551 -0.056919239,
          -0.0089249369 0.19204552 -0.056932777,
          -0.01551195 0.20904443 -0.055546895,
          -0.01551195 0.19204442 -0.055560432,
          -0.021903893 0.20904274 -0.053445663,
          -0.021903893 0.19204275 -0.053459201,
          0.050000001 0.00049235526 0.0097472304,
          0.050000001 0.00050589128 -0.0072527658,
          0.049240388 0.0091747567 0.0097541437,
          0.049240388 0.0091882925 -0.0072458526,
          0.046984632 0.017606901 -0.0072391494,
          0.046984632 0.017593363 0.0097608455,
          0.043301273 0.025505885 -0.0072328597,
          0.043301273 0.02549235 0.0097671347,
          0.038302224 0.032645259 -0.0072271754,
          0.038302224 0.032631718 0.0097728204,
          0.032139383 0.038808096 -0.0072222683,
          0.032139383 0.038794562 0.0097777275,
          0.025 0.043807149 -0.0072182878,
          0.025 0.043793615 0.0097817071,
          0.017101008 0.0474905 -0.0072153551,
          0.017101008 0.047476962 0.0097846407,
          0.0086824093 0.049746267 -0.007213559,
          0.0086824093 0.04973273 0.0097864363,
          -4.3009848e-016 0.050492343 0.0097870408,
          -4.4744568e-016 0.050505877 -0.0072129546,
          -0.0086824093 0.049746267 -0.007213559,
          -0.0086824093 0.04973273 0.0097864363,
          -0.017101008 0.0474905 -0.0072153551,
          -0.017101008 0.047476962 0.0097846407,
          -0.025 0.043807149 -0.0072182878,
          -0.025 0.043793615 0.0097817071,
          -0.032139383 0.038794562 0.0097777275,
          -0.032139383 0.038808096 -0.0072222683,
          -0.038302224 0.032631718 0.0097728204,
          -0.038302224 0.032645259 -0.0072271754,
          -0.043301273 0.025505885 -0.0072328597,
          -0.043301273 0.02549235 0.0097671347,
          -0.046984632 0.017606901 -0.0072391494,
          -0.046984632 0.017593363 0.0097608455,
          -0.049240388 0.0091882925 -0.0072458526,
          -0.049240388 0.0091747567 0.0097541437,
          -0.050000001 0.00050589128 -0.0072527658,
          -0.050000001 0.00049235526 0.0097472304,
          -0.049240388 -0.0081765102 -0.007259679,
          -0.049240388 -0.0081900461 0.0097403163,
          -0.046984632 -0.016595118 -0.0072663827,
          -0.046984632 -0.016608654 0.0097336136,
          -0.043301273 -0.024494102 -0.0072726719,
          -0.043301273 -0.024507638 0.0097273244,
          -0.038302224 -0.031633474 -0.0072783567,
          -0.038302224 -0.031647012 0.0097216396,
          -0.032139383 -0.037796315 -0.0072832638,
          -0.032139383 -0.037809849 0.0097167315,
          -0.025 -0.042795368 -0.0072872443,
          -0.025 -0.042808905 0.009712752,
          -0.017101008 -0.046478715 -0.007290177,
          -0.017101008 -0.046492252 0.0097098183,
          -0.0086824093 -0.048734482 -0.0072919731,
          -0.0086824093 -0.04874802 0.0097080227,
          -3.0197288e-016 -0.049494099 -0.007292578,
          -2.8462562e-016 -0.049507633 0.0097074183,
          0.0086824093 -0.048734482 -0.0072919731,
          0.0086824093 -0.04874802 0.0097080227,
          0.017101008 -0.046478715 -0.007290177,
          0.017101008 -0.046492252 0.0097098183,
          0.025 -0.042795368 -0.0072872443,
          0.025 -0.042808905 0.009712752,
          0.032139383 -0.037796315 -0.0072832638,
          0.032139383 -0.037809849 0.0097167315,
          0.038302224 -0.031647012 0.0097216396,
          0.038302224 -0.031633474 -0.0072783567,
          0.043301273 -0.024494102 -0.0072726719,
          0.043301273 -0.024507638 0.0097273244,
          0.046984632 -0.016608654 0.0097336136,
          0.046984632 -0.016595118 -0.0072663827,
          0.049240388 -0.0081765102 -0.007259679,
          0.049240388 -0.0081900461 0.0097403163,
          -4.0915087e-016 0.17204607 -0.057616197,
          -2.9462604e-016 0.19204606 -0.057600271,
          0.0065506287 0.17204577 -0.057255134,
          0.0093860691 0.19204547 -0.056861576,
          0.01302306 0.17204492 -0.056182116,
          0.018541019 0.19204371 -0.054663669,
          0.021907836 0.17204276 -0.053473443,
          0.027239431 0.19204085 -0.051060669,
          0.029505624 0.17203988 -0.049856935,
          0.035267118 0.19203694 -0.046141297,
          0.03726064 0.17203572 -0.044641081,
          0.042426407 0.19203207 -0.040026687,
          0.044084545 0.17203069 -0.038316261,
          0.048541021 0.19202636 -0.032867394,
          0.049348928 0.17202546 -0.031737234,
          0.053460393 0.19201997 -0.024839712,
          0.054038562 0.17201903 -0.023687758,
          0.057063397 0.19201304 -0.016141303,
          0.057149261 0.17201282 -0.015885433,
          0.059261303 0.19200575 -0.006986354,
          0.05928012 0.17200564 -0.0068607843,
          0.060000002 0.19199829 0.0023997109,
          0.060000002 0.17199828 0.0023837863,
          0.059481435 0.17199203 0.010232841,
          0.059261303 0.19199081 0.011785776,
          0.057943281 0.17198589 0.017947428,
          0.057063397 0.19198352 0.020940727,
          0.054847348 0.17197892 0.02670957,
          0.053460393 0.19197659 0.029639132,
          0.050896667 0.17197299 0.03415022,
          0.048541021 0.1919702 0.03766682,
          0.045361225 0.17196701 0.041654646,
          0.042426407 0.19196451 0.044826109,
          0.039438251 0.17196229 0.047599692,
          0.035267118 0.19195963 0.050940719,
          0.032713328 0.17195824 0.052676886,
          0.027239431 0.19195572 0.055860091,
          0.024552865 0.17195469 0.057129771,
          0.018541019 0.19195284 0.059463087,
          0.016655011 0.17195238 0.060023323,
          0.0093860691 0.1919511 0.061660994,
          0.0074980683 0.17195089 0.061910607,
          -3.0197368e-016 0.19195051 0.062399697,
          -0.0017880814 0.17195052 0.062356833,
          -0.0093860691 0.1919511 0.061660994,
          -0.010170667 0.1719512 0.061511841,
          -0.018541019 0.19195284 0.059463087,
          -0.019207949 0.17195302 0.0592249,
          -0.027239431 0.19195572 0.055860091,
          -0.0269532 0.1719556 0.055987526,
          -0.034195572 0.17195904 0.051681086,
          -0.035267118 0.19195963 0.050940719,
          -0.041400019 0.17196371 0.045812055,
          -0.042426407 0.19196451 0.044826109,
          -0.04706566 0.17196865 0.039592847,
          -0.048541021 0.1919702 0.03766682,
          -0.052273955 0.17197484 0.03183056,
          -0.053460393 0.19197659 0.029639132,
          -0.056198981 0.17198154 0.023398742,
          -0.057063397 0.19198352 0.020940727,
          -0.058585543 0.17198798 0.015318227,
          -0.059261303 0.19199081 0.011785776,
          -0.059884384 0.17199534 0.006090085,
          -0.060000002 0.19199829 0.0023997109,
          -0.05981487 0.17200202 -0.0023067691,
          -0.059261303 0.19200575 -0.006986354,
          -0.058565922 0.17200866 -0.01063927,
          -0.057063397 0.19201304 -0.016141303,
          -0.055857249 0.17201573 -0.019524043,
          -0.053460393 0.19201997 -0.024839712,
          -0.052240737 0.17202178 -0.027121829,
          -0.048541021 0.19202636 -0.032867394,
          -0.047024883 0.17202795 -0.034876846,
          -0.042426407 0.19203207 -0.040026687,
          -0.040700056 0.17203338 -0.041700743,
          -0.035267118 0.19203694 -0.046141297,
          -0.034121029 0.17203757 -0.04696513,
          -0.027239431 0.19204085 -0.051060669,
          -0.026071552 0.17204131 -0.05165476,
          -0.018541019 0.19204371 -0.054663669,
          -0.018269226 0.17204379 -0.054765455,
          -0.0093860691 0.19204547 -0.056861576,
          -0.0092445733 0.17204548 -0.056896314,
          0.060000002 0.00048837409 0.014747228,
          0.060000002 0.00049235526 0.0097472304,
          0.059702266 0.0064370423 0.014751965,
          0.059261303 0.0098784305 0.0097547034,
          0.058816668 0.012327085 0.014756654,
          0.057063397 0.019033367 0.0097619928,
          0.056282293 0.021278925 0.014763782,
          0.053460393 0.027731789 0.0097689182,
          0.052822065 0.028941309 0.014769884,
          0.048541021 0.035759468 0.0097753108,
          0.047757838 0.036804006 0.014776145,
          0.042426407 0.042918768 0.0097810114,
          0.041581891 0.043742605 0.01478167,
          0.035267118 0.049033359 0.0097858794,
          0.035112225 0.049137291 0.014785965,
          0.027239431 0.053952731 0.0097897965,
          0.027148118 0.053993549 0.014789831,
          0.019419879 0.057257526 0.014792429,
          0.018541019 0.057555728 0.009792666,
          0.011274471 0.059415791 0.014794148,
          0.0093860691 0.05975363 0.0097944159,
          0.0020324956 0.060453571 0.014794975,
          -2.987086e-016 0.06049234 0.0097950045,
          -0.0063712886 0.060146809 0.014794731,
          -0.0093860691 0.05975363 0.0097944159,
          -0.015563647 0.058431629 0.014793365,
          -0.018541019 0.057555728 0.009792666,
          -0.02432579 0.055335712 0.0147909,
          -0.027239431 0.053952731 0.0097897965,
          -0.031766444 0.051385026 0.014787754,
          -0.035267118 0.049033359 0.0097858794,
          -0.03927087 0.045849599 0.014783347,
          -0.042426407 0.042918768 0.0097810114,
          -0.04521592 0.039926596 0.014778631,
          -0.048541021 0.035759468 0.0097753108,
          -0.050293118 0.033201683 0.014773276,
          -0.053460393 0.027731789 0.0097689182,
          -0.054746002 0.025041224 0.014766779,
          -0.057063397 0.019033367 0.0097619928,
          -0.05763955 0.017143369 0.014760491,
          -0.059261303 0.0098784305 0.0097547034,
          -0.059526835 0.0079864496 0.014753198,
          -0.060000002 0.00049235526 0.0097472304,
          -0.059973065 -0.0012997114 0.014745804,
          -0.059261303 -0.0088937199 0.0097397557,
          -0.059128068 -0.0096822781 0.01473913,
          -0.057063397 -0.018048655 0.0097324662,
          -0.056841128 -0.018719567 0.014731934,
          -0.053460393 -0.02674708 0.0097255409,
          -0.053603753 -0.026464805 0.014725767,
          -0.049297318 -0.033707205 0.014720001,
          -0.048541021 -0.034774754 0.0097191483,
          -0.043428283 -0.040911637 0.014714263,
          -0.042426407 -0.041934058 0.0097134477,
          -0.037209075 -0.046577256 0.014709753,
          -0.035267118 -0.048048649 0.0097085796,
          -0.029446784 -0.05178557 0.014705607,
          -0.027239431 -0.052968021 0.0097046625,
          -0.021014962 -0.055710584 0.014702481,
          -0.018541019 -0.056571018 0.0097017931,
          -0.012934444 -0.05809715 0.01470058,
          -0.0093860691 -0.058768936 0.0097000431,
          -0.0037062997 -0.059395995 0.014699547,
          -2.8401332e-016 -0.059507627 0.0096994555,
          0.0046905568 -0.059326477 0.014699602,
          0.0093860691 -0.058768936 0.0097000431,
          0.01302306 -0.058077529 0.014700595,
          0.018541019 -0.056571018 0.0097017931,
          0.021907836 -0.055368848 0.014702753,
          0.027239431 -0.052968021 0.0097046625,
          0.029505624 -0.051752336 0.014705632,
          0.035267118 -0.048048649 0.0097085796,
          0.03726064 -0.046536487 0.014709787,
          0.042426407 -0.041934058 0.0097134477,
          0.044084545 -0.040211655 0.014714821,
          0.048541021 -0.034774754 0.0097191483,
          0.049348928 -0.033632651 0.01472006,
          0.053460393 -0.02674708 0.0097255409,
          0.054038562 -0.025583183 0.014726468,
          0.057063397 -0.018048655 0.0097324662,
          0.057149261 -0.017780846 0.014732682,
          0.059261303 -0.0088937199 0.0097397557,
          0.05928012 -0.0087561915 0.014739868,
          0.060000002 0.0005336426 0.015806647,
          0.060000002 0.00073463703 0.016872823,
          0.060000002 0.0013730699 0.018706301,
          0.059702478 0.0098263966 0.022251455,
          0.060000002 0.0026805401 0.021344583,
          0.060000002 0.0052845748 0.026251132,
          0.059702478 0.01281087 0.026613669,
          0.059319258 0.015020537 0.024415443,
          0.059319258 0.016713768 0.026531523,
          0.058769722 0.020722819 0.02624313,
          0.059319258 0.018597154 0.028420731,
          0.058769722 0.022729879 0.027918084,
          0.059319258 0.019598853 0.029313916,
          0.059319258 0.021837011 0.031041721,
          0.059702478 0.017218066 0.031405665,
          0.059319258 0.023078173 0.031870134,
          0.059702478 0.022130081 0.03489982,
          0.059319258 0.024303658 0.032609265,
          0.059319258 0.026957912 0.033968214,
          0.058769722 0.027397413 0.030880654,
          0.058769722 0.030913893 0.032454465,
          0.057150502 0.036145054 0.028478311,
          0.057150502 0.038851865 0.029219024,
          0.054038674 0.047677331 0.024705375,
          0.054038674 0.053163286 0.024753483,
          0.049351715 0.062017981 0.019291082,
          0.054038674 0.058386184 0.024073942,
          0.049351715 0.066906653 0.017998809,
          0.049351715 0.072275445 0.015864933,
          0.044084612 0.078883231 0.010469511,
          0.044084612 0.086498685 0.0054447297,
          0.037261635 0.085238561 0.0052804104,
          0.037261635 0.092235498 -0.00022282285,
          0.029506698 0.096965872 -0.0048959386,
          0.029506698 0.1027251 -0.011261603,
          0.021907873 0.10024375 -0.0081339525,
          0.021907873 0.10561682 -0.014709181,
          0.01302431 0.10778611 -0.017295172,
          0.021907873 0.11072378 -0.02202159,
          0.01302431 0.11257142 -0.024718694,
          0.021907873 0.11410747 -0.02631166,
          0.01302431 0.11577468 -0.029042529,
          0.021907873 0.11783893 -0.030452598,
          0.01302431 0.11934299 -0.033192202,
          0.021907873 0.12566556 -0.037514873,
          0.01302431 0.12689006 -0.040243592,
          0.021907873 0.13438466 -0.043402266,
          0.01302431 0.13534519 -0.046125263,
          0.01302431 0.14359002 -0.05032618,
          0.0065495814 0.14387862 -0.05140233,
          0.0065495814 0.15335988 -0.054748312,
          0.0020329873 0.15341717 -0.05507379,
          0.0065495814 0.16274035 -0.056644399,
          0.0020329873 0.16276954 -0.056970328,
          0.01302431 0.16264388 -0.055569321,
          0.01302431 0.15316932 -0.053673413,
          0.021907873 0.16239999 -0.052853685,
          0.021907873 0.15268666 -0.05095708,
          0.029506698 0.15204272 -0.047336869,
          0.029506698 0.14188358 -0.043983124,
          0.037261635 0.15111306 -0.042113375,
          0.037261635 0.14047551 -0.038754486,
          0.044084612 0.13876747 -0.032414258,
          0.044084612 0.12901062 -0.028190006,
          0.049351715 0.12667778 -0.02159011,
          0.049351715 0.11584459 -0.015652895,
          0.054038674 0.11220573 -0.0075555178,
          0.054038674 0.10131828 -0.00036000248,
          0.057150502 0.096990831 0.0075225858,
          0.054038674 0.095793821 0.0036882581,
          0.057150502 0.09099666 0.011546833,
          0.054038674 0.090428755 0.007609312,
          0.057150502 0.085112579 0.015371379,
          0.054038674 0.081789806 0.013700436,
          0.057150502 0.07554853 0.021142529,
          0.057150502 0.066156007 0.025542689,
          0.058769722 0.067293204 0.028519392,
          0.059319258 0.057760887 0.03383708,
          0.059319258 0.062994175 0.032060485,
          0.059702478 0.05860351 0.035478778,
          0.059319258 0.068143882 0.029971963,
          0.060000002 0.060933996 0.038569298,
          0.059702478 0.06942445 0.031250425,
          0.060000002 0.072664134 0.033547446,
          0.059319258 0.078805432 0.024580445,
          0.059319258 0.082045466 0.022764008,
          0.058769722 0.082987644 0.020303721,
          0.059319258 0.088577807 0.018905131,
          0.058769722 0.091435157 0.015128903,
          0.059319258 0.09185674 0.01687452,
          0.058769722 0.10167112 0.0088058105,
          0.057150502 0.10867924 0.00029105876,
          0.059319258 0.10449517 0.0095999511,
          0.058769722 0.11445475 0.0023768791,
          0.059319258 0.11104169 0.0064465017,
          0.059319258 0.11776982 0.0036032209,
          0.059702478 0.10756237 0.010521316,
          0.060000002 0.11457178 0.012645384,
          0.060000002 0.10042094 0.01866374,
          0.059702478 0.094379574 0.017399782,
          0.060000002 0.086857669 0.025980515,
          0.057150502 0.12105391 -0.0056835962,
          0.058769722 0.077480644 0.023461509,
          0.059319258 0.073510334 0.027403971,
          0.060000002 0.049586419 0.041913576,
          0.029506698 0.10826078 -0.018425839,
          0.037261635 0.1047065 -0.013236748,
          0.029506698 0.11188491 -0.022671016,
          0.037261635 0.10867766 -0.017417239,
          0.029506698 0.11583391 -0.026800523,
          0.037261635 0.11294065 -0.021530412,
          0.037261635 0.12167567 -0.028630974,
          0.044084612 0.10943196 -0.015139283,
          0.044084612 0.11881705 -0.022268143,
          0.049351715 0.10578386 -0.0084942309,
          0.037261635 0.13125399 -0.034538232,
          0.029506698 0.13310346 -0.039773602,
          0.021907873 0.14285894 -0.047606986,
          0.029506698 0.1240326 -0.033878196,
          0.058769722 0.025749311 0.02996047,
          0.057150502 0.033645589 0.027577652,
          0.057150502 0.031201391 0.026484624,
          0.054038674 0.042552374 0.023959626,
          0.054038674 0.040071279 0.023362927,
          0.049351715 0.051743153 0.020226154,
          0.049351715 0.049223997 0.020141516,
          0.044084612 0.059250958 0.017176241,
          0.044084612 0.056700736 0.017509809,
          0.037261635 0.066471472 0.014242928,
          0.037261635 0.063891381 0.014978596,
          0.029506698 0.072424963 0.011824198,
          0.029506698 0.069820292 0.012891279,
          0.021907873 0.076550044 0.010148147,
          0.021907873 0.073928379 0.011444723,
          0.01302431 0.079643734 0.0088909669,
          0.01302431 0.07700932 0.010359465,
          0.0065495814 0.080866575 0.0083938502,
          0.0065495814 0.078227162 0.0099301236,
          0.0020329873 0.078594759 0.0098002208,
          0.0020329873 0.075909391 0.011259502,
          -0.0063689011 0.075565167 0.011362228,
          -0.0063689011 0.069731407 0.014099528,
          -0.01556403 0.067878313 0.014448868,
          -0.01556403 0.062751748 0.01626467,
          -0.024325671 0.0595394 0.016536796,
          -0.024325671 0.057012856 0.016951628,
          -0.031768154 0.055446777 0.016883358,
          -0.031768154 0.053006127 0.017080475,
          -0.039271235 0.049705479 0.017369416,
          -0.039271235 0.047385745 0.017260665,
          -0.045216266 0.041374847 0.017452996,
          -0.050296132 0.034552008 0.017670998,
          -0.031768154 0.051805511 0.016192202,
          -0.024325671 0.05577052 0.016139409,
          -0.01556403 0.05888338 0.016097885,
          -0.01556403 0.060158141 0.01684995,
          -0.0063689011 0.060608126 0.016074901,
          -0.002147851 0.060911201 0.016070874,
          0.0020329873 0.060916357 0.016070802,
          0.0042799856 0.060798254 0.016072374,
          0.0035290245 0.061218329 0.016419744,
          0.0065495814 0.061882369 0.016791027,
          0.0020329873 0.062210716 0.01678141,
          0.0065495814 0.064510316 0.016115054,
          0.0020329873 0.064846404 0.016086783,
          0.0020329873 0.070060499 0.014037529,
          -0.002147851 0.063521691 0.016548779,
          -0.0063689011 0.064530395 0.016113833,
          0.0065495814 0.075545385 0.011368669,
          0.0065495814 0.069710195 0.014103604,
          0.01302431 0.074339896 0.011729838,
          0.01302431 0.068551637 0.014322088,
          0.021907873 0.071290769 0.01264309,
          0.021907873 0.065622367 0.014874441,
          0.029506698 0.067225344 0.013860555,
          0.029506698 0.061717536 0.01561073,
          0.037261635 0.061358247 0.015617445,
          0.037261635 0.056082718 0.0166732,
          0.044084612 0.054242689 0.017748065,
          0.044084612 0.049249325 0.017961647,
          0.049351715 0.042144492 0.019301269,
          0.049351715 0.038055677 0.018351831,
          0.054038674 0.033447444 0.02094109,
          0.054038674 0.029709013 0.019057881,
          0.057150502 0.02501948 0.02253017,
          0.057150502 0.021620573 0.019742142,
          0.058769722 0.017302588 0.02264525,
          0.059168823 0.011974117 0.019167051,
          0.059319258 0.012024374 0.020554008,
          0.057150502 0.019910442 0.018117059,
          0.054038674 0.027826693 0.017865775,
          0.049351715 0.03599545 0.01760675,
          0.044084612 0.044874284 0.017775094,
          0.037261635 0.051432289 0.017220464,
          0.029506698 0.056839999 0.016763195,
          0.021907873 0.060587417 0.016446404,
          0.017058818 0.061021272 0.016692007,
          0.01302431 0.063398518 0.016208882,
          0.008404607 0.062519543 0.016719628,
          0.0089033619 0.060285799 0.016079227,
          0.010272539 0.060432766 0.016433991,
          0.012149674 0.059705529 0.016086956,
          0.01302431 0.060795091 0.01682443,
          0.016224181 0.058710188 0.016100202,
          0.014090375 0.060996704 0.016850114,
          0.014623729 0.061069995 0.016826943,
          0.011646646 0.061957628 0.016746596,
          0.044084612 0.042668503 0.017395413,
          0.037261635 0.049086299 0.017192487,
          0.029506698 0.054378122 0.017025555,
          0.027870772 0.055712357 0.017058069,
          0.027045526 0.0563436 0.017033625,
          0.028332699 0.053818654 0.016165385,
          0.024946501 0.056736488 0.016951362,
          0.024544712 0.055686016 0.0161405,
          0.022789853 0.058126371 0.016962865,
          0.021907873 0.058044903 0.016910292,
          0.020020301 0.059203859 0.016920457,
          0.020666022 0.057270203 0.016119389,
          0.019073263 0.059740812 0.01688494,
          0.01664155 0.059858423 0.016853563,
          0.023229778 0.058142066 0.01695486,
          0.025347479 0.057799842 0.016877174,
          0.049351715 0.046844166 0.019963356,
          0.054038674 0.037787281 0.022675116,
          0.057150502 0.029010376 0.025302993,
          0.059319258 0.01352611 0.022513045,
          0.0006390083 0.06270235 0.016784493,
          -5.7296922e-005 0.062916614 0.016747493,
          -0.002147851 0.062206045 0.016782328,
          -0.0042485199 0.062763475 0.016754799,
          -0.0049526924 0.062497422 0.016793583,
          -0.0063689011 0.061900284 0.016792834,
          0.054038674 0.04503502 0.024404975,
          0.049351715 0.05420842 0.020201717,
          0.049351715 0.056784194 0.020047817,
          0.044084612 0.064223476 0.016243126,
          0.044084612 0.069251306 0.014829023,
          0.037261635 0.076207943 0.010537849,
          0.044084612 0.073867083 0.013036194,
          0.037261635 0.080561377 0.0082635973,
          0.029506698 0.090479217 0.0010016692,
          0.021907873 0.094110906 -0.0019632152,
          0.01302431 0.0968353 -0.0041870531,
          0.01302431 0.10270238 -0.010562443,
          0.0065495814 0.097912878 -0.0050663357,
          0.0065495814 0.10367451 -0.011522448,
          0.0020329873 0.10396821 -0.011812277,
          0.0065495814 0.10864414 -0.018317744,
          0.0020329873 0.10890356 -0.018626725,
          0.0065495814 0.11330212 -0.025785178,
          0.0020329873 0.11352305 -0.026107403,
          0.0065495814 0.11643409 -0.030122451,
          0.0020329873 0.11663345 -0.030448815,
          0.0065495814 0.11993789 -0.034275722,
          0.0020329873 0.12011778 -0.034603305,
          0.0020329873 0.12751985 -0.041650429,
          -0.0063689011 0.1199488 -0.034295388,
          -0.0063689011 0.12738086 -0.041345704,
          -0.01556403 0.11899731 -0.03256207,
          -0.01556403 0.12660398 -0.03962237,
          -0.024325671 0.11727878 -0.029431555,
          -0.024325671 0.12520203 -0.036508247,
          -0.031768154 0.12341639 -0.032539949,
          -0.031768154 0.13261519 -0.038444106,
          -0.039271235 0.12091188 -0.026972447,
          -0.039271235 0.1306487 -0.032890599,
          -0.045216266 0.11823347 -0.021017332,
          -0.045216266 0.12854587 -0.02695027,
          -0.050296132 0.12615919 -0.02020685,
          -0.045216266 0.13841021 -0.031170456,
          -0.050296132 0.13659263 -0.02443477,
          -0.045216266 0.14974938 -0.034533169,
          -0.050296132 0.14854932 -0.027803527,
          -0.050296132 0.16031969 -0.029728832,
          -0.054745849 0.14709261 -0.019632995,
          -0.054745849 0.15958582 -0.021565191,
          -0.057641406 0.14568341 -0.011727773,
          -0.057641406 0.15887576 -0.013666422,
          -0.05952961 0.1580525 -0.0045077209,
          -0.045216266 0.16092415 -0.036452584,
          -0.039271235 0.16145667 -0.042375509,
          -0.039271235 0.15080674 -0.040461514,
          -0.031768154 0.16195455 -0.047912642,
          -0.031768154 0.15179563 -0.046004012,
          -0.024325671 0.16230947 -0.051858988,
          -0.024325671 0.15250076 -0.049954504,
          -0.01556403 0.162588 -0.054955464,
          -0.01556403 0.15305459 -0.053054687,
          -0.0063689011 0.15336178 -0.054770354,
          -0.0063689011 0.14388157 -0.051424891,
          0.0020329873 0.14396542 -0.05172829,
          0.0020329873 0.13583873 -0.047529727,
          0.0065495814 0.13572453 -0.047203097,
          0.0065495814 0.12737392 -0.041323427,
          -0.0063689011 0.135729 -0.047226492,
          -0.0063689011 0.1627422 -0.056668416,
          -0.039271235 0.14001174 -0.037104066,
          -0.054745849 0.13438626 -0.016256833,
          -0.057641406 0.13225187 -0.0083443942,
          -0.05952961 0.14404969 -0.0025618165,
          -0.05952961 0.12977743 0.0008299867,
          -0.059973665 0.12726809 0.01013503,
          -0.059973665 0.11391456 0.01440365,
          -0.059131619 0.1250028 0.018536387,
          -0.059131619 0.1109397 0.022815097,
          -0.056841988 0.12256145 0.0275918,
          -0.056841988 0.10773356 0.03188147,
          -0.053604234 0.12046929 0.035353202,
          -0.053604234 0.10498595 0.039652344,
          -0.049300086 0.10241635 0.046920847,
          -0.049300086 0.084945746 0.053031318,
          -0.043428313 0.081690706 0.060275547,
          -0.043428313 0.063895643 0.067808487,
          -0.037210096 0.079129927 0.06597548,
          -0.037210096 0.0607525 0.073533766,
          -0.029447822 0.057863452 0.078796193,
          -0.029447822 0.047620729 0.082609005,
          -0.021014931 0.045208313 0.086560659,
          -0.021014931 0.034370329 0.08946716,
          -0.012934788 0.043739136 0.088967077,
          -0.012934788 0.032742217 0.091843814,
          -0.003707821 0.031859111 0.093132585,
          -0.0098300288 0.026133325 0.093607835,
          -0.0082864342 0.022836471 0.094308697,
          -0.015632035 0.020836977 0.093249097,
          -0.012934788 0.014067119 0.094461702,
          -0.018328624 0.0093986876 0.093354695,
          -0.016981013 0.0061281445 0.093780525,
          -0.023865514 0.0053858198 0.09146174,
          -0.021014931 -0.0013919402 0.092287481,
          -0.026680797 -0.0049129054 0.08964093,
          -0.025278376 -0.0084115276 0.08990223,
          -0.029447822 -0.014522212 0.086752653,
          -0.023865514 -0.011872709 0.090053119,
          -0.026680797 -0.019388208 0.08701513,
          -0.021014931 -0.018464167 0.089970812,
          -0.025278376 -0.02177749 0.086976811,
          -0.023865514 -0.024128016 0.086825058,
          -0.029447822 -0.024541469 0.083220668,
          -0.023865514 -0.030440841 0.083702087,
          -0.025278376 -0.031206036 0.082356714,
          -0.021014931 -0.037342243 0.080597848,
          -0.026680797 -0.031894397 0.080945045,
          -0.026680797 -0.037508782 0.076469772,
          -0.029447822 -0.03302823 0.077937178,
          -0.032110602 -0.03411036 0.074493803,
          -0.033415902 -0.026258225 0.07906694,
          -0.034701832 -0.026683662 0.077563934,
          -0.037210096 -0.01902964 0.079291396,
          -0.037210096 -0.027300594 0.074404292,
          -0.040416319 -0.020330003 0.075124919,
          -0.043428313 -0.02106877 0.070560217,
          -0.043428313 -0.013032795 0.075016059,
          -0.04650899 -0.013373925 0.070499137,
          -0.049300086 -0.0054106056 0.069581628,
          -0.049300086 -0.013147731 0.065673947,
          -0.053604234 0.0022555843 0.064115621,
          -0.053604234 -0.0051808329 0.060759228,
          -0.056841988 0.010452197 0.058271207,
          -0.056841988 0.0033374231 0.055504259,
          -0.059131619 0.020015918 0.051451799,
          -0.059131619 0.013276514 0.049372599,
          -0.059973665 0.028889306 0.045124445,
          -0.059973665 0.022498302 0.043683335,
          -0.05952961 0.038717616 0.038115941,
          -0.05952961 0.032712676 0.037381597,
          -0.057641406 0.048408452 0.031205282,
          -0.057641406 0.042784248 0.031167801,
          -0.054745849 0.056766719 0.025244681,
          -0.054745849 0.05147101 0.025808247,
          -0.050296132 0.065405995 0.019083507,
          -0.050296132 0.060449943 0.020268304,
          -0.045216266 0.072522126 0.014008344,
          -0.045216266 0.06784597 0.015704848,
          -0.039271235 0.07879141 0.0095369443,
          -0.039271235 0.074361965 0.011684251,
          -0.031768154 0.084653236 0.0053558531,
          -0.031768154 0.080454655 0.0079246573,
          -0.024325671 0.088831998 0.0023749529,
          -0.024325671 0.084798157 0.0052442229,
          -0.01556403 0.092112221 3.4598681e-005,
          -0.01556403 0.088207915 0.0031397133,
          -0.0063689011 0.093928859 -0.0012621687,
          -0.0063689011 0.09009669 0.0019735417,
          0.0020329873 0.094252221 -0.0014940028,
          0.0020329873 0.090433501 0.0017649259,
          0.0065495814 0.093909532 -0.001250289,
          0.0065495814 0.090077706 0.001983976,
          0.01302431 0.092775159 -0.00044232185,
          0.01302431 0.088899329 0.0027103396,
          0.021907873 0.089906193 0.0016021907,
          0.021907873 0.085918434 0.004548504,
          0.029506698 0.086081237 0.0043285838,
          0.029506698 0.081943944 0.0069998098,
          0.0020329873 0.098238744 -0.0053319479,
          -0.0063689011 0.097932756 -0.0050812033,
          -0.0063689011 0.10369111 -0.01153784,
          -0.01556403 0.10213433 -0.0099990023,
          -0.01556403 0.10728769 -0.016698334,
          -0.024325671 0.099323317 -0.0072209896,
          -0.024325671 0.10480917 -0.013742097,
          -0.031768154 0.095742285 -0.003682276,
          -0.031768154 0.10165137 -0.0099759726,
          -0.039271235 0.097221449 -0.0046928949,
          -0.039271235 0.10357167 -0.011574065,
          -0.045216266 0.092483424 0.00095744221,
          -0.045216266 0.099535741 -0.0056807185,
          -0.050296132 0.087105244 0.0073710768,
          -0.050296132 0.09495458 0.0010087393,
          -0.054745849 0.080575757 0.0151575,
          -0.054745849 0.089392751 0.0091300085,
          -0.057641406 0.074258506 0.022690728,
          -0.057641406 0.084011741 0.01698718,
          -0.05952961 0.06693399 0.031424988,
          -0.05952961 0.077772759 0.026097016,
          -0.059973665 0.059505384 0.040283214,
          -0.059973665 0.071445152 0.035336137,
          -0.059131619 0.0657323 0.043677583,
          -0.059131619 0.073508449 0.040201176,
          -0.056841988 0.067952193 0.049303319,
          -0.056841988 0.07620424 0.045388032,
          -0.053604234 0.071908459 0.05321297,
          -0.053604234 0.088219769 0.045745775,
          -0.0063689011 0.10865993 -0.018335452,
          -0.0063689011 0.11331536 -0.025803531,
          -0.0063689011 0.11644603 -0.030141419,
          -0.01556403 0.096209377 -0.0036729388,
          -0.024325671 0.093096688 -0.0011301743,
          -0.031768154 0.089130886 0.0021090975,
          -0.039271235 0.09071888 0.0012815099,
          -0.039271235 0.083567426 0.0066530309,
          -0.045216266 0.077617049 0.011512782,
          -0.045216266 0.085346341 0.0065901577,
          -0.050296132 0.079248033 0.012615784,
          -0.050296132 0.070862651 0.017028986,
          -0.054745849 0.062662371 0.023725839,
          -0.054745849 0.071844503 0.019930985,
          -0.057641406 0.05472862 0.030204888,
          -0.057641406 0.064681731 0.027008176,
          -0.05952961 0.056377005 0.035213552,
          -0.059973665 0.047954455 0.043535244,
          -0.059131619 0.052798457 0.048280783,
          -0.056841988 0.059574902 0.05266799,
          -0.053604234 0.063190088 0.057104412,
          -0.049300086 0.058736119 0.064400733,
          -0.049300086 0.067890577 0.06053165,
          -0.043428313 0.054307584 0.071655251,
          -0.05952961 0.045529857 0.037716862,
          -0.059973665 0.036200393 0.045335408,
          -0.059131619 0.040350232 0.05104829,
          -0.056841988 0.045569606 0.056900568,
          -0.053604234 0.054297589 0.060373273,
          -0.049300086 0.049361702 0.067579947,
          -0.043428313 0.044454075 0.07474529,
          -0.037210096 0.050823331 0.077362888,
          -0.059131619 0.027777247 0.052213714,
          -0.056841988 0.032154452 0.059145719,
          -0.053604234 0.03937399 0.064288221,
          -0.056841988 0.018698677 0.059627112,
          -0.053604234 0.025130214 0.06608557,
          -0.049300086 0.033579178 0.071197823,
          -0.053604234 0.010917677 0.065980785,
          -0.049300086 0.018560531 0.07257621,
          -0.043428313 0.027817484 0.078067832,
          -0.040416319 0.034003086 0.079567857,
          -0.037210096 0.040592838 0.080382712,
          -0.034701832 0.027666582 0.084536038,
          -0.033415902 0.029939061 0.084932946,
          -0.029447822 0.019117478 0.088440873,
          -0.026680797 0.024020847 0.089187294,
          -0.021014931 0.015978694 0.092182972,
          -0.025278376 0.026546853 0.089411028,
          -0.023865514 0.029116336 0.089533985,
          -0.029447822 0.037043758 0.085564241,
          -0.032110602 0.032260992 0.085238926,
          -0.049300086 0.0036400543 0.071923293,
          -0.043428313 0.012028534 0.079029508,
          -0.037210096 0.023284247 0.0834729,
          -0.043428313 -0.0035960069 0.077831686,
          -0.037210096 0.0068894182 0.084106572,
          -0.034701832 0.010708027 0.085865401,
          -0.033415902 0.012717763 0.086631604,
          -0.029447822 0.0021659438 0.088772871,
          -0.032110602 0.014791253 0.087318093,
          -0.025278376 0.0088038892 0.090877868,
          -0.037210096 -0.0092891939 0.082480147,
          -0.034701832 -0.0059266943 0.084881559,
          -0.033415902 -0.0040240809 0.085962012,
          -0.032110602 -0.0020370327 0.086974613,
          -0.016981013 0.024227643 0.092472464,
          -0.032110602 -0.025757546 0.080513239,
          -0.032110602 -0.019584691 0.083427534,
          -0.033415902 -0.017049693 0.083359249,
          -0.059973665 0.14239296 0.0067346245,
          -0.059973665 0.15721756 0.0047815884,
          -0.059131619 0.1564637 0.013168884,
          -0.059131619 0.14089733 0.015128166,
          -0.056841988 0.15565117 0.022209298,
          -0.056841988 0.13928549 0.024175102,
          -0.053604234 0.15495478 0.029957987,
          -0.053604234 0.1379042 0.031929184,
          -0.049300086 0.1366124 0.039181851,
          -0.049300086 0.15430342 0.037205808,
          -0.043428313 0.15365575 0.044412751,
          -0.054745849 0.123262 -0.012019422,
          -0.057641406 0.12045921 -0.004097708,
          -0.057641406 0.10793255 0.0018911649,
          -0.05952961 0.11720983 0.0050875167,
          -0.05952961 0.10379314 0.011098591,
          -0.059973665 0.099595152 0.020437105,
          -0.059973665 0.085866757 0.027787376,
          -0.059131619 0.095805146 0.028868649,
          -0.059131619 0.081216455 0.036258139,
          -0.056841988 0.091720447 0.037956558,
          -0.059973665 0.07866358 0.031756092,
          -0.05952961 0.084373422 0.022402223,
          -0.05952961 0.091017477 0.01840513,
          -0.057641406 0.090003297 0.013179285,
          -0.054745849 0.094858967 0.0052246018,
          -0.050296132 0.099877782 -0.0029974114,
          -0.057641406 0.096096046 0.0091542844,
          -0.054745849 0.11150294 -0.0060498095,
          -0.054745849 0.10047618 0.0011755954,
          -0.050296132 0.11519346 -0.014257277,
          -0.050296132 0.10500349 -0.0070711588,
          -0.045216266 0.10873254 -0.013863865,
          -0.039271235 0.11201771 -0.019848058,
          -0.031768154 0.11508926 -0.025443155,
          -0.031768154 0.11105867 -0.021314716,
          -0.024325671 0.11348594 -0.025291417,
          -0.031768154 0.10734513 -0.017084377,
          -0.024325671 0.11003502 -0.021012506,
          -0.01556403 0.11214633 -0.024095938,
          -0.01556403 0.11539114 -0.028412888,
          -0.039271235 0.10765359 -0.015736183,
          -0.045216266 0.10401168 -0.0097698104,
          0.044084612 0.061702028 0.016768087,
          0.037261635 0.07137806 0.012584045,
          0.037261635 0.068908855 0.013465799,
          0.029506698 0.074851088 0.010742905,
          0.029506698 0.077277198 0.00956704,
          0.021907873 0.081364654 0.0074766036,
          0.021907873 0.078968339 0.0088561708,
          0.01302431 0.084430106 0.0059088632,
          0.01302431 0.082056142 0.0074410862,
          0.0065495814 0.083276622 0.0068816468,
          0.0020329873 0.081235647 0.0082436455,
          0.0020329873 0.083644979 0.0067127128,
          -0.0063689011 0.080885656 0.0083852671,
          -0.0063689011 0.083295614 0.006872491,
          -0.01556403 0.081338324 0.0077689579,
          -0.01556403 0.083717689 0.006273326,
          -0.024325671 0.077805266 0.0093874326,
          -0.024325671 0.080210336 0.0080671515,
          -0.031768154 0.075742692 0.01035209,
          -0.039271235 0.069476008 0.013557127,
          -0.045216266 0.062774032 0.016984789,
          -0.039271235 0.06699238 0.014341179,
          -0.045216266 0.060241386 0.017434163,
          -0.039271235 0.064551756 0.015017761,
          -0.045216266 0.057787996 0.017764723,
          -0.039271235 0.061980605 0.015641788,
          -0.045216266 0.055244982 0.018011346,
          -0.039271235 0.059472334 0.016178992,
          -0.045216266 0.052807841 0.018174062,
          -0.039271235 0.054285083 0.017011683,
          -0.045216266 0.047886997 0.018217986,
          -0.045216266 0.04356496 0.0178892,
          -0.050296132 0.036594793 0.018479144,
          -0.031768154 0.060267154 0.015883833,
          -0.031768154 0.065703832 0.014313624,
          -0.024325671 0.070146233 0.0129839,
          -0.031768154 0.06827873 0.013426379,
          -0.024325671 0.072768755 0.011847232,
          -0.031768154 0.070876189 0.012449337,
          -0.024325671 0.075384997 0.010618394,
          -0.031768154 0.073304936 0.011449149,
          -0.01556403 0.078924693 0.009181181,
          -0.01556403 0.076293647 0.010607869,
          -0.01556403 0.073633552 0.011940167,
          -0.024325671 0.064531378 0.015079873,
          -0.0063689011 0.078246333 0.0099218236,
          -0.050296132 0.055166926 0.02087534,
          -0.050296132 0.052578673 0.020944908,
          -0.054745849 0.045931898 0.025598489,
          -0.054745849 0.043276083 0.02520703,
          -0.057641406 0.036997382 0.030167932,
          -0.057641406 0.034276243 0.029330499,
          -0.05952961 0.026638666 0.035465762,
          -0.05952961 0.0238418 0.034111314,
          -0.059973665 0.013259505 0.038959924,
          -0.059973665 0.010717303 0.036883261,
          -0.059131619 0.003705601 0.043337397,
          -0.059131619 0.0011452958 0.040771339,
          -0.056841988 -0.0065914029 0.048055384,
          -0.056841988 -0.009171186 0.044961903,
          -0.053604234 -0.015416312 0.052098919,
          -0.053604234 -0.018012794 0.048553459,
          -0.049300086 -0.023669936 0.055880744,
          -0.049300086 -0.026282074 0.051912609,
          -0.043428313 -0.031875998 0.059640825,
          -0.043428313 -0.034503698 0.055252492,
          -0.037210096 -0.038331967 0.062599063,
          -0.037210096 -0.040971886 0.057880193,
          -0.029447822 -0.046916716 0.060295399,
          -0.029447822 -0.04902567 0.054706164,
          -0.021014931 -0.053484656 0.056276303,
          -0.021014931 -0.054781202 0.050386526,
          -0.012934788 -0.056199513 0.057232637,
          -0.012934788 -0.057468049 0.051191278,
          -0.0098300288 -0.058009192 0.052272264,
          -0.0082864342 -0.0588951 0.045117956,
          -0.0067506074 -0.059043728 0.047252215,
          -0.003707821 -0.059403554 0.038447458,
          0.00048107369 -0.059528049 0.04527257,
          0.0046928842 -0.059328895 0.038433433,
          0.0018734504 -0.059434492 0.047353454,
          0.0088316724 -0.058808103 0.045094773,
          0.0046928842 -0.058845408 0.05160436,
          0.01022444 -0.058490552 0.047103416,
          0.013023433 -0.057441417 0.051184349,
          0.017475408 -0.056655601 0.044564933,
          0.018957157 -0.056047 0.046458561,
          0.021907674 -0.055052936 0.037627317,
          0.021907674 -0.054389037 0.050270841,
          0.02950668 -0.051148083 0.036891118,
          0.02950668 -0.050320912 0.04905317,
          0.037261646 -0.045513324 0.035828751,
          0.037261646 -0.044451077 0.047296092,
          0.044084631 -0.038680021 0.034540392,
          0.044084631 -0.037333131 0.0451653,
          0.049351722 -0.031575222 0.033200845,
          0.049351722 -0.029932775 0.042949893,
          0.054038703 -0.022878174 0.03156108,
          0.054038703 -0.020874215 0.040238,
          0.057150509 -0.012096241 0.037610061,
          0.057150509 -0.0080704316 0.044522144,
          0.059283759 -0.0019417781 0.034569964,
          0.059283759 0.0022347537 0.040336456,
          0.0594844 -0.00037338 0.034100402,
          0.0594844 0.0038263947 0.039689954,
          0.060000002 0.01278828 0.036049791,
          0.060000002 0.018185025 0.039788786,
          0.060000002 0.0084575554 0.031456497,
          0.0594844 -0.0031946369 0.027849847,
          0.0594844 -0.0054571573 0.022033148,
          0.0594844 -0.0065918569 0.018959802,
          0.059283759 -0.0080064433 0.019004842,
          0.057150509 -0.017165128 0.019296618,
          0.054038703 -0.025082292 0.019549076,
          0.049351722 -0.033252515 0.019809872,
          0.054038703 -0.024348086 0.02363174,
          0.049351722 -0.032694966 0.024338154,
          0.057150509 -0.016259555 0.022947241,
          0.057150509 -0.014450298 0.029972048,
          0.059283759 -0.0069024456 0.022155438,
          0.059283759 -0.0047005396 0.028133782,
          0.013023433 -0.056170944 0.057225712,
          0.0046928842 -0.057590377 0.0577242,
          0.0046928842 -0.055516653 0.063790791,
          -0.003707821 -0.05767101 0.057751562,
          -0.003707821 -0.055597719 0.063823178,
          -0.0081153782 -0.056290459 0.060471412,
          -0.0084575871 -0.053820524 0.066307448,
          -0.012934788 -0.054120224 0.063222438,
          -0.012934788 -0.051455356 0.068612829,
          -0.021014931 -0.051394179 0.06211463,
          -0.021014931 -0.048734479 0.067365885,
          -0.029447822 -0.044265501 0.065317981,
          -0.034701832 -0.034800418 0.070842683,
          -0.037210096 -0.035084125 0.067032911,
          -0.043428313 -0.028674956 0.063755058,
          -0.04650899 -0.021174131 0.065174222,
          -0.049300086 -0.020528385 0.059588645,
          -0.053604234 -0.012334617 0.055398073,
          -0.056841988 -0.0035737527 0.050917458,
          -0.059131619 0.0066485535 0.045689419,
          -0.059973665 0.016133163 0.040838655,
          -0.003707821 -0.058924668 0.051627748,
          -0.00777356 -0.058042292 0.054116793,
          0.0065495814 0.085641779 0.0052891909,
          0.0020329873 0.086007506 0.0051021706,
          -0.0063689011 0.085660711 0.005279561,
          0.059702478 0.026887335 0.037137218,
          0.060000002 0.024487998 0.04244398,
          0.059702478 0.033035163 0.038790662,
          0.060000002 0.030793998 0.04374864,
          0.059702478 0.039401069 0.039291617,
          0.060000002 0.037994351 0.043857984,
          0.059702478 0.047609754 0.038325582,
          0.059319258 0.05238229 0.035321284,
          0.059319258 0.047049135 0.036463849,
          0.058769722 0.057075225 0.032179113,
          0.058769722 0.047958296 0.034299295,
          0.057150502 0.056348518 0.028870137,
          0.057150502 0.050129142 0.029961446,
          0.054038674 0.064186841 0.022469636,
          0.057150502 0.044582259 0.030047204,
          0.058769722 0.035735309 0.033869646,
          0.059319258 0.028380923 0.034574229,
          0.059319258 0.031299651 0.035578601,
          0.059319258 0.03440138 0.036328025,
          0.058769722 0.041623976 0.034603234,
          0.059319258 0.040332835 0.036946736,
          0.059319258 0.037329718 0.036760785,
          0.059319258 0.043690756 0.036858346,
          0.054038674 0.073232047 0.018551692,
          0.049351715 0.080533817 0.011337748,
          0.044084612 0.093491808 -0.00025267742,
          0.037261635 0.09855222 -0.0062863715,
          0.049351715 0.088230342 0.0060208603,
          0.049351715 0.095914654 -0.00040043198,
          0.049351715 0.10074412 -0.0044211177,
          0.044084612 0.10478815 -0.011045794,
          0.044084612 0.10039622 -0.0069436757,
          -0.033415902 -0.034505527 0.07269121,
          -0.029447822 -0.040974651 0.070045523,
          -0.023865514 -0.041650746 0.074584894,
          -0.025278376 -0.039624833 0.075577609,
          -0.021014931 -0.04541124 0.072314516,
          -0.018328624 -0.041279115 0.078661807,
          -0.016981013 -0.043124087 0.077550448,
          -0.012934788 -0.039968926 0.082217582,
          -0.015632035 -0.044880792 0.076349303,
          -0.0098300288 -0.046296537 0.077122569,
          -0.012934788 -0.048112445 0.073695965,
          -0.0088001713 -0.050566833 0.071868345,
          -0.018328624 -0.035579648 0.083335958,
          -0.021014931 -0.028693149 0.086179934,
          -0.018328624 -0.022857197 0.089729041,
          -0.015632035 -0.01467647 0.09249182,
          -0.016981013 -0.011410409 0.092595652,
          -0.0098300288 -0.010038761 0.094393574,
          -0.012934788 -0.0035584704 0.094427414,
          -0.0098300288 0.0017753129 0.095257379,
          -0.015632035 0.0028758133 0.094100647,
          -0.018328624 -0.0081034638 0.092599072,
          -0.016981013 -0.034588259 0.084605165,
          -0.015632035 -0.033528697 0.085804202,
          -0.015632035 -0.02712382 0.089064948,
          -0.012934788 -0.031221256 0.087981492,
          -0.0098300288 -0.024962146 0.091375411,
          -0.0082864342 -0.026948122 0.090932228,
          -0.003707821 -0.02216723 0.092992954,
          -0.0067506074 -0.028884176 0.090380594,
          -0.00090395787 -0.025784221 0.092017747,
          -0.003707821 -0.032592058 0.088957645,
          0.00048107369 -0.027539119 0.09138348,
          0.0018734504 -0.02924975 0.090652913,
          0.0046928842 -0.022097878 0.092935443,
          0.007444812 -0.025316553 0.091650799,
          0.01022444 -0.015836975 0.093502097,
          0.013023433 -0.020845536 0.091911897,
          0.017475408 -0.011260095 0.092463501,
          0.018957157 -0.013695048 0.091639645,
          0.024474919 -0.0058810906 0.090540767,
          0.025747493 -0.008187891 0.089705594,
          0.02950668 0.0022014063 0.088733286,
          0.027011108 -0.010427831 0.08879853,
          0.032167226 -0.0075745056 0.086317249,
          0.02950668 -0.014489685 0.086719967,
          0.032167226 -0.016223263 0.084531479,
          0.027011108 -0.022590047 0.085667849,
          0.02950668 -0.024499904 0.083182402,
          0.025747493 -0.030959805 0.082186013,
          0.02950668 -0.032980047 0.077901624,
          0.027011108 -0.037313074 0.076352365,
          0.032167226 -0.034056224 0.074458025,
          0.02950668 -0.040922411 0.07001856,
          0.033471331 -0.034448527 0.0726557,
          0.032167226 -0.041370269 0.066045798,
          0.034756012 -0.034740694 0.070807666,
          0.033471331 -0.041423708 0.064018145,
          0.037261646 -0.035019368 0.06699951,
          0.034756012 -0.04136315 0.061972622,
          0.039641503 -0.034987595 0.063009053,
          0.037261646 -0.040906411 0.057858404,
          0.040793795 -0.034814756 0.060990304,
          0.041919246 -0.034538239 0.058965221,
          0.044084631 -0.027861362 0.063338622,
          0.046838343 -0.027405556 0.057595745,
          0.049351722 -0.020419486 0.059532549,
          0.049351722 -0.026171966 0.051874246,
          0.051863484 -0.01905244 0.053768668,
          0.051863484 -0.0238711 0.045864031,
          0.054038703 -0.016978774 0.048140388,
          0.044084631 -0.033682454 0.054924559,
          0.02950668 -0.04897381 0.05469501,
          0.02950668 -0.046863876 0.060277738,
          0.021907674 -0.053085588 0.056141041,
          0.021907674 -0.050992899 0.061954409,
          0.013023433 -0.054091208 0.063212328,
          0.018957157 -0.049552407 0.06774205,
          0.013023433 -0.051426262 0.068600424,
          0.013023433 -0.048083715 0.073681176,
          0.01022444 -0.0462167 0.07707826,
          0.01599147 -0.042047475 0.079106361,
          0.013023433 -0.039942179 0.082198508,
          0.01599147 -0.036332078 0.083820052,
          0.01022444 -0.034807742 0.086671695,
          0.013023433 -0.031197621 0.087960832,
          0.01022444 -0.028366197 0.089990877,
          0.01599147 -0.023569888 0.090282857,
          0.0046928842 -0.052849051 0.069252014,
          -0.003707821 -0.052930016 0.06928882,
          0.0018734504 -0.047171064 0.077599958,
          -0.003707821 -0.049576454 0.074444681,
          0.00048107369 -0.045860793 0.079092808,
          -0.00090395787 -0.044458415 0.080509543,
          0.0046928842 -0.041315079 0.083046339,
          -0.00090395787 -0.038687639 0.085351072,
          0.00048107369 -0.037234128 0.086362623,
          0.0018734504 -0.035719182 0.087293729,
          0.0046928842 -0.032517951 0.088903576,
          0.0088316724 -0.026866192 0.090867415,
          0.007444812 -0.038189456 0.085026681,
          0.0088316724 -0.036528923 0.085892424,
          0.007444812 -0.043948319 0.080212347,
          0.0088316724 -0.04513048 0.07868056,
          0.0046928842 -0.049496159 0.074403577,
          -0.0082864342 -0.045222227 0.078733169,
          -0.0067506074 -0.044043399 0.080268584,
          -0.0098300288 -0.037815303 0.084785983,
          -0.0082864342 -0.036616463 0.085952975,
          -0.003707821 -0.041392785 0.083095118,
          -0.0067506074 -0.035342883 0.087038651,
          0.027011108 -0.046690427 0.064320005,
          0.025747493 -0.046437163 0.066314951,
          0.024474919 -0.046072491 0.068282969,
          0.0018734504 -0.016664971 0.09422186,
          0.00048107369 -0.013755257 0.094702579,
          -0.0067506074 -0.016323579 0.093924634,
          -0.00090395787 -0.010793531 0.095093668,
          -0.0082864342 -0.013208326 0.094210766,
          -0.003707821 -0.0047332225 0.095587388,
          -0.012934788 -0.0208649 0.091930419,
          -0.016981013 -0.025009593 0.08944957,
          -0.0082864342 0.0045231208 0.095521145,
          -0.0067506074 0.0073182499 0.095682867,
          -0.0067506074 0.019550577 0.094889961,
          -0.00090395787 0.025554081 0.094398499,
          0.0046928842 0.031906314 0.093063056,
          0.0046928842 0.042984858 0.090201981,
          0.013023433 0.043751456 0.088945754,
          0.013023433 0.054372579 0.085154295,
          0.021907674 0.045418914 0.086213715,
          0.021907674 0.055876654 0.082414411,
          0.02950668 0.047641661 0.082572117,
          0.02950668 0.057881642 0.078762129,
          0.037261646 0.050849065 0.077317409,
          0.037261646 0.060774874 0.073491856,
          0.044084631 0.054738663 0.070945159,
          0.044084631 0.064283535 0.067100592,
          0.049351722 0.067931563 0.060455456,
          0.044084631 0.082020082 0.059589233,
          0.049351722 0.08499413 0.052976102,
          0.044084631 0.10012685 0.053471521,
          0.049351722 0.1024617 0.046874695,
          0.044084631 0.11677279 0.049149822,
          0.049351722 0.11855096 0.042560536,
          0.044084631 0.13546377 0.045709234,
          0.049351722 0.13663778 0.039125852,
          0.044084631 0.15371814 0.043742597,
          0.049351722 0.15430948 0.037165027,
          0.037261646 0.1531494 0.050068267,
          0.037261646 0.1343344 0.052040763,
          0.037261646 0.11506224 0.055486951,
          0.037261646 0.09788087 0.059815802,
          0.037261646 0.079159431 0.065949343,
          0.02950668 0.15268043 0.055283699,
          0.02950668 0.13340288 0.057261351,
          0.021907674 0.15235548 0.05889719,
          0.021907674 0.13275705 0.060878765,
          0.013023433 0.15211166 0.061606862,
          0.013023433 0.13227217 0.06359186,
          0.0046928842 0.13204873 0.064838335,
          0.013023433 0.11193877 0.067047819,
          0.0046928842 0.11160041 0.068295129,
          0.0046928842 0.093336329 0.07263726,
          -0.003707821 0.093310185 0.072704189,
          -0.003707821 0.073340453 0.07887236,
          -0.012934788 0.073925011 0.077567048,
          -0.012934788 0.054361761 0.085174389,
          -0.021014931 0.05568717 0.082760267,
          -0.003707821 0.042942263 0.090272129,
          -0.003707821 0.053642821 0.086483859,
          0.0046928842 0.053681146 0.08641392,
          0.0046928842 0.073372945 0.078804508,
          0.013023433 0.093780287 0.071388975,
          0.021907674 0.11267315 0.064332552,
          0.013023433 0.073937759 0.077552475,
          0.021907674 0.075164959 0.074827187,
          0.021907674 0.094744243 0.068671018,
          0.02950668 0.09602841 0.065046698,
          0.02950668 0.11365132 0.060712084,
          0.02950668 0.076800212 0.071193486,
          0.0046928842 0.15199965 0.062851109,
          -0.003707821 0.13203537 0.064905979,
          -0.003707821 0.11158019 0.068362504,
          -0.012934788 0.11192872 0.067061603,
          -0.012934788 0.093768343 0.071401164,
          -0.021014931 0.094614677 0.0690016,
          -0.021014931 0.075003989 0.075162463,
          -0.029447822 0.076776445 0.071215071,
          -0.003707821 0.15199348 0.062917404,
          -0.012934788 0.15211008 0.061617631,
          -0.012934788 0.13226546 0.063606642,
          -0.021014931 0.13269077 0.061212979,
          -0.021014931 0.1125729 0.064665407,
          -0.029447822 0.11363156 0.060731921,
          -0.029447822 0.096005321 0.065062888,
          -0.037210096 0.097852111 0.05983514,
          -0.021014931 0.15232499 0.059224546,
          -0.029447822 0.13338973 0.057283457,
          -0.037210096 0.13431799 0.052067567,
          -0.037210096 0.11503757 0.05551089,
          -0.043428313 0.11656763 0.049831193,
          -0.043428313 0.099861726 0.054148272,
          -0.049300086 0.11851274 0.042612761,
          -0.043428313 0.13532819 0.046393372,
          -0.037210096 0.15314622 0.050083589,
          -0.029447822 0.15267782 0.055296715,
          0.054038703 0.15503336 0.029112745,
          0.054038703 0.13807468 0.031066725,
          0.054038703 0.12072731 0.034494121,
          0.054038703 0.10531949 0.038798932,
          0.054038703 0.088634394 0.044880554,
          0.054038703 0.072397143 0.052321084,
          0.051063251 0.063416809 0.060462553,
          0.051863484 0.061214365 0.060336329,
          0.049351722 0.049413431 0.067497171,
          0.052626316 0.059056539 0.060128763,
          0.054038703 0.054899458 0.059486557,
          0.055162504 0.068110965 0.052486882,
          0.057150509 0.060215667 0.051723983,
          0.057150509 0.076724559 0.044438478,
          0.059283759 0.081730694 0.035319544,
          0.057150509 0.092161797 0.037035257,
          0.059283759 0.096242242 0.027959181,
          0.059283759 0.11129166 0.021918518,
          0.0594844 0.096872471 0.026557304,
          0.0594844 0.11178637 0.020520018,
          0.060000002 0.12777305 0.0083714146,
          0.0594844 0.082503937 0.033911075,
          0.0594844 0.067315601 0.041357029,
          0.0594844 0.054654811 0.046056923,
          0.0594844 0.042467047 0.048947696,
          0.0594844 0.030108394 0.050297748,
          0.0594844 0.022486361 0.049672771,
          0.0594844 0.015854053 0.047770698,
          0.0594844 0.0093049714 0.044330366,
          0.059283759 0.066365674 0.042744026,
          0.057150509 0.046319529 0.055996463,
          0.054038703 0.040078342 0.063438989,
          0.054038703 0.025939789 0.06527739,
          0.051863484 0.029519282 0.068388,
          0.049351722 0.018637102 0.07249295,
          0.049351722 0.03363787 0.071119316,
          0.044084631 0.028376522 0.077393644,
          0.044084631 0.044931781 0.074041329,
          0.037261646 0.040621348 0.080335602,
          0.051863484 0.044498689 0.065706417,
          0.059283759 0.053539615 0.047386728,
          0.057150509 0.033016313 0.058285393,
          0.059283759 0.041202627 0.050196979,
          0.057150509 0.019640278 0.05884634,
          0.059283759 0.028707854 0.051441461,
          0.057150509 0.011458244 0.057537097,
          0.059283759 0.021010913 0.050724916,
          0.059283759 0.014320645 0.048716746,
          0.059283759 0.0077278512 0.045136966,
          0.057150509 -0.0024832506 0.050359283,
          0.054038703 -0.011310212 0.054873731,
          0.054038703 0.011802081 0.065247394,
          0.054038703 0.0032005918 0.063425973,
          0.057150509 0.0043926383 0.054841999,
          0.057150509 0.10808857 0.030972689,
          0.057150509 0.12283605 0.026677024,
          0.057150509 0.13946694 0.023256749,
          0.057150509 0.15573485 0.021309184,
          0.059283759 0.15654637 0.012281173,
          0.0594844 0.15667172 0.010886705,
          0.060000002 0.1573775 0.0030347526,
          0.059283759 0.12527521 0.017633528,
          0.059283759 0.14107738 0.014221548,
          0.0594844 0.1413261 0.012825986,
          0.0594844 0.12565197 0.016236681,
          0.060000002 0.14272654 0.0049679857,
          0.054038703 -0.0041895839 0.060137067,
          0.049351722 -0.0053209434 0.069503255,
          0.049351722 0.0037135661 0.071853004,
          0.051863484 0.014838802 0.069031656,
          0.049351722 -0.013046172 0.065601572,
          0.044084631 -0.020281602 0.070065953,
          0.044084631 -0.012282541 0.07446821,
          0.037261646 -0.018978331 0.079243891,
          0.041919246 -0.011504366 0.077373341,
          0.040793795 -0.011023336 0.078737691,
          0.044084631 -0.002894066 0.077249393,
          0.037261646 -0.0092492448 0.082439773,
          0.037261646 0.0069332197 0.084057562,
          0.033471331 -0.017007943 0.083319075,
          0.034756012 -0.01773046 0.082031675,
          0.037261646 -0.027240926 0.074360147,
          0.044084631 0.012671256 0.078387722,
          0.037261646 0.023316203 0.083428368,
          0.02950668 0.019143477 0.08840479,
          0.034756012 0.027694993 0.084495865,
          0.033471331 0.02996552 0.084894523,
          0.032167226 0.032285467 0.085200906,
          0.02950668 0.037066918 0.085526064,
          0.025747493 0.026709259 0.089193925,
          0.024474919 0.029308656 0.089267865,
          0.018957157 0.027763123 0.091379493,
          0.021907674 0.034603726 0.089123212,
          0.013023433 0.032755841 0.091821998,
          0.021907674 0.016251815 0.091853574,
          0.021907674 -0.0010779086 0.091973901,
          0.018957157 0.0037496875 0.093177207,
          0.01599147 -0.0087526878 0.093202479,
          0.013023433 -0.0035382807 0.094405457,
          0.0088316724 -0.013128925 0.094140857,
          0.007444812 -0.010361603 0.094693623,
          0.0046928842 -0.0046697259 0.09552402,
          0.007444812 0.0014731816 0.095573016,
          0.00048107369 0.0040336233 0.096051276,
          0.0018734504 0.007024013 0.096011311,
          -0.003707821 0.013030155 0.095697433,
          0.0018734504 0.019283 0.095230885,
          0.00048107369 0.022412013 0.094868608,
          0.0088316724 0.004590319 0.095446065,
          0.0046928842 0.013085415 0.095630839,
          0.007444812 0.019613262 0.094809175,
          0.0088316724 0.022894332 0.094231404,
          0.01022444 0.026181078 0.093541212,
          0.01599147 0.020911273 0.093152523,
          0.017475408 0.024336798 0.092326567,
          -0.00090395787 0.0010745008 0.095993362,
          0.027011108 0.024145884 0.08902473,
          0.01599147 0.0088151312 0.094004087,
          0.017475408 0.0062549054 0.093638599,
          0.01022444 0.0077333865 0.095216028,
          0.013023433 0.014082608 0.094441012,
          0.021907674 -0.045013741 0.072111033,
          0.024474919 -0.041337926 0.074412309,
          0.018957157 -0.043748401 0.075729452,
          0.021907674 -0.036957648 0.080356337,
          0.017475408 -0.042950548 0.077450842,
          0.017475408 -0.034422792 0.084490418,
          0.018957157 -0.032449372 0.085064039,
          0.018957157 -0.026079156 0.088278912,
          0.021907674 -0.028326571 0.085912243,
          0.024474919 -0.020451 0.087841026,
          0.025747493 -0.021547364 0.086794414,
          0.021907674 -0.018121261 0.089686312,
          0.017475408 -0.024854925 0.089326978,
          0.025747493 -0.039366599 0.075429425,
          0.044084631 -0.039927155 0.020023195,
          0.037261646 -0.046347033 0.020228697,
          0.02950668 -0.051641207 0.020398559,
          0.021907674 -0.055310387 0.02051669,
          0.013023433 -0.058063388 0.020605912,
          0.0046928842 -0.059329659 0.020647729,
          -0.003707821 -0.059401099 0.020651547,
          -0.012934788 -0.058087271 0.020611446,
          -0.021014931 -0.055663854 0.02053583,
          -0.029447822 -0.051683847 0.020410758,
          -0.037210096 -0.04639975 0.020244073,
          -0.043428313 -0.04065061 0.020062307,
          -0.049300086 -0.03334311 0.019830897,
          -0.053604234 -0.025993373 0.019597858,
          -0.056841988 -0.018135047 0.019348441,
          -0.059131619 -0.0089659886 0.019057147,
          -0.059973665 -0.00045869028 0.018786645,
          -0.05952961 0.0089641903 0.018486772,
          -0.057641406 0.018255323 0.018190827,
          -0.054745849 0.026268957 0.017935341,
          -0.054745849 0.02813261 0.019195309,
          -0.050296132 0.040624429 0.019587284,
          -0.054745849 0.031807214 0.021249712,
          -0.050296132 0.045243196 0.020438669,
          -0.054745849 0.036059517 0.023188021,
          -0.054745849 0.038318265 0.023966726,
          -0.057641406 0.02933885 0.027126241,
          -0.057641406 0.031773806 0.028330542,
          -0.05952961 0.021319613 0.032576773,
          -0.059973665 0.0083697094 0.034505013,
          -0.059131619 -0.0011625978 0.037859544,
          -0.056841988 -0.011436324 0.041475154,
          -0.053604234 -0.020241315 0.044574022,
          -0.049300086 -0.028476354 0.047472451,
          -0.049300086 -0.03003381 0.042976175,
          -0.043428313 -0.038135782 0.045402087,
          -0.04650899 -0.035121202 0.039280035,
          -0.043428313 -0.039435595 0.034682345,
          -0.049300086 -0.031655252 0.033215351,
          -0.043428313 -0.040240645 0.024980061,
          -0.049300086 -0.03277377 0.024348496,
          -0.037210096 -0.046115432 0.025476901,
          -0.037210096 -0.045557063 0.035836555,
          -0.037210096 -0.044509955 0.047310729,
          -0.033415902 -0.048298862 0.04251679,
          -0.032110602 -0.049106769 0.044641294,
          -0.029447822 -0.051183671 0.036897477,
          -0.025278376 -0.053359788 0.043759558,
          -0.021014931 -0.055422086 0.037696667,
          -0.023865514 -0.053961486 0.045917641,
          -0.018328624 -0.056277629 0.046526276,
          -0.029447822 -0.051515274 0.025933502,
          -0.021014931 -0.055582825 0.02627735,
          -0.012934788 -0.058059949 0.026486645,
          -0.012934788 -0.058003347 0.038183399,
          -0.003707821 -0.059403565 0.026599986,
          0.0046928842 -0.059331752 0.026593598,
          0.013023433 -0.058039151 0.026483919,
          0.013023433 -0.05798224 0.038179576,
          0.021907674 -0.055227652 0.026245702,
          0.02950668 -0.051479928 0.025928319,
          0.037261646 -0.046071939 0.025470452,
          0.044084631 -0.039513696 0.024915297,
          -0.016981013 -0.056819744 0.044608895,
          -0.037210096 -0.043105397 0.052621882,
          -0.043428313 -0.036663923 0.050354384,
          -0.029447822 -0.050368499 0.049065053,
          -0.053604234 -0.021885013 0.040536303,
          -0.053604234 -0.023830188 0.031739943,
          -0.056841988 -0.015463878 0.030162485,
          -0.053604234 -0.025263954 0.023713237,
          -0.056841988 -0.017234663 0.023033984,
          -0.056841988 -0.0131723 0.037927646,
          -0.059131619 -0.0030063598 0.034883928,
          -0.059131619 -0.0057023382 0.028321968,
          -0.059973665 0.006425885 0.032059941,
          -0.059973665 0.0033544754 0.026614338,
          -0.05952961 0.016873296 0.02893207,
          -0.05952961 0.013385771 0.024722973,
          -0.057641406 0.027174613 0.025847996,
          -0.057641406 0.023276603 0.022858109,
          -0.057641406 0.0199455 0.01988814,
          -0.05952961 0.010453005 0.020691384,
          -0.059973665 0.00082570501 0.021505985,
          -0.059131619 -0.0078663202 0.022241399,
          -0.05952961 0.018928031 0.03078958,
          -0.050296132 0.047599711 0.020701116,
          -0.054745849 0.04079064 0.024668204,
          -0.050296132 0.050110795 0.02088277,
          -0.018328624 0.027615957 0.09158314,
          -0.031768154 0.14150947 -0.042651411,
          -0.024325671 0.1425775 -0.046605278,
          -0.024325671 0.13401735 -0.04240223,
          -0.01556403 0.14341635 -0.04970799,
          -0.01556403 0.13511848 -0.045508113,
          0.029506698 0.16207492 -0.049235061,
          0.037261635 0.16160588 -0.044014335,
          0.044084612 0.16103706 -0.037684012,
          0.049351715 0.16044563 -0.031102821,
          0.049351715 0.14881267 -0.029193904,
          0.054038674 0.15972169 -0.023047386,
          0.054038674 0.14737689 -0.021133063,
          0.057150502 0.14598542 -0.013321877,
          0.057150502 0.13270901 -0.0099355178,
          0.058769722 0.14023703 -0.0061594825,
          0.059319258 0.13020827 -0.00065991818,
          0.059319258 0.13723503 -0.0025340097,
          0.059702478 0.13415456 0.0011000796,
          0.059319258 0.14433433 -0.0040549547,
          0.059702478 0.14849144 -0.001800183,
          0.059319258 0.15818785 -0.0059814379,
          0.059307426 0.16281168 -0.0064116968,
          0.057150502 0.15902016 -0.015241652,
          0.058769722 0.15393189 -0.0085630352,
          0.059319258 0.15125383 -0.0051847277,
          0.059702478 0.12087417 0.0051116063,
          0.059319258 0.12393552 0.0013338706,
          0.058769722 0.12693238 -0.0024436035,
          0.054038674 0.13481662 -0.017754069,
          0.054038674 0.1238218 -0.013511682,
          0.049351715 0.13699122 -0.025822565,
          0.044084612 0.14998536 -0.035779286,
          0.059702478 0.083434246 0.023935447,
          0.059319258 0.098056585 0.01310059,
          -3.0148168e-016 0.00050589128 -0.0072527658,
          -2.9462604e-016 0.19199829 0.0023997109 ]
      normal [ 0.52055603 -0.00067985005 0.85382724,
          0.57213116 -0.00065304444 0.82016188,
          0.65315634 -0.00060293009 0.75722295,
          0.68372726 -0.00058104511 0.72973752,
          0.74125957 -0.00053444982 0.67121828,
          0.7682212 -0.0005097395 0.6401844,
          0.81812614 -0.00045786789 0.57503867,
          0.84106958 -0.00043070674 0.54092681,
          0.89206797 -0.0003598211 0.45190114,
          0.94083989 -0.00026980645 0.3388513,
          0.97060794 -0.00019162791 0.24066648,
          0.97967941 -0.00015970152 0.20056994,
          0.99282628 -9.520306e-005 0.11956602,
          0.99690163 -6.2631036e-005 0.078658633,
          0.99999446 2.6649273e-006 -0.0033468958,
          0.99901181 3.5388854e-005 -0.044445038,
          0.99200374 0.00010049254 -0.1262091,
          0.98597813 0.00013287229 -0.16687499,
          0.96897519 0.00019679677 -0.24715808,
          0.95799786 0.00022834149 -0.28677526,
          0.92357183 0.00030529805 -0.38342535,
          0.86945307 0.00039335401 -0.49401534,
          0.86945313 0.00039335398 -0.49401528,
          0.80215442 0.00047544713 -0.59711653,
          0.80215436 0.00047544713 -0.59711653,
          0.72269583 0.000550333 -0.69116604,
          0.72269589 0.000550333 -0.69116604,
          0.64807308 0.00060639775 -0.76157802,
          0.61622363 0.00062709441 -0.78757107,
          0.53228325 0.00067406852 -0.84656608,
          0.42421579 0.00072104245 -0.90556091,
          0.4242157 0.00072104245 -0.90556085,
          0.30971751 0.00075708615 -0.95082837,
          0.21066253 0.00077836978 -0.97755861,
          0.17030559 0.00078460621 -0.98539096,
          0.068442941 0.00079437118 -0.9976548,
          -0.054675955 0.00079504726 -0.99850392,
          -0.054675959 0.00079504726 -0.99850392,
          -0.15669809 0.00078640191 -0.98764622,
          -0.19715917 0.00078060932 -0.98037124,
          -0.27688062 0.00076510879 -0.96090406,
          -0.31614098 0.00075540104 -0.94871199,
          -0.41168514 0.00072563277 -0.91132581,
          -0.52055609 0.00067985011 -0.85382718,
          -0.60530216 0.00063380226 -0.79599553,
          -0.63750708 0.00061345747 -0.77044433,
          -0.69853282 0.00056977069 -0.7155779,
          -0.72735369 0.00054642872 -0.68626261,
          -0.78117442 0.00049710175 -0.62431264,
          -0.8061744 0.0004711166 -0.59167778,
          -0.86255652 0.00040286523 -0.50596052,
          -0.91819543 0.00031541203 -0.39612755,
          -0.95991546 0.00022317744 -0.28028971,
          -0.98708409 0.00012755972 -0.16020291,
          -0.98708409 0.00012755973 -0.16020292,
          -0.99928963 3.000833e-005 -0.037687618,
          -0.99634683 -6.7997957e-005 0.085398979,
          -0.97830057 -0.00016497348 0.20719102,
          -0.94542408 -0.00025944816 0.32584223,
          -0.89821607 -0.00034998983 0.43955398,
          -0.89821607 -0.00034998986 0.43955401,
          -0.83739197 -0.00043522607 0.54660267,
          -0.76387388 -0.00051386468 0.6453653,
          -0.76387393 -0.00051386468 0.6453653,
          -0.69372737 -0.00057348085 0.72023755,
          -0.66353846 -0.00059569947 0.748142,
          -0.59996045 -0.00063701428 0.80002952,
          -0.56657124 -0.00065611047 0.82401246,
          -0.47915831 -0.00069888105 0.87772828,
          -0.47915834 -0.00069888105 0.87772828,
          -0.36766395 -0.00074046868 0.9299584,
          -0.27044234 -0.00076656736 0.96273589,
          -0.23064417 -0.00077477016 0.97303784,
          -0.15008353 -0.00078721956 0.98867309,
          -0.10932101 -0.00079146592 0.99400616,
          -0.0068965699 -0.00079621939 0.99997598,
          -0.0068965703 -0.00079621939 0.99997598,
          0.11604107 -0.00079085922 0.99324417,
          0.11604109 -0.00079085922 0.99324417,
          0.21720132 -0.00077722955 0.97612655,
          0.25713778 -0.00076946459 0.96637452,
          0.3355096 -0.0007500858 0.94203657,
          0.37394497 -0.00073847192 0.92745066,
          0.41168517 -0.00072563282 0.91132593,
          -0.51585215 0.00068211951 -0.85667735,
          -0.54750907 0.00066629204 -0.83679956,
          -0.57844359 0.00064950937 -0.81572211,
          -0.65206259 0.00060368015 -0.758165,
          -0.71998733 0.00055257924 -0.69398707,
          -0.74545616 0.0005307364 -0.66655457,
          -0.8044216 0.00047301236 -0.59405869,
          -0.8044216 0.00047301233 -0.59405863,
          -0.85636246 0.0004111577 -0.51637506,
          -0.87508833 0.00038534999 -0.48396304,
          -0.90879345 0.00033222744 -0.41724613,
          -0.92377263 0.00030491257 -0.38294125,
          -0.94979596 0.00024911916 -0.31287,
          -0.96083999 0.00022064062 -0.27710369,
          -0.98251128 0.00014826201 -0.18620302,
          -0.98251128 0.000148262 -0.186203,
          -0.99560279 7.4588686e-005 -0.093676314,
          -0.99841112 4.4867385e-005 -0.056349173,
          -0.99983096 -1.46387e-005 0.01838482,
          -0.99844247 -4.4423494e-005 0.055791687,
          -0.99148589 -0.000103682 0.13021475,
          -0.98591775 -0.0001331557 0.16723092,
          -0.97067219 -0.00019142142 0.24040714,
          -0.9609946 -0.00022021339 0.27656713,
          -0.93765175 -0.00027675359 0.34757626,
          -0.92398632 -0.00030450182 0.38242537,
          -0.89283979 -0.0003586055 0.45037442,
          -0.87535846 -0.00038496088 0.48347434,
          -0.8367998 -0.00043594759 0.54750884,
          -0.81572241 -0.00046057889 0.57844341,
          -0.77023667 -0.00050780753 0.63775808,
          -0.74582821 -0.00053040485 0.66613817,
          -0.68039024 -0.00058352324 0.73284984,
          -0.59405887 -0.00064051122 0.80442131,
          -0.59405881 -0.00064051122 0.80442131,
          -0.51637524 -0.00068186846 0.85636216,
          -0.48396328 -0.00069677888 0.8750881,
          -0.41724634 -0.00072361616 0.90879321,
          -0.38294142 -0.00073554314 0.92377239,
          -0.31287012 -0.00075626379 0.9497956,
          -0.27710381 -0.00076505763 0.96083975,
          -0.20455948 -0.0007794011 0.97885388,
          -0.16778147 -0.00078495103 0.98582399,
          -0.093676344 -0.00079273694 0.99560243,
          -0.056349199 -0.00079497317 0.99841088,
          0.018384827 -0.00079610368 0.99983072,
          0.05579171 -0.00079499802 0.99844211,
          0.1302148 -0.00078945892 0.99148554,
          0.16723099 -0.00078502548 0.98591751,
          0.24040723 -0.00077288627 0.97067183,
          0.27656722 -0.00076518062 0.96099424,
          0.34757638 -0.00074659416 0.9376514,
          0.38242546 -0.00073571323 0.92398602,
          0.46700633 -0.0007040769 0.88425368,
          0.56307495 -0.00065801595 0.82640558,
          0.56307489 -0.00065801595 0.82640558,
          0.63775831 -0.00061329186 0.77023637,
          0.66613841 -0.00059385691 0.74582797,
          0.71998733 -0.00055257924 0.69398707,
          0.74545616 -0.0005307364 0.66655457,
          0.79316211 -0.00048491749 0.6090104,
          0.81539929 -0.00046094146 0.57889879,
          0.85636246 -0.0004111577 0.51637506,
          0.87508833 -0.00038534999 0.48396304,
          0.91644359 -0.00031862583 0.40016377,
          0.95548534 -0.00023492104 0.29503855,
          0.97885412 -0.00016287804 0.20455939,
          0.98582423 -0.000133594 0.1677814,
          0.99560279 -7.4588686e-005 0.093676314,
          0.99841112 -4.4867385e-005 0.056349173,
          0.99983096 1.46387e-005 -0.01838482,
          0.99844247 4.4423494e-005 -0.055791687,
          0.99148589 0.000103682 -0.13021475,
          0.98591775 0.0001331557 -0.16723092,
          0.96600264 0.00020585347 -0.25853243,
          0.93098211 0.00029067861 -0.36506474,
          0.89283979 0.0003586055 -0.45037442,
          0.87535846 0.00038496088 -0.48347434,
          0.8367998 0.00043594759 -0.54750884,
          0.81572241 0.00046057889 -0.57844341,
          0.77023667 0.00050780753 -0.63775808,
          0.74582821 0.00053040485 -0.66613817,
          0.68039024 0.00058352324 -0.73284984,
          0.60901058 0.00063154602 -0.79316181,
          0.57889903 0.00064925215 -0.81539905,
          0.51637524 0.00068186846 -0.85636216,
          0.48396328 0.00069677888 -0.8750881,
          0.41724634 0.00072361616 -0.90879321,
          0.38294142 0.00073554314 -0.92377239,
          0.31287012 0.00075626379 -0.9497956,
          0.27710381 0.00076505763 -0.96083975,
          0.20455948 0.0007794011 -0.97885388,
          0.16778147 0.00078495103 -0.98582399,
          0.093676344 0.00079273694 -0.99560243,
          0.056349199 0.00079497317 -0.99841088,
          -0.018384827 0.00079610368 -0.99983072,
          -0.05579171 0.00079499802 -0.99844211,
          -0.1302148 0.00078945892 -0.99148554,
          -0.16723099 0.00078502548 -0.98591751,
          -0.24040723 0.00077288627 -0.97067183,
          -0.27656722 0.00076518062 -0.96099424,
          -0.34757638 0.00074659416 -0.9376514,
          -0.38242546 0.00073571323 -0.92398602,
          -0.41669118 0.00072381896 -0.9090479,
          0.99619472 0.087155715 6.9396738e-005,
          0.98480779 0.17364812 0.00013826531,
          0.98480779 0.17364813 0.00013826533,
          0.94926333 0.31448221 0.00025040284,
          0.92932326 0.36926714 0.00029402474,
          0.88023263 0.4745422 0.00037784877,
          0.85108215 0.52503234 0.000418051,
          0.78445655 0.62018371 0.00049381418,
          0.74698138 0.66484487 0.0005293751,
          0.66484511 0.74698108 0.00059477513,
          0.62018394 0.78445619 0.0006246143,
          0.52503264 0.85108191 0.00067766418,
          0.47454247 0.88023239 0.00070087495,
          0.36926731 0.92932296 0.00073996279,
          0.31448236 0.94926304 0.00075583981,
          0.17364821 0.98480749 0.00078414171,
          0 0.9999997 0.00079623831,
          -0.14486678 0.98945087 0.00078783894,
          -0.20228204 0.97932702 0.00077977794,
          -0.31448236 0.94926304 0.00075583981,
          -0.36926731 0.92932296 0.00073996279,
          -0.50000006 0.86602515 0.00068956258,
          -0.62018394 0.78445619 0.0006246143,
          -0.66484511 0.74698108 0.00059477513,
          -0.7660445 0.6427874 0.0005118121,
          -0.85108215 0.52503234 0.000418051,
          -0.88023263 0.4745422 0.00037784877,
          -0.92932326 0.36926714 0.00029402474,
          -0.94926333 0.31448221 0.00025040284,
          -0.97932732 0.20228194 0.00016106469,
          -0.98945117 0.1448667 0.00011534846,
          -0.99957502 0.029150482 2.321074e-005,
          -0.99957502 -0.029150482 -2.3210738e-005,
          -0.98945117 -0.1448667 -0.00011534846,
          -0.97932732 -0.20228192 -0.00016106467,
          -0.94926333 -0.31448221 -0.00025040284,
          -0.92932326 -0.36926714 -0.00029402474,
          -0.88023263 -0.4745422 -0.00037784877,
          -0.85108215 -0.52503234 -0.000418051,
          -0.78445655 -0.62018371 -0.00049381418,
          -0.74698138 -0.66484487 -0.0005293751,
          -0.66484511 -0.74698108 -0.00059477513,
          -0.62018394 -0.78445619 -0.0006246143,
          -0.52503264 -0.85108191 -0.00067766418,
          -0.47454247 -0.88023239 -0.00070087495,
          -0.36926731 -0.92932296 -0.00073996279,
          -0.31448236 -0.94926304 -0.00075583981,
          -0.20228206 -0.97932702 -0.00077977794,
          -0.14486678 -0.98945087 -0.00078783894,
          -0.029150499 -0.99957472 -0.00079589989,
          0.029150499 -0.99957472 -0.00079589989,
          0.14486678 -0.98945087 -0.00078783894,
          0.20228204 -0.97932702 -0.00077977794,
          0.31448236 -0.94926304 -0.00075583981,
          0.36926731 -0.92932296 -0.00073996279,
          0.47454247 -0.88023239 -0.00070087495,
          0.52503264 -0.85108191 -0.00067766418,
          0.64278764 -0.76604414 -0.00060995395,
          0.7660445 -0.6427874 -0.0005118121,
          0.86602545 -0.49999979 -0.0003981191,
          0.86602539 -0.49999979 -0.0003981191,
          0.93969262 -0.34202 -0.00027232949,
          0.98480779 -0.17364813 -0.00013826533,
          0.99619472 -0.087155715 -6.9396738e-005,
          0.055035613 0.00079503149 -0.99848413,
          0.068843886 0.005332639 -0.99761325,
          0.096506901 0.0026839999 -0.99532878,
          0.15827626 0.0056795841 -0.98737854,
          0.23699431 -0.0003508509 -0.97151095,
          0.30326679 0.0037344499 -0.95289838,
          0.36679277 -0.0011593701 -0.93030202,
          0.44653222 0.0042535854 -0.89475751,
          0.50697833 -0.0012925847 -0.86195779,
          0.57799816 0.0030197003 -0.81603253,
          0.63044024 -0.0017345472 -0.77623594,
          0.69815964 0.0029873613 -0.71593595,
          0.74060649 -0.00074987987 -0.67193872,
          0.80045825 0.0031333303 -0.59938031,
          0.83595812 -0.00084260688 -0.54879266,
          0.88237619 0.0018809862 -0.47054103,
          0.9069382 8.0942582e-006 -0.42126384,
          0.94463396 0.0017975181 -0.32812107,
          0.96136683 -1.7616808e-008 -0.27527055,
          0.98351932 0.00037435169 -0.18080273,
          0.99168199 -4.3196123e-006 -0.12871268,
          0.99998325 0.0014025401 -0.0056117191,
          0.99993074 9.3766621e-006 -0.011776197,
          0.99378163 0.00043876181 0.11134584,
          0.98578018 0.003200579 0.16800974,
          0.96626347 -0.0014540836 0.25755149,
          0.94841188 0.0025443917 0.31703052,
          0.91944128 -0.002404076 0.39321989,
          0.88861591 0.0034308035 0.45863938,
          0.84720773 -0.0026389514 0.53125525,
          0.8076036 0.0025656081 0.58972019,
          0.7609238 -0.0027803844 0.64883536,
          0.70750725 0.0034374844 0.70669782,
          0.65428919 -0.001989013 0.75624186,
          0.59237421 0.003068889 0.80565715,
          0.53341222 -0.0028017613 0.84585088,
          0.46231127 0.0020257151 0.88671541,
          0.40448529 -0.0023456251 0.91454148,
          0.31989017 0.0024199956 0.94745153,
          0.25730014 -0.0024454894 0.9663285,
          0.17157754 0.0011634532 0.98516995,
          0.10972866 -0.0027239933 0.99395788,
          0.015901644 0.0011951366 0.99987292,
          -0.042005811 -0.0015967217 0.99911612,
          -0.13909119 0.0012691891 0.99027884,
          -0.19664399 -0.0015786624 0.9804737,
          -0.28802264 0.00011156414 0.9576236,
          -0.33722025 -0.00043579075 0.94142574,
          -0.45191714 0.001060282 0.89205933,
          -0.44959599 -0.00074294029 0.89323175,
          -0.55755687 -0.0010943358 0.83013803,
          -0.60249329 0.00089088263 0.79812354,
          -0.67255771 -0.001791151 0.74004263,
          -0.71721458 0.0022072312 0.69684893,
          -0.77950072 -0.0018505303 0.62639856,
          -0.81624782 0.0018666503 0.57769889,
          -0.86496592 -0.0027981915 0.50182283,
          -0.89629143 0.0021213933 0.4434604,
          -0.93061966 -0.0021850716 0.36598146,
          -0.95359969 0.0033019683 0.30105945,
          -0.97616547 -0.0021932225 0.21701644,
          -0.98856318 0.0027952387 0.1507813,
          -0.99735385 -0.0022790201 0.072665393,
          -0.99998897 0.0039612493 -0.0025553424,
          -0.99691087 -0.0013748793 -0.078529634,
          -0.98807985 0.0039886218 -0.15389055,
          -0.97382236 -0.0020733376 -0.22730117,
          -0.95290112 0.0032171861 -0.30326432,
          -0.93030071 -0.0016080565 -0.36679411,
          -0.89476055 0.0038966881 -0.44652918,
          -0.86195654 -0.0015752318 -0.5069797,
          -0.81603467 0.0028301661 -0.57799602,
          -0.77623427 -0.0018506338 -0.63044184,
          -0.71593809 0.0029732052 -0.69815749,
          -0.67193788 -0.00069520326 -0.7406072,
          -0.5993827 0.0032934349 -0.80045593,
          -0.54879183 -0.00061395415 -0.83595884,
          -0.4705424 0.0022089041 -0.88237464,
          -0.42126375 0.00039480679 -0.90693814,
          -0.32812241 0.0022884081 -0.94463241,
          -0.27527046 0.00054627855 -0.96136665,
          -0.18080299 0.0010135053 -0.9835189,
          -0.12871262 0.00068280962 -0.99168169,
          -0.078050524 0.00098673708 -0.9969489,
          -0.077635661 0.00079383503 -0.9969815,
          0.99874979 0.049988553 3.9802813e-005,
          0.99750769 0.067435645 -0.020757953,
          0.9958666 0.090190418 -0.01074631,
          0.98778456 0.15455335 -0.019873699,
          0.97366822 0.22794177 0.0035724859,
          0.95485485 0.29692689 -0.009308733,
          0.93503183 0.35452509 0.0052500316,
          0.89746875 0.44095498 -0.010423987,
          0.8684684 0.49571395 0.0055175466,
          0.8198294 0.57258391 -0.0052479366,
          0.78456682 0.62001389 0.0061425283,
          0.72055799 0.69337451 -0.0052960678,
          0.68159294 0.73173016 0.0014817715,
          0.60436535 0.79669321 -0.0047330391,
          0.55969608 0.82869649 0.0015461859,
          0.45670021 0.88961565 -0.0029845794,
          0.45958078 0.88813531 0.0011446289,
          0.34477636 0.93868476 -0.00044269185,
          0.29271495 0.95616561 -0.0080777397,
          0.1991477 0.97995824 0.0047048498,
          0.14160426 0.98989606 -0.0073563065,
          0.054288156 0.99849939 0.00720029,
          -0.011286142 0.99986249 -0.012150264,
          -0.10177884 0.99477732 0.0076902281,
          -0.16541179 0.98617572 -0.0098238578,
          -0.25029925 0.968099 0.011604611,
          -0.31700987 0.94836491 -0.010431517,
          -0.39320886 0.91940421 0.0090957088,
          -0.45858702 0.88853168 -0.014474838,
          -0.53123766 0.84716922 0.009538006,
          -0.58967727 0.80755711 -0.011496819,
          -0.64881241 0.76088703 0.009660528,
          -0.70661008 0.70743483 -0.015435532,
          -0.75623232 0.654275 0.0060683349,
          -0.80557126 0.59232461 -0.014368373,
          -0.84582412 0.53338706 0.0089374632,
          -0.88666391 0.46229386 -0.010558301,
          -0.91452515 0.40447199 0.0067916582,
          -0.94737774 0.31987599 -0.012441915,
          -0.96630973 0.25728923 0.0069089672,
          -0.98514074 0.17157879 -0.0076546948,
          -0.99393195 0.10971939 0.0078174099,
          -0.99984187 0.015907506 -0.0079521919,
          -0.99911225 -0.042008143 0.0031712842,
          -0.99024606 -0.13908015 -0.0083412295,
          -0.98046994 -0.19664548 0.0030352939,
          -0.9576177 -0.28801808 -0.0037255548,
          -0.94142509 -0.33721885 -0.0015237404,
          -0.89203721 -0.45190066 -0.00744195,
          -0.89323211 -0.4495959 -0.00023112647,
          -0.83013749 -0.55755723 0.0012894408,
          -0.7981087 -0.60247761 -0.0065851263,
          -0.74003577 -0.67255402 0.0042720372,
          -0.69680715 -0.71716446 -0.01161876,
          -0.62639129 -0.77949405 0.0047863335,
          -0.57767379 -0.81620705 -0.0099560646,
          -0.50180334 -0.86493599 0.0089053772,
          -0.44343832 -0.89624214 -0.010611145,
          -0.36597326 -0.93060035 0.00683347,
          -0.30102843 -0.95349836 -0.014924616,
          -0.21701151 -0.97614169 0.0073042144,
          -0.15076944 -0.98849058 -0.01244752,
          -0.072664507 -0.99732369 0.0080902092,
          0.002558195 -0.9998585 -0.016631125,
          0.078527309 -0.99689972 0.0049557718,
          0.15387644 -0.98795652 -0.016249271,
          0.22729079 -0.97379208 0.0082415817,
          0.30324668 -0.95282799 -0.012660751,
          0.36678284 -0.93028134 0.0068595186,
          0.4464902 -0.89466482 -0.014875614,
          0.50696349 -0.86193728 0.0072290953,
          0.57797384 -0.81599241 -0.010129102,
          0.63041407 -0.77620929 0.008792026,
          0.69812906 -0.71589875 -0.010238825,
          0.74059731 -0.67193341 0.0046045305,
          0.80041599 -0.59934229 -0.011100981,
          0.83594787 -0.54878896 0.0046812776,
          0.88236111 -0.47052935 -0.0063998443,
          0.90693748 -0.42126429 0.00097390113,
          0.94461721 -0.32811156 -0.0064061685,
          0.96136653 -0.27527097 0.00065761298,
          0.9835189 -0.18080208 -0.0010655198,
          0.99168187 -0.12871291 0.00032473623,
          0.9969492 -0.078049861 -0.00083385827,
          0.99698186 -0.077635631 -6.1816478e-005,
          0.99874741 0.04999017 -0.0021355143,
          0.99537617 0.087660268 -0.039267246,
          0.99876511 0.049351126 -0.0057174307,
          0.99879813 0.047080584 -0.013629812,
          0.99883801 0.044013295 -0.019633152,
          0.99734247 0.063463405 -0.035783287,
          0.99874228 0.04451219 -0.023076618,
          0.99879563 0.041972935 -0.025407067,
          0.99761993 0.06115495 -0.031853665,
          0.98821241 0.11892156 -0.096405186,
          0.98868692 0.11187974 -0.099905424,
          0.97085857 0.16006596 -0.17836073,
          0.99482453 0.071761578 -0.071934715,
          0.97225147 0.13459025 -0.19134445,
          0.98879391 0.093893275 -0.1160634,
          0.98728383 0.092457347 -0.1293153,
          0.99692488 0.042171501 -0.066047959,
          0.98946559 0.078882091 -0.12138996,
          0.99735397 0.037035018 -0.062557735,
          0.98828822 0.072587654 -0.13422889,
          0.9864971 0.069707133 -0.14820367,
          0.97093046 0.10029305 -0.21733733,
          0.96717256 0.082825437 -0.24024394,
          0.92180485 0.10210723 -0.3739652,
          0.91835046 0.05956139 -0.39126053,
          0.78048927 0.0095773302 -0.6250959,
          0.8189407 -0.012645048 -0.57373887,
          0.58868986 -0.14869399 -0.7945655,
          0.67652404 -0.18040122 -0.71398228,
          0.45628858 -0.30917493 -0.83439291,
          0.45371968 -0.38799074 -0.80224794,
          0.22050311 -0.48249623 -0.8476885,
          0.17765185 -0.57139772 -0.8012144,
          0.093801536 -0.5824936 -0.80740482,
          0.083022021 -0.66528445 -0.74195963,
          -0.011122159 -0.69317287 -0.72068566,
          0.0070411111 -0.7640025 -0.6451748,
          -0.024500921 -0.74971795 -0.66130388,
          -0.024590142 -0.79798084 -0.60218096,
          -0.025162563 -0.81147432 -0.58384615,
          -0.0050644497 -0.81133628 -0.58455789,
          0.0020744817 -0.82351691 -0.56728798,
          0.057871003 -0.76949739 -0.63602263,
          0.045373522 -0.7707029 -0.63557726,
          0.1183984 -0.70308745 -0.7011776,
          0.089913338 -0.69428337 -0.71406323,
          0.17812033 -0.62413961 -0.76073837,
          0.1328616 -0.60270041 -0.78682911,
          0.25419679 -0.48920563 -0.8343032,
          0.15827948 -0.50085711 -0.85093468,
          0.19466302 -0.3846193 -0.90231615,
          0.095482633 -0.40205508 -0.91062337,
          0.12181112 -0.28030097 -0.95215207,
          0.0084974868 -0.28123212 -0.95960224,
          0.12931652 -0.13901131 -0.98181111,
          0.0027626997 -0.1373304 -0.99052149,
          0.099589989 -0.062193308 -0.993083,
          -0.027215973 -0.06087862 -0.99777412,
          0.23878114 -0.062982082 -0.96902877,
          0.23497975 -0.12804471 -0.96352953,
          0.2299559 -0.2489031 -0.94083339,
          0.35249895 -0.120464 -0.92802632,
          0.34306818 -0.25361082 -0.90442574,
          0.45996934 -0.21343857 -0.86190039,
          0.42862627 -0.3279359 -0.8418656,
          0.59268636 -0.19441615 -0.78161716,
          0.54408509 -0.31513026 -0.77760172,
          0.67162824 -0.25093654 -0.69709861,
          0.61679077 -0.3553032 -0.70237374,
          0.75437069 -0.27708516 -0.59510392,
          0.66775584 -0.39428347 -0.63138169,
          0.80860251 -0.29113936 -0.51127279,
          0.7024225 -0.41050646 -0.58145267,
          0.85615289 -0.28151193 -0.433305,
          0.67230892 -0.44071227 -0.59478867,
          0.82717711 -0.31171063 -0.46756244,
          0.61505705 -0.46666053 -0.63555712,
          0.79600072 -0.32554987 -0.51029414,
          0.66188848 -0.38841435 -0.64112246,
          0.84080929 -0.2529929 -0.47857529,
          0.82057571 -0.2248273 -0.52546,
          0.91553622 -0.15511353 -0.37112448,
          0.96764803 -0.078341223 -0.23983319,
          0.966102 -0.090063743 -0.24194115,
          0.99218434 -0.039291773 -0.11843324,
          0.9626351 -0.11382631 -0.24571781,
          0.99480337 -0.035927713 -0.095264979,
          0.99115849 -0.055950668 -0.12030976,
          0.99377769 -0.050563127 -0.099243924,
          0.98339403 -0.078828998 -0.16346903,
          0.97490376 -0.11828632 -0.18860291,
          0.9153114 -0.20881201 -0.34438735,
          0.97905749 -0.097861297 -0.17852058,
          0.92060387 -0.20142201 -0.3345412,
          0.95768076 -0.15538865 -0.24228485,
          0.93110043 -0.18681592 -0.31329212,
          0.90560079 -0.20147444 -0.3732228,
          0.97590816 -0.098931313 -0.19446321,
          0.95211887 -0.12930305 -0.27703848,
          0.97992557 -0.082075119 -0.18168513,
          0.98228461 -0.068490043 -0.17443095,
          0.99519622 -0.039285753 -0.089673139,
          0.99723285 -0.02714044 -0.069210105,
          0.9963541 -0.03829566 -0.076235943,
          0.99322075 -0.056556184 -0.10155805,
          0.99472636 -0.050731201 -0.089140244,
          0.91754729 -0.15677623 -0.3654151,
          0.90169907 -0.21540219 -0.37488768,
          0.9626227 -0.12222654 -0.2416988,
          0.995444 -0.022724465 -0.092601217,
          0.35761598 -0.059896655 -0.93194592,
          0.49827853 -0.053818941 -0.86534512,
          0.054762986 -0.7794624 -0.62405074,
          0.095133692 -0.75028896 -0.65422946,
          0.12555858 -0.73322004 -0.66829896,
          0.21283424 -0.69145983 -0.69035137,
          0.22677095 -0.65221977 -0.72331482,
          0.30433986 -0.62334776 -0.7202881,
          0.38371819 -0.54392624 -0.74626052,
          0.42658046 -0.56664425 -0.70494223,
          0.52985597 -0.46918577 -0.70648247,
          0.56981647 -0.49209857 -0.65813994,
          0.49689716 -0.4165071 -0.76132464,
          0.39275578 -0.4471941 -0.80359209,
          0.29300472 -0.35420638 -0.88808006,
          0.29226235 -0.56688875 -0.77020764,
          0.97037572 0.12214382 -0.20845126,
          0.93606991 0.13600205 -0.32446358,
          0.93246752 0.15126264 -0.32806093,
          0.83266789 0.11720083 -0.54122841,
          0.81074154 0.14336564 -0.56757778,
          0.5859561 0.013615959 -0.81022841,
          0.57066482 0.045916781 -0.81989831,
          0.33355206 -0.10823326 -0.93649805,
          0.2768178 -0.11564849 -0.95393777,
          0.12359542 -0.26894233 -0.95519328,
          0.078327946 -0.25850073 -0.96283025,
          -0.0062647578 -0.38685295 -0.92212021,
          -0.018096007 -0.35993737 -0.93280095,
          -0.039359994 -0.44227833 -0.89601374,
          -0.046125259 -0.42789158 -0.90265244,
          -0.039019968 -0.4846265 -0.87385046,
          -0.043360021 -0.4652735 -0.88410437,
          -0.024823012 -0.5103544 -0.85960591,
          -0.026594438 -0.48034108 -0.87667847,
          0.00030625306 -0.48974904 -0.87186342,
          0.0017273622 -0.44111586 -0.89744854,
          0.026321001 -0.43609074 -0.89951771,
          0.025583483 -0.38883752 -0.92095107,
          0.054109726 -0.36667609 -0.92877388,
          0.05337308 -0.29821482 -0.95300543,
          0.068401553 -0.26659232 -0.96137917,
          -0.025253955 -0.0015266888 -0.99967998,
          0.055178683 -0.18962243 -0.98030537,
          -0.15283871 0.20499206 -0.9667567,
          -0.036181726 -0.060576141 -0.99750763,
          -0.49228045 0.55405402 -0.67133009,
          -0.55456543 0.431986 -0.71122801,
          -0.71751016 0.61218899 -0.33227092,
          -0.79448986 0.49341923 -0.35401034,
          -0.81652427 0.52295876 -0.24454497,
          -0.90098488 0.40328968 -0.15994878,
          -0.57447517 0.71921939 -0.39077079,
          -0.47617799 0.74727321 -0.46350545,
          -0.51938254 0.81846613 -0.24567252,
          -0.38495824 0.87817317 -0.28393498,
          -0.30543676 0.67985898 -0.66670853,
          -0.22240907 0.81918997 -0.5286417,
          -0.24539208 0.91603005 -0.31728798,
          -0.12148979 0.92546666 -0.35881981,
          -0.038183898 0.089505017 -0.99525416,
          -0.11221565 0.6594916 -0.74328905,
          -0.025663594 0.68568188 -0.72744882,
          0.043327451 0.91182464 -0.40828747,
          0.037179247 0.6812734 -0.73108435,
          0.060619555 0.74644524 -0.66268009,
          0.033840992 0.49085477 -0.87058389,
          -0.0027588094 0.093980305 -0.9955703,
          0.00015491807 -0.097801432 -0.995206,
          -0.026422402 -0.33582798 -0.94155276,
          -0.011501059 -0.3359535 -0.94180834,
          -0.0023330997 -0.39341694 -0.9193573,
          0.0089891003 -0.35057208 -0.93649268,
          0.039448701 -0.3095966 -0.95004934,
          -0.023448812 -0.43750557 -0.89890987,
          -0.02919665 -0.39818615 -0.9168399,
          -0.04182354 -0.42862934 -0.90251189,
          -0.050538789 -0.36651245 -0.92903954,
          -0.053701032 -0.39648545 -0.91646904,
          -0.057678327 -0.32949415 -0.94239426,
          -0.042875383 -0.3397699 -0.93953085,
          -0.041345242 -0.26146001 -0.96432847,
          0.021996561 -0.25084749 -0.96777666,
          0.03859029 -0.15390776 -0.98733133,
          0.22103402 -0.078278974 -0.97211957,
          0.18907923 0.0055429656 -0.98194623,
          0.54562908 0.14190233 -0.82592529,
          0.51541609 0.21727748 -0.82893711,
          0.79152501 0.24449876 -0.56009692,
          0.78711551 0.3031179 -0.53718585,
          0.92162329 0.22857459 -0.31363064,
          0.92026383 0.25367239 -0.29793417,
          0.96509731 0.18523794 -0.18513267,
          0.97109479 0.20145561 -0.12802561,
          0.9866482 0.13903347 -0.084823728,
          0.97061092 0.22428001 -0.087251753,
          0.94828671 0.28397232 -0.14181687,
          0.87889367 0.39762503 -0.263515,
          0.74312925 0.4636479 -0.48248279,
          0.21889953 0.11541588 -0.96889746,
          0.058213223 -0.034509819 -0.99770761,
          -0.045206144 -0.18296687 -0.98207927,
          -0.070084296 -0.26613739 -0.96138394,
          -0.061592791 -0.30812201 -0.94935095,
          -0.058179788 -0.33096644 -0.94184738,
          -0.0045606215 -0.10369106 -0.99459916,
          0.074441209 0.73636985 -0.67247164,
          0.17293315 0.89421821 -0.41287777,
          0.12325759 0.4593969 -0.87963748,
          0.17661914 0.73672211 -0.65272218,
          0.078263186 0.33895731 -0.93754083,
          0.20614441 0.73701614 -0.64367056,
          -0.044271905 -0.055534288 -0.99747485,
          0.022660671 -0.040314753 -0.99893004,
          0.30767325 0.87801319 -0.36664706,
          0.005329486 -0.093106993 -0.99564183,
          0.92865092 0.34193766 -0.14382659,
          0.85292345 0.47169039 -0.22367321,
          0.75208092 0.57337993 -0.32497656,
          0.57485271 0.49967286 -0.64797485,
          0.63575792 0.65415382 -0.40974951,
          0.46326363 0.55019063 -0.69474965,
          0.23907652 0.3524287 -0.90478528,
          0.11596063 0.14923713 -0.98197836,
          0.049728088 0.091119833 -0.99459761,
          0.36289877 0.68396711 -0.63284564,
          0.16409558 0.33498839 -0.92782295,
          0.33024323 0.74379224 -0.58113045,
          0.054524858 0.074464358 -0.99573195,
          0.17958587 0.4274196 -0.88603693,
          0.058774695 0.035282593 -0.99764758,
          0.23574877 0.63842654 -0.73268962,
          0.0044979579 0.019104986 -0.99980742,
          0.098324664 0.28569168 -0.95326418,
          0.43109673 0.83925647 -0.33136725,
          0.48992234 0.71874523 -0.49333704,
          -0.054952566 -0.17232484 -0.98350614,
          -0.064284481 -0.19897531 -0.97789383,
          0.53773135 0.0715928 -0.8400712,
          0.75552553 0.17020445 -0.63262278,
          0.91934836 0.18834494 -0.34543422,
          0.98671544 0.1283522 -0.0995913,
          0.0083725667 0.17003432 -0.98540258,
          -0.02064419 -0.065238602 -0.99765611,
          -0.0082939379 0.18007135 -0.98361862,
          0.021262202 -0.062923998 -0.99779189,
          -0.02333455 0.17380728 -0.98450327,
          -0.0074997381 0.0099247843 -0.99992263,
          0.78601348 0.060231958 -0.61526811,
          0.58768839 -0.026413357 -0.80865616,
          0.54829055 -0.10743494 -0.82935834,
          0.28323457 -0.25630724 -0.92416704,
          0.33348563 -0.26808044 -0.90383637,
          0.16089268 -0.38605875 -0.90833491,
          0.2369266 -0.41180497 -0.87993324,
          0.064738438 -0.52737343 -0.84716368,
          -0.0040535424 -0.62945926 -0.77702302,
          -0.021338739 -0.6732887 -0.73907173,
          -0.0281114 -0.70208097 -0.71154213,
          -0.030630527 -0.76337826 -0.64522511,
          -0.016115649 -0.73101372 -0.68217254,
          -0.016278518 -0.78182858 -0.62328088,
          -0.00087980682 -0.77296466 -0.63444859,
          -0.014105207 -0.82867146 -0.55955768,
          0.00094688061 -0.82850051 -0.55998755,
          -0.0047622179 -0.83799469 -0.54565763,
          0.002162874 -0.83790374 -0.54581368,
          0.013193513 -0.79440486 -0.60724527,
          0.0017949808 -0.79162276 -0.61100757,
          0.034428924 -0.72102284 -0.69205552,
          -0.00083408831 -0.7261343 -0.68755245,
          0.005414498 -0.64540166 -0.76382428,
          -0.031310827 -0.71490741 -0.69851786,
          -0.06219634 -0.62284708 -0.77986747,
          -0.083559118 -0.70401913 -0.70524824,
          -0.13325562 -0.62864214 -0.76619321,
          -0.16455226 -0.67513788 -0.71910465,
          -0.23646183 -0.57688671 -0.78184885,
          -0.30194908 -0.58399284 -0.75351131,
          -0.39071345 -0.45735195 -0.79885674,
          -0.43249506 -0.51571602 -0.73958439,
          -0.52274632 -0.39782849 -0.75396878,
          -0.5800162 -0.43982479 -0.68566424,
          -0.64134574 -0.33902362 -0.68828678,
          -0.75849801 -0.27738264 -0.5896945,
          -0.69827777 -0.24024916 -0.67430598,
          -0.80981451 -0.1783357 -0.55892473,
          -0.74030542 -0.14655043 -0.65610284,
          -0.82598889 -0.12275309 -0.55015814,
          -0.83612233 -0.064029634 -0.54479319,
          -0.88824213 -0.096637495 -0.44909585,
          -0.91149122 -0.0432042 -0.4090443,
          -0.95627397 -0.056324244 -0.28699768,
          -0.96089536 -0.025528327 -0.27573258,
          -0.99162704 -0.014818137 -0.12828249,
          -0.97644883 -0.0065716957 -0.21564899,
          -0.99776679 -0.0012343928 -0.066783622,
          -0.93549442 -0.011875836 -0.35314196,
          -0.87071341 -0.021007326 -0.49134189,
          -0.78838533 -0.026092194 -0.6146282,
          -0.74535221 -0.067768849 -0.66321754,
          -0.64759272 -0.091209948 -0.75650805,
          -0.6098178 -0.19655345 -0.76778197,
          -0.53318894 -0.10445827 -0.83952248,
          -0.48442528 -0.22031967 -0.84663534,
          -0.39859435 -0.11872364 -0.90941036,
          -0.36196968 -0.22813246 -0.90384376,
          -0.24880037 -0.13788618 -0.95868969,
          -0.23456605 -0.27738649 -0.93168426,
          -0.10642955 -0.24325313 -0.9641062,
          -0.10166041 -0.38143301 -0.91878939,
          -0.0050518131 -0.40963995 -0.91223335,
          0.0024102805 -0.52794737 -0.84927362,
          0.080792494 -0.53779674 -0.83919448,
          0.061902203 -0.64385581 -0.76263881,
          -0.067510329 -0.50883496 -0.85821289,
          -0.10450255 -0.12044349 -0.98720443,
          -0.16359097 -0.058353543 -0.98480093,
          -0.30918732 -0.056595627 -0.94931567,
          -0.44965956 -0.048881527 -0.89186144,
          -0.57280278 -0.04462545 -0.81847757,
          -0.69050485 -0.035185959 -0.72247148,
          -0.58927846 -0.29019675 -0.75401372,
          -0.8904171 -0.14215958 -0.43237489,
          -0.95913821 -0.078968726 -0.2716946,
          -0.99124354 -0.026837874 -0.12929018,
          -0.9898935 -0.041456252 -0.13561796,
          -0.99965841 0.0061056521 0.0254135,
          -0.99959558 0.009068436 0.026951618,
          -0.98025984 0.04751388 0.19191977,
          -0.97714567 0.069118924 0.2010197,
          -0.93916363 0.080573186 0.3338857,
          -0.93014628 0.11609744 0.34835228,
          -0.86869943 0.1145871 0.48190361,
          -0.85377026 0.16575687 0.49355954,
          -0.76902717 0.19021945 0.61025715,
          -0.73914576 0.25179058 0.62471199,
          -0.64708167 0.26196 0.71600443,
          -0.61337751 0.30528513 0.72840178,
          -0.51123017 0.30734146 0.80261141,
          -0.49186435 0.32175559 0.80903816,
          -0.38227618 0.33707467 0.86037523,
          -0.39597997 0.28305104 0.87354559,
          -0.28218675 0.30151758 0.9107458,
          -0.29362077 0.23475693 0.92664772,
          -0.16432525 0.27743757 0.94658631,
          -0.17547892 0.21963564 0.95967048,
          -0.059107024 0.22975908 0.9714511,
          -0.15260315 0.16976012 0.97359836,
          -0.12099834 0.13581032 0.98331839,
          -0.22227815 0.097686104 0.97007728,
          -0.18257782 0.054160219 0.98169857,
          -0.2874696 0.042595997 0.95684218,
          -0.28027084 -0.0044170376 0.95991087,
          -0.37063268 -0.028013607 0.92835701,
          -0.33745015 -0.058712047 0.93951064,
          -0.43979877 -0.083526894 0.89420378,
          -0.3965621 -0.10979713 0.91141814,
          -0.50205249 -0.16419216 0.84910786,
          -0.38932037 -0.16237451 0.90667754,
          -0.46993378 -0.24504653 0.84800619,
          -0.36266482 -0.2132345 0.90719646,
          -0.45303956 -0.30271739 0.83852088,
          -0.43016329 -0.34990427 0.83218181,
          -0.51808321 -0.37252128 0.76994663,
          -0.44668558 -0.44615325 0.77551222,
          -0.48220447 -0.46924558 0.73978889,
          -0.44144481 -0.56585246 0.6963746,
          -0.51792026 -0.49048343 0.70084566,
          -0.53051579 -0.56957841 0.62780046,
          -0.57400948 -0.49026743 0.65585899,
          -0.59917241 -0.53382444 0.59667748,
          -0.6187284 -0.43213809 0.65607303,
          -0.6554569 -0.43110326 0.62010181,
          -0.67032993 -0.29647613 0.68026453,
          -0.71859866 -0.43980688 0.53868908,
          -0.72587174 -0.34194043 0.59681404,
          -0.77243328 -0.37777624 0.51052123,
          -0.74394679 -0.23332646 0.62618047,
          -0.81510687 -0.2824128 0.50581002,
          -0.82925081 -0.18070456 0.52885628,
          -0.87481129 -0.25595587 0.41132936,
          -0.89243364 -0.14608629 0.42687351,
          -0.91765416 -0.20896915 0.3379983,
          -0.94318575 -0.092449382 0.31914523,
          -0.96331394 -0.11962041 0.24024412,
          -0.97801483 -0.04627084 0.20333749,
          -0.98895162 -0.056429546 0.13707802,
          -0.99853641 -0.0092021525 0.053295318,
          -0.99995279 -0.0048310379 0.0084402282,
          -0.99275953 0.0050554592 -0.12001241,
          -0.99071962 0.024152881 -0.13375883,
          -0.94199628 -0.016374892 -0.3352237,
          -0.93497777 0.027424362 -0.35364476,
          -0.81086391 -0.089552291 -0.57834256,
          -0.76984322 -0.053724814 -0.63596779,
          -0.60499465 -0.20705996 -0.76883531,
          -0.5687995 -0.17039563 -0.80463189,
          -0.36335865 -0.33865386 -0.86791939,
          -0.35893768 -0.27060571 -0.89327276,
          -0.1749848 -0.44663057 -0.87744033,
          -0.13427092 -0.40370944 -0.90498072,
          -0.055220578 -0.53057814 -0.84583551,
          -0.027858568 -0.50693697 -0.86153281,
          0.009428856 -0.60613436 -0.79530644,
          0.016008647 -0.54960227 -0.83527303,
          0.029800531 -0.6355319 -0.77149934,
          0.03072053 -0.59331763 -0.80438209,
          0.015899245 -0.66646928 -0.745363,
          0.014758763 -0.62578487 -0.77985615,
          0.0013788708 -0.66629833 -0.74568403,
          -0.0010120553 -0.61839819 -0.78586435,
          -0.015825124 -0.67136556 -0.74095744,
          -0.017951481 -0.62259889 -0.78233528,
          -0.03093862 -0.65384847 -0.75599271,
          -0.027264696 -0.60211939 -0.79794049,
          -0.029890388 -0.63394535 -0.77280003,
          -0.023160337 -0.56594783 -0.82411563,
          -0.0067257448 -0.59086376 -0.80674338,
          0.023444083 -0.4918417 -0.87036896,
          -0.00033672136 -0.71760094 -0.69645452,
          0.013965892 -0.73032415 -0.68295801,
          0.013012232 -0.78519386 -0.61911333,
          0.032863293 -0.74880511 -0.66197515,
          0.02779888 -0.8125248 -0.58226335,
          0.022679972 -0.74565399 -0.66594738,
          0.0096432343 -0.78863633 -0.61478436,
          -0.014177665 -0.70286703 -0.71118003,
          -0.036765385 -0.75115615 -0.65910006,
          -0.065769769 -0.71027732 -0.70084274,
          -0.14033611 -0.72154731 -0.67799366,
          -0.18462855 -0.66116506 -0.72716784,
          -0.31570217 -0.63098061 -0.70865762,
          -0.3649686 -0.57255387 -0.73415262,
          -0.48521486 -0.53801215 -0.68928194,
          -0.59684235 -0.44146845 -0.66998875,
          -0.68509614 -0.41451314 -0.59901762,
          -0.82846445 -0.27096462 -0.49012747,
          -0.88666189 -0.23649766 -0.39736584,
          -0.97076142 -0.099379241 -0.21850874,
          -0.98297828 -0.082882807 -0.16396394,
          -0.99928921 0.011142932 0.036012683,
          -0.99928814 0.014500768 0.034829229,
          -0.96682245 0.093859561 0.23758098,
          -0.96217 0.11776645 0.24568257,
          -0.89703625 0.17824033 0.40442103,
          -0.8942638 0.19210255 0.40421382,
          -0.7999022 0.24563849 0.54755652,
          -0.83637577 0.2129201 0.50511444,
          0.01232524 -0.83331609 -0.55265939,
          0.0070556859 -0.8324523 -0.55405182,
          -0.013414585 -0.78656316 -0.61736417,
          0.034437329 -0.69508135 -0.71810585,
          0.015959214 -0.68363577 -0.72964895,
          -0.020998992 -0.62562829 -0.77983862,
          -0.10131848 -0.62368184 -0.77508432,
          -0.070837706 -0.57083786 -0.81800133,
          -0.24393147 -0.49978593 -0.83109057,
          -0.26924211 -0.55317861 -0.78835404,
          -0.45965284 -0.43792704 -0.77261847,
          -0.41876438 -0.38690901 -0.82154608,
          -0.64775819 -0.27894029 -0.70894408,
          -0.72472799 -0.28285736 -0.62830019,
          -0.88751948 -0.12549442 -0.4433513,
          -0.89742291 -0.15678422 -0.41237217,
          -0.97864878 -0.057418138 -0.19735676,
          -0.99938023 0.0061164447 0.034666531,
          -0.96717215 0.071410306 0.24388233,
          -0.90842068 0.13689394 0.39500868,
          -0.81127572 0.21353415 0.54427469,
          -0.71549439 0.24558829 0.65402931,
          -0.69954449 0.28123307 0.65692121,
          -0.61680788 0.27441871 0.73772788,
          -0.97714508 -0.034196228 -0.20980488,
          -0.99973238 0.00072726718 0.023122,
          -0.97147566 0.037346039 0.23418005,
          -0.91264778 0.095398583 0.39745826,
          -0.83671248 0.15820676 0.52429271,
          -0.75258911 0.17706649 0.63423741,
          -0.65572518 0.1904377 0.73058748,
          -0.50703126 0.26590523 0.81988639,
          -0.97444302 0.0048828856 0.22458172,
          -0.92309737 0.040324841 0.38244644,
          -0.83938956 0.10605995 0.53308201,
          -0.9320783 -0.013628399 0.36200047,
          -0.85648149 0.032325651 0.51516455,
          -0.75435406 0.10705487 0.64767987,
          -0.87219954 -0.040813439 0.48744467,
          -0.77698952 0.017261498 0.62927681,
          -0.68441343 0.084946573 0.72412878,
          -0.5965513 0.1476336 0.78887945,
          -0.52637053 0.20711973 0.82464266,
          -0.52555549 0.1214895 0.84204018,
          -0.47840434 0.13741082 0.86732203,
          -0.43119398 0.078215651 0.89886266,
          -0.41077852 0.11229364 0.90479338,
          -0.33247957 0.084538691 0.93931395,
          -0.38042775 0.14864476 0.9127866,
          -0.33309489 0.1587224 0.92943805,
          -0.41837865 0.2250074 0.87996078,
          -0.44961992 0.17308246 0.87629008,
          -0.79819304 -0.073004954 0.59796172,
          -0.69055277 -0.0034915186 0.72327363,
          -0.59826332 0.060274448 0.79902941,
          -0.71577728 -0.10931002 0.68972051,
          -0.62249756 -0.03524347 0.78182775,
          -0.54996401 -0.0050146207 0.83517331,
          -0.51775038 0.0243176 0.85518605,
          -0.46474922 -0.024598593 0.88510066,
          -0.48001763 0.044329986 0.87613815,
          -0.4043721 0.027961744 0.91416705,
          -0.65656674 -0.15783496 0.73756921,
          -0.57945061 -0.13057502 0.80447954,
          -0.53869009 -0.0917909 0.83748871,
          -0.51046342 -0.07321243 0.85677713,
          -0.23203263 0.14600256 0.96168822,
          -0.58584112 -0.39251944 0.70902658,
          -0.56709075 -0.30516064 0.76503927,
          -0.59141314 -0.21143752 0.77815461,
          -0.99969506 0.0037840356 0.024405459,
          -0.99985313 -0.00063732383 0.017125949,
          -0.98700279 0.011955337 0.16025776,
          -0.99673694 0.0069495682 0.080418654,
          -0.9749319 0.010793344 0.22224145,
          -0.98262393 0.029776199 0.18320392,
          -0.95391506 0.02218144 0.29925591,
          -0.92994994 0.016978713 0.36729386,
          -0.94537449 0.051522575 0.32188901,
          -0.89274526 0.036085799 0.44911432,
          -0.86674505 0.022159366 0.49825892,
          -0.89121759 0.073708422 0.44754699,
          -0.80590177 0.088214666 0.5854404,
          -0.81825072 0.036466975 0.57370377,
          -0.72582299 0.051434059 0.685956,
          -0.7836132 0.024105825 0.62078112,
          -0.68013185 0.028276168 0.73254436,
          -0.85277426 -0.22186324 -0.47281364,
          -0.94524902 -0.12175105 -0.30278862,
          -0.93091035 -0.17078859 -0.32285798,
          -0.98738086 -0.061157297 -0.14607808,
          -0.98712903 -0.072760113 -0.14241563,
          -0.99947983 0.012790379 0.029604474,
          -0.9993 0.016751049 0.033449613,
          -0.97061056 0.096951216 0.22026266,
          -0.96114779 0.12369084 0.24677019,
          -0.91356671 0.15903662 0.37430382,
          -0.99923098 0.017260978 0.035207052,
          -0.97551334 -0.1115398 -0.18955888,
          -0.97280562 -0.11922731 -0.19858018,
          -0.88188708 -0.2583473 -0.39437521,
          -0.71022671 -0.41149479 -0.57118315,
          -0.51631069 -0.53751993 -0.66670513,
          -0.88405824 -0.25097704 -0.39427364,
          -0.8200776 -0.28894013 -0.49394971,
          -0.75173962 -0.37178981 -0.54466504,
          -0.71783751 -0.36121807 -0.595173,
          -0.58757055 -0.48560762 -0.64726055,
          -0.43811315 -0.56571895 -0.6985836,
          -0.33074969 -0.61066508 -0.71950883,
          -0.23036775 -0.65629435 -0.71847647,
          -0.14729327 -0.72290385 -0.67506647,
          -0.082336619 -0.75387841 -0.65183437,
          -0.047450792 -0.77874112 -0.62554836,
          -0.025901319 -0.79921699 -0.60048425,
          0.0034930652 -0.81882817 -0.57402813,
          -0.040460426 -0.77472806 -0.63099867,
          -0.25782377 -0.67240751 -0.69382644,
          -0.36747563 -0.61995339 -0.69326735,
          0.27668682 -0.2004213 -0.93982756,
          0.096889868 -0.38079926 -0.91956741,
          0.084173173 -0.3446402 -0.93495357,
          0.002446752 -0.41672319 -0.90903014,
          0.0022987016 -0.44879314 -0.89363271,
          -0.022566125 -0.50823694 -0.86092162,
          -0.038342088 -0.48903379 -0.87142169,
          -0.032384526 -0.55335927 -0.83231288,
          -0.036514334 -0.53332943 -0.84511918,
          -0.020412499 -0.54636896 -0.83729583,
          0.00042612868 -0.51861459 -0.85500813,
          0.0017625389 -0.54543716 -0.83814985,
          0.019953484 -0.517905 -0.85520536,
          0.018659167 -0.54580426 -0.83770496,
          0.038747251 -0.51045334 -0.85903209,
          0.039438263 -0.54924321 -0.83473146,
          0.022918779 -0.47112986 -0.88176614,
          0.03202923 -0.52645391 -0.8496002,
          -0.033977509 -0.44616222 -0.89430696,
          -0.11527857 -0.348351 -0.93024856,
          -0.29422235 -0.25178567 -0.92197466,
          -0.18717475 -0.26006573 -0.94727588,
          -0.39699635 -0.12102177 -0.90980643,
          -0.14944281 -0.25688887 -0.95481676,
          -0.34758785 -0.10259525 -0.93201762,
          -0.13087785 -0.22882701 -0.96462911,
          -0.32358861 -0.073510811 -0.94333798,
          -0.11961882 -0.18504737 -0.97542244,
          -0.25294253 -0.062334772 -0.96547115,
          -0.096694142 -0.11363366 -0.98880625,
          -0.34994975 0.083777003 -0.93301481,
          -0.20225608 0.062252507 -0.97735214,
          -0.50437587 0.23256031 -0.83157718,
          0.034624893 -0.23971389 -0.97022599,
          -0.0014382617 -0.26144871 -0.96521634,
          0.041961554 -0.35531235 -0.93380541,
          0.0058493251 -0.32946166 -0.94415092,
          0.036513388 -0.41501203 -0.90908289,
          -0.0087974733 -0.35594407 -0.93446594,
          0.02903329 -0.44261819 -0.89624,
          -0.038813725 -0.37353781 -0.92680258,
          0.042109441 -0.48195666 -0.87518263,
          0.046068393 -0.45383427 -0.88989449,
          0.048630703 -0.39919943 -0.9155736,
          0.062217571 -0.31868845 -0.94581538,
          0.021344082 -0.48934087 -0.87183136,
          -0.6138404 -0.081195049 -0.78524357,
          -0.67779738 0.020469682 -0.73496377,
          -0.83959049 0.042858899 -0.54152656,
          -0.84296477 0.089326859 -0.53050083,
          -0.93817097 0.06953799 -0.33911628,
          -0.95859647 0.099817567 -0.2667006,
          -0.98883444 0.044605915 -0.14218573,
          -0.99428993 0.052561659 -0.092869729,
          -0.99973541 -0.015105866 0.017348008,
          -0.99974179 -0.016748566 0.015356365,
          -0.98758054 -0.10522 0.11667641,
          -0.98790407 -0.11632758 0.10253494,
          -0.96286625 -0.19617529 0.18548268,
          -0.9633435 -0.21540597 0.15990503,
          -0.92252225 -0.29642525 0.24715357,
          -0.91898108 -0.33542401 0.20727904,
          -0.86584401 -0.39964017 0.30100143,
          -0.85458356 -0.45506707 0.25020167,
          -0.79449445 -0.49987411 0.34482542,
          -0.78590906 -0.547553 0.28728497,
          -0.68356228 -0.61663175 0.39052266,
          -0.68778116 -0.6613521 0.29928333,
          -0.55970508 -0.75406957 0.34367043,
          -0.56151319 -0.79120761 0.24226765,
          -0.41986316 -0.86615354 0.27109605,
          -0.40858248 -0.89571619 0.17536522,
          -0.28700057 -0.92607039 0.24499884,
          -0.26512504 -0.9588539 0.10152859,
          -0.19665502 -0.97071588 0.13797674,
          -0.18755603 -0.98202527 0.021196475,
          -0.093621373 -0.99394679 0.057487726,
          -0.058086976 -0.99830508 -0.0035998998,
          -0.024036279 -0.99954349 0.018305533,
          0.098731853 -0.9951123 -0.001901251,
          0.06155413 -0.99644035 0.057599768,
          0.13192146 -0.99107265 0.019281149,
          0.096785009 -0.98421156 0.14819008,
          0.22080468 -0.97346675 0.060065452,
          0.24744019 -0.95575666 0.15906793,
          0.28878635 -0.95712227 0.022794228,
          0.37052277 -0.92539102 0.079776749,
          0.40587407 -0.91367048 0.021740908,
          0.43420699 -0.89258307 0.12149001,
          0.52839696 -0.84789002 0.043350659,
          0.56411964 -0.8202973 0.094240658,
          0.65203762 -0.75607848 0.056500353,
          0.6853025 -0.71432996 0.14175086,
          0.75860083 -0.64786774 0.069226764,
          0.78024977 -0.6064865 0.15291962,
          0.84843338 -0.52352315 0.078001916,
          0.86135548 -0.48837936 0.13982956,
          0.91707283 -0.38971484 0.084260061,
          0.93077147 -0.34406579 0.12362544,
          0.96405673 -0.24758346 0.09642113,
          0.96846557 -0.20127705 0.14684059,
          0.98193955 -0.16438875 0.093654558,
          0.98240262 -0.13828093 0.12555286,
          0.99771363 -0.056026395 0.037798375,
          0.99770314 -0.046516187 0.049241178,
          0.99823254 -0.042014338 0.042030662,
          0.99812031 -0.033122815 0.05156444,
          0.99820238 -0.050403357 0.032426033,
          0.99748987 -0.064279668 0.029702628,
          0.99796188 -0.056968939 0.028753603,
          0.99693054 -0.072343811 0.02993302,
          0.99768138 -0.061469726 0.029212864,
          0.99713463 -0.074383214 0.01377081,
          0.9975844 -0.063695349 0.027717313,
          0.99771738 -0.064865217 0.018778455,
          0.99760795 -0.068666726 0.0079551823,
          0.99704736 -0.076509476 -0.0065579764,
          0.98801357 -0.15350276 0.016315335,
          0.97531378 -0.21609414 0.045456842,
          0.96108121 -0.27342534 0.039515831,
          0.95376229 -0.29564416 0.054148164,
          0.89708877 -0.43965641 0.043977495,
          0.90509844 -0.42024562 0.064733863,
          0.82933038 -0.5560894 0.054550216,
          0.89424342 -0.44195074 0.070768587,
          0.82920045 -0.55531615 0.063643858,
          0.95021522 -0.30393222 0.068676099,
          0.96389884 -0.2553229 0.075559855,
          0.97611845 -0.20770611 0.063646816,
          0.98000789 -0.18676218 0.068588801,
          0.8260234 -0.56210387 0.04152732,
          0.73107922 -0.68136686 0.035531737,
          0.26515895 -0.92865103 0.25941867,
          0.093384549 -0.96561027 0.24264412,
          0.096391521 -0.92008907 0.37966412,
          -0.030621009 -0.96049714 0.27660006,
          -0.046964146 -0.92351305 0.38068116,
          -0.16837232 -0.9335655 0.31639591,
          -0.17154561 -0.88442153 0.43401685,
          -0.29826432 -0.8853606 0.3566162,
          -0.31622723 -0.81892061 0.47892523,
          -0.41125971 -0.83400851 0.36782503,
          -0.43515238 -0.76642793 0.47247291,
          -0.57400709 -0.68509841 0.44850433,
          -0.65671527 -0.58480597 0.4761588,
          -0.73260486 -0.50508827 0.45626321,
          -0.7829861 -0.44707265 0.43250284,
          -0.82758564 -0.35873842 0.43175071,
          -0.87819767 -0.32865956 0.34749353,
          -0.92211831 -0.25187445 0.29369563,
          -0.95897532 -0.17065783 0.22636749,
          -0.98558527 -0.091459736 0.14232655,
          -0.99970371 -0.012969202 0.020599864,
          -0.028323496 -0.98792952 0.15229303,
          -0.14883253 -0.96780789 0.20296983,
          -0.020590372 -0.58193898 -0.81297177,
          -0.00025243938 -0.58137077 -0.81363869,
          0.016918305 -0.58526957 -0.81066233,
          0.99834299 0.043908972 -0.037193719,
          0.99891114 0.029318348 -0.036291968,
          0.99880594 0.02269171 -0.043264035,
          0.99699831 0.025848966 -0.072980531,
          0.99861586 0.015079384 -0.050387718,
          0.9964025 0.013807577 -0.083615638,
          0.99823725 0.0056927358 -0.059075639,
          0.99509591 -0.003168474 -0.098864093,
          0.99752545 -0.0072546196 -0.06993065,
          0.99452102 -0.013498559 -0.10366223,
          0.96989971 -0.057994679 -0.23649779,
          0.97246695 -0.041853208 -0.22925158,
          0.93077344 -0.092034787 -0.35382247,
          0.93894005 -0.052441135 -0.34006113,
          0.86148196 -0.13175802 -0.49039647,
          0.87462175 -0.063151225 -0.48067528,
          0.71233785 -0.22770202 -0.66387254,
          0.9212085 0.028998155 -0.38798705,
          0.96405965 0.050718158 -0.2608003,
          0.98735631 0.054759581 -0.14875773,
          0.98646623 0.045857698 -0.15742126,
          0.98518574 0.032130986 -0.16845396,
          0.95591336 0.0085819131 -0.29352352,
          0.98105192 0.0018949982 -0.19373572,
          0.98340446 0.018822711 -0.18044782,
          0.97792953 -0.014983297 -0.20839712,
          0.56898123 -0.39077747 -0.72356993,
          0.36760724 -0.50913405 -0.77823365,
          0.17073472 -0.64707953 -0.74305981,
          0.0962262 -0.71354699 -0.69396776,
          0.41572604 -0.54710448 -0.72653198,
          0.45409888 -0.57011437 -0.6846633,
          0.51576298 -0.54124618 -0.66410929,
          0.33593103 -0.63229287 -0.69810897,
          0.21450338 -0.68225324 -0.69894123,
          -0.63876152 -0.51783651 0.56905991,
          -0.57778317 -0.62716949 0.52232665,
          -0.47929311 -0.68410254 0.54980165,
          -0.49806017 -0.61617947 0.61013037,
          -0.40486079 -0.71704161 0.56739676,
          -0.37959257 -0.63289803 0.67479604,
          -0.34372526 -0.67591846 0.65191054,
          -0.26747593 -0.62691605 0.73173285,
          -0.31932268 -0.74303955 0.5881542,
          -0.23078763 -0.72146577 0.65285861,
          -0.27205437 -0.77567202 0.56949043,
          -0.16907755 -0.81560737 0.5533511,
          -0.36965472 -0.54259557 0.7542848,
          -0.37428546 -0.41581059 0.82886183,
          -0.33149967 -0.27578792 0.90224671,
          -0.24941884 -0.17977501 0.95156258,
          -0.27834666 -0.13191831 0.95137841,
          -0.1651527 -0.098647051 0.98132229,
          -0.21806815 -0.077704847 0.97283518,
          -0.16041556 -0.032922912 0.98650032,
          -0.23571365 -0.027507035 0.97143316,
          -0.30486116 -0.089271486 0.9482038,
          -0.33149689 -0.51527059 0.79032016,
          -0.29254383 -0.48745725 0.82268077,
          -0.28011417 -0.37999308 0.88155615,
          -0.21504487 -0.44526768 0.86919063,
          -0.18036388 -0.2931557 0.93889761,
          -0.15330717 -0.35435131 0.92245978,
          -0.068141215 -0.24242876 0.96777332,
          -0.12711915 -0.40903613 0.90362066,
          -0.024035553 -0.30355048 0.95251215,
          -0.055621941 -0.47619292 0.87757987,
          0.0086086271 -0.36044461 0.93274099,
          0.044743299 -0.40314391 0.91404217,
          0.081375875 -0.24180759 0.96690595,
          0.1277049 -0.29902726 0.94566077,
          0.18585266 -0.18589143 0.96483332,
          0.2283096 -0.23116541 0.94574702,
          0.28698078 -0.13184594 0.9488197,
          0.32615963 -0.17227066 0.9294852,
          0.37741297 -0.089344159 0.92172503,
          0.40582347 -0.12444391 0.90543967,
          0.45698735 -0.018235521 0.88928634,
          0.45392606 -0.13881938 0.88015932,
          0.54250807 -0.099810913 0.83410007,
          0.49135694 -0.20330873 0.84689659,
          0.55160731 -0.22499268 0.80318606,
          0.4983601 -0.33920434 0.79785812,
          0.59011406 -0.38843611 0.70773083,
          0.49091107 -0.46662679 0.73570776,
          0.58838642 -0.45668846 0.66726089,
          0.53432977 -0.56108755 0.63219666,
          0.60306823 -0.53614843 0.59063828,
          0.56918585 -0.63933492 0.51698977,
          0.63621712 -0.55868441 0.53207099,
          0.6084711 -0.65235215 0.45188457,
          0.67213708 -0.54919511 0.49660501,
          0.64530611 -0.63249469 0.42840463,
          0.71934372 -0.5142957 0.4669525,
          0.66515535 -0.6637764 0.34200776,
          0.72572017 -0.55997092 0.3997035,
          0.70874429 -0.65583885 0.25991723,
          0.75384986 -0.54712707 0.36381629,
          0.7836293 -0.52790803 0.32747242,
          0.78354758 -0.44099286 0.43769675,
          0.83319521 -0.44980744 0.32165045,
          0.86968666 -0.33487776 0.36263204,
          0.86381239 -0.44142655 0.24283892,
          0.90170532 -0.34366193 0.26234356,
          0.90015221 -0.39340058 0.18698126,
          0.93951124 -0.28116712 0.19561099,
          0.80513787 -0.54453611 0.23501797,
          0.58875448 -0.77125466 0.24193914,
          0.55673367 -0.76357377 0.32711279,
          0.42158496 -0.86514395 0.27164704,
          0.43050128 -0.82740194 0.36065856,
          0.29293936 -0.8848328 0.36229482,
          0.37074509 -0.79631895 0.47793749,
          0.21796426 -0.84391677 0.49020004,
          0.30824736 -0.75740635 0.57560343,
          0.21272905 -0.76961762 0.60202587,
          0.31570837 -0.65192497 0.68943614,
          0.23983464 -0.62292391 0.74461085,
          0.31154022 -0.55965841 0.76793575,
          0.21104926 -0.5002684 0.83975571,
          0.27666378 -0.43531385 0.85671413,
          0.20277789 -0.39118212 0.89769572,
          0.2797111 -0.28299722 0.91742814,
          0.1025293 -0.84743959 0.52089721,
          -0.024289332 -0.86445594 0.50212151,
          0.038166866 -0.78975403 0.61223519,
          -0.07670112 -0.78413624 0.61583066,
          0.010576754 -0.72632825 0.68726665,
          -0.031702638 -0.69311213 0.72013241,
          0.069426842 -0.64302194 0.76269442,
          -0.029184628 -0.60345405 0.79686356,
          0.010185593 -0.55421948 0.83230835,
          0.046139859 -0.51377928 0.85668081,
          0.11479996 -0.45531511 0.88289815,
          0.16245334 -0.35337844 0.92126691,
          0.14258559 -0.58716625 0.79680932,
          0.17589459 -0.54375154 0.82060677,
          0.1432696 -0.68488681 0.71442562,
          0.18280081 -0.71228814 0.67766482,
          0.125696 -0.78640455 0.60478783,
          -0.16970532 -0.71442598 0.6788193,
          -0.12187317 -0.6856665 0.71764088,
          -0.21221037 -0.58153385 0.78535676,
          -0.16466774 -0.53839004 0.82645071,
          -0.089039989 -0.60359049 0.79230708,
          -0.10091343 -0.51893914 0.8488338,
          0.54808593 -0.73061508 0.4071897,
          0.50993168 -0.73829567 0.44146264,
          0.48048416 -0.73146975 0.4838255,
          0.042599894 -0.19313854 0.98024631,
          0.0063126758 -0.14631841 0.98921746,
          -0.10565481 -0.19155058 0.97577947,
          -0.024374021 -0.10397477 0.99428123,
          -0.13702285 -0.14271033 0.98023397,
          -0.084748171 -0.069020905 0.99400902,
          -0.21824051 -0.23148374 0.94804353,
          -0.30966157 -0.33426553 0.89015526,
          -0.1294841 -0.0041783042 0.99157268,
          -0.094905056 0.024043087 0.99519598,
          -0.095004246 0.093151003 0.99110907,
          -0.02908456 0.16699798 0.98552823,
          0.074223414 0.21243757 0.9743517,
          0.061013427 0.29176736 0.95454133,
          0.17710313 0.27710453 0.94437683,
          0.18104863 0.34667432 0.92034692,
          0.28462347 0.28995633 0.91373676,
          0.28242061 0.34179303 0.89633483,
          0.40269265 0.28400183 0.87016189,
          0.38653588 0.33537465 0.85913563,
          0.51178676 0.27787232 0.8129338,
          0.49617642 0.32337368 0.80575329,
          0.63644773 0.26723728 0.72354591,
          0.60009813 0.30636299 0.7389344,
          0.7191689 0.27588841 0.63771611,
          0.63800591 0.27222994 0.72030509,
          0.75687933 0.23147395 0.61119026,
          0.67490613 0.21107368 0.70707124,
          0.78607243 0.17590295 0.5925777,
          0.69911426 0.15209638 0.69864583,
          0.80603045 0.12391023 0.5787583,
          0.7165069 0.099827483 0.69040018,
          0.81817031 0.078461476 0.56959736,
          0.73113418 0.047065075 0.68060845,
          0.82012779 0.036617875 0.57100749,
          0.76651812 0.026569994 0.64167279,
          0.85045254 0.021891152 0.52559608,
          0.66418678 0.027679699 0.7470541,
          0.61334389 0.057734102 0.78770304,
          0.61705941 0.116792 0.7782014,
          0.5878951 0.16812688 0.79127294,
          0.55130345 0.23637392 0.80012,
          0.53328568 0.2995294 0.79113114,
          0.54470402 0.031121939 0.83805072,
          0.49181432 0.051872097 0.86915356,
          0.4948355 0.11589253 0.86122394,
          0.36433047 0.060883936 0.92927736,
          0.34731162 0.12647237 0.92918217,
          0.21809964 0.06832023 0.97353226,
          0.22948496 0.13771643 0.96352011,
          0.098034866 0.1331242 0.9862389,
          0.18551657 0.19475129 0.96314883,
          0.050857019 0.19720791 0.97904176,
          0.067904919 0.26472622 0.96192986,
          -0.070283748 0.26045492 0.96292442,
          -0.046098534 0.33298624 0.94180417,
          -0.16668002 0.32479981 0.93097955,
          -0.14704049 0.34762764 0.92603147,
          -0.26187626 0.34603128 0.90093464,
          -0.05396438 0.30587131 0.95054233,
          -0.052210853 0.3506566 0.93504763,
          0.054398194 0.35258478 0.93419749,
          0.075344428 0.32104996 0.94406044,
          0.19578212 0.26120791 0.94521952,
          0.3133283 0.18993786 0.9304564,
          0.18166561 0.32429641 0.92834777,
          0.29741195 0.32391399 0.8981235,
          0.31526816 0.25653085 0.9136728,
          0.43009198 0.25198445 0.86690533,
          0.45732987 0.18541694 0.86975288,
          0.43237773 0.30730852 0.84770924,
          0.41947329 0.033849802 0.90713644,
          0.27678826 0.034108624 0.96032548,
          0.13211271 0.036201693 0.99057347,
          0.06070029 0.064787596 0.99605125,
          -0.057357512 0.12833728 0.99007058,
          -0.079643562 0.19039522 0.97847152,
          -0.19177139 0.20564744 0.95965248,
          -0.19370583 0.26780885 0.94379902,
          -0.32567433 0.25099978 0.9115566,
          -0.28952688 0.31956041 0.90225017,
          -0.41555282 0.2980713 0.8593424,
          -0.012757353 0.035317063 0.99929476,
          -0.075185269 0.057804402 0.99549282,
          -0.21175684 0.068607517 0.97491127,
          -0.20022108 0.14262006 0.96931469,
          -0.34626508 0.12758785 0.92942023,
          -0.32201761 0.18332154 0.92881536,
          -0.45543554 0.17705731 0.87248456,
          -0.45519352 0.23884107 0.85776103,
          -0.54978508 0.24278364 0.79924494,
          -0.16372781 0.033795822 0.98592651,
          -0.30281153 0.033888415 0.95244777,
          -0.37012815 0.061450638 0.92694604,
          -0.48082599 0.11073469 0.86979556,
          -0.60649961 0.1169547 0.78643483,
          -0.57818794 0.17929471 0.79595995,
          -0.70378274 0.14373572 0.6957227,
          -0.68029469 0.20182016 0.70460469,
          -0.78194988 0.141664 0.60703021,
          -0.71652538 0.1008406 0.69023377,
          -0.60375357 0.054397348 0.79531294,
          -0.56854123 0.029642485 0.82212055,
          -0.49251631 0.051477555 0.86877954,
          -0.43905663 0.030700339 0.89793468,
          0.88732618 0.03402115 0.45988572,
          0.88924736 0.071893439 0.45174158,
          0.88030964 0.10995732 0.46148068,
          0.86242431 0.15657097 0.48136246,
          0.83776629 0.20825575 0.50475472,
          0.8227995 0.24005529 0.515145,
          0.71558309 0.2592766 0.64862663,
          0.78316015 0.23223647 0.57682443,
          0.72909772 0.19805975 0.65512508,
          0.80287576 0.20103416 0.56122708,
          0.84596455 0.15992162 0.50869346,
          0.85472095 0.20206094 0.47814587,
          0.91382056 0.13999993 0.38122427,
          0.91206563 0.17376645 0.3714048,
          0.94521934 0.14066768 0.29457253,
          0.92442286 0.15360115 0.34906873,
          0.95718151 0.12003893 0.26342806,
          0.96484238 0.089836538 0.24699916,
          0.99462682 0.04204601 0.094603039,
          0.99609584 0.029159812 0.083323784,
          0.9966104 0.029648189 0.076738559,
          0.99723732 0.020336036 0.071444325,
          0.99547803 0.041909732 0.085247271,
          0.9925099 0.055296823 0.10893282,
          0.99436617 0.048900176 0.094046421,
          0.99277687 0.04955361 0.10926355,
          0.99413574 0.044218436 0.098685734,
          0.99395168 0.035031959 0.10408135,
          0.99474335 0.031138716 0.097550914,
          0.9937396 0.021511173 0.10963033,
          0.99541146 0.017686291 0.094038308,
          0.99516469 0.0061876057 0.098025739,
          0.99624568 0.003961802 0.086480327,
          0.99637723 -0.012505569 0.08411935,
          0.99732238 -0.011881977 0.07215967,
          0.99736685 -0.02422969 0.068354033,
          0.99786127 -0.023553671 0.060977284,
          0.99750555 -0.03619111 0.06060468,
          0.94667959 0.11801741 0.29978254,
          0.92130268 0.088528179 0.37863451,
          0.86229092 0.10497048 0.4954145,
          0.87676889 0.036376614 0.4795343,
          0.81738931 0.063119754 0.57261735,
          0.76886153 0.023211474 0.63899386,
          0.74555278 0.11431234 0.65656972,
          0.6652419 0.10189833 0.73964185,
          0.64943802 0.18403763 0.73780787,
          0.55103695 0.18928896 0.8127287,
          0.79689193 0.14517534 0.58641911,
          0.95367146 0.075277872 0.29127997,
          0.93021631 0.036217581 0.36522031,
          0.95700741 0.035482403 0.28788537,
          0.94180143 -0.013996335 0.33587822,
          0.96559936 -0.0050009261 0.25998628,
          0.95980293 -0.066097505 0.2727809,
          0.97376913 -0.041328695 0.22375338,
          0.97894913 -0.077056326 0.18899982,
          0.9807564 -0.11817911 0.15540487,
          0.962713 -0.18146917 0.20063062,
          0.93007082 -0.23929979 0.27875429,
          0.88798547 -0.047932781 0.45736665,
          0.91208488 -0.11920478 0.39228988,
          0.95940518 -0.1346333 0.2478217,
          0.93600041 0.1131837 0.33330566,
          0.9459337 0.078170113 0.31479999,
          0.94535965 0.055066444 0.32134551,
          0.95146787 0.025008112 0.30673039,
          0.92030221 0.018698441 0.39076102,
          0.96619105 0.012155056 0.25754061,
          0.97686458 0.01387521 0.21340817,
          0.99118602 0.008073993 0.13223113,
          0.99693274 0.0062399232 0.078014918,
          0.99782467 0.0029689872 0.065857887,
          0.99777305 0.0067279842 0.066361479,
          0.96885246 0.064250499 0.23915853,
          0.97354358 0.037738711 0.22536358,
          0.99705154 0.012284984 0.075744689,
          0.99610019 0.021627441 0.08553803,
          0.99758071 0.013186303 0.068255767,
          0.91026503 -0.21732324 0.35240364,
          0.85487074 -0.17419864 0.4887237,
          0.79698044 -0.084825635 0.59801918,
          0.83405983 -0.012714505 0.55152744,
          0.85785043 -0.27587548 0.43357283,
          0.7851584 -0.35676128 0.50620919,
          0.78614384 -0.24105483 0.56909621,
          0.68658531 -0.32899097 0.64835614,
          0.73571336 -0.23324268 0.63586462,
          0.67585212 -0.19868714 0.70975167,
          0.70874512 -0.093332514 0.69926357,
          0.62827492 -0.13305978 0.76652831,
          0.58874643 -0.023059184 0.80798876,
          0.58740163 -0.26139754 0.76591814,
          0.62934166 -0.28481117 0.72305721,
          0.69435441 -0.42730552 0.57903534,
          0.69124365 -0.0010444954 0.72262108,
          0.59013218 0.071399339 0.80414307,
          0.47561768 0.04378777 0.87856162,
          0.53529078 0.1208012 0.83598506,
          0.4814201 0.13724011 0.86567879,
          0.4527404 0.1738558 0.87452865,
          0.40217128 0.22304325 0.88798088,
          0.36643362 0.14055812 0.91976625,
          0.35167882 0.17928445 0.91879219,
          0.28975448 0.15570903 0.94435012,
          0.28251374 0.23135631 0.93094593,
          0.18754159 0.21929049 0.95746535,
          0.35739881 0.048869349 0.93267244,
          0.3650105 -0.032825213 0.93042463,
          0.30970535 -0.031982817 0.95029461,
          0.25274631 -0.093665764 0.96298808,
          0.20303303 -0.056652788 0.97753167,
          0.14802194 -0.14234979 0.97868592,
          0.11374824 -0.10184007 0.9882763,
          0.052663576 -0.074996069 0.99579221,
          0.11135262 -0.045490809 0.9927392,
          0.0063166632 -0.0062272213 0.99996072,
          0.035404272 0.035191201 0.99875337,
          -0.036620021 0.064286925 0.99725938,
          0.035365034 0.1052304 0.99381888,
          -0.005129192 0.12608033 0.99200684,
          0.1233846 0.0030339502 0.99235433,
          0.083828904 0.055024024 0.99495989,
          0.1017075 0.10603593 0.98914713,
          0.14171807 0.12739535 0.98167533,
          0.16185029 0.16809268 0.97239369,
          0.23183893 0.096177422 0.9679879,
          0.24016778 0.14572951 0.95973033,
          -0.018588336 -0.049248789 0.99861354,
          0.41654736 0.11344808 0.90200764,
          0.2400239 0.029348664 0.97032326,
          0.27183387 0.0020592581 0.96234196,
          0.16693431 0.026137758 0.98562151,
          0.18310802 0.076180667 0.98013669,
          0.42521465 -0.72527981 0.54144418,
          0.47599566 -0.6571663 0.58443183,
          0.38761002 -0.70434576 0.59468955,
          0.42675507 -0.56487828 0.70625252,
          0.3541159 -0.67260069 0.64977711,
          0.34141645 -0.51308882 0.78751171,
          0.37039691 -0.45820779 0.80799246,
          0.35737601 -0.36740345 0.8586601,
          0.43074241 -0.41880918 0.79941219,
          0.42212623 -0.25965226 0.86855632,
          0.46071687 -0.30174199 0.83468068,
          0.37040114 -0.21276093 0.90417695,
          0.31793255 -0.3331373 0.88765901,
          0.50673246 -0.61199164 0.60719723,
          0.72618186 -0.68606228 0.044480562,
          0.62636179 -0.77884012 0.032847505,
          0.60144705 -0.79857826 0.023113914,
          0.50185633 -0.86471319 0.020283928,
          0.49858585 -0.86667711 0.016825488,
          0.36006397 -0.93288034 0.0093996953,
          0.36476344 -0.93101859 0.012335339,
          0.22599307 -0.97412199 0.0036831608,
          0.22402015 -0.97458178 0.0023201203,
          0.10248634 -0.99473435 0.00040896845,
          0.069822408 -0.99755943 0.00013496379,
          -0.044457402 -0.99901098 -0.00076542969,
          -0.094878733 -0.9954887 0.00064827531,
          -0.20930777 -0.97784692 0.002384813,
          -0.21109031 -0.97746176 0.0030793191,
          -0.36144313 -0.93232369 0.011463167,
          -0.35702893 -0.93406337 0.0074854274,
          -0.46966961 -0.88275135 0.012670338,
          -0.51918471 -0.85427922 0.025580497,
          -0.61578888 -0.78752083 0.024797784,
          -0.61967272 -0.78414184 0.0335759,
          -0.72538316 -0.68714094 0.040702369,
          -0.72848016 -0.68425256 0.033394489,
          -0.81818742 -0.57358009 0.039690804,
          -0.81398922 -0.57835597 0.054093171,
          -0.89013165 -0.45244381 0.054407928,
          -0.89237738 -0.44920042 0.043378133,
          -0.94131517 -0.33532771 0.038484111,
          -0.95055658 -0.30584961 0.053834625,
          -0.98372775 -0.17759088 0.02722379,
          -0.98160398 -0.18562788 0.044675391,
          -0.99923247 -0.038349353 0.0079901023,
          -0.99999917 0.00042812628 -0.0012688515,
          -0.99219704 0.11163737 -0.055516668,
          -0.98795378 0.14850847 -0.043505482,
          -0.95406199 0.26292226 -0.14365801,
          -0.95915556 0.2689423 -0.087696448,
          -0.86265957 0.37967655 -0.33416188,
          -0.79176497 0.28956389 -0.53782982,
          -0.60391182 0.21606363 -0.76720726,
          -0.84869981 0.2384806 -0.47205469,
          -0.6119349 0.12726565 -0.78060186,
          -0.86680377 0.19981948 -0.45686251,
          -0.84473532 0.1523516 -0.51304114,
          -0.95558238 0.13792388 -0.26045978,
          -0.94501388 0.12369528 -0.30273452,
          -0.99116051 0.067757152 -0.11406066,
          -0.99973917 -0.018501272 0.013389359,
          -0.98773998 -0.12812299 0.089186646,
          -0.96267879 -0.23485018 0.13451757,
          -0.92015326 -0.35642266 0.16211405,
          -0.86231697 -0.46829948 0.19262677,
          -0.86623812 -0.48365521 0.12533665,
          -0.77426577 -0.6177752 0.13735536,
          -0.81089401 -0.57932949 0.082633898,
          -0.73874903 -0.67148399 0.057958972,
          -0.84504765 -0.53018367 0.069281057,
          -0.76023704 -0.64665186 0.062297873,
          -0.84274077 -0.53308088 0.074918829,
          -0.64125794 -0.76600742 0.044955812,
          -0.63926542 -0.76789606 0.040932529,
          -0.68666154 -0.71860665 0.11000202,
          -0.61848396 -0.7846818 0.041859549,
          -0.56117398 -0.82385582 0.079658695,
          -0.50512564 -0.86284554 0.018594626,
          -0.48769054 -0.87230295 0.03529349,
          -0.36561832 -0.93073666 0.0072490126,
          -0.43004638 -0.8998245 0.073320672,
          -0.35690913 -0.93164867 0.06816598,
          -0.51544607 -0.85645193 0.028382948,
          -0.38994706 -0.92068708 0.016630121,
          -0.23154585 -0.97280151 0.0066130697,
          -0.21021757 -0.97763938 0.0054771565,
          -0.081581548 -0.99666625 0.00097524404,
          0.063210584 -0.99800026 3.2402542e-005,
          0.21681941 -0.97620285 0.0041615097,
          0.25379381 -0.96725279 0.0032770671,
          0.35521087 -0.93471545 0.011502017,
          0.49992681 -0.86574018 0.023815647,
          0.63032514 -0.7753337 0.039343949,
          0.73931158 -0.67117476 0.054248236,
          -0.27656773 -0.96078777 0.019931899,
          -0.67984849 -0.70036775 0.2174653,
          -0.78992862 -0.57052904 0.2247428,
          -0.55858374 -0.81366032 0.16106284,
          -0.91435421 -0.39255428 0.099284708,
          -0.90172541 -0.42520374 0.078057885,
          -0.95513046 -0.2866115 0.074698225,
          -0.90997213 -0.40683433 0.080227964,
          -0.95919943 -0.27263945 0.07486131,
          -0.96028668 -0.2621145 0.095632605,
          -0.98420268 -0.16321692 0.068594858,
          -0.98621339 -0.1556302 0.05623465,
          -0.99932957 -0.03308256 0.015687315,
          -0.99971807 -0.02250991 0.0075593479,
          -0.99512404 0.074686974 -0.064421065,
          -0.992028 0.095332429 -0.082415424,
          -0.95856291 0.16705833 -0.23075669,
          -0.95581138 0.19670779 -0.21847357,
          -0.93822789 0.22647046 -0.26160946,
          -0.98953867 0.11243687 -0.09039434,
          -0.9999764 -0.0067849536 0.0011023899,
          -0.98828077 -0.142823 0.053877383,
          -0.9927479 0.074129298 -0.094638683,
          -0.63779861 0.066582851 -0.76731986,
          -0.84470081 0.12179313 -0.52119756,
          -0.64653963 0.032666232 -0.76218069,
          -0.28113154 0.15651764 0.94681954,
          -0.48866805 -0.31540671 -0.81346315,
          -0.3500776 -0.3440116 -0.87126452,
          -0.28211516 -0.47239012 -0.83502018,
          -0.22201729 -0.38819939 -0.8944326,
          -0.16612054 -0.51537138 -0.84071183,
          0.50239182 -0.11782204 -0.85657483,
          0.60346705 -0.086372912 -0.7926963,
          0.72458267 -0.078944124 -0.68465161,
          0.64027065 -0.045384418 -0.7668075,
          0.72921419 -0.039283946 -0.68315709,
          0.82695258 -0.030659907 -0.56143516,
          0.82272303 -0.061813779 -0.56507152,
          0.8136819 -0.11659978 -0.56949645,
          0.89532095 -0.046146464 -0.44302478,
          0.88406998 -0.10579949 -0.45522165,
          0.94548965 -0.06027364 -0.32002571,
          0.93808073 -0.097807422 -0.3323226,
          0.96830916 -0.05999792 -0.24244128,
          0.98505384 -0.047398735 -0.16559666,
          0.98658556 -0.038147803 -0.15872537,
          0.99674588 -0.018350547 -0.07849206,
          0.98719466 -0.028846256 -0.15689036,
          0.99801648 -0.011861034 -0.06182643,
          0.99705899 -0.010283498 -0.075944968,
          0.99764544 -0.0017300564 -0.068560652,
          0.990161 -0.0024917943 -0.13991109,
          0.98832953 -0.0071049519 -0.15216523,
          0.95423782 -0.025390122 -0.29796892,
          0.95284474 -0.014574097 -0.30310813,
          0.89700794 -0.022978334 -0.44141671,
          0.97162455 -0.033493482 -0.23414506,
          0.98793048 -0.021334961 -0.15342186,
          0.98803258 -0.0045965896 -0.15417704,
          0.99710202 -0.0023691955 -0.076039538,
          0.99774951 -0.018552855 -0.064434245,
          0.99617034 -0.027621368 -0.082955964,
          0.98418868 -0.057427686 -0.1675555,
          0.96264946 -0.090219185 -0.25527725,
          0.86633849 -0.16279633 -0.47218111,
          0.84230989 -0.22161129 -0.49132729,
          0.79175752 -0.18772253 -0.58127475,
          0.71339494 -0.16723917 -0.68051362,
          0.99134374 -0.063385166 -0.11497781,
          0.9713273 -0.11860108 -0.20605113,
          0 -0.9999997 -0.00079623831,
          -1.0073077e-015 0.00079623831 -0.99999976,
          -1.0181047e-015 0.00079623831 -0.99999976,
          -1.0027141e-015 0.00079623831 -0.99999976,
          -1.0239446e-015 0.00079623831 -0.99999976,
          -1.0024764e-015 0.00079623831 -0.99999976,
          -9.998397e-016 0.00079623831 -0.99999976,
          -1.0125235e-015 0.00079623831 -0.99999976,
          -1.0041336e-015 0.00079623831 -0.99999976,
          -1.0110174e-015 0.00079623831 -0.99999976,
          -1.020714e-015 0.00079623831 -0.99999976,
          -1.0069686e-015 0.00079623831 -0.99999976,
          -9.9025584e-016 0.00079623831 -0.99999976,
          -9.7608975e-016 0.00079623831 -0.99999976,
          -1.0197335e-015 0.00079623831 -0.99999976,
          -1.0321317e-015 0.00079623831 -0.99999976,
          -9.7181509e-016 0.00079623831 -0.99999976,
          -9.9094903e-016 0.00079623831 -0.99999976,
          -9.9556229e-016 0.00079623831 -0.99999976,
          -9.8304516e-016 0.00079623831 -0.99999976,
          -9.9095793e-016 0.00079623831 -0.99999976,
          -9.9475994e-016 0.00079623831 -0.99999976,
          -9.9525196e-016 0.00079623831 -0.99999976,
          -1.062835e-015 0.00079623831 -0.99999976,
          -1.0770433e-015 0.00079623831 -0.99999976,
          -1.0258205e-015 0.00079623831 -0.99999976,
          -9.4622982e-016 0.00079623831 -0.99999976,
          -8.8137505e-016 0.00079623831 -0.99999976,
          -9.1251749e-016 0.00079623831 -0.99999976,
          -9.6072129e-016 0.00079623831 -0.99999976,
          -9.7951504e-016 0.00079623831 -0.99999976,
          -1.0244389e-015 0.00079623831 -0.99999976,
          -1.0190959e-015 0.00079623831 -0.99999976,
          -1.0658141e-015 0.00079623831 -0.99999976,
          -9.8644546e-016 0.00079623831 -0.99999976,
          -9.707059e-016 0.00079623831 -0.99999976,
          -9.9013609e-016 0.00079623831 -0.99999976,
          -1.0270932e-015 0.00079623831 -0.99999976,
          -1.0432716e-015 0.00079623831 -0.99999976,
          -1.0275583e-015 0.00079623831 -0.99999976,
          -9.9722216e-016 0.00079623831 -0.99999976,
          -9.2832101e-016 0.00079623831 -0.99999976,
          -9.1507447e-016 0.00079623831 -0.99999976,
          -9.3511972e-016 0.00079623831 -0.99999976,
          -9.4151376e-016 0.00079623831 -0.99999976,
          -9.7295572e-016 0.00079623831 -0.99999976,
          -9.872584e-016 0.00079623831 -0.99999976,
          -1.0382792e-015 0.00079623831 -0.99999976,
          -1.0293936e-015 0.00079623831 -0.99999976,
          -9.8981539e-016 0.00079623831 -0.99999976,
          -1.0004568e-015 0.00079623831 -0.99999976,
          -1.0329494e-015 0.00079623831 -0.99999976,
          -1.0409006e-015 0.00079623831 -0.99999976,
          -1.026084e-015 0.00079623831 -0.99999976,
          -9.8253069e-016 0.00079623831 -0.99999976,
          -9.5021247e-016 0.00079623831 -0.99999976,
          -9.77029e-016 0.00079623831 -0.99999976,
          -1.0003948e-015 0.00079623831 -0.99999976,
          -1.0065817e-015 0.00079623831 -0.99999976,
          -1.0218944e-015 0.00079623831 -0.99999976,
          -1.0326157e-015 0.00079623831 -0.99999976,
          -9.7070579e-016 0.00079623831 -0.99999976,
          -9.9013599e-016 0.00079623831 -0.99999976,
          -9.4151365e-016 0.00079623831 -0.99999976,
          -9.7295583e-016 0.00079623831 -0.99999976,
          -1.0293937e-015 0.00079623831 -0.99999976,
          -9.5021236e-016 0.00079623831 -0.99999976,
          -0.38994712 -0.9206872 0.016630122,
          0.99879563 0.041972939 -0.025407065,
          0.99537617 0.087660275 -0.039267249,
          0.97061092 0.22428001 -0.08725176,
          0.85472101 0.20206095 0.47814593,
          -0.88188708 -0.2583473 -0.39437518,
          -0.94318575 -0.092449389 0.31914526,
          -0.17154562 -0.88442165 0.43401691,
          -0.86231691 -0.46829948 0.19262676,
          -0.3674756 -0.61995333 -0.69326729,
          -0.33074966 -0.61066502 -0.71950877,
          0.50239182 -0.11782204 -0.85657477,
          -0.98758054 -0.10521999 0.11667641,
          -0.98420268 -0.16321693 0.068594858,
          0.99874741 0.049990166 -0.0021355143,
          0.99705154 0.012284983 0.075744689,
          0.76651806 0.026569992 0.64167285,
          -0.95055658 -0.30584961 0.053834621,
          -0.98372775 -0.17759089 0.027223788,
          0.7165069 0.099827491 0.69040018,
          0.95718151 0.12003892 0.26342806,
          -0.95859647 0.099817559 -0.2667006,
          0.86242437 0.156571 0.48136252,
          0.92442286 0.15360115 0.34906876,
          0.78607237 0.17590296 0.5925777,
          -0.84296471 0.089326866 -0.53050083,
          0.034428921 -0.72102278 -0.69205546,
          0.95423782 -0.02539012 -0.29796892,
          0.02267997 -0.74565393 -0.66594732,
          -0.16372781 0.033795826 0.98592651,
          -0.98953867 0.11243687 -0.090394348,
          0.0021628742 -0.83790386 -0.54581374,
          -0.99219704 0.11163738 -0.055516668,
          0.9937396 0.021511175 0.10963033,
          0.032863289 -0.74880505 -0.66197509,
          -0.39699635 -0.12102178 -0.90980643,
          0.86633843 -0.16279635 -0.47218111,
          0.75437075 -0.27708519 -0.59510398,
          0.97376913 -0.041328698 0.22375338,
          0.016008649 -0.54960233 -0.83527315,
          -0.86265963 0.37967658 -0.33416194,
          0.84230983 -0.22161129 -0.49132729,
          0.6652419 0.10189833 0.73964185,
          -0.48082599 0.11073469 0.86979556,
          -0.81652433 0.52295882 -0.244545,
          0.8548708 -0.17419867 0.48872375,
          0.99820238 -0.050403353 0.032426033,
          -0.92994994 0.016978713 0.36729389,
          0.98193955 -0.16438875 0.093654551,
          0.78614378 -0.24105483 0.56909621,
          0.62827504 -0.1330598 0.76652837,
          -0.9749319 0.010793345 0.22224145,
          0.8696866 -0.33487779 0.36263207,
          -0.54978514 0.24278367 0.799245,
          -0.41555285 0.29807132 0.85934246,
          0.97611845 -0.20770609 0.063646816,
          0.78354764 -0.44099292 0.43769681,
          -0.023448816 -0.43750563 -0.89890999,
          0.82057565 -0.2248273 -0.52546,
          -0.85377032 0.1657569 0.4935596,
          0.58868992 -0.14869401 -0.79456556,
          0.9212085 0.028998155 -0.38798702,
          0.18907923 0.0055429651 -0.98194623,
          0.83266783 0.11720083 -0.54122841,
          0.91835058 0.059561398 -0.39126056,
          0.87889379 0.39762506 -0.26351503,
          0.81738925 0.063119754 0.57261735,
          0.41654733 0.11344808 0.90200764,
          -0.99959558 0.009068436 0.026951617,
          0.43074244 -0.41880921 0.79941225,
          -0.095004246 0.093150996 0.99110907,
          -0.99947983 0.012790378 0.029604474,
          0.35521087 -0.93471545 0.011502016,
          -0.37063268 -0.028013606 0.92835701,
          -0.90842068 0.13689394 0.39500865,
          0.21681944 -0.97620296 0.0041615102,
          -0.80981445 -0.17833571 -0.55892473,
          -0.34372523 -0.6759184 0.65191048,
          -0.77698946 0.017261498 0.62927687,
          -0.82925075 -0.18070458 0.52885628,
          -0.9126479 0.09539859 0.39745829,
          0.98505384 -0.047398731 -0.16559668,
          0.96264946 -0.090219192 -0.25527725,
          0.97992557 -0.082075126 -0.18168515,
          0.98339403 -0.078829005 -0.16346905,
          0.99480337 -0.035927713 -0.095264971,
          0.93077344 -0.092034794 -0.3538225,
          0.99452102 -0.013498559 -0.10366224,
          0.97246695 -0.041853212 -0.22925158,
          0.99823725 0.0056927362 -0.059075639,
          0.99861586 0.015079384 -0.050387714,
          0.99699831 0.025848964 -0.072980531 ]
      normalBinding PER_VERTEX_INDEXED
      materialBinding OVERALL

    }
    coordIndex [ 369, 371, 452, 453, -1, 453, 371, 454,
        455, 456, 457, -1, 369, 371, 452, 453,
        -1, 453, 371, 454, 455, 456, 457, -1,
        369, 451, 370, 450, -1, 451, 449, 450,
        448, -1, 449, 447, 448, 446, -1, 447,
        445, 446, 444, -1, 445, 443, 444, 442,
        -1, 443, 441, 442, 440, -1, 441, 439,
        440, 438, -1, 439, 437, 438, 436, -1,
        437, 435, 436, 434, -1, 435, 433, 434,
        432, -1, 433, 431, 432, 430, -1, 431,
        429, 430, 428, -1, 429, 427, 428, 426,
        -1, 427, 425, 426, 424, -1, 425, 423,
        424, 422, -1, 423, 421, 422, 420, -1,
        421, 419, 420, 417, -1, 419, 418, 417,
        416, 415, 414, 413, 412, 411, 410, 409,
        408, 407, 406, 405, 404, 403, 402, 401,
        400, 399, 398, 397, 396, 395, 394, 393,
        392, 391, 390, 389, 388, 387, 386, 384,
        385, 383, -1, 384, 383, 382, 381, 380,
        379, 378, 377, 376, 375, 374, 373, 372,
        371, 370, 369, -1, 286, 368, 287, 367,
        -1, 368, 366, 367, 365, -1, 366, 364,
        365, 363, -1, 364, 362, 363, 361, -1,
        362, 360, 361, 359, -1, 360, 358, 359,
        357, -1, 358, 356, 357, 355, -1, 356,
        354, 355, 353, -1, 354, 352, 353, 351,
        -1, 352, 350, 351, 349, -1, 350, 348,
        349, 347, -1, 348, 346, 347, 345, -1,
        346, 344, 345, 343, -1, 344, 342, 343,
        341, -1, 342, 340, 341, 339, -1, 340,
        338, 339, 337, -1, 338, 336, 337, 334,
        -1, 336, 335, 334, 333, 332, 331, 330,
        329, 328, 327, 326, 325, 324, 323, 322,
        321, 320, 319, 318, 317, 316, 315, 314,
        313, 312, 311, 310, 309, 307, 308, 306,
        -1, 307, 306, 305, 304, 303, 302, 301,
        300, 299, 298, 297, 296, 295, 294, 293,
        292, 291, 290, 289, 288, 287, 286, -1,
        215, 214, 284, 285, 282, -1, 284, 282,
        283, 280, -1, 282, 281, 280, 278, 279,
        276, -1, 278, 277, 276, 275, 274, 273,
        272, 271, 270, 269, 268, 267, 266, 265,
        264, 263, 262, 261, 260, 259, 258, 257,
        256, 255, 254, 253, 252, 251, 250, 249,
        248, 247, 246, 245, 244, 242, 243, 241,
        -1, 242, 240, 241, 238, -1, 240, 239,
        238, 237, 236, 235, 234, 232, 233, 230,
        -1, 232, 231, 230, 229, 228, 227, 226,
        225, 224, 223, 222, 221, 220, 219, 218,
        216, 217, 215, -1, 216, 214, 215, -1,
        103, 102, 213, 212, 211, 210, 209, 208,
        207, 206, 205, 204, 203, 202, 201, 200,
        199, 198, 197, 196, 195, 194, 192, 193,
        191, -1, 192, 191, 190, 189, 188, 187,
        186, 184, 185, 182, -1, 184, 183, 182,
        181, 180, 179, 178, 177, 176, 175, 174,
        172, 173, 170, -1, 172, 171, 170, 169,
        168, 167, 166, 165, 164, 163, 162, 160,
        161, 158, -1, 160, 159, 158, 157, 156,
        155, 154, 153, 152, 151, 150, 149, 148,
        147, 146, 145, 144, 143, 142, 141, 140,
        138, 139, 136, -1, 138, 137, 136, 135,
        134, 133, 132, 131, 130, 129, 128, 127,
        126, 125, 124, 123, 122, 121, 120, 118,
        119, 117, -1, 118, 116, 117, 115, -1,
        116, 114, 115, 113, -1, 114, 112, 113,
        110, -1, 112, 111, 110, 109, 108, 106,
        107, 105, -1, 106, 104, 105, 103, -1,
        104, 102, 103, -1, 0, 101, 1, 100,
        -1, 101, 99, 100, 98, -1, 99, 96,
        98, 97, -1, 97, 96, 94, 95, 93,
        -1, 94, 93, 92, 91, 90, 88, 89,
        86, -1, 88, 87, 86, 85, 84, 83,
        82, 80, 81, 78, -1, 80, 79, 78,
        76, 77, 74, -1, 76, 75, 74, 72,
        73, 70, -1, 72, 71, 70, 68, 69,
        66, -1, 68, 67, 66, 64, 65, 62,
        -1, 64, 63, 62, 60, 61, 59, -1,
        60, 58, 59, 57, -1, 58, 56, 57,
        55, -1, 56, 54, 55, 52, -1, 54,
        53, 52, 50, 51, 49, -1, 50, 48,
        49, 47, -1, 48, 46, 47, 44, -1,
        46, 45, 44, 42, 43, 41, -1, 42,
        40, 41, 38, -1, 40, 39, 38, 36,
        37, 34, -1, 36, 35, 34, 33, 32,
        30, 31, 28, -1, 30, 29, 28, 26,
        27, 24, -1, 26, 25, 24, 23, 22,
        21, 20, 19, 18, 17, 16, 15, 14,
        12, 13, 10, -1, 12, 11, 10, 9,
        8, 7, 6, 5, 4, 2, 3, 1,
        -1, 2, 0, 1, -1, 457, 455, 458,
        459, 460, 461, 462, 463, 464, 465, 466,
        467, 468, 469, 470, 471, 472, 473, 474,
        475, 476, 477, 478, 479, 480, 481, 482,
        483, 484, 485, 486, 487, 488, 489, 490,
        491, 492, 493, 494, 495, 496, 497, 498,
        499, 500, 501, 502, 503, 504, 505, 288,
        286, -1, 288, 290, 504, 506, 507, 508,
        509, 510, 511, 512, 513, 514, 515, 516,
        517, 518, 519, 520, 521, 522, 523, 524,
        525, 526, 527, 528, 529, 530, 531, 532,
        533, 534, 535, 536, 537, 538, 539, 540,
        541, 520, 542, 543, 544, 545, 546, 547,
        548, 549, 550, -1, 546, 548, 544, 550,
        551, 552, 541, 539, -1, 520, 518, 543,
        553, 545, 547, -1, 520, 540, 522, 538,
        524, 554, 526, 532, 528, 530, -1, 538,
        536, 554, 555, 532, 534, -1, 534, 555,
        536, -1, 533, 556, 531, 529, -1, 506,
        290, 508, 292, 294, -1, 504, 507, 502,
        500, -1, 488, 490, 486, 557, 558, 559,
        560, 561, 562, 563, 564, 565, 566, 517,
        519, -1, 517, 565, 515, 567, 513, 568,
        511, 498, 569, 500, 507, -1, 507, 509,
        569, 511, -1, 565, 563, 567, 568, -1,
        490, 492, 557, 559, -1, 492, 494, 559,
        561, -1, 494, 496, 561, 570, 563, 568,
        -1, 568, 570, 498, 496, -1, 469, 467,
        471, 571, 572, 573, 574, 575, 576, 577,
        578, 579, 580, 581, 582, 583, 584, 585,
        586, 587, 588, 589, 590, 591, 592, 593,
        594, 595, 596, 597, 598, 599, 600, 601,
        602, 402, 603, 404, 406, -1, 402, 601,
        400, 604, 398, 396, -1, 601, 599, 604,
        605, 396, 606, 394, 392, -1, 599, 597,
        605, 607, 606, 608, 392, 609, 390, 610,
        611, 612, 613, 614, 615, 616, 617, 618,
        593, 619, 595, 607, 597, -1, 593, 591,
        617, 620, 621, 622, 623, 624, 625, 626,
        627, 628, 629, 630, 631, 632, 633, 634,
        635, 636, 637, 638, 639, 640, 371, 455,
        -1, 371, 373, 639, 641, 637, 642, 635,
        643, 633, 644, 631, 645, 629, 646, 627,
        647, 625, 648, 623, 649, 615, 650, 613,
        651, 611, 390, -1, 390, 651, 388, 652,
        653, 654, 655, 656, 657, 649, 648, -1,
        653, 655, 388, 386, -1, 651, 650, 652,
        658, 654, 656, -1, 656, 658, 649, 650,
        -1, 623, 615, 621, 617, -1, 373, 375,
        641, 642, -1, 375, 377, 642, 643, -1,
        377, 379, 643, 659, 644, 645, -1, 379,
        381, 659, 660, 645, 661, 646, 662, 663,
        664, 665, 666, 667, 668, 669, 670, 671,
        672, 648, 657, -1, 657, 672, 655, 670,
        386, 666, 385, 664, 383, 661, 660, -1,
        660, 381, 383, -1, 662, 661, 664, -1,
        666, 670, 668, -1, 648, 647, 671, 669,
        -1, 669, 647, 667, 673, 665, 674, 663,
        646, -1, 646, 674, 647, 673, -1, 591,
        589, 620, 622, -1, 589, 587, 622, 624,
        -1, 587, 585, 624, 626, -1, 585, 583,
        626, 628, -1, 583, 581, 628, 630, -1,
        581, 579, 630, 675, 632, 676, 634, 677,
        636, 461, 638, 459, 678, 455, 640, -1,
        640, 638, 678, -1, 461, 677, 463, 573,
        571, -1, 463, 571, 465, 467, -1, 573,
        677, 575, 676, 577, 675, 579, -1, 612,
        610, 614, 679, 616, 680, 618, 681, 682,
        609, 683, 608, 684, 607, 619, -1, 684,
        619, 683, 682, -1, 618, 682, 619, -1,
        681, 680, 609, 679, 610, -1, 471, 572,
        473, 574, 685, 686, 687, 688, 689, 690,
        691, 692, 483, 693, 485, 694, 487, 695,
        696, 697, 698, 699, 700, 701, 702, 703,
        704, 705, 706, 707, 708, 709, 710, 711,
        712, 713, 714, 715, 716, 717, 718, 719,
        720, 721, 722, 723, 724, 725, 726, 727,
        728, 729, 730, 731, 352, 350, -1, 352,
        354, 730, 728, -1, 354, 356, 728, 726,
        -1, 356, 358, 726, 732, 724, 733, 734,
        735, 736, 737, 738, 739, 740, 741, 742,
        503, 743, 501, 744, 745, 708, 746, 706,
        495, 493, -1, 706, 493, 704, 491, 702,
        700, -1, 491, 489, 700, 698, -1, 698,
        489, 696, 487, -1, 495, 746, 497, 745,
        499, 501, -1, 708, 710, 744, 747, 743,
        742, -1, 503, 741, 505, 748, 286, 368,
        -1, 741, 739, 748, 368, -1, 368, 739,
        366, 737, 364, 735, 362, 733, 360, 732,
        358, -1, 724, 734, 722, 749, 720, 718,
        -1, 725, 723, 727, 750, 729, 751, 752,
        753, 754, 755, 756, 757, 758, 759, 760,
        761, 762, 763, 764, 765, 766, 767, 768,
        769, 770, 771, 772, 773, 774, 775, 776,
        777, 778, 779, 780, 781, 782, 783, 784,
        785, 786, 787, 788, 789, 790, 791, 792,
        793, 794, 795, 796, 797, 798, 799, 800,
        801, 802, 803, 804, 805, 806, 807, 808,
        809, 810, 811, 812, 813, 814, 815, 816,
        817, 818, 819, 820, 821, 822, 823, 824,
        825, 826, 827, 828, 829, 830, 831, 832,
        833, 834, 835, 836, 837, 838, 839, 840,
        841, 842, 843, 844, 845, 846, 692, 690,
        -1, 692, 845, 693, 694, -1, 845, 843,
        694, 695, -1, 843, 841, 695, 839, 697,
        847, 699, 848, 849, 850, 851, 852, 853,
        854, 855, 856, 857, 858, 859, 860, 861,
        862, 863, 864, 865, 866, 867, 868, 869,
        870, 871, 872, 873, 874, 875, 763, 761,
        -1, 699, 849, 701, 876, 703, 877, 705,
        878, 707, 709, -1, 849, 851, 876, 877,
        -1, 839, 837, 847, 835, 848, 879, 850,
        880, 852, 854, -1, 835, 833, 879, 831,
        880, 881, 854, 882, 856, 858, -1, 831,
        829, 881, 883, 882, 884, 885, 886, 860,
        862, -1, 860, 858, 885, 882, -1, 829,
        827, 883, 884, -1, 827, 825, 884, 887,
        886, 888, 889, 890, 891, 892, 866, 893,
        868, 894, 870, 895, 872, 896, 874, 897,
        898, 899, 765, 767, -1, 765, 763, 898,
        874, -1, 866, 864, 891, 889, -1, 864,
        862, 889, 886, -1, 825, 823, 887, 888,
        -1, 823, 821, 888, 890, -1, 821, 819,
        890, 900, 892, 901, 893, 902, 894, 903,
        895, 904, 896, 905, 897, 906, 899, 907,
        767, 769, -1, 819, 817, 900, 901, -1,
        817, 815, 901, 908, 902, 909, 903, 910,
        904, 905, -1, 815, 813, 908, 911, 909,
        912, 910, 913, 905, 906, -1, 813, 811,
        911, 914, 912, 915, 913, 916, 906, 917,
        918, 919, 920, 921, 922, 923, 924, 925,
        926, 771, 769, -1, 769, 907, 926, 918,
        927, 920, 922, -1, 906, 918, 907, -1,
        922, 924, 927, 926, -1, 811, 809, 914,
        928, 915, 929, 916, 930, 917, 919, -1,
        809, 807, 928, 931, 929, 932, 930, 933,
        934, 935, 936, 937, 921, 923, -1, 921,
        919, 936, 930, 934, -1, 807, 805, 931,
        938, 932, 939, 940, 785, 941, 783, 935,
        781, 937, 779, 923, 777, 942, 775, 773,
        -1, 935, 933, 941, 932, 940, -1, 803,
        801, 805, 938, -1, 793, 791, 795, 943,
        797, 799, -1, 799, 943, 801, 944, 945,
        785, 939, -1, 939, 938, 945, 801, -1,
        785, 944, 787, 791, 789, -1, 943, 791,
        944, -1, 729, 752, 731, 946, 947, 948,
        348, 346, -1, 348, 350, 947, 731, -1,
        752, 754, 946, 949, 948, 950, 346, 344,
        -1, 754, 756, 949, 951, 950, 952, 344,
        342, -1, 756, 758, 951, 953, 952, 954,
        955, 956, 340, 338, -1, 340, 342, 955,
        952, -1, 758, 760, 953, 954, -1, 723,
        721, 750, 957, 958, 959, 960, 961, 962,
        963, 964, 965, 966, 873, 875, -1, 875,
        761, 966, 759, 964, 757, 962, 755, 960,
        753, 958, 751, 750, -1, 873, 965, 871,
        967, 869, 968, 867, 865, -1, 965, 963,
        967, 969, 968, 970, 865, 971, 863, 972,
        861, 859, -1, 963, 961, 969, 959, 973,
        974, 975, 976, 977, 719, 978, 717, 979,
        715, 980, 713, 981, 982, 983, 984, 853,
        985, 851, 877, -1, 877, 985, 878, 986,
        709, 711, -1, 985, 984, 986, 982, 711,
        713, -1, 853, 855, 983, 857, 981, 987,
        980, 979, -1, 979, 987, 978, 988, 977,
        972, 971, -1, 977, 971, 975, 970, 973,
        969, -1, 972, 988, 859, 857, -1, 857,
        988, 987, -1, 719, 976, 721, 957, -1,
        976, 974, 957, 959, -1, 483, 481, 691,
        479, 477, -1, 691, 477, 689, 687, -1,
        477, 475, 687, 685, -1, 473, 685, 475,
        -1, 574, 576, 686, 989, 688, 990, 690,
        846, -1, 576, 578, 989, 580, 991, 992,
        993, 994, 846, 844, -1, 846, 990, 993,
        991, -1, 989, 991, 990, -1, 580, 582,
        992, 995, 994, 996, 844, 842, -1, 582,
        584, 995, 586, 997, 588, 998, 999, 1000,
        1001, 1002, 1003, 1004, 1005, 1006, 1007, 832,
        830, -1, 830, 1007, 828, 1008, 1009, 1010,
        1011, 1012, 1013, 1014, 1015, 1016, 1017, 1018,
        1019, 1020, 1021, 602, 603, -1, 602, 1020,
        600, 1018, 1022, 1023, 1024, 1025, 1026, 1027,
        1028, 1029, 1005, 1007, -1, 1007, 1029, 1008,
        1010, -1, 1010, 1029, 1012, 1027, 1014, 1025,
        1016, 1023, 1018, -1, 1005, 1003, 1028, 1030,
        1026, 1031, 1024, 1032, 1033, 594, 596, -1,
        596, 598, 1033, 1022, 1024, -1, 598, 600,
        1022, -1, 594, 1032, 592, 1031, 1034, 1030,
        1001, 1003, -1, 1001, 999, 1034, 590, 592,
        -1, 588, 590, 999, -1, 828, 1009, 826,
        1035, 824, 822, -1, 1009, 1011, 1035, 1036,
        1037, 1038, 1039, 1040, 1041, 1042, 1043, 1044,
        1045, 1046, 1047, 1048, 1049, 1050, 1051, 1052,
        1053, 1054, 1055, 1056, 1057, 1058, 1059, 1060,
        1061, 1062, 1063, 1064, 1065, 1066, 1067, 1068,
        1069, 1070, 1071, 1072, 1073, 1074, 1075, 1076,
        1077, 1078, 1079, 1080, 1081, 1082, 1083, 1084,
        1085, 1086, 1087, 1088, 1089, 1090, 1091, 1092,
        1093, 1094, 1095, -1, 1094, 1092, 1096, 1097,
        457, 1098, 456, 1099, 454, 453, -1, 453,
        1099, 452, 369, -1, 369, 1099, 451, 1100,
        449, 1101, 447, 1102, 1103, 1104, 1105, 1084,
        1082, -1, 1084, 1104, 1086, 1106, 1107, 1108,
        1109, 1098, 1097, -1, 1086, 1107, 1088, 1109,
        1090, 1097, 1092, -1, 1104, 1102, 1106, 1101,
        1108, 1100, 1098, 1099, -1, 447, 1103, 445,
        443, -1, 1075, 1077, 1073, 1110, 1111, 1112,
        1113, 1114, 1115, 1116, 1117, 1118, 1119, 1120,
        1057, 1121, 1055, 1122, 1123, 802, 1124, 804,
        1125, 806, 808, -1, 1055, 1123, 1053, 1124,
        1051, 1126, 1049, 1127, 1047, 1128, 1045, 1129,
        1043, 1130, 1041, 818, 820, -1, 1041, 820,
        1039, 1037, -1, 820, 822, 1037, 1035, -1,
        818, 1130, 816, 814, -1, 1130, 1129, 814,
        812, -1, 1129, 1128, 812, 810, -1, 1128,
        1127, 810, 1126, 808, 1125, -1, 1125, 1126,
        1124, -1, 1057, 1059, 1119, 1117, -1, 1059,
        1061, 1117, 1115, -1, 1073, 1111, 1071, 1131,
        1069, 1067, -1, 1067, 1131, 1065, 1132, 1063,
        1061, -1, 1061, 1132, 1115, 1113, -1, 1132,
        1131, 1113, 1111, -1, 832, 834, 1006, 1004,
        -1, 995, 997, 996, 1133, 842, 840, -1,
        840, 1133, 838, 1134, 1135, 1002, 1004, -1,
        1004, 834, 1135, 836, 838, -1, 1002, 1134,
        1000, 998, -1, 1134, 1133, 998, 997, -1,
        464, 466, 462, 1096, 458, 457, -1, 458,
        460, 462, -1, 1096, 466, 1094, 468, 1095,
        1136, 1137, 1138, 1139, 1140, 1141, 1142, 556,
        529, -1, 529, 1142, 1143, 1144, 1145, 1146,
        1147, 1148, 1149, 478, 480, -1, 478, 1148,
        476, 1150, 474, 1151, 472, 1152, 470, 468,
        -1, 468, 1152, 1136, 1153, 1154, 1151, 1155,
        1150, 1148, -1, 1152, 1151, 1153, -1, 1148,
        1146, 1155, 1156, 1157, 1138, 1154, 1136, -1,
        1154, 1155, 1157, -1, 1138, 1156, 1140, 1158,
        1144, 1146, -1, 1156, 1146, 1158, -1, 1140,
        1144, 1142, -1, 1143, 1145, 529, 527, -1,
        1145, 1147, 527, 1149, 1159, 480, 1160, 482,
        1161, 484, 1162, 486, 558, -1, 527, 1159,
        525, 1163, 523, 1164, 521, 1165, 519, 566,
        -1, 566, 1165, 564, 1166, 562, 560, -1,
        1165, 1164, 1166, 1167, 560, 558, -1, 558,
        1167, 1162, 1161, -1, 1164, 1163, 1167, 1161,
        -1, 1161, 1163, 1160, 1159, -1, 802, 1122,
        1168, 1169, 798, 796, -1, 798, 800, 1168,
        802, -1, 1122, 1121, 1169, 1170, 1171, 794,
        796, -1, 796, 1169, 1171, -1, 1121, 1120,
        1170, 1172, 1173, 1174, 1175, 1176, 1177, 1178,
        1179, 1118, 1116, -1, 1178, 1176, 1118, 1120,
        -1, 1120, 1176, 1172, 1174, -1, 1170, 1173,
        794, 1180, 792, 1181, 790, 1182, 788, 1183,
        1184, 1185, 1186, 1187, 1188, 778, 780, -1,
        780, 782, 1188, 1189, 1186, 1184, -1, 782,
        784, 1189, 786, 1184, 788, -1, 1173, 1175,
        1180, 1190, 1181, 1191, 1192, 1193, 1194, 1195,
        1196, 1197, 1198, 1199, 1200, 1201, 1202, 1203,
        1204, 1205, 1206, 1207, 1208, 1209, 1210, 1211,
        1212, 1213, 1214, 1215, 1216, 1217, 1218, 1219,
        1220, 1221, 1222, 1223, 1224, 1225, 1226, 1227,
        1228, 1229, 1230, 1231, 1232, 1233, 1234, 1235,
        1236, 1237, 1238, 1087, 1089, -1, 1087, 1237,
        1085, 1235, 1239, 1233, 1231, -1, 1231, 1229,
        1239, 1083, 1085, -1, 1083, 1229, 1081, 1240,
        1079, 1077, -1, 1229, 1227, 1240, 1241, 1242,
        1243, 1244, 1245, 1246, 1247, 1248, 1249, 1250,
        1251, 1252, 1253, 1254, 1255, 1205, 1207, -1,
        1240, 1242, 1077, 1110, -1, 1242, 1244, 1110,
        1112, -1, 1244, 1246, 1112, 1256, 1257, 1258,
        1259, 1260, 1261, 1262, 1263, 1264, 1199, 1265,
        1201, 1266, 1203, 1267, 1205, 1254, -1, 1267,
        1266, 1254, 1252, -1, 1264, 1262, 1265, 1268,
        1266, 1269, 1252, 1250, -1, 1269, 1268, 1250,
        1270, 1271, 1272, 1248, 1256, 1246, -1, 1271,
        1248, 1250, -1, 1256, 1272, 1258, 1270, 1262,
        1268, -1, 1260, 1258, 1262, -1, 1112, 1257,
        1114, 1116, -1, 1116, 1257, 1179, 1259, 1273,
        1274, 1275, 1276, 1193, 1197, 1195, -1, 1193,
        1191, 1275, 1175, 1273, 1177, 1179, -1, 1190,
        1175, 1191, -1, 1259, 1261, 1274, 1277, 1276,
        1278, 1197, 1199, -1, 1278, 1277, 1199, 1263,
        -1, 1261, 1263, 1277, -1, 1227, 1225, 1241,
        1223, 1279, 1221, 1280, 1281, 1243, 1245, -1,
        1280, 1243, 1279, 1241, -1, 1230, 1232, 1228,
        1226, -1, 1200, 1202, 1198, 1282, 1196, 1283,
        1284, 1285, 1286, 1287, 1185, 1187, -1, 1185,
        1183, 1286, 1288, 1284, 1194, 1196, -1, 1194,
        1288, 1192, 1289, 1181, 1182, -1, 1289, 1288,
        1182, 1183, -1, 1187, 1287, 1290, 1291, 778,
        1292, 776, 1293, 774, 1294, 1295, 1296, 1297,
        1298, 1299, 1300, 1301, 1302, 1303, 1304, 1305,
        1306, 1307, 1308, 1309, 1310, 1311, 1312, 1313,
        1314, 1315, 1316, 317, 315, -1, 1187, 1290,
        778, -1, 317, 319, 1315, 1317, 1313, 1318,
        1311, 1319, 1309, 1320, 1307, 1321, 1305, 1303,
        -1, 319, 321, 1317, 1322, 1323, 1324, 1325,
        1326, 1327, 1328, 1329, 1330, 1331, 1332, 1333,
        1334, 1335, 1336, 770, 768, -1, 770, 772,
        1335, 1337, 1338, 1339, 1333, 1340, 1331, 1341,
        1329, 1342, 1327, 1325, -1, 1335, 1338, 1333,
        -1, 772, 774, 1337, 1295, 1339, 1297, 1343,
        1344, 1345, 1346, 1347, 1320, 1319, -1, 1297,
        1299, 1344, 1301, 1348, 1303, 1321, -1, 1321,
        1320, 1348, 1346, 1344, -1, 1339, 1343, 1340,
        1341, -1, 1343, 1345, 1341, 1342, -1, 1345,
        1347, 1342, 1325, -1, 1325, 1347, 1323, 1319,
        1318, -1, 1323, 1318, 1317, -1, 321, 323,
        1322, 1324, -1, 323, 325, 1324, 1326, -1,
        325, 327, 1326, 1349, 1328, 1350, 1330, 1351,
        1332, 1352, 1353, 1354, 1355, 1356, 768, 766,
        -1, 768, 1336, 1355, 1334, 1353, 1332, -1,
        327, 329, 1349, 1357, 1350, 1358, 1359, 1360,
        1361, 1362, 1354, 1363, 1356, 1364, 766, 764,
        -1, 1354, 1352, 1361, 1359, -1, 1352, 1351,
        1359, 1350, -1, 329, 331, 1357, 1358, -1,
        331, 333, 1358, 1365, 1360, 1366, 1362, 1367,
        1368, 1369, 1370, 1371, 762, 760, -1, 760,
        1371, 954, 1369, 1372, 1367, 956, 1373, 338,
        336, -1, 954, 1372, 956, -1, 1367, 1366,
        1373, 1374, 336, 335, -1, 1366, 1365, 1374,
        335, -1, 1365, 333, 335, -1, 762, 764,
        1370, 1364, 1368, 1363, 1362, -1, 315, 1316,
        1375, 1314, 1376, 1312, 1377, 1310, 1378, 1308,
        1379, 1306, 1380, 1381, 1382, 1383, 1384, 1385,
        1386, 1387, 1388, 1389, 1390, 1391, 1392, 1393,
        1394, 549, 1395, -1, 549, 1393, 550, 1396,
        552, 1397, 535, 1398, 533, 1399, 556, 1400,
        1141, 1401, 1139, 1402, 1137, 1403, 1095, 1093,
        -1, 1393, 1391, 1396, 1389, 1404, 1387, 1405,
        1406, 1407, 1408, 1409, 1410, 1411, 1412, 1413,
        1302, 1300, -1, 1302, 1412, 1304, 1383, 1381,
        -1, 1381, 1306, 1304, -1, 1412, 1410, 1383,
        1414, 1385, 1406, 1387, -1, 1414, 1410, 1406,
        1408, -1, 1396, 1404, 1397, 1415, 1398, 1399,
        -1, 1404, 1405, 1415, 1416, 1417, 1418, 1419,
        1420, 1421, 1422, 1401, 1402, -1, 1402, 1422,
        1403, 1423, 1093, 1091, -1, 1091, 1423, 1089,
        1424, 1238, 1425, 1236, 1234, -1, 1401, 1400,
        1421, 1419, -1, 1400, 1399, 1419, 1417, -1,
        1417, 1399, 1415, -1, 1405, 1407, 1416, 1426,
        1418, 1427, 1420, 1428, 1422, 1423, -1, 1423,
        1428, 1424, 1425, -1, 1384, 1386, 1382, 1380,
        -1, 1386, 1388, 1380, 1390, 1379, 1429, 1378,
        1430, 1377, 1431, 1376, 1432, 1375, 313, 315,
        -1, 313, 1432, 311, 1433, 309, 1434, 308,
        1435, -1, 1390, 1392, 1429, 1436, 1430, 1437,
        1431, 1432, -1, 1432, 1437, 1433, 1434, -1,
        1434, 1437, 1438, 1439, 1440, 1395, -1, 1395,
        1439, 1394, 1392, -1, 1392, 1439, 1436, 1437,
        -1, 1440, 1435, 1438, 1434, -1, 1425, 1428,
        1441, 1427, 1442, 1426, 1443, 1444, 1409, 1407,
        -1, 1444, 1426, 1407, -1, 1425, 1441, 1234,
        1445, 1446, 1447, 1448, 1449, 1450, 1451, 1452,
        1453, 1212, 1210, -1, 1212, 1214, 1452, 1454,
        1455, 1216, 1448, 1456, 1446, 1232, 1234, -1,
        1214, 1216, 1454, -1, 1232, 1456, 1226, 1224,
        -1, 1224, 1456, 1222, 1220, -1, 1220, 1456,
        1218, 1216, -1, 1455, 1448, 1452, 1450, -1,
        1449, 1447, 1451, 1443, 1457, 1409, 1411, -1,
        1451, 1457, 1453, 1458, 1459, 1460, 1461, 1413,
        1462, 1463, 1464, 1465, 1466, 1467, 1468, 1296,
        1294, -1, 1296, 1467, 1298, 1463, 1300, 1413,
        -1, 1465, 1463, 1467, -1, 1460, 1458, 1413,
        1411, -1, 1457, 1411, 1458, -1, 1453, 1459,
        1210, 1469, 1470, 1471, 1472, 1473, 1474, 1475,
        1282, 1283, -1, 1282, 1202, 1474, 1204, 1472,
        1206, 1470, 1208, 1210, -1, 1443, 1447, 1442,
        1445, 1441, -1, 1283, 1475, 1476, 1477, 1478,
        1479, 1480, 1481, 1482, 1294, 1293, -1, 1293,
        1292, 1482, 1480, -1, 1292, 1291, 1480, 1478,
        -1, 1475, 1473, 1477, 1483, 1479, 1484, 1481,
        1485, 1294, 1486, 1487, 1488, 1489, 1469, 1466,
        1464, -1, 1466, 1468, 1489, 1487, -1, 1487,
        1468, 1294, -1, 1283, 1476, 1285, 1490, 1287,
        1291, -1, 1291, 1490, 1478, 1476, -1, 1469,
        1491, 1464, 1462, -1, 1462, 1491, 1461, 1459,
        -1, 1491, 1469, 1459, -1, 1488, 1492, 1469,
        1493, 1471, 1473, -1, 1493, 1492, 1473, 1494,
        1483, 1484, -1, 1484, 1494, 1485, 1495, 1486,
        1488, -1, 1488, 1495, 1492, 1494, -1, 1245,
        1281, 1496, 1497, 1498, 1499, 1500, 1249, 1247,
        -1, 1500, 1247, 1498, 1245, 1496, -1, 1249,
        1499, 1251, 1501, 1253, 1502, 1503, 1504, 1505,
        1506, 1213, 1215, -1, 1506, 1504, 1215, 1217,
        -1, 1213, 1211, 1505, 1507, 1503, 1508, 1253,
        1255, -1, 1508, 1507, 1255, 1207, -1, 1207,
        1507, 1209, 1211, -1, 1501, 1499, 1502, 1504,
        -1, 1504, 1499, 1217, 1219, -1, 1281, 1221,
        1497, 1509, 1499, 1219, -1, 1509, 1221, 1219,
        -1, 1103, 1510, 443, 1511, 441, 1512, 439,
        437, -1, 1512, 1513, 437, 1514, 435, 433,
        -1, 1514, 1515, 433, 431, -1, 1515, 1516,
        431, 429, -1, 1516, 1517, 429, 1518, 427,
        425, -1, 1518, 1519, 425, 423, -1, 1519,
        1520, 423, 1521, 421, 419, -1, 1521, 1522,
        419, 1523, 418, 416, -1, 1523, 1524, 416,
        414, -1, 1524, 1525, 414, 1526, 412, 1527,
        410, 1528, 408, 406, -1, 1528, 1529, 406,
        603, -1, 603, 1529, 1021, 1530, 1531, 1532,
        1533, 1534, 1535, 1536, 1537, 1538, 1040, 1042,
        -1, 1042, 1538, 1044, 1539, 1046, 1540, 1048,
        1541, 1050, 1542, 1543, 1544, 1545, 1546, 1547,
        1548, 1549, 1550, 1522, 1523, -1, 1522, 1521,
        1549, 1551, 1547, 1552, 1553, 1554, 1555, 1556,
        1557, 1558, 1559, 1560, 1060, 1062, -1, 1554,
        1552, 1556, 1561, 1562, 1518, 1563, 1517, 1516,
        -1, 1518, 1561, 1519, 1551, 1520, 1521, -1,
        1551, 1561, 1552, -1, 1556, 1562, 1558, 1563,
        1564, 1565, 1066, 1566, 1068, 1567, 1568, 1569,
        1076, 1570, 1078, 1571, 1080, 1572, 1082, 1105,
        -1, 1105, 1572, 1103, 1510, -1, 1572, 1571,
        1510, 1511, -1, 1571, 1570, 1511, 1512, -1,
        1512, 1570, 1513, 1569, 1567, -1, 1513, 1567,
        1514, 1515, -1, 1567, 1566, 1515, 1565, 1516,
        1563, -1, 1076, 1074, 1568, 1072, 1070, -1,
        1070, 1068, 1568, -1, 1066, 1064, 1564, 1062,
        1573, 1560, 1558, -1, 1573, 1558, 1564, -1,
        1547, 1553, 1545, 1574, 1575, 1056, 1054, -1,
        1054, 1052, 1575, 1543, 1545, -1, 1050, 1543,
        1052, -1, 1056, 1574, 1058, 1576, 1060, 1559,
        -1, 1559, 1576, 1557, 1555, -1, 1555, 1576,
        1553, 1574, -1, 1546, 1544, 1548, 1577, 1578,
        1579, 1580, 1581, 1524, 1525, -1, 1524, 1523,
        1580, 1550, 1578, 1548, -1, 1544, 1542, 1577,
        1582, 1579, 1583, 1584, 1585, 1586, 1587, 1588,
        1589, 1590, 1532, 1591, 1530, 1528, 1529, -1,
        1528, 1527, 1591, 1592, 1590, 1588, -1, 1527,
        1526, 1592, 1593, 1588, 1586, -1, 1532, 1589,
        1534, 1536, -1, 1579, 1584, 1581, 1594, 1525,
        1526, -1, 1526, 1594, 1593, 1586, -1, 1586,
        1594, 1584, -1, 1542, 1541, 1582, 1583, -1,
        1541, 1540, 1583, 1585, -1, 1540, 1539, 1585,
        1595, 1587, 1589, -1, 1589, 1595, 1536, 1538,
        -1, 1595, 1539, 1538, -1, 1021, 1531, 1019,
        1533, 1017, 1015, -1, 1015, 1533, 1596, 1535,
        1597, 1537, 1040, -1, 1040, 1038, 1597, 1598,
        1596, 1013, 1015, -1, 1013, 1598, 1011, 1036,
        -1, 1598, 1038, 1036, -1, 942, 773, 1599,
        771, 925, -1, 925, 923, 1599, 942, -1,
        718, 749, 1600, 734, 736, -1, 718, 1600,
        716, 1601, 1602, 1603, 1604, 742, 747, -1,
        747, 710, 1604, 712, 714, -1, 1604, 714,
        1602, 716, -1, 742, 1603, 740, 1601, 738,
        736, -1, 1601, 1600, 736, -1, 294, 1605,
        508, 510, -1, 510, 1605, 512, 1606, 1607,
        296, 298, -1, 298, 300, 1607, 1608, 1609,
        1610, 1611, 1612, 1613, 1614, 1615, 1616, 1617,
        1618, 1440, 1619, 1435, 1620, 1621, 1622, 304,
        1610, 302, 300, -1, 1610, 1608, 300, -1,
        1610, 1622, 1612, 1623, 1618, 1624, 1619, 1620,
        -1, 1624, 1623, 1620, 1622, -1, 1612, 1618,
        1614, 1616, -1, 304, 306, 1621, 308, 1435,
        -1, 1440, 1395, 1617, 1615, -1, 296, 1606,
        294, 1605, -1, 1395, 1625, 1615, 1626, 1627,
        547, 553, -1, 1626, 1625, 547, 549, -1,
        1625, 1395, 549, -1, 1615, 1627, 1613, 553,
        1628, 1629, 516, 518, -1, 518, 1629, 553,
        -1, 1613, 1628, 1611, 1630, 1609, 1631, 1607,
        512, -1, 512, 1631, 514, 1630, 516, 1628,
        -1, 552, 1632, 539, 537, -1, 537, 1632,
        535, 552, -1, 551, 541, 1633, 542, 544,
        -1, 551, 1633, 544, -1, 457, 455, 458,
        459, 460, 461, 462, 463, 464, 465, 466,
        467, 468, 469, 470, 471, 472, 473, 474,
        475, 476, 477, 478, 479, 480, 481, 482,
        483, 484, 485, 486, 487, 488, 489, 490,
        491, 492, 493, 494, 495, 496, 497, 498,
        499, 500, 501, 502, 503, 504, 505, 288,
        286, -1, 288, 290, 504, 506, 507, 508,
        509, 510, 511, 512, 513, 514, 515, 516,
        517, 518, 519, 520, 521, 522, 523, 524,
        525, 526, 527, 528, 529, 530, 531, 532,
        533, 534, 535, 536, 537, 538, 539, 540,
        541, 520, 542, 543, 544, 545, 546, 547,
        548, 549, 550, -1, 546, 548, 544, 550,
        551, 552, 541, 539, -1, 520, 518, 543,
        553, 545, 547, -1, 520, 540, 522, 538,
        524, 554, 526, 532, 528, 530, -1, 538,
        536, 554, 555, 532, 534, -1, 555, 536,
        534, -1, 533, 556, 531, 529, -1, 506,
        290, 508, 292, 294, -1, 504, 507, 502,
        500, -1, 488, 490, 486, 557, 558, 559,
        560, 561, 562, 563, 564, 565, 566, 517,
        519, -1, 517, 565, 515, 567, 513, 568,
        511, 498, 569, 500, 507, -1, 507, 509,
        569, 511, -1, 565, 563, 567, 568, -1,
        490, 492, 557, 559, -1, 492, 494, 559,
        561, -1, 494, 496, 561, 570, 563, 568,
        -1, 568, 570, 498, 496, -1, 469, 467,
        471, 571, 572, 573, 574, 575, 576, 577,
        578, 579, 580, 581, 582, 583, 584, 585,
        586, 587, 588, 589, 590, 591, 592, 593,
        594, 595, 596, 597, 598, 599, 600, 601,
        602, 402, 603, 404, 406, -1, 402, 601,
        400, 604, 398, 396, -1, 601, 599, 604,
        605, 396, 606, 394, 392, -1, 599, 597,
        605, 607, 606, 608, 392, 609, 390, 610,
        611, 612, 613, 614, 615, 616, 617, 618,
        593, 619, 595, 607, 597, -1, 593, 591,
        617, 620, 621, 622, 623, 624, 625, 626,
        627, 628, 629, 630, 631, 632, 633, 634,
        635, 636, 637, 638, 639, 640, 371, 455,
        -1, 371, 373, 639, 641, 637, 642, 635,
        643, 633, 644, 631, 645, 629, 646, 627,
        647, 625, 648, 623, 649, 615, 650, 613,
        651, 611, 390, -1, 390, 651, 388, 652,
        653, 654, 655, 656, 657, 649, 648, -1,
        653, 655, 388, 386, -1, 651, 650, 652,
        658, 654, 656, -1, 656, 658, 649, 650,
        -1, 623, 615, 621, 617, -1, 373, 375,
        641, 642, -1, 375, 377, 642, 643, -1,
        377, 379, 643, 659, 644, 645, -1, 379,
        381, 659, 660, 645, 661, 646, 662, 663,
        664, 665, 666, 667, 668, 669, 670, 671,
        672, 648, 657, -1, 657, 672, 655, 670,
        386, 666, 385, 664, 383, 661, 660, -1,
        381, 383, 660, -1, 661, 664, 662, -1,
        670, 668, 666, -1, 648, 647, 671, 669,
        -1, 669, 647, 667, 673, 665, 674, 663,
        646, -1, 646, 674, 647, 673, -1, 591,
        589, 620, 622, -1, 589, 587, 622, 624,
        -1, 587, 585, 624, 626, -1, 585, 583,
        626, 628, -1, 583, 581, 628, 630, -1,
        581, 579, 630, 675, 632, 676, 634, 677,
        636, 461, 638, 459, 678, 455, 640, -1,
        638, 678, 640, -1, 461, 677, 463, 573,
        571, -1, 463, 571, 465, 467, -1, 573,
        677, 575, 676, 577, 675, 579, -1, 612,
        610, 614, 679, 616, 680, 618, 681, 682,
        609, 683, 608, 684, 607, 619, -1, 684,
        619, 683, 682, -1, 682, 619, 618, -1,
        681, 680, 609, 679, 610, -1, 471, 572,
        473, 574, 685, 686, 687, 688, 689, 690,
        691, 692, 483, 693, 485, 694, 487, 695,
        696, 697, 698, 699, 700, 701, 702, 703,
        704, 705, 706, 707, 708, 709, 710, 711,
        712, 713, 714, 715, 716, 717, 718, 719,
        720, 721, 722, 723, 724, 725, 726, 727,
        728, 729, 730, 731, 352, 350, -1, 352,
        354, 730, 728, -1, 354, 356, 728, 726,
        -1, 356, 358, 726, 732, 724, 733, 734,
        735, 736, 737, 738, 739, 740, 741, 742,
        503, 743, 501, 744, 745, 708, 746, 706,
        495, 493, -1, 706, 493, 704, 491, 702,
        700, -1, 491, 489, 700, 698, -1, 698,
        489, 696, 487, -1, 495, 746, 497, 745,
        499, 501, -1, 708, 710, 744, 747, 743,
        742, -1, 503, 741, 505, 748, 286, 368,
        -1, 741, 739, 748, 368, -1, 368, 739,
        366, 737, 364, 735, 362, 733, 360, 732,
        358, -1, 724, 734, 722, 749, 720, 718,
        -1, 725, 723, 727, 750, 729, 751, 752,
        753, 754, 755, 756, 757, 758, 759, 760,
        761, 762, 763, 764, 765, 766, 767, 768,
        769, 770, 771, 772, 773, 774, 775, 776,
        777, 778, 779, 780, 781, 782, 783, 784,
        785, 786, 787, 788, 789, 790, 791, 792,
        793, 794, 795, 796, 797, 798, 799, 800,
        801, 802, 803, 804, 805, 806, 807, 808,
        809, 810, 811, 812, 813, 814, 815, 816,
        817, 818, 819, 820, 821, 822, 823, 824,
        825, 826, 827, 828, 829, 830, 831, 832,
        833, 834, 835, 836, 837, 838, 839, 840,
        841, 842, 843, 844, 845, 846, 692, 690,
        -1, 692, 845, 693, 694, -1, 845, 843,
        694, 695, -1, 843, 841, 695, 839, 697,
        847, 699, 848, 849, 850, 851, 852, 853,
        854, 855, 856, 857, 858, 859, 860, 861,
        862, 863, 864, 865, 866, 867, 868, 869,
        870, 871, 872, 873, 874, 875, 763, 761,
        -1, 699, 849, 701, 876, 703, 877, 705,
        878, 707, 709, -1, 849, 851, 876, 877,
        -1, 839, 837, 847, 835, 848, 879, 850,
        880, 852, 854, -1, 835, 833, 879, 831,
        880, 881, 854, 882, 856, 858, -1, 831,
        829, 881, 883, 882, 884, 885, 886, 860,
        862, -1, 860, 858, 885, 882, -1, 829,
        827, 883, 884, -1, 827, 825, 884, 887,
        886, 888, 889, 890, 891, 892, 866, 893,
        868, 894, 870, 895, 872, 896, 874, 897,
        898, 899, 765, 767, -1, 765, 763, 898,
        874, -1, 866, 864, 891, 889, -1, 864,
        862, 889, 886, -1, 825, 823, 887, 888,
        -1, 823, 821, 888, 890, -1, 821, 819,
        890, 900, 892, 901, 893, 902, 894, 903,
        895, 904, 896, 905, 897, 906, 899, 907,
        767, 769, -1, 819, 817, 900, 901, -1,
        817, 815, 901, 908, 902, 909, 903, 910,
        904, 905, -1, 815, 813, 908, 911, 909,
        912, 910, 913, 905, 906, -1, 813, 811,
        911, 914, 912, 915, 913, 916, 906, 917,
        918, 919, 920, 921, 922, 923, 924, 925,
        926, 771, 769, -1, 769, 907, 926, 918,
        927, 920, 922, -1, 918, 907, 906, -1,
        922, 924, 927, 926, -1, 811, 809, 914,
        928, 915, 929, 916, 930, 917, 919, -1,
        809, 807, 928, 931, 929, 932, 930, 933,
        934, 935, 936, 937, 921, 923, -1, 921,
        919, 936, 930, 934, -1, 807, 805, 931,
        938, 932, 939, 940, 785, 941, 783, 935,
        781, 937, 779, 923, 777, 942, 775, 773,
        -1, 935, 933, 941, 932, 940, -1, 803,
        801, 805, 938, -1, 793, 791, 795, 943,
        797, 799, -1, 799, 943, 801, 944, 945,
        785, 939, -1, 939, 938, 945, 801, -1,
        785, 944, 787, 791, 789, -1, 791, 944,
        943, -1, 729, 752, 731, 946, 947, 948,
        348, 346, -1, 348, 350, 947, 731, -1,
        752, 754, 946, 949, 948, 950, 346, 344,
        -1, 754, 756, 949, 951, 950, 952, 344,
        342, -1, 756, 758, 951, 953, 952, 954,
        955, 956, 340, 338, -1, 340, 342, 955,
        952, -1, 758, 760, 953, 954, -1, 723,
        721, 750, 957, 958, 959, 960, 961, 962,
        963, 964, 965, 966, 873, 875, -1, 875,
        761, 966, 759, 964, 757, 962, 755, 960,
        753, 958, 751, 750, -1, 873, 965, 871,
        967, 869, 968, 867, 865, -1, 965, 963,
        967, 969, 968, 970, 865, 971, 863, 972,
        861, 859, -1, 963, 961, 969, 959, 973,
        974, 975, 976, 977, 719, 978, 717, 979,
        715, 980, 713, 981, 982, 983, 984, 853,
        985, 851, 877, -1, 877, 985, 878, 986,
        709, 711, -1, 985, 984, 986, 982, 711,
        713, -1, 853, 855, 983, 857, 981, 987,
        980, 979, -1, 979, 987, 978, 988, 977,
        972, 971, -1, 977, 971, 975, 970, 973,
        969, -1, 972, 988, 859, 857, -1, 988,
        987, 857, -1, 719, 976, 721, 957, -1,
        976, 974, 957, 959, -1, 483, 481, 691,
        479, 477, -1, 691, 477, 689, 687, -1,
        477, 475, 687, 685, -1, 685, 475, 473,
        -1, 574, 576, 686, 989, 688, 990, 690,
        846, -1, 576, 578, 989, 580, 991, 992,
        993, 994, 846, 844, -1, 846, 990, 993,
        991, -1, 991, 990, 989, -1, 580, 582,
        992, 995, 994, 996, 844, 842, -1, 582,
        584, 995, 586, 997, 588, 998, 999, 1000,
        1001, 1002, 1003, 1004, 1005, 1006, 1007, 832,
        830, -1, 830, 1007, 828, 1008, 1009, 1010,
        1011, 1012, 1013, 1014, 1015, 1016, 1017, 1018,
        1019, 1020, 1021, 602, 603, -1, 602, 1020,
        600, 1018, 1022, 1023, 1024, 1025, 1026, 1027,
        1028, 1029, 1005, 1007, -1, 1007, 1029, 1008,
        1010, -1, 1010, 1029, 1012, 1027, 1014, 1025,
        1016, 1023, 1018, -1, 1005, 1003, 1028, 1030,
        1026, 1031, 1024, 1032, 1033, 594, 596, -1,
        596, 598, 1033, 1022, 1024, -1, 600, 1022,
        598, -1, 594, 1032, 592, 1031, 1034, 1030,
        1001, 1003, -1, 1001, 999, 1034, 590, 592,
        -1, 590, 999, 588, -1, 828, 1009, 826,
        1035, 824, 822, -1, 1009, 1011, 1035, 1036,
        1037, 1038, 1039, 1040, 1041, 1042, 1043, 1044,
        1045, 1046, 1047, 1048, 1049, 1050, 1051, 1052,
        1053, 1054, 1055, 1056, 1057, 1058, 1059, 1060,
        1061, 1062, 1063, 1064, 1065, 1066, 1067, 1068,
        1069, 1070, 1071, 1072, 1073, 1074, 1075, 1076,
        1077, 1078, 1079, 1080, 1081, 1082, 1083, 1084,
        1085, 1086, 1087, 1088, 1089, 1090, 1091, 1092,
        1093, 1094, 1095, -1, 1094, 1092, 1096, 1097,
        457, 1098, 456, 1099, 454, 453, -1, 453,
        1099, 452, 369, -1, 369, 1099, 451, 1100,
        449, 1101, 447, 1102, 1103, 1104, 1105, 1084,
        1082, -1, 1084, 1104, 1086, 1106, 1107, 1108,
        1109, 1098, 1097, -1, 1086, 1107, 1088, 1109,
        1090, 1097, 1092, -1, 1104, 1102, 1106, 1101,
        1108, 1100, 1098, 1099, -1, 447, 1103, 445,
        443, -1, 1075, 1077, 1073, 1110, 1111, 1112,
        1113, 1114, 1115, 1116, 1117, 1118, 1119, 1120,
        1057, 1121, 1055, 1122, 1123, 802, 1124, 804,
        1125, 806, 808, -1, 1055, 1123, 1053, 1124,
        1051, 1126, 1049, 1127, 1047, 1128, 1045, 1129,
        1043, 1130, 1041, 818, 820, -1, 1041, 820,
        1039, 1037, -1, 820, 822, 1037, 1035, -1,
        818, 1130, 816, 814, -1, 1130, 1129, 814,
        812, -1, 1129, 1128, 812, 810, -1, 1128,
        1127, 810, 1126, 808, 1125, -1, 1126, 1124,
        1125, -1, 1057, 1059, 1119, 1117, -1, 1059,
        1061, 1117, 1115, -1, 1073, 1111, 1071, 1131,
        1069, 1067, -1, 1067, 1131, 1065, 1132, 1063,
        1061, -1, 1061, 1132, 1115, 1113, -1, 1132,
        1131, 1113, 1111, -1, 832, 834, 1006, 1004,
        -1, 995, 997, 996, 1133, 842, 840, -1,
        840, 1133, 838, 1134, 1135, 1002, 1004, -1,
        1004, 834, 1135, 836, 838, -1, 1002, 1134,
        1000, 998, -1, 1134, 1133, 998, 997, -1,
        464, 466, 462, 1096, 458, 457, -1, 460,
        462, 458, -1, 1096, 466, 1094, 468, 1095,
        1136, 1137, 1138, 1139, 1140, 1141, 1142, 556,
        529, -1, 529, 1142, 1143, 1144, 1145, 1146,
        1147, 1148, 1149, 478, 480, -1, 478, 1148,
        476, 1150, 474, 1151, 472, 1152, 470, 468,
        -1, 468, 1152, 1136, 1153, 1154, 1151, 1155,
        1150, 1148, -1, 1151, 1153, 1152, -1, 1148,
        1146, 1155, 1156, 1157, 1138, 1154, 1136, -1,
        1155, 1157, 1154, -1, 1138, 1156, 1140, 1158,
        1144, 1146, -1, 1146, 1158, 1156, -1, 1144,
        1142, 1140, -1, 1143, 1145, 529, 527, -1,
        1145, 1147, 527, 1149, 1159, 480, 1160, 482,
        1161, 484, 1162, 486, 558, -1, 527, 1159,
        525, 1163, 523, 1164, 521, 1165, 519, 566,
        -1, 566, 1165, 564, 1166, 562, 560, -1,
        1165, 1164, 1166, 1167, 560, 558, -1, 558,
        1167, 1162, 1161, -1, 1164, 1163, 1167, 1161,
        -1, 1161, 1163, 1160, 1159, -1, 802, 1122,
        1168, 1169, 798, 796, -1, 798, 800, 1168,
        802, -1, 1122, 1121, 1169, 1170, 1171, 794,
        796, -1, 1169, 1171, 796, -1, 1121, 1120,
        1170, 1172, 1173, 1174, 1175, 1176, 1177, 1178,
        1179, 1118, 1116, -1, 1178, 1176, 1118, 1120,
        -1, 1120, 1176, 1172, 1174, -1, 1170, 1173,
        794, 1180, 792, 1181, 790, 1182, 788, 1183,
        1184, 1185, 1186, 1187, 1188, 778, 780, -1,
        780, 782, 1188, 1189, 1186, 1184, -1, 782,
        784, 1189, 786, 1184, 788, -1, 1173, 1175,
        1180, 1190, 1181, 1191, 1192, 1193, 1194, 1195,
        1196, 1197, 1198, 1199, 1200, 1201, 1202, 1203,
        1204, 1205, 1206, 1207, 1208, 1209, 1210, 1211,
        1212, 1213, 1214, 1215, 1216, 1217, 1218, 1219,
        1220, 1221, 1222, 1223, 1224, 1225, 1226, 1227,
        1228, 1229, 1230, 1231, 1232, 1233, 1234, 1235,
        1236, 1237, 1238, 1087, 1089, -1, 1087, 1237,
        1085, 1235, 1239, 1233, 1231, -1, 1231, 1229,
        1239, 1083, 1085, -1, 1083, 1229, 1081, 1240,
        1079, 1077, -1, 1229, 1227, 1240, 1241, 1242,
        1243, 1244, 1245, 1246, 1247, 1248, 1249, 1250,
        1251, 1252, 1253, 1254, 1255, 1205, 1207, -1,
        1240, 1242, 1077, 1110, -1, 1242, 1244, 1110,
        1112, -1, 1244, 1246, 1112, 1256, 1257, 1258,
        1259, 1260, 1261, 1262, 1263, 1264, 1199, 1265,
        1201, 1266, 1203, 1267, 1205, 1254, -1, 1267,
        1266, 1254, 1252, -1, 1264, 1262, 1265, 1268,
        1266, 1269, 1252, 1250, -1, 1269, 1268, 1250,
        1270, 1271, 1272, 1248, 1256, 1246, -1, 1248,
        1250, 1271, -1, 1256, 1272, 1258, 1270, 1262,
        1268, -1, 1258, 1262, 1260, -1, 1112, 1257,
        1114, 1116, -1, 1116, 1257, 1179, 1259, 1273,
        1274, 1275, 1276, 1193, 1197, 1195, -1, 1193,
        1191, 1275, 1175, 1273, 1177, 1179, -1, 1175,
        1191, 1190, -1, 1259, 1261, 1274, 1277, 1276,
        1278, 1197, 1199, -1, 1278, 1277, 1199, 1263,
        -1, 1263, 1277, 1261, -1, 1227, 1225, 1241,
        1223, 1279, 1221, 1280, 1281, 1243, 1245, -1,
        1280, 1243, 1279, 1241, -1, 1230, 1232, 1228,
        1226, -1, 1200, 1202, 1198, 1282, 1196, 1283,
        1284, 1285, 1286, 1287, 1185, 1187, -1, 1185,
        1183, 1286, 1288, 1284, 1194, 1196, -1, 1194,
        1288, 1192, 1289, 1181, 1182, -1, 1289, 1288,
        1182, 1183, -1, 1187, 1287, 1290, 1291, 778,
        1292, 776, 1293, 774, 1294, 1295, 1296, 1297,
        1298, 1299, 1300, 1301, 1302, 1303, 1304, 1305,
        1306, 1307, 1308, 1309, 1310, 1311, 1312, 1313,
        1314, 1315, 1316, 317, 315, -1, 1290, 778,
        1187, -1, 317, 319, 1315, 1317, 1313, 1318,
        1311, 1319, 1309, 1320, 1307, 1321, 1305, 1303,
        -1, 319, 321, 1317, 1322, 1323, 1324, 1325,
        1326, 1327, 1328, 1329, 1330, 1331, 1332, 1333,
        1334, 1335, 1336, 770, 768, -1, 770, 772,
        1335, 1337, 1338, 1339, 1333, 1340, 1331, 1341,
        1329, 1342, 1327, 1325, -1, 1338, 1333, 1335,
        -1, 772, 774, 1337, 1295, 1339, 1297, 1343,
        1344, 1345, 1346, 1347, 1320, 1319, -1, 1297,
        1299, 1344, 1301, 1348, 1303, 1321, -1, 1321,
        1320, 1348, 1346, 1344, -1, 1339, 1343, 1340,
        1341, -1, 1343, 1345, 1341, 1342, -1, 1345,
        1347, 1342, 1325, -1, 1325, 1347, 1323, 1319,
        1318, -1, 1318, 1317, 1323, -1, 321, 323,
        1322, 1324, -1, 323, 325, 1324, 1326, -1,
        325, 327, 1326, 1349, 1328, 1350, 1330, 1351,
        1332, 1352, 1353, 1354, 1355, 1356, 768, 766,
        -1, 768, 1336, 1355, 1334, 1353, 1332, -1,
        327, 329, 1349, 1357, 1350, 1358, 1359, 1360,
        1361, 1362, 1354, 1363, 1356, 1364, 766, 764,
        -1, 1354, 1352, 1361, 1359, -1, 1352, 1351,
        1359, 1350, -1, 329, 331, 1357, 1358, -1,
        331, 333, 1358, 1365, 1360, 1366, 1362, 1367,
        1368, 1369, 1370, 1371, 762, 760, -1, 760,
        1371, 954, 1369, 1372, 1367, 956, 1373, 338,
        336, -1, 1372, 956, 954, -1, 1367, 1366,
        1373, 1374, 336, 335, -1, 1366, 1365, 1374,
        335, -1, 333, 335, 1365, -1, 762, 764,
        1370, 1364, 1368, 1363, 1362, -1, 315, 1316,
        1375, 1314, 1376, 1312, 1377, 1310, 1378, 1308,
        1379, 1306, 1380, 1381, 1382, 1383, 1384, 1385,
        1386, 1387, 1388, 1389, 1390, 1391, 1392, 1393,
        1394, 549, 1395, -1, 549, 1393, 550, 1396,
        552, 1397, 535, 1398, 533, 1399, 556, 1400,
        1141, 1401, 1139, 1402, 1137, 1403, 1095, 1093,
        -1, 1393, 1391, 1396, 1389, 1404, 1387, 1405,
        1406, 1407, 1408, 1409, 1410, 1411, 1412, 1413,
        1302, 1300, -1, 1302, 1412, 1304, 1383, 1381,
        -1, 1306, 1304, 1381, -1, 1412, 1410, 1383,
        1414, 1385, 1406, 1387, -1, 1414, 1410, 1406,
        1408, -1, 1396, 1404, 1397, 1415, 1398, 1399,
        -1, 1404, 1405, 1415, 1416, 1417, 1418, 1419,
        1420, 1421, 1422, 1401, 1402, -1, 1402, 1422,
        1403, 1423, 1093, 1091, -1, 1091, 1423, 1089,
        1424, 1238, 1425, 1236, 1234, -1, 1401, 1400,
        1421, 1419, -1, 1400, 1399, 1419, 1417, -1,
        1399, 1415, 1417, -1, 1405, 1407, 1416, 1426,
        1418, 1427, 1420, 1428, 1422, 1423, -1, 1423,
        1428, 1424, 1425, -1, 1384, 1386, 1382, 1380,
        -1, 1386, 1388, 1380, 1390, 1379, 1429, 1378,
        1430, 1377, 1431, 1376, 1432, 1375, 313, 315,
        -1, 313, 1432, 311, 1433, 309, 1434, 308,
        1435, -1, 1390, 1392, 1429, 1436, 1430, 1437,
        1431, 1432, -1, 1432, 1437, 1433, 1434, -1,
        1434, 1437, 1438, 1439, 1440, 1395, -1, 1395,
        1439, 1394, 1392, -1, 1392, 1439, 1436, 1437,
        -1, 1440, 1435, 1438, 1434, -1, 1425, 1428,
        1441, 1427, 1442, 1426, 1443, 1444, 1409, 1407,
        -1, 1426, 1407, 1444, -1, 1425, 1441, 1234,
        1445, 1446, 1447, 1448, 1449, 1450, 1451, 1452,
        1453, 1212, 1210, -1, 1212, 1214, 1452, 1454,
        1455, 1216, 1448, 1456, 1446, 1232, 1234, -1,
        1216, 1454, 1214, -1, 1232, 1456, 1226, 1224,
        -1, 1224, 1456, 1222, 1220, -1, 1220, 1456,
        1218, 1216, -1, 1455, 1448, 1452, 1450, -1,
        1449, 1447, 1451, 1443, 1457, 1409, 1411, -1,
        1451, 1457, 1453, 1458, 1459, 1460, 1461, 1413,
        1462, 1463, 1464, 1465, 1466, 1467, 1468, 1296,
        1294, -1, 1296, 1467, 1298, 1463, 1300, 1413,
        -1, 1463, 1467, 1465, -1, 1460, 1458, 1413,
        1411, -1, 1411, 1458, 1457, -1, 1453, 1459,
        1210, 1469, 1470, 1471, 1472, 1473, 1474, 1475,
        1282, 1283, -1, 1282, 1202, 1474, 1204, 1472,
        1206, 1470, 1208, 1210, -1, 1443, 1447, 1442,
        1445, 1441, -1, 1283, 1475, 1476, 1477, 1478,
        1479, 1480, 1481, 1482, 1294, 1293, -1, 1293,
        1292, 1482, 1480, -1, 1292, 1291, 1480, 1478,
        -1, 1475, 1473, 1477, 1483, 1479, 1484, 1481,
        1485, 1294, 1486, 1487, 1488, 1489, 1469, 1466,
        1464, -1, 1466, 1468, 1489, 1487, -1, 1468,
        1294, 1487, -1, 1283, 1476, 1285, 1490, 1287,
        1291, -1, 1291, 1490, 1478, 1476, -1, 1469,
        1491, 1464, 1462, -1, 1462, 1491, 1461, 1459,
        -1, 1469, 1459, 1491, -1, 1488, 1492, 1469,
        1493, 1471, 1473, -1, 1493, 1492, 1473, 1494,
        1483, 1484, -1, 1484, 1494, 1485, 1495, 1486,
        1488, -1, 1488, 1495, 1492, 1494, -1, 1245,
        1281, 1496, 1497, 1498, 1499, 1500, 1249, 1247,
        -1, 1500, 1247, 1498, 1245, 1496, -1, 1249,
        1499, 1251, 1501, 1253, 1502, 1503, 1504, 1505,
        1506, 1213, 1215, -1, 1506, 1504, 1215, 1217,
        -1, 1213, 1211, 1505, 1507, 1503, 1508, 1253,
        1255, -1, 1508, 1507, 1255, 1207, -1, 1207,
        1507, 1209, 1211, -1, 1501, 1499, 1502, 1504,
        -1, 1504, 1499, 1217, 1219, -1, 1281, 1221,
        1497, 1509, 1499, 1219, -1, 1221, 1219, 1509,
        -1, 1103, 1510, 443, 1511, 441, 1512, 439,
        437, -1, 1512, 1513, 437, 1514, 435, 433,
        -1, 1514, 1515, 433, 431, -1, 1515, 1516,
        431, 429, -1, 1516, 1517, 429, 1518, 427,
        425, -1, 1518, 1519, 425, 423, -1, 1519,
        1520, 423, 1521, 421, 419, -1, 1521, 1522,
        419, 1523, 418, 416, -1, 1523, 1524, 416,
        414, -1, 1524, 1525, 414, 1526, 412, 1527,
        410, 1528, 408, 406, -1, 1528, 1529, 406,
        603, -1, 603, 1529, 1021, 1530, 1531, 1532,
        1533, 1534, 1535, 1536, 1537, 1538, 1040, 1042,
        -1, 1042, 1538, 1044, 1539, 1046, 1540, 1048,
        1541, 1050, 1542, 1543, 1544, 1545, 1546, 1547,
        1548, 1549, 1550, 1522, 1523, -1, 1522, 1521,
        1549, 1551, 1547, 1552, 1553, 1554, 1555, 1556,
        1557, 1558, 1559, 1560, 1060, 1062, -1, 1554,
        1552, 1556, 1561, 1562, 1518, 1563, 1517, 1516,
        -1, 1518, 1561, 1519, 1551, 1520, 1521, -1,
        1561, 1552, 1551, -1, 1556, 1562, 1558, 1563,
        1564, 1565, 1066, 1566, 1068, 1567, 1568, 1569,
        1076, 1570, 1078, 1571, 1080, 1572, 1082, 1105,
        -1, 1105, 1572, 1103, 1510, -1, 1572, 1571,
        1510, 1511, -1, 1571, 1570, 1511, 1512, -1,
        1512, 1570, 1513, 1569, 1567, -1, 1513, 1567,
        1514, 1515, -1, 1567, 1566, 1515, 1565, 1516,
        1563, -1, 1076, 1074, 1568, 1072, 1070, -1,
        1068, 1568, 1070, -1, 1066, 1064, 1564, 1062,
        1573, 1560, 1558, -1, 1558, 1564, 1573, -1,
        1547, 1553, 1545, 1574, 1575, 1056, 1054, -1,
        1054, 1052, 1575, 1543, 1545, -1, 1543, 1052,
        1050, -1, 1056, 1574, 1058, 1576, 1060, 1559,
        -1, 1559, 1576, 1557, 1555, -1, 1555, 1576,
        1553, 1574, -1, 1546, 1544, 1548, 1577, 1578,
        1579, 1580, 1581, 1524, 1525, -1, 1524, 1523,
        1580, 1550, 1578, 1548, -1, 1544, 1542, 1577,
        1582, 1579, 1583, 1584, 1585, 1586, 1587, 1588,
        1589, 1590, 1532, 1591, 1530, 1528, 1529, -1,
        1528, 1527, 1591, 1592, 1590, 1588, -1, 1527,
        1526, 1592, 1593, 1588, 1586, -1, 1532, 1589,
        1534, 1536, -1, 1579, 1584, 1581, 1594, 1525,
        1526, -1, 1526, 1594, 1593, 1586, -1, 1594,
        1584, 1586, -1, 1542, 1541, 1582, 1583, -1,
        1541, 1540, 1583, 1585, -1, 1540, 1539, 1585,
        1595, 1587, 1589, -1, 1589, 1595, 1536, 1538,
        -1, 1539, 1538, 1595, -1, 1021, 1531, 1019,
        1533, 1017, 1015, -1, 1015, 1533, 1596, 1535,
        1597, 1537, 1040, -1, 1040, 1038, 1597, 1598,
        1596, 1013, 1015, -1, 1013, 1598, 1011, 1036,
        -1, 1038, 1036, 1598, -1, 942, 773, 1599,
        771, 925, -1, 925, 923, 1599, 942, -1,
        718, 749, 1600, 734, 736, -1, 718, 1600,
        716, 1601, 1602, 1603, 1604, 742, 747, -1,
        747, 710, 1604, 712, 714, -1, 1604, 714,
        1602, 716, -1, 742, 1603, 740, 1601, 738,
        736, -1, 1600, 736, 1601, -1, 294, 1605,
        508, 510, -1, 510, 1605, 512, 1606, 1607,
        296, 298, -1, 298, 300, 1607, 1608, 1609,
        1610, 1611, 1612, 1613, 1614, 1615, 1616, 1617,
        1618, 1440, 1619, 1435, 1620, 1621, 1622, 304,
        1610, 302, 300, -1, 1608, 300, 1610, -1,
        1610, 1622, 1612, 1623, 1618, 1624, 1619, 1620,
        -1, 1624, 1623, 1620, 1622, -1, 1612, 1618,
        1614, 1616, -1, 304, 306, 1621, 308, 1435,
        -1, 1440, 1395, 1617, 1615, -1, 296, 1606,
        294, 1605, -1, 1395, 1625, 1615, 1626, 1627,
        547, 553, -1, 1626, 1625, 547, 549, -1,
        1395, 549, 1625, -1, 1615, 1627, 1613, 553,
        1628, 1629, 516, 518, -1, 1629, 553, 518,
        -1, 1613, 1628, 1611, 1630, 1609, 1631, 1607,
        512, -1, 512, 1631, 514, 1630, 516, 1628,
        -1, 552, 1632, 539, 537, -1, 537, 1632,
        535, 552, -1, 551, 541, 1633, 542, 544,
        -1, 1633, 544, 551, -1, 240, 242, 401,
        403, -1, 242, 245, 403, 405, -1, 245,
        247, 405, 407, -1, 247, 249, 407, 409,
        -1, 249, 251, 409, 411, -1, 411, 251,
        413, 253, 415, 255, 417, 257, 420, 259,
        422, 261, 424, 263, 426, 265, 428, 267,
        430, 269, 432, 434, -1, 269, 271, 434,
        436, -1, 271, 273, 436, 438, -1, 273,
        275, 438, 440, -1, 275, 277, 440, 442,
        -1, 277, 278, 442, 444, -1, 278, 281,
        444, 446, -1, 281, 282, 446, 448, -1,
        282, 285, 448, 450, -1, 285, 214, 450,
        370, -1, 370, 214, 372, 216, 374, 219,
        376, 221, 378, 223, 380, 225, 382, 227,
        384, 229, 387, 231, 389, 232, 391, 393,
        -1, 232, 235, 393, 395, -1, 235, 237,
        395, 397, -1, 237, 239, 397, 399, -1,
        239, 240, 399, 401, -1, 289, 1635, 291,
        293, -1, 293, 1635, 295, 297, -1, 297,
        1635, 299, 301, -1, 301, 1635, 303, 305,
        -1, 305, 1635, 307, 310, -1, 310, 1635,
        312, 314, -1, 314, 1635, 316, 318, -1,
        318, 1635, 320, 322, -1, 322, 1635, 324,
        326, -1, 326, 1635, 328, 330, -1, 330,
        1635, 332, 334, -1, 334, 1635, 337, 339,
        -1, 339, 1635, 341, 343, -1, 343, 1635,
        345, 347, -1, 347, 1635, 349, 351, -1,
        351, 1635, 353, 355, -1, 355, 1635, 357,
        359, -1, 359, 1635, 361, 363, -1, 363,
        1635, 365, 367, -1, 367, 1635, 287, 289,
        -1, 262, 260, 1634, 258, 256, -1, 256,
        254, 1634, 252, 250, -1, 250, 248, 1634,
        246, 244, -1, 244, 243, 1634, 241, 238,
        -1, 238, 236, 1634, 234, 233, -1, 233,
        230, 1634, 228, 226, -1, 226, 224, 1634,
        222, 220, -1, 220, 218, 1634, 217, 215,
        -1, 215, 284, 1634, 283, 280, -1, 280,
        279, 1634, 276, 274, -1, 274, 272, 1634,
        270, 268, -1, 268, 266, 1634, 264, 262,
        -1, 107, 5, 108, 7, 110, 9, 113,
        11, 115, 12, 117, 15, 119, 17, 120,
        19, 122, 21, 124, 126, -1, 21, 23,
        126, 128, -1, 23, 25, 128, 130, -1,
        25, 26, 130, 132, -1, 26, 29, 132,
        134, -1, 29, 30, 134, 136, -1, 30,
        33, 136, 139, -1, 33, 35, 139, 140,
        -1, 35, 36, 140, 142, -1, 36, 39,
        142, 144, -1, 39, 40, 144, 146, -1,
        146, 40, 148, 42, 150, 45, 152, 46,
        154, 48, 156, 50, 158, 53, 161, 54,
        162, 56, 164, 58, 166, 60, 168, 63,
        170, 173, -1, 63, 64, 173, 174, -1,
        64, 67, 174, 176, -1, 67, 68, 176,
        178, -1, 68, 71, 178, 180, -1, 71,
        72, 180, 182, -1, 72, 75, 182, 185,
        -1, 75, 76, 185, 186, -1, 76, 79,
        186, 188, -1, 79, 80, 188, 190, -1,
        80, 83, 190, 192, -1, 192, 83, 195,
        85, 197, 87, 199, 88, 201, 91, 203,
        93, 205, 95, 207, 96, 209, 99, 211,
        101, 213, 0, 103, 105, -1, 0, 2,
        105, 107, -1, 5, 107, 2, -1, 191,
        193, 82, 194, 84, 196, 86, 198, 89,
        200, 90, 202, 92, 204, 94, 206, 97,
        208, 98, 210, 100, 212, 1, 102, 104,
        -1, 1, 104, 3, 106, 4, 109, 6,
        111, 8, 112, 10, 114, 13, 116, 14,
        118, 16, 121, 18, 123, 20, 125, 127,
        -1, 20, 127, 22, 129, 24, 131, 27,
        133, 28, 135, 31, 137, 32, 138, 34,
        141, 37, 143, 38, 145, 41, 147, 149,
        -1, 41, 149, 43, 151, 44, 153, 47,
        155, 49, 157, 51, 159, 52, 160, 55,
        163, 57, 165, 59, 167, 61, 169, 62,
        171, 172, -1, 62, 172, 65, 175, 66,
        177, 69, 179, 70, 181, 73, 183, 74,
        184, 77, 187, 78, 189, 81, 191, 82,
        -1 ]
    materialIndex 0
    normalIndex [ 1793, 1781, 424, 425, -1, 425, 1781, 426,
        427, 428, 1780, -1, 422, 423, 424, 425,
        -1, 425, 423, 426, 427, 428, 429, -1,
        421, 419, 420, 418, -1, 419, 417, 418,
        416, -1, 417, 415, 416, 414, -1, 415,
        413, 414, 412, -1, 413, 411, 412, 410,
        -1, 411, 409, 410, 408, -1, 409, 407,
        408, 406, -1, 407, 405, 406, 404, -1,
        405, 403, 404, 402, -1, 403, 401, 402,
        400, -1, 401, 399, 400, 398, -1, 399,
        397, 398, 396, -1, 397, 395, 396, 394,
        -1, 395, 393, 394, 392, -1, 393, 391,
        392, 390, -1, 391, 389, 390, 388, -1,
        389, 387, 388, 385, -1, 387, 386, 385,
        384, 383, 382, 381, 380, 379, 378, 377,
        376, 375, 374, 373, 372, 371, 370, 369,
        368, 367, 366, 365, 364, 363, 362, 361,
        360, 359, 358, 357, 356, 355, 354, 352,
        353, 351, -1, 352, 351, 350, 349, 348,
        347, 346, 345, 344, 343, 342, 341, 340,
        339, 338, 337, -1, 336, 334, 335, 333,
        -1, 334, 332, 333, 331, -1, 332, 330,
        331, 329, -1, 330, 328, 329, 327, -1,
        328, 326, 327, 325, -1, 326, 324, 325,
        323, -1, 324, 322, 323, 321, -1, 322,
        320, 321, 319, -1, 320, 318, 319, 317,
        -1, 318, 316, 317, 315, -1, 316, 314,
        315, 313, -1, 314, 312, 313, 311, -1,
        312, 310, 311, 309, -1, 310, 308, 309,
        307, -1, 308, 306, 307, 305, -1, 306,
        304, 305, 303, -1, 304, 302, 303, 300,
        -1, 302, 301, 300, 299, 298, 297, 296,
        295, 294, 293, 292, 291, 290, 289, 288,
        287, 286, 285, 284, 283, 282, 281, 280,
        279, 278, 277, 276, 275, 273, 274, 272,
        -1, 273, 272, 271, 270, 269, 268, 267,
        266, 265, 264, 263, 262, 261, 260, 259,
        258, 257, 256, 255, 254, 253, 252, -1,
        251, 251, 250, 250, 249, -1, 250, 249,
        249, 247, -1, 249, 248, 247, 246, 246,
        245, -1, 246, 245, 245, 244, 243, 242,
        241, 240, 239, 238, 237, 236, 235, 234,
        233, 232, 231, 230, 229, 228, 227, 226,
        225, 224, 223, 222, 221, 220, 219, 218,
        217, 216, 215, 214, 213, 212, 212, 211,
        -1, 212, 210, 211, 209, -1, 210, 209,
        209, 208, 207, 206, 205, 204, 204, 203,
        -1, 204, 203, 203, 202, 201, 200, 199,
        198, 197, 196, 195, 194, 193, 192, 191,
        189, 190, 188, -1, 189, 188, 188, -1,
        187, 187, 186, 185, 184, 183, 182, 181,
        180, 179, 178, 177, 176, 175, 174, 173,
        172, 171, 170, 169, 168, 167, 166, 166,
        165, -1, 166, 165, 164, 163, 162, 161,
        160, 159, 159, 158, -1, 159, 158, 158,
        157, 156, 155, 154, 153, 152, 151, 150,
        149, 149, 148, -1, 149, 148, 148, 147,
        146, 145, 144, 143, 142, 141, 140, 138,
        139, 137, -1, 138, 137, 137, 136, 135,
        134, 133, 132, 131, 130, 129, 128, 127,
        126, 125, 124, 123, 122, 121, 120, 119,
        117, 118, 116, -1, 117, 116, 116, 115,
        114, 113, 112, 111, 110, 109, 108, 107,
        106, 105, 104, 103, 102, 101, 100, 98,
        99, 97, -1, 98, 96, 97, 95, -1,
        96, 94, 95, 93, -1, 94, 92, 93,
        90, -1, 92, 91, 90, 89, 88, 87,
        87, 86, -1, 87, 85, 86, 84, -1,
        85, 84, 84, -1, 83, 82, 83, 81,
        -1, 82, 80, 81, 79, -1, 80, 77,
        79, 78, -1, 78, 77, 75, 76, 74,
        -1, 75, 74, 73, 72, 71, 70, 70,
        68, -1, 70, 69, 68, 67, 66, 65,
        64, 62, 63, 61, -1, 62, 61, 61,
        59, 60, 58, -1, 59, 58, 58, 57,
        57, 56, -1, 57, 56, 56, 55, 55,
        53, -1, 55, 54, 53, 52, 52, 51,
        -1, 52, 51, 51, 50, 50, 49, -1,
        50, 48, 49, 47, -1, 48, 46, 47,
        45, -1, 46, 44, 45, 43, -1, 44,
        43, 43, 42, 42, 41, -1, 42, 40,
        41, 39, -1, 40, 38, 39, 36, -1,
        38, 37, 36, 35, 35, 34, -1, 35,
        33, 34, 32, -1, 33, 32, 32, 30,
        31, 29, -1, 30, 29, 29, 28, 27,
        25, 26, 23, -1, 25, 24, 23, 21,
        22, 20, -1, 21, 20, 20, 19, 18,
        17, 16, 15, 14, 13, 12, 11, 10,
        9, 9, 8, -1, 9, 8, 8, 7,
        6, 5, 4, 3, 2, 1, 1, 0,
        -1, 1, 0, 0, -1, 429, 427, 430,
        431, 432, 433, 434, 435, 436, 437, 438,
        439, 440, 441, 442, 443, 444, 445, 446,
        447, 448, 449, 450, 451, 452, 453, 454,
        455, 456, 457, 458, 459, 460, 461, 462,
        463, 464, 465, 466, 467, 468, 469, 470,
        471, 472, 473, 474, 475, 476, 477, 478,
        479, -1, 478, 480, 476, 481, 482, 483,
        484, 485, 486, 487, 488, 489, 490, 491,
        492, 493, 494, 495, 496, 497, 498, 499,
        500, 501, 502, 503, 504, 505, 506, 507,
        508, 509, 510, 511, 512, 513, 514, 515,
        516, 495, 517, 518, 519, 520, 521, 522,
        523, 524, 525, -1, 521, 523, 519, 525,
        526, 527, 516, 514, -1, 495, 493, 518,
        528, 520, 522, -1, 495, 515, 497, 513,
        499, 529, 501, 507, 503, 505, -1, 513,
        511, 529, 530, 507, 509, -1, 509, 530,
        511, -1, 508, 531, 506, 504, -1, 481,
        480, 483, 532, 533, -1, 476, 482, 474,
        472, -1, 460, 462, 458, 534, 535, 536,
        537, 538, 539, 540, 541, 542, 543, 492,
        494, -1, 492, 542, 490, 544, 488, 545,
        486, 470, 546, 472, 482, -1, 482, 484,
        546, 486, -1, 542, 540, 544, 545, -1,
        462, 464, 534, 536, -1, 464, 466, 536,
        538, -1, 466, 468, 538, 547, 540, 545,
        -1, 545, 547, 470, 468, -1, 441, 439,
        443, 548, 549, 550, 551, 552, 553, 554,
        555, 556, 557, 558, 559, 560, 561, 562,
        563, 564, 565, 566, 567, 568, 569, 570,
        571, 572, 573, 574, 575, 576, 577, 578,
        579, 580, 581, 582, 583, -1, 580, 578,
        584, 585, 586, 587, -1, 578, 576, 585,
        588, 587, 589, 590, 591, -1, 576, 574,
        588, 592, 589, 593, 591, 594, 595, 596,
        597, 598, 599, 600, 601, 602, 603, 604,
        570, 605, 572, 592, 574, -1, 570, 568,
        603, 606, 607, 608, 609, 610, 611, 612,
        613, 614, 615, 616, 617, 618, 619, 620,
        621, 622, 623, 624, 625, 626, 423, 427,
        -1, 423, 627, 625, 628, 623, 629, 621,
        630, 619, 631, 617, 632, 615, 633, 613,
        634, 611, 635, 609, 636, 601, 637, 599,
        638, 597, 595, -1, 595, 638, 639, 640,
        641, 642, 643, 644, 645, 636, 635, -1,
        641, 643, 639, 646, -1, 638, 637, 640,
        647, 642, 644, -1, 644, 647, 636, 637,
        -1, 609, 601, 607, 603, -1, 627, 648,
        628, 629, -1, 648, 649, 629, 630, -1,
        649, 650, 630, 651, 631, 632, -1, 650,
        652, 651, 653, 632, 654, 633, 655, 656,
        657, 658, 659, 660, 661, 662, 663, 664,
        665, 635, 645, -1, 645, 665, 643, 663,
        646, 659, 666, 657, 667, 654, 653, -1,
        653, 652, 667, -1, 655, 654, 657, -1,
        659, 663, 661, -1, 635, 634, 664, 662,
        -1, 662, 634, 660, 668, 658, 669, 656,
        633, -1, 633, 669, 634, 668, -1, 568,
        566, 606, 608, -1, 566, 564, 608, 610,
        -1, 564, 562, 610, 612, -1, 562, 560,
        612, 614, -1, 560, 558, 614, 616, -1,
        558, 556, 616, 670, 618, 671, 620, 672,
        622, 433, 624, 431, 673, 427, 626, -1,
        626, 624, 673, -1, 433, 672, 435, 550,
        548, -1, 435, 548, 437, 439, -1, 550,
        672, 552, 671, 554, 670, 556, -1, 598,
        596, 600, 674, 602, 675, 604, 676, 677,
        594, 678, 593, 679, 592, 605, -1, 679,
        605, 678, 677, -1, 604, 677, 605, -1,
        676, 675, 594, 674, 596, -1, 443, 549,
        445, 551, 680, 681, 682, 683, 684, 685,
        686, 687, 455, 688, 457, 689, 459, 690,
        691, 692, 693, 694, 695, 696, 697, 698,
        699, 700, 701, 702, 703, 704, 705, 706,
        707, 708, 709, 710, 711, 712, 713, 714,
        715, 716, 717, 718, 719, 720, 721, 722,
        723, 724, 725, 726, 727, 728, -1, 727,
        729, 725, 723, -1, 729, 730, 723, 721,
        -1, 730, 731, 721, 732, 719, 733, 734,
        735, 736, 737, 738, 739, 740, 741, 742,
        475, 743, 473, 744, 745, 703, 746, 701,
        467, 465, -1, 701, 465, 699, 463, 697,
        695, -1, 463, 461, 695, 693, -1, 693,
        461, 691, 459, -1, 467, 746, 469, 745,
        471, 473, -1, 703, 705, 744, 747, 743,
        742, -1, 475, 741, 477, 748, 479, 749,
        -1, 741, 739, 748, 749, -1, 749, 739,
        750, 737, 751, 735, 752, 733, 753, 732,
        731, -1, 719, 734, 717, 754, 715, 713,
        -1, 720, 718, 722, 755, 724, 756, 757,
        758, 759, 760, 761, 762, 763, 764, 765,
        766, 767, 768, 769, 770, 771, 772, 773,
        774, 775, 776, 777, 778, 779, 780, 781,
        782, 783, 784, 785, 786, 787, 788, 789,
        790, 791, 792, 793, 794, 795, 796, 797,
        798, 799, 800, 801, 802, 803, 804, 805,
        806, 807, 808, 809, 810, 811, 812, 813,
        814, 815, 816, 817, 818, 819, 820, 821,
        822, 823, 824, 825, 826, 827, 828, 829,
        830, 831, 832, 833, 834, 835, 836, 837,
        838, 839, 840, 841, 842, 843, 844, 845,
        846, 847, 848, 849, 850, 851, 687, 685,
        -1, 687, 850, 688, 689, -1, 850, 848,
        689, 690, -1, 848, 846, 690, 844, 692,
        852, 694, 853, 854, 855, 856, 857, 858,
        859, 860, 861, 862, 863, 864, 865, 866,
        867, 868, 869, 870, 871, 872, 873, 874,
        875, 876, 877, 878, 879, 880, 768, 766,
        -1, 694, 854, 696, 881, 698, 882, 700,
        883, 702, 704, -1, 854, 856, 881, 882,
        -1, 844, 842, 852, 840, 853, 884, 855,
        885, 857, 859, -1, 840, 838, 884, 836,
        885, 886, 859, 887, 861, 863, -1, 836,
        834, 886, 888, 887, 889, 890, 891, 865,
        867, -1, 865, 863, 890, 887, -1, 834,
        832, 888, 889, -1, 832, 830, 889, 892,
        891, 893, 894, 895, 896, 897, 871, 898,
        873, 899, 875, 900, 877, 901, 879, 902,
        903, 904, 770, 772, -1, 770, 768, 903,
        879, -1, 871, 869, 896, 894, -1, 869,
        867, 894, 891, -1, 830, 828, 892, 893,
        -1, 828, 826, 893, 895, -1, 826, 824,
        895, 905, 897, 906, 898, 907, 899, 908,
        900, 909, 901, 910, 902, 911, 904, 912,
        772, 774, -1, 824, 822, 905, 906, -1,
        822, 820, 906, 913, 907, 914, 908, 915,
        909, 910, -1, 820, 818, 913, 916, 914,
        917, 915, 918, 910, 911, -1, 818, 816,
        916, 919, 917, 920, 918, 921, 911, 922,
        923, 924, 925, 926, 927, 928, 929, 930,
        931, 776, 774, -1, 774, 912, 931, 923,
        932, 925, 927, -1, 911, 923, 912, -1,
        927, 929, 932, 931, -1, 816, 814, 919,
        933, 920, 934, 921, 935, 922, 924, -1,
        814, 812, 933, 936, 934, 937, 935, 938,
        939, 940, 941, 942, 926, 928, -1, 926,
        924, 941, 935, 939, -1, 812, 810, 936,
        943, 937, 944, 945, 790, 946, 788, 940,
        786, 942, 784, 928, 782, 947, 780, 778,
        -1, 940, 938, 946, 937, 945, -1, 808,
        806, 810, 943, -1, 798, 796, 800, 948,
        802, 804, -1, 804, 948, 806, 949, 950,
        790, 944, -1, 944, 943, 950, 806, -1,
        790, 949, 792, 796, 794, -1, 948, 796,
        949, -1, 724, 757, 726, 951, 952, 953,
        954, 955, -1, 954, 728, 952, 726, -1,
        757, 759, 951, 956, 953, 957, 955, 958,
        -1, 759, 761, 956, 959, 957, 960, 958,
        961, -1, 761, 763, 959, 962, 960, 963,
        964, 965, 966, 967, -1, 966, 961, 964,
        960, -1, 763, 765, 962, 963, -1, 718,
        716, 755, 968, 969, 970, 971, 972, 973,
        974, 975, 976, 977, 878, 880, -1, 880,
        766, 977, 764, 975, 762, 973, 760, 971,
        758, 969, 756, 755, -1, 878, 976, 876,
        978, 874, 979, 872, 870, -1, 976, 974,
        978, 980, 979, 981, 870, 982, 868, 983,
        866, 864, -1, 974, 972, 980, 970, 984,
        985, 986, 987, 988, 714, 989, 712, 990,
        710, 991, 708, 992, 993, 994, 995, 858,
        996, 856, 882, -1, 882, 996, 883, 997,
        704, 706, -1, 996, 995, 997, 993, 706,
        708, -1, 858, 860, 994, 862, 992, 998,
        991, 990, -1, 990, 998, 989, 999, 988,
        983, 982, -1, 988, 982, 986, 981, 984,
        980, -1, 983, 999, 864, 862, -1, 862,
        999, 998, -1, 714, 987, 716, 968, -1,
        987, 985, 968, 970, -1, 455, 453, 686,
        451, 449, -1, 686, 449, 684, 682, -1,
        449, 447, 682, 680, -1, 445, 680, 447,
        -1, 551, 553, 681, 1000, 683, 1001, 685,
        851, -1, 553, 555, 1000, 557, 1002, 1003,
        1004, 1005, 851, 849, -1, 851, 1001, 1004,
        1002, -1, 1000, 1002, 1001, -1, 557, 559,
        1003, 1006, 1005, 1007, 849, 847, -1, 559,
        561, 1006, 563, 1008, 565, 1009, 1010, 1011,
        1012, 1013, 1014, 1015, 1016, 1017, 1018, 837,
        835, -1, 835, 1018, 833, 1019, 1020, 1021,
        1022, 1023, 1024, 1025, 1026, 1027, 1028, 1029,
        1030, 1031, 1032, 579, 581, -1, 579, 1031,
        577, 1029, 1033, 1034, 1035, 1036, 1037, 1038,
        1039, 1040, 1016, 1018, -1, 1018, 1040, 1019,
        1021, -1, 1021, 1040, 1023, 1038, 1025, 1036,
        1027, 1034, 1029, -1, 1016, 1014, 1039, 1041,
        1037, 1042, 1035, 1043, 1044, 571, 573, -1,
        573, 575, 1044, 1033, 1035, -1, 575, 577,
        1033, -1, 571, 1043, 569, 1042, 1045, 1041,
        1012, 1014, -1, 1012, 1010, 1045, 567, 569,
        -1, 565, 567, 1010, -1, 833, 1020, 831,
        1046, 829, 827, -1, 1020, 1022, 1046, 1047,
        1048, 1049, 1050, 1051, 1052, 1053, 1054, 1055,
        1056, 1057, 1058, 1059, 1060, 1061, 1062, 1063,
        1064, 1065, 1066, 1067, 1068, 1069, 1070, 1071,
        1072, 1073, 1074, 1075, 1076, 1077, 1078, 1079,
        1080, 1081, 1082, 1083, 1084, 1085, 1086, 1087,
        1088, 1089, 1090, 1091, 1092, 1093, 1094, 1095,
        1096, 1097, 1098, 1099, 1100, 1101, 1102, 1103,
        1104, 1105, 1106, -1, 1105, 1103, 1107, 1108,
        1109, 1110, 1111, 1112, 1113, 1114, -1, 1114,
        1112, 1115, 1116, -1, 1116, 1112, 1117, 1118,
        1119, 1120, 1121, 1122, 1123, 1124, 1125, 1095,
        1093, -1, 1095, 1124, 1097, 1126, 1127, 1128,
        1129, 1110, 1108, -1, 1097, 1127, 1099, 1129,
        1101, 1108, 1103, -1, 1124, 1122, 1126, 1120,
        1128, 1118, 1110, 1112, -1, 1121, 1123, 1130,
        1131, -1, 1086, 1088, 1084, 1132, 1133, 1134,
        1135, 1136, 1137, 1138, 1139, 1140, 1141, 1142,
        1068, 1143, 1066, 1144, 1145, 807, 1146, 809,
        1147, 811, 813, -1, 1066, 1145, 1064, 1146,
        1062, 1148, 1060, 1149, 1058, 1150, 1056, 1151,
        1054, 1152, 1052, 823, 825, -1, 1052, 825,
        1050, 1048, -1, 825, 827, 1048, 1046, -1,
        823, 1152, 821, 819, -1, 1152, 1151, 819,
        817, -1, 1151, 1150, 817, 815, -1, 1150,
        1149, 815, 1148, 813, 1147, -1, 1147, 1148,
        1146, -1, 1068, 1070, 1141, 1139, -1, 1070,
        1072, 1139, 1137, -1, 1084, 1133, 1082, 1153,
        1080, 1078, -1, 1078, 1153, 1076, 1154, 1074,
        1072, -1, 1072, 1154, 1137, 1135, -1, 1154,
        1153, 1135, 1133, -1, 837, 839, 1017, 1015,
        -1, 1006, 1008, 1007, 1155, 847, 845, -1,
        845, 1155, 843, 1156, 1157, 1013, 1015, -1,
        1015, 839, 1157, 841, 843, -1, 1013, 1156,
        1011, 1009, -1, 1156, 1155, 1009, 1008, -1,
        436, 438, 434, 1158, 430, 429, -1, 430,
        432, 434, -1, 1158, 438, 1159, 440, 1160,
        1161, 1162, 1163, 1164, 1165, 1166, 1167, 531,
        504, -1, 504, 1167, 1168, 1169, 1170, 1171,
        1172, 1173, 1174, 450, 452, -1, 450, 1173,
        448, 1175, 446, 1176, 444, 1177, 442, 440,
        -1, 440, 1177, 1161, 1178, 1179, 1176, 1180,
        1175, 1173, -1, 1177, 1176, 1178, -1, 1173,
        1171, 1180, 1181, 1182, 1163, 1179, 1161, -1,
        1179, 1180, 1182, -1, 1163, 1181, 1165, 1183,
        1169, 1171, -1, 1181, 1171, 1183, -1, 1165,
        1169, 1167, -1, 1168, 1170, 504, 502, -1,
        1170, 1172, 502, 1174, 1184, 452, 1185, 454,
        1186, 456, 1187, 458, 535, -1, 502, 1184,
        500, 1188, 498, 1189, 496, 1190, 494, 543,
        -1, 543, 1190, 541, 1191, 539, 537, -1,
        1190, 1189, 1191, 1192, 537, 535, -1, 535,
        1192, 1187, 1186, -1, 1189, 1188, 1192, 1186,
        -1, 1186, 1188, 1185, 1184, -1, 807, 1144,
        1193, 1194, 803, 801, -1, 803, 805, 1193,
        807, -1, 1144, 1143, 1194, 1195, 1196, 799,
        801, -1, 801, 1194, 1196, -1, 1143, 1142,
        1195, 1197, 1198, 1199, 1200, 1201, 1202, 1203,
        1204, 1140, 1138, -1, 1203, 1201, 1140, 1142,
        -1, 1142, 1201, 1197, 1199, -1, 1195, 1198,
        799, 1205, 797, 1206, 795, 1207, 793, 1208,
        1209, 1210, 1211, 1212, 1213, 783, 785, -1,
        785, 787, 1213, 1214, 1211, 1209, -1, 787,
        789, 1214, 791, 1209, 793, -1, 1198, 1200,
        1205, 1215, 1206, 1216, 1217, 1218, 1219, 1220,
        1221, 1222, 1223, 1224, 1225, 1226, 1227, 1228,
        1229, 1230, 1231, 1232, 1233, 1234, 1235, 1236,
        1237, 1238, 1239, 1240, 1241, 1242, 1243, 1244,
        1245, 1246, 1247, 1248, 1249, 1250, 1251, 1252,
        1253, 1254, 1255, 1256, 1257, 1258, 1259, 1260,
        1261, 1262, 1263, 1098, 1100, -1, 1098, 1262,
        1096, 1260, 1264, 1258, 1256, -1, 1256, 1254,
        1264, 1094, 1096, -1, 1094, 1254, 1092, 1265,
        1090, 1088, -1, 1254, 1252, 1265, 1266, 1267,
        1268, 1269, 1270, 1271, 1272, 1273, 1274, 1275,
        1276, 1277, 1278, 1279, 1280, 1230, 1232, -1,
        1265, 1267, 1088, 1132, -1, 1267, 1269, 1132,
        1134, -1, 1269, 1271, 1134, 1281, 1282, 1283,
        1284, 1285, 1286, 1287, 1288, 1289, 1224, 1290,
        1226, 1291, 1228, 1292, 1230, 1279, -1, 1292,
        1291, 1279, 1277, -1, 1289, 1287, 1290, 1293,
        1291, 1294, 1277, 1275, -1, 1294, 1293, 1275,
        1295, 1296, 1297, 1273, 1281, 1271, -1, 1296,
        1273, 1275, -1, 1281, 1297, 1283, 1295, 1287,
        1293, -1, 1285, 1283, 1287, -1, 1134, 1282,
        1136, 1138, -1, 1138, 1282, 1204, 1284, 1298,
        1299, 1300, 1301, 1218, 1222, 1220, -1, 1218,
        1216, 1300, 1200, 1298, 1202, 1204, -1, 1215,
        1200, 1216, -1, 1284, 1286, 1299, 1302, 1301,
        1303, 1222, 1224, -1, 1303, 1302, 1224, 1288,
        -1, 1286, 1288, 1302, -1, 1252, 1250, 1266,
        1248, 1304, 1246, 1305, 1306, 1268, 1270, -1,
        1305, 1268, 1304, 1266, -1, 1255, 1257, 1253,
        1251, -1, 1225, 1227, 1223, 1307, 1221, 1308,
        1309, 1310, 1311, 1312, 1210, 1212, -1, 1210,
        1208, 1311, 1313, 1309, 1219, 1221, -1, 1219,
        1313, 1217, 1314, 1206, 1207, -1, 1314, 1313,
        1207, 1208, -1, 1212, 1312, 1315, 1316, 783,
        1317, 781, 1318, 779, 1319, 1320, 1321, 1322,
        1323, 1324, 1325, 1326, 1327, 1328, 1329, 1330,
        1331, 1332, 1333, 1334, 1335, 1336, 1337, 1338,
        1339, 1340, 1341, 1342, 1343, -1, 1212, 1315,
        783, -1, 1342, 1344, 1340, 1345, 1338, 1346,
        1336, 1347, 1334, 1348, 1332, 1349, 1330, 1328,
        -1, 1344, 1350, 1345, 1351, 1352, 1353, 1354,
        1355, 1356, 1357, 1358, 1359, 1360, 1361, 1362,
        1363, 1364, 1365, 775, 773, -1, 775, 777,
        1364, 1366, 1367, 1368, 1362, 1369, 1360, 1370,
        1358, 1371, 1356, 1354, -1, 1364, 1367, 1362,
        -1, 777, 779, 1366, 1320, 1368, 1322, 1372,
        1373, 1374, 1375, 1376, 1348, 1347, -1, 1322,
        1324, 1373, 1326, 1377, 1328, 1349, -1, 1349,
        1348, 1377, 1375, 1373, -1, 1368, 1372, 1369,
        1370, -1, 1372, 1374, 1370, 1371, -1, 1374,
        1376, 1371, 1354, -1, 1354, 1376, 1352, 1347,
        1346, -1, 1352, 1346, 1345, -1, 1350, 1378,
        1351, 1353, -1, 1378, 1379, 1353, 1355, -1,
        1379, 1380, 1355, 1381, 1357, 1382, 1359, 1383,
        1361, 1384, 1385, 1386, 1387, 1388, 773, 771,
        -1, 773, 1365, 1387, 1363, 1385, 1361, -1,
        1380, 1389, 1381, 1390, 1382, 1391, 1392, 1393,
        1394, 1395, 1386, 1396, 1388, 1397, 771, 769,
        -1, 1386, 1384, 1394, 1392, -1, 1384, 1383,
        1392, 1382, -1, 1389, 1398, 1390, 1391, -1,
        1398, 1399, 1391, 1400, 1393, 1401, 1395, 1402,
        1403, 1404, 1405, 1406, 767, 765, -1, 765,
        1406, 963, 1404, 1407, 1402, 965, 1408, 967,
        1409, -1, 963, 1407, 965, -1, 1402, 1401,
        1408, 1410, 1409, 1411, -1, 1401, 1400, 1410,
        1411, -1, 1400, 1399, 1411, -1, 767, 769,
        1405, 1397, 1403, 1396, 1395, -1, 1343, 1341,
        1412, 1339, 1413, 1337, 1414, 1335, 1415, 1333,
        1416, 1331, 1417, 1418, 1419, 1420, 1421, 1422,
        1423, 1424, 1425, 1426, 1427, 1428, 1429, 1430,
        1431, 1432, 1433, -1, 1432, 1430, 1434, 1435,
        1436, 1437, 1438, 1439, 1440, 1441, 1442, 1443,
        1444, 1445, 1446, 1447, 1448, 1449, 1106, 1104,
        -1, 1430, 1428, 1435, 1426, 1450, 1424, 1451,
        1452, 1453, 1454, 1455, 1456, 1457, 1458, 1459,
        1327, 1325, -1, 1327, 1458, 1329, 1420, 1418,
        -1, 1418, 1331, 1329, -1, 1458, 1456, 1420,
        1460, 1422, 1452, 1424, -1, 1460, 1456, 1452,
        1454, -1, 1435, 1450, 1437, 1461, 1439, 1441,
        -1, 1450, 1451, 1461, 1462, 1463, 1464, 1465,
        1466, 1467, 1468, 1445, 1447, -1, 1447, 1468,
        1449, 1469, 1104, 1102, -1, 1102, 1469, 1100,
        1470, 1263, 1471, 1261, 1259, -1, 1445, 1443,
        1467, 1465, -1, 1443, 1441, 1465, 1463, -1,
        1463, 1441, 1461, -1, 1451, 1453, 1462, 1472,
        1464, 1473, 1466, 1474, 1468, 1469, -1, 1469,
        1474, 1470, 1471, -1, 1421, 1423, 1419, 1417,
        -1, 1423, 1425, 1417, 1427, 1416, 1475, 1415,
        1476, 1414, 1477, 1413, 1478, 1412, 1479, 1343,
        -1, 1479, 1478, 1480, 1481, 1482, 1483, 1484,
        1485, -1, 1427, 1429, 1475, 1486, 1476, 1487,
        1477, 1478, -1, 1478, 1487, 1481, 1483, -1,
        1483, 1487, 1488, 1489, 1490, 1433, -1, 1433,
        1489, 1431, 1429, -1, 1429, 1489, 1486, 1487,
        -1, 1490, 1485, 1488, 1483, -1, 1471, 1474,
        1491, 1473, 1492, 1472, 1493, 1494, 1455, 1453,
        -1, 1494, 1472, 1453, -1, 1471, 1491, 1259,
        1495, 1496, 1497, 1498, 1499, 1500, 1501, 1502,
        1503, 1237, 1235, -1, 1237, 1239, 1502, 1504,
        1505, 1241, 1498, 1506, 1496, 1257, 1259, -1,
        1239, 1241, 1504, -1, 1257, 1506, 1251, 1249,
        -1, 1249, 1506, 1247, 1245, -1, 1245, 1506,
        1243, 1241, -1, 1505, 1498, 1502, 1500, -1,
        1499, 1497, 1501, 1493, 1507, 1455, 1457, -1,
        1501, 1507, 1503, 1508, 1509, 1510, 1511, 1459,
        1512, 1513, 1514, 1515, 1516, 1517, 1518, 1321,
        1319, -1, 1321, 1517, 1323, 1513, 1325, 1459,
        -1, 1515, 1513, 1517, -1, 1510, 1508, 1459,
        1457, -1, 1507, 1457, 1508, -1, 1503, 1509,
        1235, 1519, 1520, 1521, 1522, 1523, 1524, 1525,
        1307, 1308, -1, 1307, 1227, 1524, 1229, 1522,
        1231, 1520, 1233, 1235, -1, 1493, 1497, 1492,
        1495, 1491, -1, 1308, 1525, 1526, 1527, 1528,
        1529, 1530, 1531, 1532, 1319, 1318, -1, 1318,
        1317, 1532, 1530, -1, 1317, 1316, 1530, 1528,
        -1, 1525, 1523, 1527, 1533, 1529, 1534, 1531,
        1535, 1319, 1536, 1537, 1538, 1539, 1519, 1516,
        1514, -1, 1516, 1518, 1539, 1537, -1, 1537,
        1518, 1319, -1, 1308, 1526, 1310, 1540, 1312,
        1316, -1, 1316, 1540, 1528, 1526, -1, 1519,
        1541, 1514, 1512, -1, 1512, 1541, 1511, 1509,
        -1, 1541, 1519, 1509, -1, 1538, 1542, 1519,
        1543, 1521, 1523, -1, 1543, 1542, 1523, 1544,
        1533, 1534, -1, 1534, 1544, 1535, 1545, 1536,
        1538, -1, 1538, 1545, 1542, 1544, -1, 1270,
        1306, 1546, 1547, 1548, 1549, 1550, 1274, 1272,
        -1, 1550, 1272, 1548, 1270, 1546, -1, 1274,
        1549, 1276, 1551, 1278, 1552, 1553, 1554, 1555,
        1556, 1238, 1240, -1, 1556, 1554, 1240, 1242,
        -1, 1238, 1236, 1555, 1557, 1553, 1558, 1278,
        1280, -1, 1558, 1557, 1280, 1232, -1, 1232,
        1557, 1234, 1236, -1, 1551, 1549, 1552, 1554,
        -1, 1554, 1549, 1242, 1244, -1, 1306, 1246,
        1547, 1559, 1549, 1244, -1, 1559, 1246, 1244,
        -1, 1123, 1560, 1131, 1561, 1562, 1563, 1564,
        1565, -1, 1563, 1566, 1565, 1567, 1568, 1569,
        -1, 1567, 1570, 1569, 1571, -1, 1570, 1572,
        1571, 1573, -1, 1572, 1574, 1573, 1575, 1576,
        1577, -1, 1575, 1578, 1577, 1579, -1, 1578,
        1580, 1579, 1581, 1582, 1583, -1, 1581, 1584,
        1583, 1585, 1586, 1587, -1, 1585, 1588, 1587,
        1589, -1, 1588, 1590, 1589, 1591, 1592, 1593,
        1594, 1595, 1596, 583, -1, 1595, 1597, 583,
        581, -1, 581, 1597, 1032, 1598, 1599, 1600,
        1601, 1602, 1603, 1604, 1605, 1606, 1051, 1053,
        -1, 1053, 1606, 1055, 1607, 1057, 1608, 1059,
        1609, 1061, 1610, 1611, 1612, 1613, 1614, 1615,
        1616, 1617, 1618, 1584, 1585, -1, 1584, 1581,
        1617, 1619, 1615, 1620, 1621, 1622, 1623, 1624,
        1625, 1626, 1627, 1628, 1071, 1073, -1, 1622,
        1620, 1624, 1629, 1630, 1575, 1631, 1574, 1572,
        -1, 1575, 1629, 1578, 1619, 1580, 1581, -1,
        1619, 1629, 1620, -1, 1624, 1630, 1626, 1631,
        1632, 1633, 1077, 1634, 1079, 1635, 1636, 1637,
        1087, 1638, 1089, 1639, 1091, 1640, 1093, 1125,
        -1, 1125, 1640, 1123, 1560, -1, 1640, 1639,
        1560, 1561, -1, 1639, 1638, 1561, 1563, -1,
        1563, 1638, 1566, 1637, 1635, -1, 1566, 1635,
        1567, 1570, -1, 1635, 1634, 1570, 1633, 1572,
        1631, -1, 1087, 1085, 1636, 1083, 1081, -1,
        1081, 1079, 1636, -1, 1077, 1075, 1632, 1073,
        1641, 1628, 1626, -1, 1641, 1626, 1632, -1,
        1615, 1621, 1613, 1642, 1643, 1067, 1065, -1,
        1065, 1063, 1643, 1611, 1613, -1, 1061, 1611,
        1063, -1, 1067, 1642, 1069, 1644, 1071, 1627,
        -1, 1627, 1644, 1625, 1623, -1, 1623, 1644,
        1621, 1642, -1, 1614, 1612, 1616, 1645, 1646,
        1647, 1648, 1649, 1588, 1590, -1, 1588, 1585,
        1648, 1618, 1646, 1616, -1, 1612, 1610, 1645,
        1650, 1647, 1651, 1652, 1653, 1654, 1655, 1656,
        1657, 1658, 1600, 1659, 1598, 1595, 1597, -1,
        1595, 1593, 1659, 1660, 1658, 1656, -1, 1593,
        1591, 1660, 1661, 1656, 1654, -1, 1600, 1657,
        1602, 1604, -1, 1647, 1652, 1649, 1662, 1590,
        1591, -1, 1591, 1662, 1661, 1654, -1, 1654,
        1662, 1652, -1, 1610, 1609, 1650, 1651, -1,
        1609, 1608, 1651, 1653, -1, 1608, 1607, 1653,
        1663, 1655, 1657, -1, 1657, 1663, 1604, 1606,
        -1, 1663, 1607, 1606, -1, 1032, 1599, 1030,
        1601, 1028, 1026, -1, 1026, 1601, 1664, 1603,
        1665, 1605, 1051, -1, 1051, 1049, 1665, 1666,
        1664, 1024, 1026, -1, 1024, 1666, 1022, 1047,
        -1, 1666, 1049, 1047, -1, 947, 778, 1667,
        776, 930, -1, 930, 928, 1667, 947, -1,
        713, 754, 1668, 734, 736, -1, 713, 1668,
        711, 1669, 1670, 1671, 1672, 742, 747, -1,
        747, 705, 1672, 707, 709, -1, 1672, 709,
        1670, 711, -1, 742, 1671, 740, 1669, 738,
        736, -1, 1669, 1668, 736, -1, 533, 1673,
        483, 485, -1, 485, 1673, 487, 1674, 1675,
        1676, 1677, -1, 1677, 1678, 1675, 1679, 1680,
        1681, 1682, 1683, 1684, 1685, 1686, 1687, 1688,
        1689, 1690, 1691, 1692, 1693, 1694, 1695, 1696,
        1681, 1697, 1678, -1, 1681, 1679, 1678, -1,
        1681, 1695, 1683, 1698, 1689, 1699, 1691, 1693,
        -1, 1699, 1698, 1693, 1695, -1, 1683, 1689,
        1685, 1687, -1, 1696, 1700, 1694, 1701, 1692,
        -1, 1690, 1702, 1688, 1686, -1, 1676, 1674,
        533, 1673, -1, 1702, 1703, 1686, 1704, 1705,
        522, 528, -1, 1704, 1703, 522, 524, -1,
        1703, 1702, 524, -1, 1686, 1705, 1684, 528,
        1706, 1707, 491, 493, -1, 493, 1707, 528,
        -1, 1684, 1706, 1682, 1708, 1680, 1709, 1675,
        487, -1, 487, 1709, 489, 1708, 491, 1706,
        -1, 527, 1710, 514, 512, -1, 512, 1710,
        510, 527, -1, 526, 516, 1711, 517, 519,
        -1, 526, 1711, 519, -1, 1780, 427, 430,
        431, 432, 433, 434, 435, 436, 437, 438,
        439, 440, 441, 442, 443, 444, 445, 1843,
        447, 448, 1839, 450, 451, 452, 453, 454,
        455, 456, 457, 458, 459, 460, 461, 462,
        463, 464, 465, 466, 467, 468, 469, 470,
        471, 472, 473, 474, 475, 476, 477, 478,
        479, -1, 478, 480, 476, 481, 482, 483,
        484, 485, 486, 487, 488, 489, 490, 1816,
        492, 493, 494, 495, 496, 497, 498, 499,
        500, 501, 1837, 503, 504, 505, 506, 507,
        1864, 509, 510, 1863, 512, 513, 514, 515,
        516, 495, 517, 518, 519, 520, 1862, 522,
        523, 524, 525, -1, 1862, 523, 519, 525,
        526, 527, 516, 514, -1, 495, 493, 518,
        528, 520, 522, -1, 495, 515, 497, 513,
        499, 529, 501, 507, 503, 505, -1, 513,
        1863, 529, 530, 507, 509, -1, 530, 1863,
        509, -1, 1864, 531, 506, 504, -1, 481,
        480, 483, 532, 533, -1, 476, 482, 474,
        472, -1, 460, 462, 458, 534, 535, 536,
        537, 538, 539, 540, 541, 542, 543, 492,
        494, -1, 492, 542, 490, 544, 488, 545,
        486, 470, 546, 472, 482, -1, 482, 484,
        546, 486, -1, 542, 540, 544, 545, -1,
        462, 464, 534, 536, -1, 464, 466, 536,
        538, -1, 466, 468, 538, 547, 540, 545,
        -1, 545, 547, 470, 468, -1, 441, 439,
        443, 548, 549, 550, 1842, 552, 553, 554,
        555, 556, 557, 558, 559, 560, 561, 562,
        563, 564, 565, 566, 567, 568, 569, 570,
        571, 572, 573, 574, 575, 576, 577, 578,
        579, 580, 581, 1823, 583, -1, 580, 578,
        584, 585, 586, 587, -1, 578, 576, 585,
        588, 587, 589, 590, 591, -1, 576, 574,
        588, 592, 589, 593, 591, 594, 595, 596,
        597, 598, 599, 600, 601, 602, 603, 604,
        570, 605, 572, 592, 574, -1, 570, 568,
        603, 1836, 607, 608, 609, 610, 611, 612,
        613, 614, 615, 616, 1841, 618, 619, 620,
        621, 622, 623, 624, 625, 626, 1781, 427,
        -1, 1781, 1782, 625, 628, 623, 1844, 621,
        630, 619, 631, 1841, 632, 615, 633, 613,
        634, 611, 635, 609, 636, 601, 637, 599,
        638, 597, 595, -1, 595, 638, 639, 640,
        641, 642, 643, 644, 645, 636, 635, -1,
        641, 643, 639, 646, -1, 638, 637, 640,
        647, 642, 644, -1, 644, 647, 636, 637,
        -1, 609, 601, 607, 603, -1, 1782, 648,
        628, 1844, -1, 648, 649, 1844, 630, -1,
        649, 650, 630, 651, 631, 632, -1, 650,
        652, 651, 653, 632, 654, 633, 655, 656,
        657, 658, 659, 660, 661, 662, 663, 664,
        665, 635, 645, -1, 645, 665, 643, 663,
        646, 659, 666, 657, 667, 654, 653, -1,
        652, 667, 653, -1, 654, 657, 655, -1,
        663, 661, 659, -1, 635, 634, 664, 662,
        -1, 662, 634, 660, 668, 658, 669, 656,
        633, -1, 633, 669, 634, 668, -1, 568,
        566, 1836, 608, -1, 566, 564, 608, 610,
        -1, 564, 562, 610, 612, -1, 562, 560,
        612, 614, -1, 560, 558, 614, 616, -1,
        558, 556, 616, 670, 618, 671, 620, 672,
        622, 433, 624, 431, 673, 427, 626, -1,
        624, 673, 626, -1, 433, 672, 435, 550,
        548, -1, 435, 548, 437, 439, -1, 550,
        672, 552, 671, 554, 670, 556, -1, 598,
        596, 600, 674, 602, 675, 604, 676, 677,
        594, 678, 593, 679, 592, 605, -1, 679,
        605, 678, 677, -1, 677, 605, 604, -1,
        676, 675, 594, 674, 596, -1, 443, 549,
        445, 1842, 680, 681, 682, 683, 684, 685,
        686, 687, 455, 688, 457, 689, 459, 690,
        691, 692, 693, 694, 695, 696, 697, 1810,
        699, 700, 1805, 702, 703, 704, 705, 706,
        707, 708, 709, 710, 711, 712, 713, 714,
        715, 716, 717, 1855, 719, 720, 721, 722,
        723, 724, 725, 726, 727, 728, -1, 727,
        729, 725, 723, -1, 729, 730, 723, 721,
        -1, 730, 731, 721, 732, 719, 733, 734,
        735, 736, 737, 738, 739, 740, 741, 742,
        475, 743, 473, 744, 745, 703, 746, 1805,
        467, 465, -1, 1805, 465, 699, 463, 697,
        695, -1, 463, 461, 695, 693, -1, 693,
        461, 691, 459, -1, 467, 746, 469, 745,
        471, 473, -1, 703, 705, 744, 747, 743,
        742, -1, 475, 741, 477, 748, 479, 749,
        -1, 741, 739, 748, 749, -1, 749, 739,
        750, 737, 751, 735, 752, 733, 753, 732,
        731, -1, 719, 734, 717, 754, 715, 713,
        -1, 720, 1855, 722, 755, 724, 756, 757,
        758, 759, 1847, 761, 762, 763, 764, 765,
        1838, 767, 768, 769, 770, 771, 772, 773,
        774, 775, 776, 777, 778, 779, 780, 781,
        782, 783, 784, 785, 1852, 787, 788, 789,
        790, 791, 792, 793, 794, 795, 796, 797,
        798, 799, 800, 801, 802, 803, 804, 805,
        806, 807, 808, 809, 810, 811, 1858, 813,
        814, 815, 1785, 817, 818, 819, 820, 821,
        822, 823, 824, 825, 826, 827, 828, 829,
        830, 831, 832, 833, 834, 835, 836, 1818,
        838, 839, 840, 841, 842, 843, 844, 845,
        846, 847, 848, 849, 850, 851, 687, 685,
        -1, 687, 850, 688, 689, -1, 850, 848,
        689, 690, -1, 848, 846, 690, 844, 692,
        852, 694, 853, 854, 1813, 856, 1807, 858,
        859, 860, 861, 862, 863, 864, 865, 866,
        867, 868, 869, 870, 871, 872, 873, 874,
        875, 876, 877, 878, 879, 880, 768, 1838,
        -1, 694, 854, 696, 881, 1810, 882, 700,
        883, 702, 704, -1, 854, 856, 881, 882,
        -1, 844, 842, 852, 840, 853, 884, 1813,
        885, 1807, 859, -1, 840, 838, 884, 836,
        885, 886, 859, 887, 861, 863, -1, 836,
        834, 886, 888, 887, 889, 890, 891, 865,
        867, -1, 865, 863, 890, 887, -1, 834,
        832, 888, 889, -1, 832, 830, 889, 892,
        891, 893, 894, 895, 896, 897, 871, 898,
        873, 899, 875, 1853, 877, 901, 879, 902,
        903, 904, 770, 772, -1, 770, 768, 903,
        879, -1, 871, 869, 896, 894, -1, 869,
        867, 894, 891, -1, 830, 828, 892, 893,
        -1, 828, 826, 893, 895, -1, 826, 824,
        895, 905, 897, 906, 898, 907, 899, 1859,
        1853, 909, 901, 910, 902, 911, 904, 912,
        772, 774, -1, 824, 822, 905, 906, -1,
        822, 820, 906, 913, 907, 914, 1859, 915,
        909, 910, -1, 820, 818, 913, 916, 914,
        917, 915, 918, 910, 911, -1, 818, 1785,
        916, 919, 917, 1857, 918, 921, 911, 922,
        923, 924, 925, 926, 927, 928, 929, 930,
        931, 776, 774, -1, 774, 912, 931, 923,
        932, 925, 927, -1, 923, 912, 911, -1,
        927, 929, 932, 931, -1, 1785, 814, 919,
        933, 1857, 934, 921, 935, 922, 924, -1,
        814, 1858, 933, 936, 934, 937, 935, 938,
        939, 940, 941, 942, 926, 928, -1, 926,
        924, 941, 935, 939, -1, 1858, 810, 936,
        943, 937, 944, 945, 790, 946, 788, 940,
        1852, 942, 784, 928, 782, 947, 780, 778,
        -1, 940, 938, 946, 937, 945, -1, 808,
        806, 810, 943, -1, 798, 796, 800, 948,
        802, 804, -1, 804, 948, 806, 949, 950,
        790, 944, -1, 944, 943, 950, 806, -1,
        790, 949, 792, 796, 794, -1, 796, 949,
        948, -1, 724, 757, 726, 951, 952, 953,
        954, 1830, -1, 954, 728, 952, 726, -1,
        757, 759, 951, 956, 953, 957, 1830, 1826,
        -1, 759, 761, 956, 959, 957, 960, 1826,
        961, -1, 761, 763, 959, 962, 960, 963,
        964, 965, 966, 967, -1, 966, 961, 964,
        960, -1, 763, 765, 962, 963, -1, 1855,
        716, 755, 968, 969, 970, 971, 972, 1850,
        974, 975, 976, 977, 878, 880, -1, 880,
        1838, 977, 764, 975, 762, 1850, 1847, 971,
        758, 969, 756, 755, -1, 878, 976, 876,
        978, 874, 979, 872, 870, -1, 976, 974,
        978, 980, 979, 1784, 870, 982, 868, 983,
        866, 864, -1, 974, 972, 980, 970, 984,
        985, 986, 987, 988, 714, 989, 712, 1789,
        710, 991, 708, 992, 993, 994, 995, 858,
        996, 856, 882, -1, 882, 996, 883, 997,
        704, 706, -1, 996, 995, 997, 993, 706,
        708, -1, 858, 860, 994, 862, 992, 998,
        991, 1789, -1, 1789, 998, 989, 1788, 988,
        983, 982, -1, 988, 982, 986, 1784, 984,
        980, -1, 983, 1788, 864, 862, -1, 1788,
        998, 862, -1, 714, 987, 716, 968, -1,
        987, 985, 968, 970, -1, 455, 453, 686,
        451, 1839, -1, 686, 1839, 684, 682, -1,
        1839, 447, 682, 680, -1, 680, 447, 445,
        -1, 1842, 553, 681, 1000, 683, 1001, 685,
        851, -1, 553, 555, 1000, 557, 1002, 1003,
        1004, 1005, 851, 849, -1, 851, 1001, 1004,
        1002, -1, 1002, 1001, 1000, -1, 557, 559,
        1003, 1006, 1005, 1007, 849, 847, -1, 559,
        561, 1006, 563, 1008, 565, 1009, 1010, 1011,
        1012, 1013, 1014, 1015, 1016, 1017, 1018, 1818,
        835, -1, 835, 1018, 833, 1019, 1020, 1021,
        1814, 1023, 1024, 1025, 1026, 1027, 1028, 1029,
        1030, 1031, 1032, 579, 581, -1, 579, 1031,
        577, 1029, 1033, 1034, 1035, 1036, 1037, 1038,
        1039, 1040, 1016, 1018, -1, 1018, 1040, 1019,
        1021, -1, 1021, 1040, 1023, 1038, 1025, 1036,
        1027, 1034, 1029, -1, 1016, 1014, 1039, 1041,
        1037, 1042, 1035, 1043, 1044, 571, 573, -1,
        573, 575, 1044, 1033, 1035, -1, 577, 1033,
        575, -1, 571, 1043, 569, 1042, 1045, 1041,
        1012, 1014, -1, 1012, 1010, 1045, 567, 569,
        -1, 567, 1010, 565, -1, 833, 1020, 831,
        1046, 829, 827, -1, 1020, 1814, 1046, 1047,
        1048, 1804, 1050, 1800, 1052, 1053, 1054, 1055,
        1791, 1057, 1058, 1059, 1060, 1061, 1062, 1063,
        1064, 1065, 1066, 1067, 1068, 1069, 1070, 1071,
        1072, 1073, 1074, 1075, 1076, 1077, 1078, 1079,
        1080, 1081, 1082, 1083, 1084, 1085, 1086, 1087,
        1088, 1089, 1090, 1091, 1092, 1093, 1094, 1095,
        1096, 1097, 1098, 1099, 1100, 1827, 1102, 1103,
        1104, 1105, 1106, -1, 1105, 1103, 1825, 1108,
        1109, 1110, 1111, 1112, 1113, 1114, -1, 1114,
        1112, 1115, 1116, -1, 1116, 1112, 1117, 1118,
        1119, 1120, 1121, 1122, 1123, 1124, 1125, 1095,
        1093, -1, 1095, 1124, 1097, 1126, 1127, 1834,
        1129, 1110, 1108, -1, 1097, 1127, 1099, 1129,
        1827, 1108, 1103, -1, 1124, 1122, 1126, 1120,
        1834, 1118, 1110, 1112, -1, 1121, 1123, 1130,
        1131, -1, 1086, 1088, 1084, 1132, 1133, 1134,
        1135, 1136, 1137, 1786, 1139, 1140, 1141, 1142,
        1068, 1143, 1066, 1144, 1145, 807, 1146, 809,
        1147, 811, 813, -1, 1066, 1145, 1064, 1146,
        1062, 1148, 1060, 1149, 1058, 1150, 1791, 1151,
        1054, 1152, 1052, 823, 825, -1, 1052, 825,
        1050, 1048, -1, 825, 827, 1048, 1046, -1,
        823, 1152, 821, 819, -1, 1152, 1151, 819,
        817, -1, 1151, 1150, 817, 815, -1, 1150,
        1149, 815, 1148, 813, 1147, -1, 1148, 1146,
        1147, -1, 1068, 1070, 1141, 1139, -1, 1070,
        1072, 1139, 1137, -1, 1084, 1133, 1082, 1153,
        1080, 1078, -1, 1078, 1153, 1076, 1154, 1074,
        1072, -1, 1072, 1154, 1137, 1135, -1, 1154,
        1153, 1135, 1133, -1, 1818, 839, 1017, 1015,
        -1, 1006, 1008, 1007, 1155, 847, 845, -1,
        845, 1155, 843, 1156, 1157, 1013, 1015, -1,
        1015, 839, 1157, 841, 843, -1, 1013, 1156,
        1011, 1009, -1, 1156, 1155, 1009, 1008, -1,
        436, 438, 434, 1158, 430, 1780, -1, 432,
        434, 430, -1, 1158, 438, 1159, 440, 1160,
        1870, 1869, 1163, 1868, 1165, 1166, 1866, 531,
        504, -1, 504, 1866, 1168, 1867, 1865, 1171,
        1172, 1173, 1174, 450, 452, -1, 450, 1173,
        448, 1840, 1843, 1176, 444, 1177, 442, 440,
        -1, 440, 1177, 1870, 1178, 1179, 1176, 1180,
        1840, 1173, -1, 1176, 1178, 1177, -1, 1173,
        1171, 1180, 1181, 1182, 1163, 1179, 1870, -1,
        1180, 1182, 1179, -1, 1163, 1181, 1165, 1183,
        1867, 1171, -1, 1171, 1183, 1181, -1, 1867,
        1866, 1165, -1, 1168, 1865, 504, 1837, -1,
        1865, 1172, 1837, 1174, 1184, 452, 1185, 454,
        1186, 456, 1187, 458, 535, -1, 1837, 1184,
        500, 1188, 498, 1189, 496, 1190, 494, 543,
        -1, 543, 1190, 541, 1191, 539, 537, -1,
        1190, 1189, 1191, 1192, 537, 535, -1, 535,
        1192, 1187, 1186, -1, 1189, 1188, 1192, 1186,
        -1, 1186, 1188, 1185, 1184, -1, 807, 1144,
        1193, 1194, 803, 801, -1, 803, 805, 1193,
        807, -1, 1144, 1143, 1194, 1195, 1196, 799,
        801, -1, 1194, 1196, 801, -1, 1143, 1142,
        1195, 1197, 1198, 1856, 1200, 1201, 1202, 1203,
        1204, 1140, 1786, -1, 1203, 1201, 1140, 1142,
        -1, 1142, 1201, 1197, 1856, -1, 1195, 1198,
        799, 1205, 797, 1206, 795, 1207, 793, 1208,
        1209, 1210, 1211, 1212, 1213, 783, 785, -1,
        785, 787, 1213, 1214, 1211, 1209, -1, 787,
        789, 1214, 791, 1209, 793, -1, 1198, 1200,
        1205, 1215, 1206, 1216, 1217, 1218, 1219, 1220,
        1221, 1222, 1223, 1224, 1225, 1226, 1227, 1228,
        1229, 1230, 1231, 1232, 1233, 1234, 1235, 1236,
        1237, 1238, 1239, 1240, 1241, 1242, 1243, 1244,
        1245, 1246, 1247, 1248, 1249, 1250, 1251, 1252,
        1253, 1254, 1255, 1256, 1835, 1258, 1831, 1260,
        1261, 1262, 1263, 1098, 1100, -1, 1098, 1262,
        1096, 1260, 1264, 1258, 1256, -1, 1256, 1254,
        1264, 1094, 1096, -1, 1094, 1254, 1092, 1265,
        1090, 1088, -1, 1254, 1252, 1265, 1266, 1267,
        1268, 1269, 1270, 1271, 1272, 1273, 1274, 1275,
        1276, 1277, 1278, 1279, 1280, 1230, 1232, -1,
        1265, 1267, 1088, 1132, -1, 1267, 1269, 1132,
        1134, -1, 1269, 1271, 1134, 1281, 1282, 1283,
        1284, 1285, 1286, 1287, 1288, 1289, 1224, 1290,
        1226, 1291, 1228, 1292, 1230, 1279, -1, 1292,
        1291, 1279, 1277, -1, 1289, 1287, 1290, 1293,
        1291, 1294, 1277, 1275, -1, 1294, 1293, 1275,
        1295, 1296, 1297, 1273, 1281, 1271, -1, 1273,
        1275, 1296, -1, 1281, 1297, 1283, 1295, 1287,
        1293, -1, 1283, 1287, 1285, -1, 1134, 1282,
        1136, 1786, -1, 1786, 1282, 1204, 1284, 1298,
        1299, 1300, 1301, 1218, 1222, 1220, -1, 1218,
        1216, 1300, 1200, 1298, 1202, 1204, -1, 1200,
        1216, 1215, -1, 1284, 1286, 1299, 1302, 1301,
        1303, 1222, 1224, -1, 1303, 1302, 1224, 1288,
        -1, 1288, 1302, 1286, -1, 1252, 1250, 1266,
        1248, 1304, 1246, 1305, 1306, 1268, 1270, -1,
        1305, 1268, 1304, 1266, -1, 1255, 1835, 1253,
        1251, -1, 1225, 1227, 1223, 1307, 1221, 1308,
        1309, 1310, 1311, 1312, 1210, 1212, -1, 1210,
        1208, 1311, 1313, 1309, 1219, 1221, -1, 1219,
        1313, 1217, 1314, 1206, 1207, -1, 1314, 1313,
        1207, 1208, -1, 1212, 1312, 1315, 1316, 783,
        1849, 781, 1318, 779, 1319, 1320, 1321, 1322,
        1323, 1324, 1325, 1326, 1327, 1328, 1329, 1330,
        1331, 1332, 1333, 1334, 1803, 1336, 1337, 1798,
        1339, 1340, 1341, 1795, 1343, -1, 1315, 783,
        1212, -1, 1795, 1344, 1340, 1345, 1798, 1346,
        1336, 1347, 1334, 1348, 1332, 1349, 1330, 1328,
        -1, 1344, 1350, 1345, 1351, 1352, 1353, 1354,
        1355, 1356, 1357, 1358, 1359, 1360, 1361, 1362,
        1363, 1364, 1365, 775, 773, -1, 775, 777,
        1364, 1366, 1367, 1368, 1362, 1369, 1360, 1370,
        1358, 1371, 1356, 1354, -1, 1367, 1362, 1364,
        -1, 777, 779, 1366, 1320, 1368, 1322, 1372,
        1373, 1374, 1375, 1376, 1348, 1347, -1, 1322,
        1324, 1373, 1326, 1377, 1328, 1349, -1, 1349,
        1348, 1377, 1375, 1373, -1, 1368, 1372, 1369,
        1370, -1, 1372, 1374, 1370, 1371, -1, 1374,
        1376, 1371, 1354, -1, 1354, 1376, 1352, 1347,
        1346, -1, 1346, 1345, 1352, -1, 1350, 1378,
        1351, 1353, -1, 1378, 1379, 1353, 1355, -1,
        1379, 1380, 1355, 1381, 1357, 1382, 1359, 1383,
        1361, 1384, 1385, 1386, 1387, 1833, 773, 771,
        -1, 773, 1365, 1387, 1363, 1385, 1361, -1,
        1380, 1389, 1381, 1390, 1382, 1391, 1392, 1393,
        1394, 1395, 1386, 1396, 1833, 1832, 771, 769,
        -1, 1386, 1384, 1394, 1392, -1, 1384, 1383,
        1392, 1382, -1, 1389, 1808, 1390, 1391, -1,
        1808, 1399, 1391, 1400, 1393, 1822, 1395, 1402,
        1403, 1404, 1405, 1406, 767, 765, -1, 765,
        1406, 963, 1404, 1407, 1402, 965, 1408, 967,
        1409, -1, 1407, 965, 963, -1, 1402, 1822,
        1408, 1410, 1409, 1411, -1, 1822, 1400, 1410,
        1411, -1, 1399, 1411, 1400, -1, 767, 769,
        1405, 1832, 1403, 1396, 1395, -1, 1343, 1341,
        1412, 1339, 1413, 1337, 1414, 1803, 1801, 1333,
        1416, 1331, 1417, 1418, 1419, 1420, 1421, 1422,
        1783, 1424, 1425, 1426, 1802, 1799, 1429, 1430,
        1431, 1432, 1433, -1, 1432, 1430, 1434, 1435,
        1436, 1437, 1438, 1439, 1440, 1812, 1442, 1443,
        1444, 1445, 1446, 1447, 1448, 1449, 1106, 1104,
        -1, 1430, 1799, 1435, 1426, 1450, 1424, 1451,
        1452, 1453, 1845, 1455, 1456, 1821, 1458, 1459,
        1327, 1325, -1, 1327, 1458, 1329, 1420, 1418,
        -1, 1331, 1329, 1418, -1, 1458, 1456, 1420,
        1460, 1422, 1452, 1424, -1, 1460, 1456, 1452,
        1845, -1, 1435, 1450, 1437, 1461, 1439, 1812,
        -1, 1450, 1451, 1461, 1462, 1463, 1464, 1465,
        1466, 1817, 1468, 1445, 1447, -1, 1447, 1468,
        1449, 1469, 1104, 1102, -1, 1102, 1469, 1100,
        1470, 1263, 1471, 1261, 1831, -1, 1445, 1443,
        1817, 1465, -1, 1443, 1812, 1465, 1463, -1,
        1812, 1461, 1463, -1, 1451, 1453, 1462, 1472,
        1464, 1473, 1466, 1474, 1468, 1469, -1, 1469,
        1474, 1470, 1471, -1, 1421, 1783, 1419, 1417,
        -1, 1783, 1425, 1417, 1802, 1416, 1475, 1801,
        1476, 1414, 1477, 1413, 1478, 1412, 1479, 1343,
        -1, 1479, 1478, 1480, 1481, 1482, 1483, 1484,
        1485, -1, 1802, 1429, 1475, 1486, 1476, 1487,
        1477, 1478, -1, 1478, 1487, 1481, 1483, -1,
        1483, 1487, 1794, 1489, 1490, 1433, -1, 1433,
        1489, 1431, 1429, -1, 1429, 1489, 1486, 1487,
        -1, 1490, 1485, 1794, 1483, -1, 1471, 1474,
        1491, 1473, 1824, 1472, 1493, 1494, 1455, 1453,
        -1, 1472, 1453, 1494, -1, 1471, 1491, 1831,
        1495, 1496, 1828, 1498, 1499, 1500, 1501, 1829,
        1503, 1237, 1235, -1, 1237, 1239, 1829, 1504,
        1505, 1241, 1498, 1506, 1496, 1835, 1831, -1,
        1241, 1504, 1239, -1, 1835, 1506, 1251, 1249,
        -1, 1249, 1506, 1247, 1245, -1, 1245, 1506,
        1243, 1241, -1, 1505, 1498, 1829, 1500, -1,
        1499, 1828, 1501, 1493, 1507, 1455, 1821, -1,
        1501, 1507, 1503, 1508, 1509, 1510, 1511, 1459,
        1512, 1513, 1514, 1515, 1516, 1517, 1518, 1321,
        1319, -1, 1321, 1517, 1323, 1513, 1325, 1459,
        -1, 1513, 1517, 1515, -1, 1510, 1508, 1459,
        1821, -1, 1821, 1508, 1507, -1, 1503, 1509,
        1235, 1519, 1520, 1521, 1522, 1523, 1524, 1525,
        1307, 1308, -1, 1307, 1227, 1524, 1229, 1522,
        1231, 1520, 1233, 1235, -1, 1493, 1828, 1824,
        1495, 1491, -1, 1308, 1525, 1526, 1527, 1528,
        1529, 1530, 1531, 1532, 1319, 1318, -1, 1318,
        1849, 1532, 1530, -1, 1849, 1316, 1530, 1528,
        -1, 1525, 1523, 1527, 1533, 1529, 1534, 1531,
        1535, 1319, 1536, 1537, 1538, 1539, 1519, 1516,
        1514, -1, 1516, 1518, 1539, 1537, -1, 1518,
        1319, 1537, -1, 1308, 1526, 1310, 1540, 1312,
        1316, -1, 1316, 1540, 1528, 1526, -1, 1519,
        1846, 1514, 1512, -1, 1512, 1846, 1511, 1509,
        -1, 1519, 1509, 1846, -1, 1538, 1542, 1519,
        1543, 1521, 1523, -1, 1543, 1542, 1523, 1544,
        1533, 1534, -1, 1534, 1544, 1535, 1545, 1536,
        1538, -1, 1538, 1545, 1542, 1544, -1, 1270,
        1306, 1546, 1547, 1548, 1549, 1550, 1274, 1272,
        -1, 1550, 1272, 1548, 1270, 1546, -1, 1274,
        1549, 1276, 1551, 1278, 1552, 1553, 1848, 1555,
        1556, 1238, 1240, -1, 1556, 1848, 1240, 1242,
        -1, 1238, 1236, 1555, 1557, 1553, 1558, 1278,
        1280, -1, 1558, 1557, 1280, 1232, -1, 1232,
        1557, 1234, 1236, -1, 1551, 1549, 1552, 1848,
        -1, 1848, 1549, 1242, 1244, -1, 1306, 1246,
        1547, 1559, 1549, 1244, -1, 1246, 1244, 1559,
        -1, 1123, 1560, 1131, 1561, 1562, 1563, 1564,
        1565, -1, 1563, 1566, 1565, 1567, 1568, 1569,
        -1, 1567, 1570, 1569, 1571, -1, 1570, 1572,
        1571, 1573, -1, 1572, 1574, 1573, 1575, 1576,
        1577, -1, 1575, 1578, 1577, 1579, -1, 1578,
        1580, 1579, 1581, 1582, 1583, -1, 1581, 1584,
        1583, 1585, 1586, 1587, -1, 1585, 1796, 1587,
        1797, -1, 1796, 1590, 1797, 1591, 1592, 1811,
        1594, 1595, 1596, 583, -1, 1595, 1819, 583,
        581, -1, 581, 1819, 1032, 1598, 1599, 1600,
        1601, 1602, 1603, 1604, 1605, 1606, 1800, 1053,
        -1, 1053, 1606, 1055, 1607, 1057, 1608, 1059,
        1609, 1061, 1610, 1787, 1612, 1613, 1614, 1615,
        1616, 1617, 1618, 1584, 1585, -1, 1584, 1581,
        1617, 1619, 1615, 1620, 1621, 1622, 1623, 1624,
        1625, 1626, 1627, 1628, 1071, 1073, -1, 1622,
        1620, 1624, 1629, 1779, 1575, 1631, 1574, 1572,
        -1, 1575, 1629, 1578, 1619, 1580, 1581, -1,
        1629, 1620, 1619, -1, 1624, 1779, 1626, 1631,
        1632, 1633, 1077, 1634, 1079, 1854, 1636, 1851,
        1087, 1638, 1089, 1639, 1091, 1640, 1093, 1125,
        -1, 1125, 1640, 1123, 1560, -1, 1640, 1639,
        1560, 1561, -1, 1639, 1638, 1561, 1563, -1,
        1563, 1638, 1566, 1851, 1854, -1, 1566, 1854,
        1567, 1570, -1, 1854, 1634, 1570, 1633, 1572,
        1631, -1, 1087, 1085, 1636, 1083, 1081, -1,
        1079, 1636, 1081, -1, 1077, 1075, 1632, 1073,
        1641, 1628, 1626, -1, 1626, 1632, 1641, -1,
        1615, 1621, 1613, 1642, 1643, 1067, 1065, -1,
        1065, 1063, 1643, 1787, 1613, -1, 1787, 1063,
        1061, -1, 1067, 1642, 1069, 1644, 1071, 1627,
        -1, 1627, 1644, 1625, 1623, -1, 1623, 1644,
        1621, 1642, -1, 1614, 1612, 1616, 1645, 1646,
        1647, 1648, 1649, 1796, 1590, -1, 1796, 1585,
        1648, 1618, 1646, 1616, -1, 1612, 1610, 1645,
        1650, 1647, 1792, 1652, 1653, 1654, 1655, 1656,
        1657, 1658, 1600, 1659, 1598, 1595, 1819, -1,
        1595, 1811, 1659, 1809, 1658, 1656, -1, 1811,
        1591, 1809, 1661, 1656, 1654, -1, 1600, 1657,
        1602, 1604, -1, 1647, 1652, 1649, 1662, 1590,
        1591, -1, 1591, 1662, 1661, 1654, -1, 1662,
        1652, 1654, -1, 1610, 1609, 1650, 1792, -1,
        1609, 1608, 1792, 1653, -1, 1608, 1607, 1653,
        1663, 1655, 1657, -1, 1657, 1663, 1604, 1606,
        -1, 1607, 1606, 1663, -1, 1032, 1599, 1030,
        1601, 1028, 1026, -1, 1026, 1601, 1664, 1603,
        1665, 1605, 1800, -1, 1800, 1804, 1665, 1666,
        1664, 1024, 1026, -1, 1024, 1666, 1814, 1047,
        -1, 1804, 1047, 1666, -1, 947, 778, 1667,
        776, 930, -1, 930, 928, 1667, 947, -1,
        713, 754, 1668, 734, 736, -1, 713, 1668,
        711, 1669, 1670, 1671, 1672, 742, 747, -1,
        747, 705, 1672, 707, 709, -1, 1672, 709,
        1670, 711, -1, 742, 1671, 740, 1669, 738,
        736, -1, 1668, 736, 1669, -1, 533, 1790,
        483, 485, -1, 485, 1790, 487, 1674, 1675,
        1676, 1677, -1, 1677, 1678, 1675, 1679, 1680,
        1681, 1682, 1683, 1684, 1685, 1860, 1687, 1688,
        1689, 1690, 1691, 1692, 1693, 1694, 1806, 1696,
        1681, 1697, 1678, -1, 1679, 1678, 1681, -1,
        1681, 1806, 1683, 1698, 1689, 1699, 1691, 1693,
        -1, 1699, 1698, 1693, 1806, -1, 1683, 1689,
        1685, 1687, -1, 1696, 1700, 1694, 1701, 1692,
        -1, 1690, 1702, 1688, 1860, -1, 1676, 1674,
        533, 1790, -1, 1702, 1703, 1860, 1704, 1861,
        522, 528, -1, 1704, 1703, 522, 524, -1,
        1702, 524, 1703, -1, 1860, 1861, 1684, 528,
        1815, 1820, 1816, 493, -1, 1820, 528, 493,
        -1, 1684, 1815, 1682, 1708, 1680, 1709, 1675,
        487, -1, 487, 1709, 489, 1708, 1816, 1815,
        -1, 527, 1710, 514, 512, -1, 512, 1710,
        510, 527, -1, 526, 516, 1711, 517, 519,
        -1, 1711, 519, 526, -1, 1772, 1736, 1735,
        1737, -1, 1736, 1738, 1737, 1739, -1, 1738,
        1740, 1739, 1741, -1, 1740, 1742, 1741, 1743,
        -1, 1742, 1744, 1743, 1745, -1, 1745, 1744,
        1746, 1747, 1748, 1749, 1750, 1751, 1752, 1753,
        1754, 1755, 1756, 1757, 1758, 1759, 1760, 1761,
        1762, 1763, 1764, 1765, -1, 1763, 1766, 1765,
        1767, -1, 1766, 1768, 1767, 1769, -1, 1768,
        1770, 1769, 1771, -1, 1770, 1772, 1771, 1735,
        -1, 1772, 1736, 1735, 1737, -1, 1736, 1738,
        1737, 1739, -1, 1738, 1740, 1739, 1741, -1,
        1740, 1742, 1741, 1743, -1, 1742, 1744, 1743,
        1745, -1, 1745, 1744, 1746, 1773, 1774, 1749,
        1750, 1751, 1752, 1753, 1754, 1755, 1775, 1776,
        1758, 1759, 1777, 1761, 1762, 1763, 1764, 1765,
        -1, 1763, 1766, 1765, 1778, -1, 1766, 1768,
        1778, 1769, -1, 1768, 1770, 1769, 1771, -1,
        1770, 1772, 1771, 1735, -1, 204, 204, 204,
        204, -1, 204, 204, 204, 204, -1, 204,
        204, 204, 204, -1, 204, 204, 204, 204,
        -1, 204, 204, 204, 204, -1, 204, 204,
        204, 204, -1, 204, 204, 204, 204, -1,
        204, 204, 204, 204, -1, 204, 204, 204,
        204, -1, 204, 204, 204, 204, -1, 204,
        204, 204, 204, -1, 204, 204, 204, 204,
        -1, 204, 204, 204, 204, -1, 204, 204,
        204, 204, -1, 204, 204, 204, 204, -1,
        204, 204, 204, 204, -1, 204, 204, 204,
        204, -1, 204, 204, 204, 204, -1, 204,
        204, 204, 204, -1, 204, 204, 204, 204,
        -1, 1731, 1713, 1715, 1714, 1716, -1, 1716,
        1717, 1715, 1718, 1719, -1, 1719, 1720, 1715,
        1721, 1722, -1, 1722, 1723, 1715, 1724, 1725,
        -1, 1725, 1726, 1715, 1727, 1728, -1, 1728,
        1729, 1715, 1730, 1731, -1, 1731, 1713, 1715,
        1714, 1716, -1, 1716, 1717, 1715, 1732, 1733,
        -1, 1733, 1734, 1715, 1721, 1722, -1, 1722,
        1723, 1715, 1724, 1725, -1, 1725, 1726, 1715,
        1727, 1728, -1, 1728, 1729, 1715, 1730, 1731,
        -1, 1712, 1712, 1712, 1712, 1712, 1712, 1712,
        1712, 1712, 1712, 1712, 1712, 1712, 1712, 1712,
        1712, 1712, 1712, 1712, 1712, -1, 1712, 1712,
        1712, 1712, -1, 1712, 1712, 1712, 1712, -1,
        1712, 1712, 1712, 1712, -1, 1712, 1712, 1712,
        1712, -1, 1712, 1712, 1712, 1712, -1, 1712,
        1712, 1712, 1712, -1, 1712, 1712, 1712, 1712,
        -1, 1712, 1712, 1712, 1712, -1, 1712, 1712,
        1712, 1712, -1, 1712, 1712, 1712, 1712, -1,
        1712, 1712, 1712, 1712, 1712, 1712, 1712, 1712,
        1712, 1712, 1712, 1712, 1712, 1712, 1712, 1712,
        1712, 1712, 1712, 1712, 1712, 1712, 1712, 1712,
        1712, 1712, -1, 1712, 1712, 1712, 1712, -1,
        1712, 1712, 1712, 1712, -1, 1712, 1712, 1712,
        1712, -1, 1712, 1712, 1712, 1712, -1, 1712,
        1712, 1712, 1712, -1, 1712, 1712, 1712, 1712,
        -1, 1712, 1712, 1712, 1712, -1, 1712, 1712,
        1712, 1712, -1, 1712, 1712, 1712, 1712, -1,
        1712, 1712, 1712, 1712, -1, 1712, 1712, 1712,
        1712, 1712, 1712, 1712, 1712, 1712, 1712, 1712,
        1712, 1712, 1712, 1712, 1712, 1712, 1712, 1712,
        1712, 1712, 1712, 1712, 1712, -1, 1712, 1712,
        1712, 1712, -1, 1712, 1712, 1712, -1, 204,
        204, 204, 204, 204, 204, 204, 204, 204,
        204, 204, 204, 204, 204, 204, 204, 204,
        204, 204, 204, 204, 204, 204, 204, 204,
        -1, 204, 204, 204, 204, 204, 204, 204,
        204, 204, 204, 204, 204, 204, 204, 204,
        204, 204, 204, 204, 204, 204, 204, 204,
        -1, 204, 204, 204, 204, 204, 204, 204,
        204, 204, 204, 204, 204, 204, 204, 204,
        204, 204, 204, 204, 204, 204, 204, 204,
        -1, 204, 204, 204, 204, 204, 204, 204,
        204, 204, 204, 204, 204, 204, 204, 204,
        204, 204, 204, 204, 204, 204, 204, 204,
        204, 204, -1, 204, 204, 204, 204, 204,
        204, 204, 204, 204, 204, 204, 204, 204,
        204, 204, 204, 204, 204, 204, 204, 204,
        -1 ]

  }
}

