#Inventor V2.1 ascii


DEF root Separator {

  DEF material VRMLAppearance {
    material 
    DEF color VRMLMaterial {
      diffuseColor 1 0.40000001 0

    }

  }
  USE color
  USE color
  IndexedTriangleStripSet {
    vertexProperty 
    VertexProperty {
      vertex [ -0.058000002 -0.0058000004 -0.1768,
          -0.058000002 -0.003 -0.1768,
          -0.061000004 -0.0058000004 -0.1768,
          -0.061000004 -0.003 -0.1768,
          -0.061000004 -0.0058000004 -0.17920002,
          -0.058000002 -0.0058000004 -0.17920002,
          -0.061000004 -0.0059788511 -0.1791866,
          -0.058000002 -0.0059788511 -0.1791866,
          -0.061000004 -0.0061537065 -0.17914668,
          -0.058000002 -0.0061537065 -0.17914668,
          -0.061000004 -0.0063206609 -0.17908119,
          -0.058000002 -0.0063206609 -0.17908119,
          -0.061000004 -0.0064759846 -0.17899153,
          -0.058000002 -0.0064759846 -0.17899153,
          -0.061000004 -0.0066162073 -0.17887965,
          -0.058000002 -0.0066162073 -0.17887965,
          -0.058000002 -0.006738198 -0.17874818,
          -0.061000004 -0.006738198 -0.17874818,
          -0.061000004 -0.0068392307 -0.17859998,
          -0.058000002 -0.0068392307 -0.17859998,
          -0.058000002 -0.0069170487 -0.17843843,
          -0.061000004 -0.0069170487 -0.17843843,
          -0.061000004 -0.0069699138 -0.17826703,
          -0.058000002 -0.0069699138 -0.17826703,
          -0.058000002 -0.0069966447 -0.17808966,
          -0.061000004 -0.0069966447 -0.17808966,
          -0.061000004 -0.0069966447 -0.17791034,
          -0.058000002 -0.0069966447 -0.17791034,
          -0.058000002 -0.0069699138 -0.17773297,
          -0.061000004 -0.0069699138 -0.17773297,
          -0.061000004 -0.0069170487 -0.1775616,
          -0.058000002 -0.0069170487 -0.1775616,
          -0.061000004 -0.0068392307 -0.17740004,
          -0.058000002 -0.0068392307 -0.17740004,
          -0.061000004 -0.006738198 -0.17725185,
          -0.058000002 -0.006738198 -0.17725185,
          -0.058000002 -0.0066162073 -0.17712037,
          -0.061000004 -0.0066162073 -0.17712037,
          -0.061000004 -0.0064759846 -0.17700849,
          -0.058000002 -0.0064759846 -0.17700849,
          -0.061000004 -0.0063206609 -0.17691883,
          -0.058000002 -0.0063206609 -0.17691883,
          -0.061000004 -0.0061537065 -0.17685334,
          -0.058000002 -0.0061537065 -0.17685334,
          -0.061000004 -0.0059788511 -0.17681342,
          -0.058000002 -0.0059788511 -0.17681342,
          -0.061000004 -0.003 -0.17920002,
          -0.058000002 -0.003 -0.17920002,
          -0.058000002 -0.00080000004 -0.16146669,
          -0.058000002 -0.00080000004 -0.16196668,
          -0.058000002 0.0057000001 -0.16146669,
          -0.058000002 0.0057000001 -0.16446668,
          -0.058000002 0.0097000003 -0.16966669,
          -0.058000002 0.0057000001 -0.16746669,
          -0.058000002 -0.009800001 -0.16746669,
          -0.058000002 -0.00205 -0.1644859,
          -0.058000002 -0.015300001 -0.16966669,
          -0.058000002 -0.009800001 -0.16446668,
          -0.058000002 -0.009800001 -0.16146669,
          -0.058000002 -0.0033000002 -0.16196668,
          -0.058000002 -0.0033000002 -0.16146669,
          -0.058000002 -0.015300001 -0.15566669,
          -0.058000002 -0.009800001 -0.1586667,
          -0.058000002 0.0097000003 -0.15566669,
          -0.058000002 0.0057000001 -0.1586667,
          -0.061000004 -0.00080000004 -0.16146669,
          -0.061000004 0.0057000001 -0.16146669,
          -0.061000004 -0.00080000004 -0.16196668,
          -0.061000004 0.0057000001 -0.16446668,
          -0.061000004 -0.00205 -0.1644859,
          -0.061000004 0.0057000001 -0.16746669,
          -0.061000004 -0.009800001 -0.16746669,
          -0.061000004 0.0097000003 -0.16966669,
          -0.061000004 -0.015300001 -0.16966669,
          -0.061000004 -0.009800001 -0.16446668,
          -0.061000004 -0.009800001 -0.16146669,
          -0.061000004 -0.0033000002 -0.16196668,
          -0.061000004 -0.0033000002 -0.16146669,
          -0.061000004 -0.015300001 -0.15566669,
          -0.061000004 -0.009800001 -0.1586667,
          -0.061000004 0.0097000003 -0.15566669,
          -0.061000004 0.0057000001 -0.1586667,
          0.058000002 -0.0058000004 -0.13320002,
          0.058000002 -0.003 -0.13320002,
          0.061000004 -0.0058000004 -0.13320002,
          0.061000004 -0.003 -0.13320002,
          0.061000004 -0.0058000004 -0.13079999,
          0.058000002 -0.0058000004 -0.13079999,
          0.061000004 -0.0059788511 -0.13081342,
          0.058000002 -0.0059788511 -0.13081342,
          0.061000004 -0.0061537065 -0.13085334,
          0.058000002 -0.0061537065 -0.13085334,
          0.061000004 -0.0063206609 -0.13091883,
          0.058000002 -0.0063206609 -0.13091883,
          0.061000004 -0.0064759846 -0.13100849,
          0.058000002 -0.0064759846 -0.13100849,
          0.061000004 -0.0066162073 -0.13112037,
          0.058000002 -0.0066162073 -0.13112037,
          0.058000002 -0.006738198 -0.13125184,
          0.061000004 -0.006738198 -0.13125184,
          0.061000004 -0.0068392307 -0.13140003,
          0.058000002 -0.0068392307 -0.13140003,
          0.058000002 -0.0069170487 -0.13156159,
          0.061000004 -0.0069170487 -0.13156159,
          0.061000004 -0.0069699138 -0.13173297,
          0.058000002 -0.0069699138 -0.13173297,
          0.058000002 -0.0069966447 -0.13191034,
          0.061000004 -0.0069966447 -0.13191034,
          0.061000004 -0.0069966447 -0.13208966,
          0.058000002 -0.0069966447 -0.13208966,
          0.058000002 -0.0069699138 -0.13226703,
          0.061000004 -0.0069699138 -0.13226703,
          0.061000004 -0.0069170487 -0.13243842,
          0.058000002 -0.0069170487 -0.13243842,
          0.061000004 -0.0068392307 -0.13259998,
          0.058000002 -0.0068392307 -0.13259998,
          0.061000004 -0.006738198 -0.13274817,
          0.058000002 -0.006738198 -0.13274817,
          0.058000002 -0.0066162073 -0.13287964,
          0.061000004 -0.0066162073 -0.13287964,
          0.061000004 -0.0064759846 -0.13299152,
          0.058000002 -0.0064759846 -0.13299152,
          0.061000004 -0.0063206609 -0.13308118,
          0.058000002 -0.0063206609 -0.13308118,
          0.061000004 -0.0061537065 -0.13314667,
          0.058000002 -0.0061537065 -0.13314667,
          0.061000004 -0.0059788511 -0.13318659,
          0.058000002 -0.0059788511 -0.13318659,
          0.061000004 -0.003 -0.13079999,
          0.058000002 -0.003 -0.13079999,
          0.058000002 -0.00080000004 -0.14853333,
          0.058000002 -0.00080000004 -0.14803334,
          0.058000002 0.0057000001 -0.14853333,
          0.058000002 0.0057000001 -0.14553334,
          0.058000002 0.0097000003 -0.14033332,
          0.058000002 0.0057000001 -0.14253333,
          0.058000002 -0.009800001 -0.14253333,
          0.058000002 -0.00205 -0.1455141,
          0.058000002 -0.015300001 -0.14033332,
          0.058000002 -0.009800001 -0.14553334,
          0.058000002 -0.009800001 -0.14853333,
          0.058000002 -0.0033000002 -0.14803334,
          0.058000002 -0.0033000002 -0.14853333,
          0.058000002 -0.015300001 -0.15433332,
          0.058000002 -0.009800001 -0.15133332,
          0.058000002 0.0097000003 -0.15433332,
          0.058000002 0.0057000001 -0.15133332,
          0.061000004 -0.00080000004 -0.14853333,
          0.061000004 0.0057000001 -0.14853333,
          0.061000004 -0.00080000004 -0.14803334,
          0.061000004 0.0057000001 -0.14553334,
          0.061000004 -0.00205 -0.1455141,
          0.061000004 0.0057000001 -0.14253333,
          0.061000004 -0.009800001 -0.14253333,
          0.061000004 0.0097000003 -0.14033332,
          0.061000004 -0.015300001 -0.14033332,
          0.061000004 -0.009800001 -0.14553334,
          0.061000004 -0.009800001 -0.14853333,
          0.061000004 -0.0033000002 -0.14803334,
          0.061000004 -0.0033000002 -0.14853333,
          0.061000004 -0.015300001 -0.15433332,
          0.061000004 -0.009800001 -0.15133332,
          0.061000004 0.0097000003 -0.15433332,
          0.061000004 0.0057000001 -0.15133332,
          0.058000002 -0.00080000004 -0.17920002,
          0.058000002 -0.00080000004 -0.17870001,
          0.058000002 0.0057000001 -0.17920002,
          0.058000002 0.0057000001 -0.17620002,
          0.058000002 0.0097000003 -0.171,
          0.058000002 0.0057000001 -0.17320003,
          0.058000002 -0.009800001 -0.17320003,
          0.058000002 -0.00205 -0.17618079,
          0.058000002 -0.015300001 -0.171,
          0.058000002 -0.009800001 -0.17620002,
          0.058000002 -0.009800001 -0.17920002,
          0.058000002 -0.0033000002 -0.17870001,
          0.058000002 -0.0033000002 -0.17920002,
          0.058000002 -0.015300001 -0.185,
          0.058000002 -0.009800001 -0.18200001,
          0.058000002 0.0097000003 -0.185,
          0.058000002 0.0057000001 -0.18200001,
          0.061000004 -0.00080000004 -0.17920002,
          0.061000004 0.0057000001 -0.17920002,
          0.061000004 -0.00080000004 -0.17870001,
          0.061000004 0.0057000001 -0.17620002,
          0.061000004 -0.00205 -0.17618079,
          0.061000004 0.0057000001 -0.17320003,
          0.061000004 -0.009800001 -0.17320003,
          0.061000004 0.0097000003 -0.171,
          0.061000004 -0.015300001 -0.171,
          0.061000004 -0.009800001 -0.17620002,
          0.061000004 -0.009800001 -0.17920002,
          0.061000004 -0.0033000002 -0.17870001,
          0.061000004 -0.0033000002 -0.17920002,
          0.061000004 -0.015300001 -0.185,
          0.061000004 -0.009800001 -0.18200001,
          0.061000004 0.0097000003 -0.185,
          0.061000004 0.0057000001 -0.18200001,
          -0.027347207 -0.0095000006 0.042358462,
          -0.032283846 -0.0095000006 0.038680542,
          -0.027347207 0.0075000003 0.042358462,
          -0.032283846 0.0075000003 0.038680542,
          -0.036731094 -0.0095000006 0.034423828,
          -0.036731094 0.0075000003 0.034423828,
          -0.04062153 0.0075000003 0.029652895,
          -0.04062153 -0.0095000006 0.029652895,
          -0.043896187 -0.0095000006 0.024440004,
          -0.043896187 0.0075000003 0.024440004,
          -0.046505425 -0.0095000006 0.018864259,
          -0.046505425 0.0075000003 0.018864259,
          -0.048409689 -0.0095000006 0.013010072,
          -0.048409689 0.0075000003 0.013010072,
          -0.049580112 -0.0095000006 0.0069662477,
          -0.049580112 0.0075000003 0.0069662477,
          -0.04999895 -0.0095000006 0.00082446291,
          -0.04999895 0.0075000003 0.00082446291,
          -0.049659852 0.0075000003 -0.0053223269,
          -0.049659852 -0.0095000006 -0.0053223269,
          -0.048567966 -0.0095000006 -0.011380799,
          -0.048567966 0.0075000003 -0.011380799,
          -0.046739835 -0.0095000006 -0.017259156,
          -0.046739835 0.0075000003 -0.017259156,
          -0.044203177 0.0075000003 -0.022868348,
          -0.044203177 -0.0095000006 -0.022868348,
          -0.040996447 -0.0095000006 -0.028123293,
          -0.040996447 0.0075000003 -0.028123293,
          -0.037168249 -0.0095000006 -0.032944277,
          -0.037168249 0.0075000003 -0.032944277,
          -0.03277662 0.0075000003 -0.037258364,
          -0.03277662 -0.0095000006 -0.037258364,
          -0.02788813 -0.0095000006 -0.041000001,
          -0.02788813 0.0075000003 -0.041000001,
          -0.022576882 0.0075000003 -0.044112612,
          -0.022576882 -0.0095000006 -0.044112612,
          -0.016923396 -0.0095000006 -0.046548892,
          -0.016923396 0.0075000003 -0.046548892,
          -0.011013365 -0.0095000006 -0.048271976,
          -0.011013365 0.0075000003 -0.048271976,
          -0.0049363845 0.0075000003 -0.04925574,
          -0.0049363845 -0.0095000006 -0.04925574,
          0.0012154268 0.0075000003 -0.049485233,
          0.0012154268 -0.0095000006 -0.049485233,
          0.007348814 -0.0095000006 -0.048957035,
          0.007348814 0.0075000003 -0.048957035,
          0.0133708 -0.0095000006 -0.047679078,
          0.0133708 0.0075000003 -0.047679078,
          0.019190099 -0.0095000006 -0.045670778,
          0.019190099 0.0075000003 -0.045670778,
          0.024718495 0.0075000003 -0.042962588,
          0.024718495 -0.0095000006 -0.042962588,
          0.029872185 -0.0095000006 -0.039595522,
          0.029872185 0.0075000003 -0.039595522,
          0.034573041 -0.0095000006 -0.03562073,
          0.034573041 0.0075000003 -0.03562073,
          0.038749807 0.0075000003 -0.031098329,
          0.038749807 -0.0095000006 -0.031098329,
          0.042339165 0.0075000003 -0.026096925,
          0.042339165 -0.0095000006 -0.026096925,
          0.045286704 -0.0095000006 -0.020692322,
          0.045286704 0.0075000003 -0.020692322,
          0.047547743 0.0075000003 -0.014966493,
          0.047547743 -0.0095000006 -0.014966493,
          0.049088005 -0.0095000006 -0.0090062264,
          0.049088005 0.0075000003 -0.0090062264,
          0.049884148 0.0075000003 -0.0029017946,
          0.049884148 -0.0095000006 -0.0029017946,
          0.049924091 -0.0095000006 0.0032541505,
          0.049924091 0.0075000003 0.0032541505,
          0.04920724 0.0075000003 0.0093683479,
          0.04920724 -0.0095000006 0.0093683479,
          0.047744457 -0.0095000006 0.015348145,
          0.047744457 0.0075000003 0.015348145,
          0.045557916 0.0075000003 0.021102846,
          0.045557916 -0.0095000006 0.021102846,
          0.042680766 -0.0095000006 0.026545228,
          0.042680766 0.0075000003 0.026545228,
          0.039156616 0.0075000003 0.031592775,
          0.039156616 -0.0095000006 0.031592775,
          0.035038892 -0.0095000006 0.036169007,
          0.035038892 0.0075000003 0.036169007,
          0.030390015 0.0075000003 0.040204469,
          0.030390015 -0.0095000006 0.040204469,
          0.025280453 -0.0095000006 0.043638125,
          0.025280453 0.0075000003 0.043638125,
          0.019787669 -0.0095000006 0.046417847,
          0.019787669 0.0075000003 0.046417847,
          0.013994924 -0.0095000006 0.048501465,
          0.013994924 0.0075000003 0.048501465,
          0.0079900296 -0.0095000006 0.049857486,
          0.0079900296 0.0075000003 0.049857486,
          0.0018640142 -0.0095000006 0.050465275,
          0.0018640142 0.0075000003 0.050465275,
          -0.0042902576 0.0075000003 0.050315615,
          -0.0042902576 -0.0095000006 0.050315615,
          -0.010379493 -0.0095000006 0.049410831,
          -0.010379493 0.0075000003 0.049410831,
          -0.016311387 0.0075000003 0.047764588,
          -0.016311387 -0.0095000006 0.047764588,
          -0.021996016 0.0075000003 0.045401856,
          -0.021996016 -0.0095000006 0.045401856,
          -0.032816648 -0.0095000006 0.050730165,
          -0.032816648 0.0075000003 0.050730165,
          -0.038234297 -0.0095000006 0.046739992,
          -0.038234297 0.0075000003 0.046739992,
          -0.04317113 -0.0095000006 0.042168397,
          -0.04317113 0.0075000003 0.042168397,
          -0.047565054 -0.0095000006 0.037072755,
          -0.047565054 0.0075000003 0.037072755,
          -0.051360823 -0.0095000006 0.031517215,
          -0.051360823 0.0075000003 0.031517215,
          -0.054510701 -0.0095000006 0.025571596,
          -0.054510701 0.0075000003 0.025571596,
          -0.056975074 -0.0095000006 0.01931067,
          -0.056975074 0.0075000003 0.01931067,
          -0.058722954 -0.0095000006 0.012813233,
          -0.058722954 0.0075000003 0.012813233,
          -0.059732359 -0.0095000006 0.0061608888,
          -0.059732359 0.0075000003 0.0061608888,
          -0.059990592 -0.0095000006 -0.0005626221,
          -0.059990592 0.0075000003 -0.0005626221,
          -0.05949441 0.0075000003 -0.0072727054,
          -0.05949441 -0.0095000006 -0.0072727054,
          -0.058250051 -0.0095000006 -0.013885132,
          -0.058250051 0.0075000003 -0.013885132,
          -0.056273166 -0.0095000006 -0.02031659,
          -0.056273166 0.0075000003 -0.02031659,
          -0.05358861 0.0075000003 -0.02648633,
          -0.05358861 -0.0095000006 -0.02648633,
          -0.050230145 -0.0095000006 -0.032316651,
          -0.050230145 0.0075000003 -0.032316651,
          -0.046240013 -0.0095000006 -0.037734315,
          -0.046240013 0.0075000003 -0.037734315,
          -0.041668382 -0.0095000006 -0.042671144,
          -0.041668382 0.0075000003 -0.042671144,
          -0.036572747 0.0075000003 -0.047065064,
          -0.036572747 -0.0095000006 -0.047065064,
          -0.031017188 -0.0095000006 -0.050860841,
          -0.031017188 0.0075000003 -0.050860841,
          -0.025071573 -0.0095000006 -0.054010686,
          -0.025071573 0.0075000003 -0.054010686,
          -0.018810663 -0.0095000006 -0.056475099,
          -0.018810663 0.0075000003 -0.056475099,
          -0.012313204 0.0075000003 -0.058222964,
          -0.012313204 -0.0095000006 -0.058222964,
          -0.0056608957 -0.0095000006 -0.059232365,
          -0.0056608957 0.0075000003 -0.059232365,
          0.0010626012 -0.0095000006 -0.059490602,
          0.0010626012 0.0075000003 -0.059490602,
          0.0077727349 -0.0095000006 -0.058994386,
          0.0077727349 0.0075000003 -0.058994386,
          0.014385122 0.0075000003 -0.057750065,
          0.014385122 -0.0095000006 -0.057750065,
          0.020816607 -0.0095000006 -0.055773195,
          0.020816607 0.0075000003 -0.055773195,
          0.026986314 -0.0095000006 -0.053088624,
          0.026986314 0.0075000003 -0.053088624,
          0.032816648 -0.0095000006 -0.049730167,
          0.032816648 0.0075000003 -0.049730167,
          0.038234297 0.0075000003 -0.045739993,
          0.038234297 -0.0095000006 -0.045739993,
          0.04317113 0.0075000003 -0.041168399,
          0.04317113 -0.0095000006 -0.041168399,
          0.047565054 -0.0095000006 -0.036072757,
          0.047565054 0.0075000003 -0.036072757,
          0.051360823 0.0075000003 -0.030517213,
          0.051360823 -0.0095000006 -0.030517213,
          0.054510701 0.0075000003 -0.024571596,
          0.054510701 -0.0095000006 -0.024571596,
          0.056975074 0.0075000003 -0.01831067,
          0.056975074 -0.0095000006 -0.01831067,
          0.058722954 0.0075000003 -0.011813233,
          0.058722954 -0.0095000006 -0.011813233,
          0.059732359 0.0075000003 -0.0051608891,
          0.059732359 -0.0095000006 -0.0051608891,
          0.059990592 -0.0095000006 0.0015626221,
          0.059990592 0.0075000003 0.0015626221,
          0.05949441 0.0075000003 0.0082727056,
          0.05949441 -0.0095000006 0.0082727056,
          0.058250051 0.0075000003 0.014885132,
          0.058250051 -0.0095000006 0.014885132,
          0.056273166 0.0075000003 0.02131659,
          0.056273166 -0.0095000006 0.02131659,
          0.05358861 0.0075000003 0.02748633,
          0.05358861 -0.0095000006 0.02748633,
          0.050230145 -0.0095000006 0.033316653,
          0.050230145 0.0075000003 0.033316653,
          0.046240013 0.0075000003 0.038734317,
          0.046240013 -0.0095000006 0.038734317,
          0.041668382 0.0075000003 0.043671146,
          0.041668382 -0.0095000006 0.043671146,
          0.036572747 0.0075000003 0.048065066,
          0.036572747 -0.0095000006 0.048065066,
          0.031017188 0.0075000003 0.051860843,
          0.031017188 -0.0095000006 0.051860843,
          0.025071573 0.0075000003 0.055010684,
          0.025071573 -0.0095000006 0.055010684,
          0.018810663 -0.0095000006 0.057475101,
          0.018810663 0.0075000003 0.057475101,
          0.012313204 0.0075000003 0.059222963,
          0.012313204 -0.0095000006 0.059222963,
          0.0056608957 -0.0095000006 0.060232364,
          0.0056608957 0.0075000003 0.060232364,
          -0.0010626012 0.0075000003 0.060490604,
          -0.0010626012 -0.0095000006 0.060490604,
          -0.0077727349 -0.0095000006 0.059994388,
          -0.0077727349 0.0075000003 0.059994388,
          -0.014385122 -0.0095000006 0.058750063,
          -0.014385122 0.0075000003 0.058750063,
          -0.020816607 -0.0095000006 0.056773197,
          -0.020816607 0.0075000003 0.056773197,
          -0.026986314 0.0075000003 0.054088626,
          -0.026986314 -0.0095000006 0.054088626,
          0.058000002 -0.00050000002 -0.13079999,
          0.058000002 0.0057000001 -0.13079999,
          0.058000002 -0.00050000002 -0.13320002,
          0.058000002 0.0057000001 -0.13320002,
          0.061000004 -0.00050000002 -0.13079999,
          0.061000004 -0.00050000002 -0.13320002,
          0.061000004 0.0057000001 -0.13079999,
          0.061000004 0.0057000001 -0.13320002,
          0.061000004 0.0097000003 -0.13900001,
          0.061000004 0.0057000001 -0.13600001,
          0.061000004 -0.0058000004 -0.13600001,
          0.061000004 -0.015300001 -0.13900001,
          0.061000004 -0.0064945929 -0.13593921,
          0.061000004 -0.0071680811 -0.1357588,
          0.061000004 -0.0078000007 -0.13546412,
          0.061000004 -0.0083711501 -0.13506415,
          0.061000004 -0.0088641783 -0.13457118,
          0.061000004 -0.0092641022 -0.134,
          0.061000004 -0.0095587708 -0.1333681,
          0.061000004 -0.0097392313 -0.13269459,
          0.061000004 -0.009800001 -0.132,
          0.061000004 -0.015300001 -0.125,
          0.061000004 -0.0097392313 -0.13130543,
          0.061000004 -0.0095587708 -0.13063191,
          0.061000004 -0.0092641022 -0.13000001,
          0.061000004 -0.0088641783 -0.12942883,
          0.061000004 -0.0083711501 -0.12893586,
          0.061000004 -0.0078000007 -0.1285359,
          0.061000004 -0.0071680811 -0.12824121,
          0.061000004 -0.0064945929 -0.1280608,
          0.061000004 -0.0058000004 -0.12800001,
          0.061000004 0.0097000003 -0.125,
          0.061000004 0.0057000001 -0.12800001,
          0.058000002 -0.015300001 -0.13900001,
          0.058000002 0.0097000003 -0.13900001,
          0.058000002 0.0057000001 -0.12800001,
          0.058000002 -0.0058000004 -0.12800001,
          0.058000002 -0.0064945929 -0.1280608,
          0.058000002 -0.0071680811 -0.12824121,
          0.058000002 -0.0078000007 -0.1285359,
          0.058000002 -0.0083711501 -0.12893586,
          0.058000002 -0.0088641783 -0.12942883,
          0.058000002 -0.0092641022 -0.13000001,
          0.058000002 -0.0095587708 -0.13063191,
          0.058000002 -0.0097392313 -0.13130543,
          0.058000002 -0.009800001 -0.132,
          0.058000002 -0.0097392313 -0.13269459,
          0.058000002 -0.0095587708 -0.1333681,
          0.058000002 -0.0092641022 -0.134,
          0.058000002 -0.0088641783 -0.13457118,
          0.058000002 -0.0083711501 -0.13506415,
          0.058000002 -0.0078000007 -0.13546412,
          0.058000002 -0.0071680811 -0.1357588,
          0.058000002 -0.0064945929 -0.13593921,
          0.058000002 -0.0058000004 -0.13600001,
          0.058000002 0.0057000001 -0.13600001,
          0.058000002 -0.015300001 -0.125,
          0.058000002 0.0097000003 -0.125,
          0.058000002 0.0020105829 -0.16150758,
          0.058000002 0.0023000001 -0.16162744,
          0.058000002 0.0017000001 -0.16146669,
          0.058000002 0.0025485284 -0.16181812,
          0.058000002 0.0027392306 -0.16206665,
          0.058000002 0.0028591112 -0.16235609,
          0.058000002 0.0029000002 -0.16266669,
          0.058000002 0.0028591112 -0.16297725,
          0.058000002 0.0027392306 -0.16326667,
          0.058000002 0.0025485284 -0.16351521,
          0.058000002 0.0023000001 -0.16370589,
          0.058000002 0.0020105829 -0.16382581,
          0.058000002 0.0017000001 -0.16386664,
          0.058000002 -0.0028000001 -0.16266669,
          0.058000002 -0.009800001 -0.16386664,
          0.058000002 -0.009800001 -0.16146669,
          0.058000002 -0.015300001 -0.16966669,
          0.058000002 -0.015300001 -0.15566669,
          0.058000002 -0.009800001 -0.1586667,
          0.058000002 0.0017000001 -0.1586667,
          0.058000002 0.0097000003 -0.15566669,
          0.058000002 0.0023945929 -0.15872742,
          0.058000002 0.0030680809 -0.15890791,
          0.058000002 0.0037000002 -0.15920259,
          0.058000002 0.0042711506 -0.15960249,
          0.058000002 0.0047641778 -0.16009553,
          0.058000002 0.0051641017 -0.16066669,
          0.058000002 0.0054587703 -0.16129859,
          0.058000002 0.0056392313 -0.16197206,
          0.058000002 0.0057000001 -0.16266669,
          0.058000002 0.0097000003 -0.16966669,
          0.058000002 0.0056392313 -0.16336128,
          0.058000002 0.0054587703 -0.16403474,
          0.058000002 0.0051641017 -0.1646667,
          0.058000002 0.0047641778 -0.1652378,
          0.058000002 0.0042711506 -0.16573085,
          0.058000002 0.0037000002 -0.16613081,
          0.058000002 0.0030680809 -0.16642542,
          0.058000002 0.0023945929 -0.1666059,
          0.058000002 0.0017000001 -0.1666667,
          0.058000002 -0.009800001 -0.1666667,
          0.061000004 0.0020105829 -0.16150758,
          0.061000004 0.0017000001 -0.16146669,
          0.061000004 0.0023000001 -0.16162744,
          0.061000004 0.0025485284 -0.16181812,
          0.061000004 0.0027392306 -0.16206665,
          0.061000004 0.0028591112 -0.16235609,
          0.061000004 0.0029000002 -0.16266669,
          0.061000004 0.0028591112 -0.16297725,
          0.061000004 0.0027392306 -0.16326667,
          0.061000004 0.0025485284 -0.16351521,
          0.061000004 0.0023000001 -0.16370589,
          0.061000004 0.0020105829 -0.16382581,
          0.061000004 0.0017000001 -0.16386664,
          0.061000004 -0.0028000001 -0.16266669,
          0.061000004 -0.009800001 -0.16386664,
          0.061000004 -0.009800001 -0.16146669,
          0.061000004 -0.015300001 -0.16966669,
          0.061000004 -0.015300001 -0.15566669,
          0.061000004 -0.009800001 -0.1586667,
          0.061000004 0.0017000001 -0.1586667,
          0.061000004 0.0097000003 -0.15566669,
          0.061000004 0.0023945929 -0.15872742,
          0.061000004 0.0030680809 -0.15890791,
          0.061000004 0.0037000002 -0.15920259,
          0.061000004 0.0042711506 -0.15960249,
          0.061000004 0.0047641778 -0.16009553,
          0.061000004 0.0051641017 -0.16066669,
          0.061000004 0.0054587703 -0.16129859,
          0.061000004 0.0056392313 -0.16197206,
          0.061000004 0.0057000001 -0.16266669,
          0.061000004 0.0097000003 -0.16966669,
          0.061000004 0.0056392313 -0.16336128,
          0.061000004 0.0054587703 -0.16403474,
          0.061000004 0.0051641017 -0.1646667,
          0.061000004 0.0047641778 -0.1652378,
          0.061000004 0.0042711506 -0.16573085,
          0.061000004 0.0037000002 -0.16613081,
          0.061000004 0.0030680809 -0.16642542,
          0.061000004 0.0023945929 -0.1666059,
          0.061000004 0.0017000001 -0.1666667,
          0.061000004 -0.009800001 -0.1666667,
          -0.058000002 -0.00050000002 -0.17920002,
          -0.058000002 0.0057000001 -0.17920002,
          -0.058000002 -0.00050000002 -0.1768,
          -0.058000002 0.0057000001 -0.1768,
          -0.061000004 -0.00050000002 -0.17920002,
          -0.061000004 -0.00050000002 -0.1768,
          -0.061000004 0.0057000001 -0.17920002,
          -0.061000004 0.0057000001 -0.1768,
          -0.061000004 0.0097000003 -0.171,
          -0.061000004 0.0057000001 -0.17400001,
          -0.061000004 -0.0058000004 -0.17400001,
          -0.061000004 -0.015300001 -0.171,
          -0.061000004 -0.0064945929 -0.17406081,
          -0.061000004 -0.0071680811 -0.17424121,
          -0.061000004 -0.0078000007 -0.1745359,
          -0.061000004 -0.0083711501 -0.17493586,
          -0.061000004 -0.0088641783 -0.17542884,
          -0.061000004 -0.0092641022 -0.17600001,
          -0.061000004 -0.0095587708 -0.17663191,
          -0.061000004 -0.0097392313 -0.17730543,
          -0.061000004 -0.009800001 -0.178,
          -0.061000004 -0.015300001 -0.185,
          -0.061000004 -0.0097392313 -0.17869459,
          -0.061000004 -0.0095587708 -0.17936811,
          -0.061000004 -0.0092641022 -0.18000001,
          -0.061000004 -0.0088641783 -0.18057117,
          -0.061000004 -0.0083711501 -0.18106416,
          -0.061000004 -0.0078000007 -0.18146412,
          -0.061000004 -0.0071680811 -0.18175879,
          -0.061000004 -0.0064945929 -0.18193921,
          -0.061000004 -0.0058000004 -0.18200001,
          -0.061000004 0.0097000003 -0.185,
          -0.061000004 0.0057000001 -0.18200001,
          -0.058000002 -0.015300001 -0.171,
          -0.058000002 0.0097000003 -0.171,
          -0.058000002 0.0057000001 -0.18200001,
          -0.058000002 -0.0058000004 -0.18200001,
          -0.058000002 -0.0064945929 -0.18193921,
          -0.058000002 -0.0071680811 -0.18175879,
          -0.058000002 -0.0078000007 -0.18146412,
          -0.058000002 -0.0083711501 -0.18106416,
          -0.058000002 -0.0088641783 -0.18057117,
          -0.058000002 -0.0092641022 -0.18000001,
          -0.058000002 -0.0095587708 -0.17936811,
          -0.058000002 -0.0097392313 -0.17869459,
          -0.058000002 -0.009800001 -0.178,
          -0.058000002 -0.0097392313 -0.17730543,
          -0.058000002 -0.0095587708 -0.17663191,
          -0.058000002 -0.0092641022 -0.17600001,
          -0.058000002 -0.0088641783 -0.17542884,
          -0.058000002 -0.0083711501 -0.17493586,
          -0.058000002 -0.0078000007 -0.1745359,
          -0.058000002 -0.0071680811 -0.17424121,
          -0.058000002 -0.0064945929 -0.17406081,
          -0.058000002 -0.0058000004 -0.17400001,
          -0.058000002 0.0057000001 -0.17400001,
          -0.058000002 -0.015300001 -0.185,
          -0.058000002 0.0097000003 -0.185,
          -2.9465976e-016 0.048 -0.19100001,
          -2.9465976e-016 0.048 -0.208,
          -0.0086824093 0.047240388 -0.19100001,
          -0.0086824093 0.047240388 -0.208,
          -0.017101008 0.044984631 -0.19100001,
          -0.017101008 0.044984631 -0.208,
          -0.025 0.041301273 -0.208,
          -0.025 0.041301273 -0.19100001,
          -0.032139383 0.036302224 -0.208,
          -0.032139383 0.036302224 -0.19100001,
          -0.038302224 0.030139383 -0.208,
          -0.038302224 0.030139383 -0.19100001,
          -0.043301273 0.023000002 -0.208,
          -0.043301273 0.023000002 -0.19100001,
          -0.046984632 0.015101008 -0.208,
          -0.046984632 0.015101008 -0.19100001,
          -0.049240388 0.006682409 -0.208,
          -0.049240388 0.006682409 -0.19100001,
          -0.050000001 -0.0020000001 -0.208,
          -0.050000001 -0.0020000001 -0.19100001,
          -0.049240388 -0.01068241 -0.208,
          -0.049240388 -0.01068241 -0.19100001,
          -0.046984632 -0.019101009 -0.208,
          -0.046984632 -0.019101009 -0.19100001,
          -0.043301273 -0.027000001 -0.208,
          -0.043301273 -0.027000001 -0.19100001,
          -0.038302224 -0.034139384 -0.19100001,
          -0.038302224 -0.034139384 -0.208,
          -0.032139383 -0.040302224 -0.208,
          -0.032139383 -0.040302224 -0.19100001,
          -0.025 -0.045301273 -0.208,
          -0.025 -0.045301273 -0.19100001,
          -0.017101008 -0.048984632 -0.208,
          -0.017101008 -0.048984632 -0.19100001,
          -0.0086824093 -0.051240388 -0.208,
          -0.0086824093 -0.051240388 -0.19100001,
          -2.2192335e-016 -0.052000001 -0.19100001,
          -2.2192335e-016 -0.052000001 -0.208,
          0.0086824093 -0.051240388 -0.208,
          0.0086824093 -0.051240388 -0.19100001,
          0.017101008 -0.048984632 -0.208,
          0.017101008 -0.048984632 -0.19100001,
          0.025 -0.045301273 -0.208,
          0.025 -0.045301273 -0.19100001,
          0.032139383 -0.040302224 -0.208,
          0.032139383 -0.040302224 -0.19100001,
          0.038302224 -0.034139384 -0.208,
          0.038302224 -0.034139384 -0.19100001,
          0.043301273 -0.027000001 -0.208,
          0.043301273 -0.027000001 -0.19100001,
          0.046984632 -0.019101009 -0.208,
          0.046984632 -0.019101009 -0.19100001,
          0.049240388 -0.01068241 -0.208,
          0.049240388 -0.01068241 -0.19100001,
          0.050000001 -0.0020000001 -0.208,
          0.050000001 -0.0020000001 -0.19100001,
          0.049240388 0.006682409 -0.208,
          0.049240388 0.006682409 -0.19100001,
          0.046984632 0.015101008 -0.208,
          0.046984632 0.015101008 -0.19100001,
          0.043301273 0.023000002 -0.19100001,
          0.043301273 0.023000002 -0.208,
          0.038302224 0.030139383 -0.19100001,
          0.038302224 0.030139383 -0.208,
          0.032139383 0.036302224 -0.208,
          0.032139383 0.036302224 -0.19100001,
          0.025 0.041301273 -0.19100001,
          0.025 0.041301273 -0.208,
          0.017101008 0.044984631 -0.19100001,
          0.017101008 0.044984631 -0.208,
          0.0086824093 0.047240388 -0.19100001,
          0.0086824093 0.047240388 -0.208,
          -1.8375607e-016 0.058000002 -0.171,
          -2.9812921e-016 0.058000002 -0.19100001,
          -0.005923775 0.057704754 -0.171,
          -0.0096246768 0.057223018 -0.19100001,
          -0.011789672 0.056826517 -0.171,
          -0.019000081 0.054912187 -0.19100001,
          -0.020877689 0.054250073 -0.171,
          -0.027883392 0.051127363 -0.19100001,
          -0.028650358 0.05071513 -0.171,
          -0.036044538 0.045966566 -0.19100001,
          -0.03660756 0.045534629 -0.171,
          -0.043272149 0.039563462 -0.19100001,
          -0.043611635 0.039206721 -0.171,
          -0.049026351 0.032583047 -0.171,
          -0.049379036 0.032083888 -0.19100001,
          -0.05385685 0.024444459 -0.171,
          -0.054207031 0.023721555 -0.19100001,
          -0.057061303 0.016542561 -0.171,
          -0.05763109 0.014693048 -0.19100001,
          -0.059257794 0.0073863994 -0.171,
          -0.059562538 0.005232201 -0.19100001,
          -0.060000002 -0.0020000001 -0.171,
          -0.059951343 -0.0044159568 -0.19100001,
          -0.05976091 -0.0073307012 -0.171,
          -0.058787439 -0.014001543 -0.19100001,
          -0.059049107 -0.012619169 -0.171,
          -0.056648605 -0.021769352 -0.171,
          -0.056100979 -0.023276294 -0.19100001,
          -0.053271785 -0.02960276 -0.171,
          -0.051961526 -0.032000002 -0.19100001,
          -0.048245631 -0.037664626 -0.171,
          -0.046476301 -0.039946727 -0.19100001,
          -0.042068895 -0.044780899 -0.171,
          -0.039787363 -0.046910647 -0.19100001,
          -0.03555708 -0.050324902 -0.171,
          -0.032067955 -0.052711409 -0.19100001,
          -0.02750613 -0.055321798 -0.171,
          -0.023517996 -0.057198767 -0.19100001,
          -0.019679898 -0.058679696 -0.171,
          -0.014358941 -0.060256511 -0.19100001,
          -0.011416349 -0.060900111 -0.171,
          -0.0048279944 -0.061805442 -0.19100001,
          -0.0020329761 -0.061965186 -0.171,
          0.0048279944 -0.061805442 -0.19100001,
          0.0065010549 -0.061644387 -0.171,
          0.014358941 -0.060256511 -0.19100001,
          0.015827967 -0.059871748 -0.171,
          0.023517996 -0.057198767 -0.19100001,
          0.02471198 -0.056674305 -0.171,
          0.032067955 -0.052711409 -0.19100001,
          0.03223557 -0.052600738 -0.171,
          0.039787363 -0.046910647 -0.19100001,
          0.039791632 -0.046905532 -0.171,
          0.045756195 -0.040809508 -0.171,
          0.046476301 -0.039946727 -0.19100001,
          0.05130747 -0.033098925 -0.171,
          0.051961526 -0.032000002 -0.19100001,
          0.055545803 -0.024686193 -0.171,
          0.056100979 -0.023276294 -0.19100001,
          0.058203667 -0.016558247 -0.171,
          0.058787439 -0.014001543 -0.19100001,
          0.059771486 -0.0072114449 -0.171,
          0.059951343 -0.0044159568 -0.19100001,
          0.059908237 0.0013016229 -0.171,
          0.059562538 0.005232201 -0.19100001,
          0.058826517 0.0097896727 -0.171,
          0.05763109 0.014693048 -0.19100001,
          0.056250073 0.018877689 -0.171,
          0.054207031 0.023721555 -0.19100001,
          0.05271513 0.026650358 -0.171,
          0.049379036 0.032083888 -0.19100001,
          0.04753463 0.034607559 -0.171,
          0.043272149 0.039563462 -0.19100001,
          0.041206721 0.041611634 -0.171,
          0.036044538 0.045966566 -0.19100001,
          0.034583047 0.047026351 -0.171,
          0.027883392 0.051127363 -0.19100001,
          0.026444459 0.051856849 -0.171,
          0.019000081 0.054912187 -0.19100001,
          0.018542562 0.055061303 -0.171,
          0.0096246768 0.057223018 -0.19100001,
          0.0093863998 0.057257794 -0.171,
          -0.060000002 -0.014500001 0.00050000002,
          -0.060000002 -0.0095000006 0.00050000002,
          -0.059539504 -0.014500001 -0.0068970951,
          -0.059223019 -0.0095000006 -0.0091246953,
          -0.058172695 -0.014500001 -0.014181641,
          -0.056912187 -0.0095000006 -0.018500062,
          -0.055158321 -0.014500001 -0.023112612,
          -0.053127363 -0.0095000006 -0.027383363,
          -0.051237617 -0.014500001 -0.030713808,
          -0.047966566 -0.0095000006 -0.035544556,
          -0.045686882 -0.014500001 -0.038391177,
          -0.041563462 -0.0095000006 -0.042772159,
          -0.039719272 -0.014500001 -0.044469483,
          -0.034083888 -0.0095000006 -0.048879031,
          -0.032916881 -0.014500001 -0.049660098,
          -0.025721556 -0.0095000006 -0.053707033,
          -0.024642197 -0.014500001 -0.054205813,
          -0.01669305 -0.0095000006 -0.057131108,
          -0.016623829 -0.014500001 -0.057148561,
          -0.0073232274 -0.014500001 -0.059048649,
          -0.0072322008 -0.0095000006 -0.059062563,
          0.0021121469 -0.014500001 -0.059462406,
          0.0024159567 -0.0095000006 -0.059451357,
          0.01061917 -0.014500001 -0.058549076,
          0.012001542 -0.0095000006 -0.058287416,
          0.019769354 -0.014500001 -0.056148622,
          0.021276293 -0.0095000006 -0.055600956,
          0.02760276 -0.014500001 -0.052771792,
          0.030000001 -0.0095000006 -0.051461551,
          0.035664625 -0.014500001 -0.047745608,
          0.037946727 -0.0095000006 -0.045976322,
          0.042780899 -0.014500001 -0.041568909,
          0.044910647 -0.0095000006 -0.039287355,
          0.048324902 -0.014500001 -0.035057068,
          0.050711408 -0.0095000006 -0.031567935,
          0.053321797 -0.014500001 -0.027006105,
          0.055198766 -0.0095000006 -0.023018006,
          0.0566797 -0.014500001 -0.019179871,
          0.058256511 -0.0095000006 -0.013858949,
          0.05890011 -0.014500001 -0.010916322,
          0.059805442 -0.0095000006 -0.0043280032,
          0.059965186 -0.014500001 -0.0015329591,
          0.059805442 -0.0095000006 0.0053280033,
          0.059644386 -0.014500001 0.0070010377,
          0.058256511 -0.0095000006 0.014858948,
          0.057871748 -0.014500001 0.016327942,
          0.055198766 -0.0095000006 0.024018006,
          0.054674305 -0.014500001 0.025211977,
          0.050711408 -0.0095000006 0.032567933,
          0.050600737 -0.014500001 0.032735597,
          0.044910647 -0.0095000006 0.040287357,
          0.044905532 -0.014500001 0.04029163,
          0.038809508 -0.014500001 0.046256166,
          0.037946727 -0.0095000006 0.04697632,
          0.031098926 -0.014500001 0.051807497,
          0.030000001 -0.0095000006 0.05246155,
          0.022686193 -0.014500001 0.056045778,
          0.021276293 -0.0095000006 0.056600954,
          0.014558246 -0.014500001 0.058703676,
          0.012001542 -0.0095000006 0.059287418,
          0.0052114446 -0.014500001 0.060271487,
          0.0024159567 -0.0095000006 0.060451359,
          -0.003301623 -0.014500001 0.060408268,
          -0.0072322008 -0.0095000006 0.060062565,
          -0.011789672 -0.014500001 0.059326541,
          -0.01669305 -0.0095000006 0.058131106,
          -0.020877689 -0.014500001 0.056750063,
          -0.025721556 -0.0095000006 0.054707035,
          -0.028650358 -0.014500001 0.05321515,
          -0.034083888 -0.0095000006 0.049879029,
          -0.03660756 -0.014500001 0.048034608,
          -0.041563462 -0.0095000006 0.043772157,
          -0.043611635 -0.014500001 0.04170673,
          -0.047966566 -0.0095000006 0.036544558,
          -0.049026351 -0.014500001 0.03508307,
          -0.053127363 -0.0095000006 0.028383363,
          -0.05385685 -0.014500001 0.026944458,
          -0.056912187 -0.0095000006 0.019500062,
          -0.057061303 -0.014500001 0.019042542,
          -0.059223019 -0.0095000006 0.010124695,
          -0.059257794 -0.014500001 0.0098864138,
          -0.060000002 -0.015955647 0.00039398196,
          -0.060000002 -0.017355094 4.1931155e-005,
          -0.059603639 -0.020879073 0.0057713627,
          -0.058353838 -0.024793169 0.012020081,
          -0.059826113 -0.02417656 0.0018617555,
          -0.059603639 -0.027754515 0.0029920656,
          -0.060000002 -0.029468231 -0.0062600099,
          -0.05926146 -0.032209605 0.0041728518,
          -0.060000002 -0.034362122 -0.010261719,
          -0.05926146 -0.038340967 0.00043023683,
          -0.060000002 -0.038454168 -0.01540387,
          -0.05926146 -0.043566354 -0.004735474,
          -0.060000002 -0.041517127 -0.021569397,
          -0.05926146 -0.04763183 -0.011146301,
          -0.060000002 -0.043307867 -0.02853772,
          -0.05926146 -0.05026783 -0.018525025,
          -0.060000002 -0.043655239 -0.035937991,
          -0.05926146 -0.051280808 -0.026436219,
          -0.060000002 -0.042293057 -0.045513798,
          -0.05926146 -0.050536599 -0.036748841,
          -0.060000002 -0.039236989 -0.057175905,
          -0.05926146 -0.048076551 -0.049419619,
          -0.060000002 -0.035719488 -0.06631092,
          -0.05926146 -0.044914845 -0.059412051,
          -0.060000002 -0.029010704 -0.079952277,
          -0.05926146 -0.038479656 -0.074285954,
          -0.060000002 -0.019545386 -0.096981324,
          -0.05926146 -0.028993119 -0.092579104,
          -0.060000002 -0.01318853 -0.11126802,
          -0.05926146 -0.022609448 -0.10780079,
          -0.060000002 -0.008212789 -0.12610279,
          -0.05926146 -0.017619628 -0.12353431,
          -0.060000002 -0.0046891649 -0.14127856,
          -0.05926146 -0.014086396 -0.13958594,
          -0.060000002 -0.0026826609 -0.1561529,
          -0.05926146 -0.012071824 -0.15530366,
          -0.057062458 -0.034884561 0.014351868,
          -0.055612549 -0.02592089 0.021039002,
          -0.053857118 -0.037193056 0.023135439,
          -0.052425809 -0.030582357 0.027433718,
          -0.050504562 -0.033155538 0.030607302,
          -0.051653739 -0.026974736 0.02946686,
          -0.046442755 -0.027957009 0.037321962,
          -0.052425809 -0.022977468 0.028664002,
          -0.057062458 -0.042222977 0.010862305,
          -0.053857118 -0.045572769 0.019864503,
          -0.04902897 -0.049023647 0.029138796,
          -0.04902897 -0.057292774 0.023910096,
          -0.043611676 -0.060900114 0.031438354,
          -0.046442755 -0.06290625 0.02443146,
          -0.041387074 -0.064866185 0.031768434,
          -0.043611676 -0.068365842 0.024195252,
          -0.040231608 -0.06682115 0.031783022,
          -0.041387074 -0.071965449 0.023861207,
          -0.039049156 -0.068747908 0.031696841,
          -0.040231608 -0.073697902 0.02356354,
          -0.036608804 -0.072490744 0.031225771,
          -0.039049156 -0.075378351 0.023181703,
          -0.034035023 -0.07604906 0.030416993,
          -0.036608804 -0.078563295 0.022176942,
          -0.032716323 -0.077741034 0.029870789,
          -0.034035023 -0.081516922 0.020870361,
          -0.031378374 -0.07936769 0.029233949,
          -0.032716323 -0.082881324 0.020108765,
          -0.028651169 -0.082406506 0.027704226,
          -0.031378374 -0.084166557 0.019278932,
          -0.026095144 -0.085060388 0.025714174,
          -0.028651169 -0.086488947 0.017430786,
          -0.024802068 -0.086264446 0.024622438,
          -0.023500627 -0.087383829 0.023471437,
          -0.020877682 -0.085029013 0.031475406,
          -0.017854646 -0.087559506 0.029129883,
          -0.016338199 -0.082941905 0.037982911,
          -0.014820746 -0.084366597 0.036816407,
          -0.01178967 -0.079853542 0.043773562,
          -0.0089332946 -0.082834728 0.041308533,
          -0.0089332946 -0.075713195 0.048480287,
          -0.0033025348 -0.080557927 0.04497321,
          -0.0033025348 -0.076060444 0.049132206,
          -0.00046878363 -0.083292469 0.042042118,
          0.0052138688 -0.075980134 0.048981022,
          0.0052138688 -0.080470994 0.044824038,
          0.0093383184 -0.078217551 0.046180971,
          0.0083015282 -0.082901224 0.041412476,
          0.0098578949 -0.083963141 0.039571535,
          0.0052138688 -0.087647125 0.035236392,
          0.011420714 -0.08491721 0.037646729,
          0.011420714 -0.088810124 0.030834291,
          0.014559033 -0.086487733 0.033566467,
          0.017277926 -0.087702282 0.029318299,
          0.019990187 -0.083255731 0.035123721,
          0.022685967 -0.084516764 0.030729249,
          0.025538851 -0.079398274 0.035784975,
          0.02694976 -0.080068558 0.033491518,
          0.031100454 -0.074962825 0.035431642,
          0.028348103 -0.08062315 0.031127138,
          0.033755127 -0.076195285 0.030640626,
          0.031100454 -0.081377819 0.026211672,
          0.03505281 -0.076638646 0.028138185,
          0.033755127 -0.081678122 0.021077698,
          0.036328796 -0.076964691 0.025573915,
          0.03505281 -0.081646487 0.018448792,
          0.038809992 -0.077261627 0.020288331,
          0.038809992 -0.080841944 0.010385132,
          0.041963954 -0.077117272 0.012402894,
          0.044905782 -0.075996369 0.0043464359,
          0.044905782 -0.072839886 0.013925781,
          0.04791145 -0.07184273 0.0053624269,
          0.050603684 -0.067239337 0.0058674319,
          0.050603684 -0.069859289 -0.0033014528,
          0.054674167 -0.063745454 -0.010920167,
          0.054674167 -0.064016089 -0.022414614,
          0.057873961 -0.05621431 -0.030709717,
          0.057873961 -0.054156676 -0.044095889,
          0.059646849 -0.048022881 -0.039419193,
          0.059646849 -0.045372821 -0.051803593,
          0.05996592 -0.040527564 -0.047388554,
          0.05996592 -0.0373355 -0.058856081,
          0.05890375 -0.032284614 -0.056152835,
          0.05890375 -0.028496591 -0.066611759,
          0.056680404 -0.020713974 -0.073440492,
          0.056680404 -0.016441815 -0.08077912,
          0.053322528 -0.0087741166 -0.086531743,
          0.053322528 -0.0050934241 -0.09144941,
          0.048327059 0.0029482779 -0.096818544,
          0.053322528 -0.0012655297 -0.09655799,
          0.048327059 0.0068582962 -0.10141926,
          0.050995938 0.0077021713 -0.1052281,
          0.04567359 0.015068387 -0.10912646,
          0.048327059 0.016266812 -0.11364532,
          0.042780917 0.022819327 -0.11669952,
          0.042780917 0.029069133 -0.12678877,
          0.035666183 0.029037956 -0.11959852,
          0.035666183 0.03526929 -0.12907258,
          0.027603256 0.034094758 -0.1219563,
          0.027603256 0.040310785 -0.1309303,
          0.019769603 0.043698113 -0.1321792,
          0.027603256 0.045201488 -0.14066419,
          0.019769603 0.048584167 -0.14158967,
          0.027603256 0.04866638 -0.15087464,
          0.019769603 0.052045953 -0.15148462,
          0.019769603 0.054016788 -0.16127925,
          0.010620981 0.054450493 -0.15191914,
          0.010620981 0.056417875 -0.16149665,
          0.00211262 0.057325948 -0.16157904,
          0.027603256 0.050641291 -0.16097376,
          0.035666183 0.0456172 -0.16051911,
          0.042780917 0.039438304 -0.15996003,
          0.048327059 0.032927305 -0.15937097,
          0.053322528 0.024873629 -0.15864234,
          0.056680404 0.017045347 -0.15793422,
          0.05890375 0.0087795565 -0.15718654,
          0.05996592 -0.0006087643 -0.15633729,
          0.059646849 -0.0091462461 -0.15556513,
          0.057873961 -0.018477367 -0.15472114,
          0.054674167 -0.027365422 -0.1539173,
          0.050603684 -0.034895454 -0.15323633,
          0.044905782 -0.042454891 -0.15255274,
          0.038809992 -0.048424255 -0.15201294,
          0.031100454 -0.053982474 -0.15151045,
          0.022685967 -0.058222774 -0.15112709,
          0.014559033 -0.060887158 -0.15088636,
          0.0052138688 -0.06245745 -0.15074457,
          -0.0033025348 -0.06259644 -0.15073219,
          -0.01178967 -0.061520282 -0.15082978,
          -0.020877682 -0.058942601 -0.15106317,
          -0.028651169 -0.055409715 -0.15138288,
          -0.036608804 -0.050230127 -0.15185162,
          -0.043611676 -0.04390052 -0.15242432,
          -0.04902897 -0.037277758 -0.15302351,
          -0.053857118 -0.029135862 -0.15376008,
          -0.057062458 -0.021231983 -0.15447505,
          0.044905782 -0.077259354 -0.0083339233,
          0.050603684 -0.070625186 -0.015387574,
          0.04791145 -0.073913425 -0.019540651,
          0.050603684 -0.069610089 -0.030535402,
          0.044905782 -0.07672435 -0.024292359,
          0.044905782 -0.074707888 -0.037063967,
          0.038809992 -0.082341515 -0.019362915,
          0.038809992 -0.080551647 -0.032679383,
          0.031100454 -0.085992172 -0.02859723,
          0.031100454 -0.08380159 -0.038895328,
          0.022685967 -0.088030815 -0.036071107,
          0.022685967 -0.085053504 -0.046417546,
          0.014559033 -0.087737255 -0.044811342,
          0.014559033 -0.078125484 -0.069671392,
          0.0052138688 -0.08931718 -0.043865725,
          0.0052138688 -0.079703882 -0.068937868,
          -0.0033025348 -0.089454018 -0.043783631,
          -0.0033025348 -0.07984221 -0.068875127,
          -0.01178967 -0.088365413 -0.044434879,
          -0.01178967 -0.078757837 -0.069382146,
          -0.020877682 -0.076162487 -0.070593268,
          -0.020877682 -0.069640636 -0.090481386,
          -0.028651169 -0.072606221 -0.072251834,
          -0.028651169 -0.066095404 -0.091788396,
          -0.036608804 -0.060897876 -0.093703493,
          -0.036608804 -0.055851918 -0.11309053,
          -0.043611676 -0.049509682 -0.1148238,
          -0.043611676 -0.045944482 -0.13384534,
          -0.04902897 -0.039315272 -0.13504022,
          -0.053857118 -0.031165728 -0.13650885,
          -0.036608804 -0.052280538 -0.13270307,
          -0.028651169 -0.057465751 -0.13176782,
          -0.028651169 -0.061042082 -0.11167151,
          -0.020877682 -0.064582437 -0.11070301,
          -0.01178967 -0.067165948 -0.10999542,
          -0.01178967 -0.072227523 -0.089526676,
          -0.0033025348 -0.068245053 -0.10969868,
          -0.0033025348 -0.073307775 -0.089126654,
          0.0052138688 -0.068106733 -0.10973439,
          0.0052138688 -0.073168777 -0.089175239,
          0.014559033 -0.066534519 -0.11016125,
          0.014559033 -0.071593687 -0.089752138,
          0.022685967 -0.068920739 -0.090733401,
          0.022685967 -0.07544598 -0.070918158,
          0.031100454 -0.071180798 -0.072903752,
          0.031100454 -0.080780596 -0.048974674,
          0.038809992 -0.078256443 -0.042598147,
          0.044905782 -0.072300181 -0.046575382,
          0.050603684 -0.067306787 -0.042616945,
          0.054674167 -0.059933886 -0.048148684,
          0.054674167 -0.062522806 -0.036754642,
          -0.020877682 -0.061002832 -0.13112952,
          -0.01178967 -0.063584112 -0.13066316,
          -0.0033025348 -0.064662494 -0.13046759,
          0.0052138688 -0.06452471 -0.13049103,
          0.014559033 -0.06295453 -0.13077235,
          0.022685967 -0.060289148 -0.13125117,
          0.022685967 -0.063866034 -0.11088783,
          0.031100454 -0.059618711 -0.11204536,
          0.031100454 -0.064666577 -0.092296451,
          0.038809992 -0.065589361 -0.075507447,
          0.038809992 -0.07517834 -0.052327335,
          0.044905782 -0.059583932 -0.078304328,
          0.044905782 -0.069160827 -0.055928409,
          0.050603684 -0.051978473 -0.081846863,
          0.050603684 -0.06153962 -0.0604892,
          0.054674167 -0.044402305 -0.085376039,
          0.054674167 -0.053947426 -0.065032534,
          0.057873961 -0.0354595 -0.08954218,
          0.057873961 -0.044985369 -0.070395634,
          0.059646849 -0.035575937 -0.076026373,
          0.059646849 -0.039056346 -0.06877283,
          0.05996592 -0.030533977 -0.074463136,
          0.05996592 -0.033732217 -0.067807011,
          0.05890375 -0.02116167 -0.080720954,
          0.05890375 -0.024537563 -0.074705325,
          0.059646849 -0.042093109 -0.061534122,
          0.057873961 -0.05123071 -0.05467847,
          0.057873961 -0.048370324 -0.062553838,
          0.054674167 -0.057241403 -0.056630496,
          0.050603684 -0.064756475 -0.051612552,
          0.031100454 -0.056046564 -0.13201392,
          0.038809992 -0.050484829 -0.13301447,
          0.038809992 -0.054050919 -0.11356355,
          0.044905782 -0.044511352 -0.13408937,
          0.044905782 -0.048071038 -0.11519465,
          0.050603684 -0.040498059 -0.11726081,
          0.050603684 -0.045516141 -0.099338263,
          0.054674167 -0.032954365 -0.1193194,
          0.054674167 -0.037960898 -0.10211743,
          0.057873961 -0.024050007 -0.12174964,
          0.057873961 -0.029042991 -0.10539838,
          0.059646849 -0.01968045 -0.10884339,
          0.059646849 -0.026070626 -0.093916446,
          0.05996592 -0.017480066 -0.09791901,
          0.05996592 -0.026966291 -0.081178471,
          0.05890375 -0.0080331219 -0.10232092,
          0.05890375 -0.017498061 -0.086844362,
          0.056680404 -0.0091614118 -0.09183307,
          0.056680404 -0.012909422 -0.086230837,
          0.044905782 -0.053100806 -0.096548714,
          0.038809992 -0.05909 -0.094346441,
          0.050603684 -0.036946397 -0.13545106,
          0.054674167 -0.029410616 -0.13680768,
          0.057873961 -0.020515528 -0.1384093,
          0.059646849 -0.014701595 -0.12430152,
          0.05996592 -0.011114145 -0.11199579,
          0.059646849 -0.011176777 -0.14009102,
          0.05996592 -0.0061481497 -0.12663673,
          0.05890375 0.00325788 -0.12920502,
          0.05890375 -0.0016940529 -0.11546277,
          0.056680404 0.011539402 -0.13146655,
          0.056680404 0.0065997792 -0.1185157,
          0.053322528 0.019382723 -0.13360877,
          0.053322528 0.014454688 -0.12140735,
          0.048327059 0.02253584 -0.12438282,
          0.056680404 0.00028451163 -0.1061969,
          0.054194372 0.0041399924 -0.1055157,
          0.053322528 0.0081621185 -0.10986805,
          0.05996592 -0.0026321108 -0.14163001,
          0.05890375 0.0067643281 -0.14332257,
          0.056680404 0.015037466 -0.14481306,
          0.053322528 0.022872901 -0.1462248,
          0.048327059 0.027452037 -0.13581312,
          0.042780917 0.033975843 -0.13759565,
          0.048327059 0.030934175 -0.14767756,
          0.042780917 0.037451547 -0.1488523,
          0.035666183 0.040167097 -0.13928773,
          0.035666183 0.043636784 -0.14996748,
          0.044905782 -0.067461655 0.022643372,
          0.038809992 -0.071346454 0.029266175,
          0.044905782 -0.064002909 0.026487244,
          0.038809992 -0.067579322 0.033203676,
          0.038809992 -0.063386686 0.03663129,
          0.031100454 -0.070908673 0.039456241,
          0.031100454 -0.066410676 0.042941593,
          0.022685967 -0.068716921 0.047753971,
          0.031100454 -0.061375163 0.045925844,
          0.022685967 -0.063428722 0.050757755,
          0.022685967 -0.057909336 0.053034425,
          0.014559033 -0.059037253 0.056063175,
          0.014559033 -0.052733265 0.057683598,
          0.0052138688 -0.0532934 0.059450503,
          0.014559033 -0.046483472 0.058444705,
          0.0052138688 -0.046939094 0.060185429,
          0.028348103 -0.084191121 0.024515016,
          -0.023500627 -0.082270555 0.033637453,
          -0.024802068 -0.08077433 0.034602296,
          -0.026095144 -0.079205379 0.035483766,
          -0.020877682 -0.078171082 0.040906679,
          -0.023500627 -0.074710228 0.042526979,
          -0.017854646 -0.072920509 0.047419008,
          -0.020877682 -0.069096357 0.048543826,
          -0.016843876 -0.067412145 0.05151923,
          -0.020877682 -0.063768059 0.051550783,
          -0.020877682 -0.058208261 0.053826481,
          -0.028651169 -0.056710087 0.049798649,
          -0.028651169 -0.050773356 0.051475465,
          -0.034035023 -0.049592968 0.047743473,
          -0.028651169 -0.044871282 0.052339844,
          -0.036608804 -0.043356702 0.046581239,
          -0.032716323 -0.029577866 0.050282717,
          -0.038919229 -0.033629525 0.045117982,
          -0.040040866 -0.028838936 0.044374269,
          -0.041798018 -0.021787975 0.04315912,
          -0.042411439 -0.019433407 0.042710695,
          -0.017854646 -0.081431545 0.039056949,
          -0.016338199 -0.074753024 0.046677493,
          -0.014820746 -0.076523304 0.045820072,
          -0.01178967 -0.070502393 0.051478397,
          -0.0033025348 -0.071090743 0.052706607,
          -0.01178967 -0.06501954 0.054497257,
          -0.01178967 -0.059301853 0.05676746,
          -0.0033025348 -0.065543063 0.05573041,
          -0.0033025348 -0.059759073 0.057998233,
          0.0052138688 -0.065477557 0.055577394,
          0.0052138688 -0.059701368 0.057845339,
          0.014559033 -0.064718448 0.053791996,
          -0.0033025348 -0.053342361 0.059602357,
          -0.01178967 -0.052957296 0.05838263,
          -0.020877682 -0.052035864 0.055467714,
          -0.0033025348 -0.046977099 0.060336184,
          -0.01178967 -0.046660349 0.059136782,
          -0.020877682 -0.04590505 0.056268681,
          -0.026908848 -0.022346586 0.053982057,
          -0.038919229 -0.02427892 0.045691896,
          0.0052138688 -0.071017504 0.052554201,
          0.014559033 -0.070165224 0.050776005,
          0.014559033 -0.075042084 0.047219057,
          0.022685967 -0.073447704 0.044224672,
          -0.028651169 -0.075867139 0.036980286,
          -0.031378374 -0.072199054 0.0379657,
          -0.032716323 -0.070290528 0.038297977,
          -0.034035023 -0.06834092 0.038520325,
          -0.036608804 -0.06434831 0.038634583,
          -0.024802068 -0.072893262 0.043185364,
          -0.026095144 -0.071026497 0.043738771,
          -0.028651169 -0.067170635 0.044524722,
          -0.031378374 -0.062995903 0.044798341,
          -0.032716323 -0.060879629 0.044751465,
          -0.034035023 -0.058755036 0.044583805,
          -0.039049156 -0.060173269 0.038423646,
          -0.036608804 -0.054514073 0.043895572,
          -0.040231608 -0.05807488 0.038149599,
          -0.041387074 -0.055979874 0.037766296,
          -0.043611676 -0.051830858 0.036683597,
          -0.04902897 -0.039571527 0.032184206,
          -0.043611676 -0.04150667 0.039545231,
          -0.041387074 -0.045679308 0.041422427,
          -0.040231608 -0.047842342 0.04220923,
          -0.039049156 -0.050039157 0.042887758,
          -0.057062458 -0.048554275 0.0056737065,
          -0.053857118 -0.052858498 0.01465619,
          -0.053857118 -0.05874652 0.0077993167,
          -0.04902897 -0.064050697 0.016840272,
          -0.051615909 -0.063965738 0.0083801271,
          -0.04902897 -0.068956435 0.0083588259,
          -0.053857118 -0.062918991 -0.00032580568,
          -0.04902897 -0.071755432 -0.00092517096,
          -0.053857118 -0.065141223 -0.0091661382,
          -0.04902897 -0.072670817 -0.013214539,
          -0.053857118 -0.065520436 -0.020817261,
          -0.04902897 -0.071810558 -0.028594911,
          -0.053857118 -0.064143464 -0.035322022,
          -0.04902897 -0.06960351 -0.040889591,
          -0.053857118 -0.061628148 -0.046872988,
          -0.04902897 -0.063903019 -0.059072573,
          -0.053857118 -0.055690296 -0.063987061,
          -0.04902897 -0.054357763 -0.080758668,
          -0.053857118 -0.046164326 -0.084577277,
          -0.04902897 -0.047901083 -0.098490119,
          -0.053857118 -0.039731421 -0.10149811,
          -0.04902897 -0.042873915 -0.11663685,
          -0.053857118 -0.034716234 -0.11886531,
          -0.057062458 -0.057058763 -0.0087558599,
          -0.057062458 -0.058720954 -0.017165711,
          -0.057062458 -0.058579758 -0.028196963,
          -0.057062458 -0.053598017 -0.0009765015,
          -0.057062458 -0.056701146 -0.041852053,
          -0.057062458 -0.053886469 -0.052681092,
          -0.057062458 -0.047718234 -0.068757571,
          -0.057062458 -0.038210679 -0.088283882,
          -0.057062458 -0.031800669 -0.10441767,
          -0.057062458 -0.02679719 -0.12102814,
          -0.057062458 -0.023254655 -0.13793427,
          -0.046442755 -0.069135718 0.016446106,
          -0.043611676 -0.073868133 0.015423768,
          -0.058000002 0.0020105829 -0.14849244,
          -0.058000002 0.0023000001 -0.14837256,
          -0.058000002 0.0017000001 -0.14853333,
          -0.058000002 0.0025485284 -0.14818189,
          -0.058000002 0.0027392306 -0.14793336,
          -0.058000002 0.0028591112 -0.14764392,
          -0.058000002 0.0029000002 -0.14733332,
          -0.058000002 0.0028591112 -0.14702277,
          -0.058000002 0.0027392306 -0.14673334,
          -0.058000002 0.0025485284 -0.14648481,
          -0.058000002 0.0023000001 -0.14629413,
          -0.058000002 0.0020105829 -0.14617421,
          -0.058000002 0.0017000001 -0.14613336,
          -0.058000002 -0.0028000001 -0.14733332,
          -0.058000002 -0.009800001 -0.14613336,
          -0.058000002 -0.009800001 -0.14853333,
          -0.058000002 -0.015300001 -0.14033332,
          -0.058000002 -0.015300001 -0.15433332,
          -0.058000002 -0.009800001 -0.15133332,
          -0.058000002 0.0017000001 -0.15133332,
          -0.058000002 0.0097000003 -0.15433332,
          -0.058000002 0.0023945929 -0.15127259,
          -0.058000002 0.0030680809 -0.15109211,
          -0.058000002 0.0037000002 -0.15079743,
          -0.058000002 0.0042711506 -0.15039752,
          -0.058000002 0.0047641778 -0.14990449,
          -0.058000002 0.0051641017 -0.14933331,
          -0.058000002 0.0054587703 -0.14870143,
          -0.058000002 0.0056392313 -0.14802796,
          -0.058000002 0.0057000001 -0.14733332,
          -0.058000002 0.0097000003 -0.14033332,
          -0.058000002 0.0056392313 -0.14663874,
          -0.058000002 0.0054587703 -0.14596528,
          -0.058000002 0.0051641017 -0.14533332,
          -0.058000002 0.0047641778 -0.14476222,
          -0.058000002 0.0042711506 -0.14426917,
          -0.058000002 0.0037000002 -0.14386921,
          -0.058000002 0.0030680809 -0.1435746,
          -0.058000002 0.0023945929 -0.14339411,
          -0.058000002 0.0017000001 -0.14333332,
          -0.058000002 -0.009800001 -0.14333332,
          -0.061000004 0.0020105829 -0.14849244,
          -0.061000004 0.0017000001 -0.14853333,
          -0.061000004 0.0023000001 -0.14837256,
          -0.061000004 0.0025485284 -0.14818189,
          -0.061000004 0.0027392306 -0.14793336,
          -0.061000004 0.0028591112 -0.14764392,
          -0.061000004 0.0029000002 -0.14733332,
          -0.061000004 0.0028591112 -0.14702277,
          -0.061000004 0.0027392306 -0.14673334,
          -0.061000004 0.0025485284 -0.14648481,
          -0.061000004 0.0023000001 -0.14629413,
          -0.061000004 0.0020105829 -0.14617421,
          -0.061000004 0.0017000001 -0.14613336,
          -0.061000004 -0.0028000001 -0.14733332,
          -0.061000004 -0.009800001 -0.14613336,
          -0.061000004 -0.009800001 -0.14853333,
          -0.061000004 -0.015300001 -0.14033332,
          -0.061000004 -0.015300001 -0.15433332,
          -0.061000004 -0.009800001 -0.15133332,
          -0.061000004 0.0017000001 -0.15133332,
          -0.061000004 0.0097000003 -0.15433332,
          -0.061000004 0.0023945929 -0.15127259,
          -0.061000004 0.0030680809 -0.15109211,
          -0.061000004 0.0037000002 -0.15079743,
          -0.061000004 0.0042711506 -0.15039752,
          -0.061000004 0.0047641778 -0.14990449,
          -0.061000004 0.0051641017 -0.14933331,
          -0.061000004 0.0054587703 -0.14870143,
          -0.061000004 0.0056392313 -0.14802796,
          -0.061000004 0.0057000001 -0.14733332,
          -0.061000004 0.0097000003 -0.14033332,
          -0.061000004 0.0056392313 -0.14663874,
          -0.061000004 0.0054587703 -0.14596528,
          -0.061000004 0.0051641017 -0.14533332,
          -0.061000004 0.0047641778 -0.14476222,
          -0.061000004 0.0042711506 -0.14426917,
          -0.061000004 0.0037000002 -0.14386921,
          -0.061000004 0.0030680809 -0.1435746,
          -0.061000004 0.0023945929 -0.14339411,
          -0.061000004 0.0017000001 -0.14333332,
          -0.061000004 -0.009800001 -0.14333332,
          -0.058000002 -0.00080000004 -0.13079999,
          -0.058000002 -0.00080000004 -0.13129999,
          -0.058000002 0.0057000001 -0.13079999,
          -0.058000002 0.0057000001 -0.1338,
          -0.058000002 0.0097000003 -0.13900001,
          -0.058000002 0.0057000001 -0.13679999,
          -0.058000002 -0.009800001 -0.13679999,
          -0.058000002 -0.00205 -0.13381922,
          -0.058000002 -0.015300001 -0.13900001,
          -0.058000002 -0.009800001 -0.1338,
          -0.058000002 -0.009800001 -0.13079999,
          -0.058000002 -0.0033000002 -0.13129999,
          -0.058000002 -0.0033000002 -0.13079999,
          -0.058000002 -0.015300001 -0.125,
          -0.058000002 -0.009800001 -0.12800001,
          -0.058000002 0.0097000003 -0.125,
          -0.058000002 0.0057000001 -0.12800001,
          -0.061000004 -0.00080000004 -0.13079999,
          -0.061000004 0.0057000001 -0.13079999,
          -0.061000004 -0.00080000004 -0.13129999,
          -0.061000004 0.0057000001 -0.1338,
          -0.061000004 -0.00205 -0.13381922,
          -0.061000004 0.0057000001 -0.13679999,
          -0.061000004 -0.009800001 -0.13679999,
          -0.061000004 0.0097000003 -0.13900001,
          -0.061000004 -0.015300001 -0.13900001,
          -0.061000004 -0.009800001 -0.1338,
          -0.061000004 -0.009800001 -0.13079999,
          -0.061000004 -0.0033000002 -0.13129999,
          -0.061000004 -0.0033000002 -0.13079999,
          -0.061000004 -0.015300001 -0.125,
          -0.061000004 -0.009800001 -0.12800001,
          -0.061000004 0.0097000003 -0.125,
          -0.061000004 0.0057000001 -0.12800001,
          -0.041387074 -0.076932274 0.014602723,
          -0.043611676 -0.077136114 0.0057787476,
          -0.040231608 -0.078371666 0.014091493,
          -0.039049156 -0.079744801 0.013516358,
          -0.043611676 -0.078487761 -0.0070296023,
          -0.046442755 -0.075604476 -0.017896364,
          -0.043611676 -0.078047723 -0.023122499,
          -0.043611676 -0.076091357 -0.036022279,
          -0.040231608 -0.080429032 -0.027012575,
          -0.036608804 -0.082292683 -0.031369936,
          -0.032716323 -0.085994288 -0.022495423,
          -0.028651169 -0.087368116 -0.02756238,
          -0.028651169 -0.088889204 -0.013610963,
          -0.020877682 -0.09083081 -0.024964845,
          -0.020877682 -0.092218474 -0.01069043,
          -0.016338199 -0.093151361 -0.016686585,
          -0.014820746 -0.09406615 -0.0031289065,
          -0.01178967 -0.094649039 -0.0085585946,
          -0.0089332946 -0.095165834 -0.0021008302,
          -0.0033025348 -0.095665775 -0.0076672365,
          -0.0075137164 -0.095261768 0.0010870972,
          -0.00046878363 -0.095782302 -0.0015250855,
          -0.0061013368 -0.095251627 0.0042427978,
          0.00093465694 -0.09568736 0.0014972535,
          -0.0033025348 -0.094920382 0.010443116,
          0.0023495962 -0.095491938 0.0044816895,
          -0.00046878363 -0.094355017 0.01544098,
          0.0052138688 -0.094802283 0.010317689,
          0.00093465694 -0.093963996 0.0178714,
          0.0023495962 -0.093500219 0.020213136,
          -0.0033025348 -0.092335381 0.024712281,
          -0.00046878363 -0.091178685 0.028414369,
          -0.0061013368 -0.089409545 0.031657349,
          -0.0033025348 -0.087745987 0.035380371,
          -0.0061013368 -0.085473754 0.038494755,
          -0.0061013368 -0.093277894 0.019951051,
          -0.0075137164 -0.093569115 0.017416505,
          -0.01178967 -0.093971662 0.0094342045,
          -0.016338199 -0.093622461 -0.00049536134,
          -0.023500627 -0.091357693 -0.0056618047,
          -0.024802068 -0.090794191 -0.0032263796,
          -0.031378374 -0.087605968 -0.0091707772,
          -0.026095144 -0.090144977 -0.00084832771,
          -0.032716323 -0.086835735 -0.0070491335,
          -0.028651169 -0.088599131 0.0037215578,
          -0.034035023 -0.085983671 -0.0049977419,
          -0.031378374 -0.086752638 0.0069150394,
          -0.036608804 -0.084048055 -0.0011174927,
          -0.032716323 -0.085744962 0.0084080203,
          -0.034035023 -0.084681757 0.0097933961,
          -0.023500627 -0.089527592 0.015519837,
          -0.020877682 -0.089361146 0.021008668,
          -0.016338199 -0.088681787 0.027847169,
          -0.01178967 -0.086944133 0.034228638,
          -0.0075137164 -0.084198706 0.039942324,
          -0.020877682 -0.091704406 0.0070233769,
          -0.017854646 -0.09202221 0.012824036,
          -0.017854646 -0.093079627 0.0020776978,
          -0.016338199 -0.092047073 0.01566394,
          -0.014820746 -0.091982193 0.018420288,
          -0.036608804 -0.084009595 -0.017891908,
          -0.043611676 -0.07370507 -0.045633242,
          -0.036608804 -0.080026589 -0.041412722,
          -0.043611676 -0.070583977 -0.05507471,
          -0.036608804 -0.076969929 -0.051253483,
          -0.036608804 -0.067392968 -0.074682556,
          -0.028651169 -0.082196496 -0.048126038,
          -0.020877682 -0.085762344 -0.045992374,
          -0.043611676 -0.06102271 -0.077652104,
          -0.043611676 -0.054546509 -0.096042909,
          -0.036608804 -0.082279332 0.012186463,
          -0.028651169 -0.085200526 -0.037958499,
          -0.020877682 -0.088730574 -0.035601869,
          -0.01178967 -0.093358524 -0.023068726,
          -0.01178967 -0.091307655 -0.033881593,
          -0.0033025348 -0.09238559 -0.033162232,
          -0.0033025348 -0.094415538 -0.022276063,
          0.0052138688 -0.092250519 -0.033252809,
          0.0052138688 -0.095538542 -0.0077797244,
          0.0083015282 -0.095252827 -0.0020214845,
          0.0098578949 -0.094951682 0.00078558351,
          0.011420714 -0.094546206 0.0035376588,
          0.0083015282 -0.093862683 0.014889772,
          0.0052138688 -0.092225797 0.024574585,
          0.00093465694 -0.090447254 0.030200258,
          0.0023495962 -0.089614712 0.03193628,
          0.0023495962 -0.085664913 0.038783144,
          0.00093465694 -0.084525689 0.04045099,
          0.0083015282 -0.09072502 0.027821595,
          0.0098578949 -0.089819036 0.029360292,
          0.014559033 -0.090954132 0.022988709,
          0.0186355 -0.088142671 0.027121462,
          0.019990187 -0.088471428 0.024882142,
          0.025538851 -0.086669169 0.022532044,
          0.022685967 -0.088793434 0.020295288,
          0.028348103 -0.087586507 0.013221802,
          0.02694976 -0.08855585 0.011646119,
          0.031100454 -0.087373622 0.0024197388,
          0.025538851 -0.089463875 0.0099597787,
          0.028348103 -0.089119703 -0.0018759156,
          0.022685967 -0.091092505 0.0063736574,
          0.02694976 -0.089865185 -0.0041296389,
          0.025538851 -0.090521999 -0.0064494633,
          0.031100454 -0.087570928 -0.014773561,
          0.022685967 -0.091559298 -0.011273072,
          0.022685967 -0.090141751 -0.025483644,
          0.014559033 -0.092748098 -0.023527833,
          0.014559033 -0.090687007 -0.034297183,
          0.0052138688 -0.09428253 -0.022376223,
          0.014559033 -0.094064184 -0.0090743415,
          0.017277926 -0.093244553 0.0022388918,
          0.014559033 -0.093427956 0.008856629,
          0.0186355 -0.091457702 0.014986634,
          0.0098578949 -0.093280382 0.017084718,
          0.011420714 -0.092622153 0.019174684,
          0.017277926 -0.091414116 0.017746462,
          0.019990187 -0.092624083 -0.004482178,
          0.038809992 -0.082497343 -0.0027647705,
          0.041963954 -0.080086082 -0.013577455,
          0.031100454 -0.085352995 0.016007142,
          0.02694976 -0.085473254 0.023557374,
          0.041963954 -0.079473391 0.0011903687,
          0.0186355 -0.092989452 -0.0011108399,
          -0.01178967 -0.091458097 0.023620302,
          -0.0089332946 -0.090649754 0.027726259,
          -0.0075137164 -0.090083122 0.029715821,
          -0.014820746 -0.089706577 0.026497742,
          0.022685967 -0.077720642 0.040133607,
          0.017277926 -0.081560083 0.039257508,
          0.0186355 -0.08246097 0.037226077,
          0.014559033 -0.079452321 0.043086428,
          0.020798938 -0.022489749 0.056695804,
          0.029020427 -0.022291899 0.052844118,
          0.026935134 -0.030016305 0.05377588,
          0.03505281 -0.029369075 0.048597354,
          0.029020427 -0.037415612 0.052392215,
          0.031100454 -0.044472665 0.050779909,
          0.022685967 -0.045708071 0.055487733,
          0.022685967 -0.051782243 0.054681033,
          0.031100454 -0.056113645 0.048211306,
          0.031100454 -0.050268356 0.049899843,
          0.038809992 -0.042852283 0.044607364,
          0.040219732 -0.035723366 0.043740481,
          0.041840091 -0.028620066 0.042605348,
          0.046546612 -0.034312103 0.036525149,
          0.047974963 -0.027702305 0.035263553,
          0.0516591 -0.032757357 0.028576111,
          0.052739639 -0.026725089 0.027446778,
          0.05570576 -0.031015288 0.019669373,
          0.056516737 -0.025611075 0.018535951,
          0.058507413 -0.029111139 0.0099337772,
          0.058979496 -0.024409654 0.0089263916,
          0.059646849 -0.031391434 0.00097363285,
          0.059837539 -0.019759698 0.003649231,
          0.05996592 -0.028899029 -0.0085123908,
          0.05890375 -0.026157802 -0.018944459,
          0.057378266 -0.021747062 -0.022447512,
          0.055152342 -0.018481554 -0.025349062,
          0.0545757 -0.017713606 -0.02572638,
          0.053322528 -0.018239142 -0.029332887,
          0.051542886 -0.017184936 -0.031219728,
          0.050143756 -0.017436029 -0.033870056,
          0.048327059 -0.016868884 -0.035927311,
          0.048327059 -0.017736075 -0.037599549,
          0.04747026 -0.016965743 -0.037202455,
          0.046585545 -0.017635331 -0.040158387,
          0.04567359 -0.017108846 -0.039712954,
          0.042780917 -0.01736429 -0.045051944,
          0.042780917 -0.01701194 -0.042916566,
          0.0405147 -0.017178711 -0.045882814,
          0.039340027 -0.016912716 -0.046193361,
          0.035666183 -0.016857127 -0.051441897,
          0.035666183 -0.016822193 -0.049178895,
          0.033053122 -0.016859626 -0.051333193,
          0.034370255 -0.016003367 -0.049142215,
          0.031716242 -0.016248867 -0.051137149,
          0.030361213 -0.015702825 -0.051555116,
          0.027603256 -0.01620484 -0.053494327,
          0.025023183 -0.015669292 -0.054345399,
          0.027603256 -0.01675291 -0.055147953,
          0.023719577 -0.016170187 -0.05534723,
          0.022408614 -0.016509013 -0.056448795,
          0.019769603 -0.016141191 -0.056895632,
          0.016721232 -0.016455567 -0.058436342,
          0.019769603 -0.016590958 -0.05859546,
          0.019769603 -0.01616725 -0.060130801,
          0.027603256 -0.01644459 -0.05663849,
          0.035666183 -0.016489729 -0.054282594,
          0.027603256 -0.015728606 -0.059610721,
          0.035666183 -0.015396088 -0.059885684,
          0.027603256 -0.013926877 -0.06547156,
          0.035666183 -0.014693423 -0.062518738,
          0.027603256 -0.012898259 -0.068194337,
          0.035666183 -0.013908017 -0.065200262,
          0.027603256 -0.011777884 -0.070926331,
          0.035666183 -0.01309702 -0.067694582,
          0.027603256 -0.010659909 -0.073431276,
          0.035666183 -0.012184483 -0.070220582,
          0.027603256 -0.0094467858 -0.075934149,
          0.035666183 -0.011201329 -0.072669253,
          0.027603256 -0.008186576 -0.07833039,
          0.035666183 -0.010103616 -0.075128727,
          0.027603256 -0.0068284455 -0.080710635,
          0.035666183 -0.0075529907 -0.079996094,
          0.027603256 -0.0038249996 -0.085357606,
          0.035666183 -0.0044662375 -0.0847826,
          0.027603256 -0.00038286627 -0.089869633,
          0.035666183 6.7642119e-005 -0.090551704,
          0.027603256 0.0044822479 -0.095245674,
          0.035666183 0.0061933878 -0.097048707,
          0.027603256 0.010926647 -0.10120118,
          0.035666183 0.011547128 -0.10177723,
          0.027603256 0.016470309 -0.10547052,
          0.035666183 0.015621374 -0.10527972,
          0.027603256 0.020640129 -0.10863031,
          0.035666183 0.019660603 -0.10907997,
          0.027603256 0.024730394 -0.11211365,
          0.031716242 0.02721039 -0.11555231,
          0.023719577 0.031431708 -0.11778639,
          0.019769603 0.037492666 -0.12354115,
          0.010620981 0.039910339 -0.12466949,
          0.010620981 0.04610781 -0.13306873,
          0.00211262 0.047019411 -0.13340674,
          0.00211262 0.05190146 -0.14249976,
          -0.0059235748 0.046760086 -0.13331367,
          -0.0059235748 0.051642969 -0.14243115,
          -0.011790598 0.04587803 -0.13299079,
          -0.011790598 0.050762564 -0.14219227,
          -0.020877788 0.043286063 -0.13203962,
          -0.020877788 0.048174981 -0.14148805,
          -0.028651111 0.04463109 -0.14052241,
          -0.020877788 0.051639039 -0.15141779,
          -0.028651111 0.048099134 -0.15078144,
          -0.028651111 0.050065812 -0.16092317,
          -0.036608774 0.042910948 -0.14984827,
          -0.036608774 0.044880781 -0.16045441,
          -0.043611638 0.038546417 -0.15988167,
          -0.049028952 0.031919949 -0.15928242,
          -0.043611638 0.036572296 -0.1487077,
          -0.049028952 0.02994106 -0.14751422,
          -0.043611638 0.03309175 -0.13737568,
          -0.049028952 0.02645346 -0.13556464,
          -0.049028952 0.021530369 -0.12404164,
          -0.053857077 0.01335798 -0.12103559,
          -0.053857077 0.0070756539 -0.10938379,
          -0.057062443 0.0054253503 -0.11811719,
          -0.057062443 -0.0008790759 -0.10567804,
          -0.059261132 -0.0037651083 -0.11473566,
          -0.059261132 -0.010095328 -0.10138428,
          -0.059261132 0.0011964656 -0.12867151,
          -0.059261132 0.0047104144 -0.14297144,
          -0.059261132 0.0067090765 -0.15700239,
          -0.057062443 0.010373026 -0.13117634,
          -0.057062443 0.013877472 -0.14462221,
          -0.057062443 0.015868714 -0.15783082,
          -0.053857077 0.023774812 -0.15854585,
          -0.036608774 0.03943722 -0.13910639,
          -0.036608774 0.034534309 -0.12882355,
          -0.028651111 0.03973642 -0.13073561,
          -0.020877788 0.037084512 -0.12335926,
          -0.011790598 0.039682701 -0.124568,
          -0.0059235748 0.040566523 -0.12497865,
          0.00211262 0.040825587 -0.12509766,
          -0.0059235748 0.031223718 -0.11599855,
          0.00211262 0.031481646 -0.11615309,
          -0.0059235748 0.027069097 -0.11292139,
          0.00211262 0.027324062 -0.11309198,
          0.00211262 0.023026094 -0.110388,
          0.010620981 0.022133688 -0.10971881,
          0.010620981 0.016372116 -0.10597773,
          0.019769603 0.019778894 -0.10795246,
          0.019769603 0.014107772 -0.1039917,
          0.019769603 0.0074493703 -0.098400638,
          0.019769603 0.0023615346 -0.093288213,
          0.010620981 0.0043150913 -0.095721193,
          0.010620981 0.00046513553 -0.091525942,
          0.00211262 0.0050558671 -0.096643068,
          0.00211262 0.0011423965 -0.092498481,
          -0.0059235748 0.0048487294 -0.096383855,
          -0.0059235748 0.0009544316 -0.092226319,
          -0.011790598 0.00030545809 -0.09129145,
          -0.011790598 -0.0031999759 -0.086891055,
          -0.020877788 -0.0048787282 -0.084028326,
          -0.020877788 -0.0063932887 -0.081696048,
          -0.028651111 -0.0085115908 -0.077717774,
          -0.020877788 -0.0078198807 -0.079331547,
          -0.028651111 -0.0097439969 -0.075316533,
          -0.028651111 -0.010926482 -0.072811097,
          -0.036608774 -0.013438081 -0.066901125,
          -0.028651111 -0.012013867 -0.070306703,
          -0.036608774 -0.014209956 -0.064407535,
          -0.028651111 -0.013099303 -0.06757807,
          -0.036608774 -0.01495067 -0.061730288,
          -0.036608774 -0.015589235 -0.059098758,
          -0.043611638 -0.017436424 -0.05206354,
          -0.043611638 -0.017553622 -0.046816226,
          -0.049028952 -0.019369375 -0.044703066,
          -0.049028952 -0.018556207 -0.039794497,
          -0.053857077 -0.019788714 -0.031162905,
          -0.049028952 -0.017974272 -0.037314456,
          -0.053857077 -0.018641816 -0.028896425,
          -0.049028952 -0.017635439 -0.036067445,
          -0.053857077 -0.01802313 -0.02775641,
          -0.044664845 -0.016448418 -0.040223636,
          -0.043611638 -0.017320229 -0.04282831,
          -0.041707948 -0.016391065 -0.043312989,
          -0.038875204 -0.017002614 -0.046897404,
          -0.038184393 -0.016332312 -0.046479311,
          -0.036608774 -0.017019153 -0.04929059,
          -0.036471955 -0.015751915 -0.04744745,
          -0.034785628 -0.016283726 -0.049101688,
          -0.032783829 -0.016645091 -0.050995976,
          -0.030806009 -0.01623523 -0.051717836,
          -0.028651111 -0.016772995 -0.054579593,
          -0.028781546 -0.015691666 -0.05246387,
          -0.026659016 -0.016192997 -0.053994875,
          -0.024748776 -0.016528422 -0.055449221,
          -0.02276657 -0.016160214 -0.055766482,
          -0.020877788 -0.016605331 -0.058187809,
          -0.020728655 -0.015647598 -0.056132693,
          -0.018754655 -0.016132727 -0.057255067,
          -0.016433863 -0.016448179 -0.058528751,
          -0.014205593 -0.016108615 -0.058562379,
          -0.011790598 -0.016483339 -0.06082166,
          -0.011899599 -0.015617524 -0.058640383,
          -0.0095486976 -0.01609122 -0.059508547,
          -0.0083344551 -0.016403593 -0.060259219,
          -0.0066216048 -0.016083917 -0.05990839,
          -0.0059235748 -0.016442178 -0.061717167,
          -0.0036859862 -0.015604567 -0.059720829,
          -0.0018891899 -0.016077846 -0.06024579,
          -0.00055504078 -0.01638931 -0.060842715,
          0.00211262 -0.016078196 -0.060237002,
          0.00211262 -0.016430886 -0.061978642,
          0.0049126241 -0.016395478 -0.060640443,
          0.00211262 -0.015894655 -0.063558228,
          0.0084651252 -0.016470941 -0.061353397,
          0.010620981 -0.015969718 -0.062616333,
          0.010620981 -0.01647529 -0.061049014,
          0.012904216 -0.016508952 -0.060532656,
          0.010620981 -0.016095683 -0.05931757,
          0.013667038 -0.015622319 -0.058248475,
          0.0077500045 -0.015609323 -0.059327763,
          -0.0059235748 -0.015915314 -0.063293584,
          0.0063262796 -0.016083991 -0.059936222,
          -0.011790598 -0.015987007 -0.062386721,
          -0.020877788 -0.016198223 -0.059719302,
          -0.0059235748 -0.014753263 -0.066433534,
          -0.011790598 -0.014885901 -0.065503545,
          -0.0059235748 -0.012040748 -0.07262592,
          -0.011790598 -0.012295714 -0.071651369,
          -0.0059235748 -0.010600397 -0.075467169,
          -0.011790598 -0.010914034 -0.07447803,
          -0.0059235748 -0.0090502081 -0.078264654,
          -0.011790598 -0.0094220405 -0.077266969,
          -0.0059235748 -0.0075377547 -0.080783449,
          -0.011790598 -0.0079627372 -0.079783998,
          -0.0059235748 -0.0059386436 -0.083256721,
          -0.011790598 -0.0064157564 -0.082261294,
          -0.0059235748 -0.0043224865 -0.085585453,
          -0.011790598 -0.0048475941 -0.084599122,
          -0.0059235748 -0.0026297627 -0.087863714,
          0.00211262 -0.0024645508 -0.088146307,
          0.010620981 -0.0030594829 -0.087133184,
          0.010620981 -0.0047175419 -0.084844239,
          0.019769603 -0.0046269638 -0.084462345,
          0.019769603 -0.0061602183 -0.082135379,
          0.019769603 -0.0013191187 -0.088961005,
          0.00211262 -0.0041701403 -0.08587189,
          0.010620981 -0.006296833 -0.08250843,
          0.019769603 -0.0076067364 -0.079774477,
          -0.020877788 -0.0092131561 -0.076842353,
          -0.020877788 -0.010515648 -0.074330628,
          -0.020877788 -0.011836173 -0.071567081,
          -0.020877788 -0.013047284 -0.068784431,
          -0.020877788 -0.015276259 -0.062768191,
          -0.028651111 -0.01407788 -0.064856507,
          -0.028651111 -0.015811183 -0.059020754,
          -0.036608774 -0.016595379 -0.053527772,
          -0.028651111 -0.016487792 -0.056064762,
          -0.036608774 -0.016912391 -0.050707828,
          0.00211262 -0.014714723 -0.066705078,
          0.00211262 -0.011967596 -0.0729101,
          0.010620981 -0.014852858 -0.065739565,
          0.010620981 -0.012235278 -0.071897462,
          0.019769603 -0.012939038 -0.069225587,
          0.019769603 -0.011691961 -0.072009034,
          0.019769603 -0.010346388 -0.074774966,
          0.019769603 -0.0090219732 -0.077287115,
          0.010620981 -0.0078560757 -0.08003217,
          0.010620981 -0.009327624 -0.077514894,
          0.00211262 -0.0074140318 -0.081073612,
          0.00211262 -0.008941629 -0.078554325,
          0.010620981 -0.010833601 -0.074724615,
          0.00211262 -0.010508571 -0.075754642,
          0.00211262 -0.0057999925 -0.083545655,
          0.019769603 -0.015217038 -0.063191287,
          -0.043611638 -0.0174313 -0.044162415,
          0.019769603 0.024013087 -0.11088209,
          0.010620981 0.026413912 -0.11248469,
          0.019769603 0.028137544 -0.11415235,
          0.010620981 0.03056255 -0.11560328,
          0.01519399 0.034392219 -0.11935321,
          0.010620981 0.050990757 -0.14224903,
          0.00211262 0.055360653 -0.15208448,
          -0.0059235748 0.055102792 -0.15203932,
          -0.0059235748 0.057067063 -0.16155586,
          -0.011790598 0.054223556 -0.15188184,
          -0.011790598 0.05618766 -0.16147645,
          -0.020877788 0.053603925 -0.16124299,
          0.039340027 0.021525243 -0.11254358,
          0.042780917 0.013426598 -0.10534967,
          0.042780917 0.0094502466 -0.10115961,
          0.042780917 0.0054933517 -0.097235598,
          0.048327059 -0.00088508776 -0.092450321,
          0.048327059 -0.0057586534 -0.08656244,
          0.053322528 -0.013342757 -0.079908147,
          0.048327059 -0.011079264 -0.078699589,
          0.053322528 -0.018152276 -0.071179144,
          0.048327059 -0.014777071 -0.071936525,
          0.053322528 -0.021319689 -0.063784733,
          0.053322528 -0.022937555 -0.057867128,
          0.056680404 -0.028741816 -0.049517643,
          0.053322528 -0.023619637 -0.052091248,
          0.056680404 -0.028718971 -0.043399293,
          0.056680404 -0.028337322 -0.040490177,
          0.05890375 -0.034102738 -0.03422229,
          0.05890375 -0.033293366 -0.03118323,
          0.05996592 -0.040217031 -0.023799928,
          0.05996592 -0.038921945 -0.020613283,
          0.059646849 -0.045776661 -0.014322877,
          0.059646849 -0.044039961 -0.011002076,
          0.057873961 -0.051852513 -0.0039656986,
          0.057873961 -0.049633242 -0.00049829105,
          0.054674167 -0.054960404 0.009505799,
          0.054674167 -0.051925655 0.012714478,
          0.050603684 -0.05602425 0.021267457,
          0.050603684 -0.052127369 0.024163941,
          0.044905782 -0.060138386 0.029852845,
          0.044905782 -0.055790413 0.03278406,
          0.038809992 -0.058682613 0.039589968,
          0.056680404 -0.025026653 -0.063869879,
          0.056680404 -0.027678624 -0.055861637,
          0.05890375 -0.034392435 -0.047496159,
          0.05890375 -0.03486982 -0.040702149,
          0.05996592 -0.041829322 -0.030690188,
          0.042780917 0.00037335898 -0.091942511,
          0.042780917 -0.0053603891 -0.084780216,
          0.042780917 -0.017425578 -0.047730837,
          0.042780917 -0.017202159 -0.053017091,
          0.048327059 -0.018411569 -0.040827576,
          0.048327059 -0.01910471 -0.045780152,
          0.053322528 -0.021457477 -0.036829408,
          0.053322528 -0.022104084 -0.039094362,
          0.056680404 -0.024900483 -0.03025635,
          0.053322528 -0.022700768 -0.041568302,
          0.056680404 -0.026018545 -0.032652102,
          0.053322528 -0.023155978 -0.044018924,
          0.056680404 -0.026951335 -0.035086244,
          0.053322528 -0.023483474 -0.046640381,
          0.056680404 -0.027746579 -0.037743777,
          0.053322528 -0.023643155 -0.049305238,
          0.042780917 -0.01690099 -0.055540226,
          0.042780917 -0.016527379 -0.058159854,
          0.042780917 -0.016093694 -0.060641117,
          0.042780917 -0.015550651 -0.063195556,
          0.042780917 -0.014908041 -0.065708622,
          0.042780917 -0.01413042 -0.068265446,
          0.042780917 -0.012136506 -0.073403627,
          0.042780917 -0.0094871018 -0.078527346,
          0.048327059 -0.016965419 -0.066457763,
          0.048327059 -0.018372834 -0.061034426,
          0.048327059 -0.018813284 -0.058375124,
          0.048327059 -0.019097183 -0.055794191,
          0.048327059 -0.019251004 -0.053209782,
          0.048327059 -0.019287249 -0.05074225,
          0.048327059 -0.01922705 -0.048187748,
          0.050995938 -0.017982587 -0.033548951,
          0.053322528 -0.019631023 -0.03228943,
          0.056680404 -0.023743946 -0.028129762,
          0.05890375 -0.027853061 -0.020925172,
          0.05996592 -0.031206492 -0.010327637,
          0.05890375 -0.02952156 -0.023238404,
          0.05996592 -0.033500098 -0.012547242,
          0.05890375 -0.030958518 -0.025655214,
          0.05996592 -0.035509571 -0.014944336,
          0.05996592 -0.037359383 -0.017683046,
          0.059646849 -0.042007562 -0.0079829711,
          0.05890375 -0.032247566 -0.028350709,
          0.059646849 -0.034255911 -0.00069134525,
          0.059646849 -0.037117887 -0.0028257447,
          0.057873961 -0.041071787 0.0077985232,
          0.057873961 -0.044170596 0.0054388428,
          0.054674167 -0.044837732 0.017917298,
          0.054674167 -0.048478216 0.015576295,
          0.050603684 -0.048028082 0.026489198,
          0.044905782 -0.051230662 0.035093568,
          0.038809992 -0.053759377 0.041887026,
          0.057873961 -0.047087427 0.0026179201,
          0.059646849 -0.039647892 -0.0052049565,
          0.057873961 -0.037588682 0.009839966,
          0.054674167 -0.040763091 0.019870302,
          0.050603684 -0.04345236 0.028367249,
          0.044905782 -0.046152007 0.036896486,
          0.038809992 -0.04828367 0.043630678,
          0.03813947 -0.01630304 -0.046461549,
          0.044735055 -0.016419068 -0.040086854,
          0.058507413 -0.020227537 0.012732239,
          0.05570576 -0.020701172 0.02192981,
          0.029717891 -0.019729685 0.052530337,
          0.044905782 -0.04111138 0.037977297,
          0.050603684 -0.038906138 0.029580323,
          0.054674167 -0.036708988 0.021215271,
          0.057873961 -0.034115102 0.011340943,
          0.059646849 -0.048157472 -0.021586243,
          0.057873961 -0.055073183 -0.011636719,
          0.054674167 -0.061659783 -0.0021603394,
          0.054674167 -0.05763923 0.0058988039,
          0.050603684 -0.062541217 0.01425525,
          0.057873961 -0.056528375 -0.019913454,
          0.059646849 -0.048950922 -0.029355653,
          0.05996592 -0.042017445 -0.037995178,
          0.050603684 -0.059473131 0.017980469,
          0.01519399 -0.016114831 -0.058300722,
          -0.057062443 -0.018399633 -0.019688783,
          -0.059261132 -0.018836034 -0.010341553,
          -0.059261132 -0.02004079 -0.01125708,
          -0.059261132 -0.022371452 -0.013076234,
          -0.057062443 -0.019289872 -0.020724855,
          -0.057062443 -0.020985171 -0.022784058,
          -0.059261132 -0.026726553 -0.016695069,
          -0.059261132 -0.028583135 -0.018658081,
          -0.057062443 -0.025311645 -0.028995546,
          -0.059261132 -0.030382391 -0.020955689,
          -0.057062443 -0.026501218 -0.031384401,
          -0.059261132 -0.031936143 -0.023369446,
          -0.057062443 -0.027496658 -0.033817384,
          -0.057062443 -0.02835463 -0.036480043,
          -0.053857077 -0.024051035 -0.045460939,
          -0.053857077 -0.024263818 -0.048135441,
          -0.049028952 -0.019382607 -0.057302129,
          -0.049028952 -0.018987887 -0.059974305,
          -0.043611638 -0.014674892 -0.06732697,
          -0.043611638 -0.012755331 -0.072495058,
          -0.036608774 -0.008063484 -0.079246402,
          -0.043611638 -0.010177955 -0.077654667,
          -0.036608774 -0.0050362982 -0.084062383,
          -0.036608774 -0.00054559298 -0.089901127,
          -0.028651111 0.0040029278 -0.094737127,
          -0.036608774 0.0055307923 -0.096460268,
          -0.028651111 0.010408762 -0.10074127,
          -0.036608774 0.01085229 -0.10125281,
          -0.028651111 0.015927244 -0.10506067,
          -0.036608774 0.014917446 -0.10480635,
          -0.028651111 0.020089943 -0.10826039,
          -0.028651111 0.024172101 -0.11177821,
          -0.020877788 0.027737124 -0.11391175,
          -0.024802089 0.030949131 -0.11753168,
          -0.011790598 0.030339174 -0.11546907,
          -0.011790598 0.026193773 -0.11233667,
          -0.011790598 0.021916404 -0.10955481,
          -0.0059235748 0.022775488 -0.11019966,
          -0.011790598 0.016164901 -0.10579371,
          -0.0059235748 0.016990304 -0.10651855,
          -0.011790598 0.0093698259 -0.10044312,
          -0.0059235748 0.01013919 -0.10126105,
          -0.011790598 0.0041368105 -0.095495977,
          0.00211262 0.010362777 -0.1014986,
          0.00211262 0.017230617 -0.10673017,
          0.010620981 0.009561616 -0.10064661,
          -0.028651111 0.033525769 -0.1217027,
          -0.032716278 0.026569039 -0.11521382,
          -0.036608774 0.028309897 -0.11927412,
          -0.040231574 0.020729598 -0.1121236,
          -0.043611638 0.021937357 -0.11630635,
          -0.046442725 0.014139677 -0.10863624,
          -0.049028952 0.015270622 -0.11320118,
          -0.051615879 0.0066711884 -0.10468391,
          -0.054699503 0.0030312431 -0.10497718,
          -0.057062443 -0.010303403 -0.091147035,
          -0.059261132 -0.019539734 -0.085619815,
          -0.043611638 0.028178925 -0.12648676,
          -0.036608774 0.018946292 -0.10865083,
          -0.043611638 0.0085972147 -0.10058606,
          -0.043611638 0.0046514086 -0.096600287,
          -0.043611638 -0.00042960583 -0.091229558,
          -0.049028952 -0.0066656671 -0.085757144,
          -0.043611638 -0.0061036139 -0.083991706,
          -0.049028952 -0.011918811 -0.077808842,
          -0.049028952 -0.015557449 -0.070950806,
          -0.053857077 -0.019067597 -0.070208013,
          -0.053857077 -0.022170542 -0.062709905,
          -0.057062443 -0.02859013 -0.054710269,
          -0.053857077 -0.023699589 -0.056748111,
          -0.057062443 -0.02955832 -0.048318911,
          -0.057062443 -0.029437367 -0.042161014,
          -0.059261132 -0.035401367 -0.031994447,
          -0.059261132 -0.034492627 -0.028926393,
          -0.059261132 -0.036346715 -0.03855243,
          -0.059261132 -0.03602815 -0.045441836,
          -0.059261132 -0.034047943 -0.054280337,
          -0.059261132 -0.030395627 -0.064933963,
          -0.059261132 -0.026522148 -0.073211372,
          -0.059261132 -0.02317751 -0.079369508,
          -0.057062443 -0.014034892 -0.085474066,
          -0.053857077 -0.0023316217 -0.095917486,
          -0.053857077 -0.014331705 -0.07902997,
          -0.057062443 -0.02177339 -0.072499879,
          -0.053857077 -0.0098111313 -0.085749209,
          -0.057062443 -0.017552642 -0.079940923,
          -0.049028952 -0.017664468 -0.065431461,
          -0.053857077 -0.02429012 -0.050935488,
          -0.057062443 -0.029002303 -0.039236818,
          -0.059261132 -0.033341005 -0.026074281,
          -0.043611638 0.012561036 -0.10482965,
          -0.049028952 0.0019847143 -0.096170656,
          -0.049028952 -0.0018361126 -0.091732733,
          -0.049028952 0.0058805887 -0.10083191,
          -0.053857077 -0.0061440496 -0.090742923,
          -0.057062443 -0.026007265 -0.062829532,
          -0.020877788 -0.0016052572 -0.088540718,
          -0.028651111 -0.0071795429 -0.080105409,
          -0.036608774 -0.011617134 -0.071885504,
          -0.036608774 -0.012564731 -0.069430426,
          -0.043611638 -0.016507011 -0.059679385,
          -0.043611638 -0.016893221 -0.057199039,
          -0.043611638 -0.017212637 -0.05458466,
          -0.049028952 -0.019579062 -0.047108341,
          -0.053857077 -0.021745874 -0.03565491,
          -0.053857077 -0.022487979 -0.037917543,
          -0.057062443 -0.024053076 -0.026871644,
          -0.053857077 -0.023151387 -0.040385071,
          -0.053857077 -0.023665026 -0.042834599,
          -0.049028952 -0.019617759 -0.054712284,
          -0.043611638 -0.016011503 -0.062237795,
          -0.043611638 -0.015412035 -0.064758733,
          -0.036608774 -0.010552781 -0.074354373,
          -0.028651111 -0.0042240373 -0.084771611,
          -0.020877788 0.0020419874 -0.092884466,
          -0.028651111 -0.00082843134 -0.089306705,
          -0.020877788 0.0071056276 -0.098035954,
          -0.020877788 0.013736351 -0.10366188,
          -0.020877788 0.019389389 -0.10765851,
          -0.020877788 0.023618493 -0.11061671,
          -0.049028952 -0.019700486 -0.049656864,
          -0.049028952 -0.01971788 -0.052123416,
          -0.053857077 0.021789769 -0.14604682,
          -0.053857077 0.018293587 -0.13333802,
          -0.058000002 -0.0049983226 -0.178,
          -0.061000004 -0.0049983226 -0.178,
          0.058000002 -0.0049983226 -0.132,
          0.061000004 -0.0049983226 -0.132,
          -2.9465976e-016 -0.0020000001 -0.208,
          -9.7280761e-005 -0.0095000006 0.00050000002 ]
      normal [ 0 0 1,
          0 -0.074730091 -0.99720377,
          0 -0.12430261 -0.99224436,
          0 -0.17368898 -0.98480064,
          0 -0.27080062 -0.96263552,
          0 -0.31852591 -0.94791412,
          0 -0.41124937 -0.91152287,
          0 -0.45624751 -0.88985294,
          0 -0.54251146 -0.84004837,
          0 -0.58377731 -0.81191385,
          0 -0.6801728 -0.7330519,
          0 -0.78183156 -0.6234898,
          0 -0.86602545 -0.5,
          0 -0.86602545 -0.50000006,
          0 -0.93087375 -0.36534101,
          0 -0.97492796 -0.22252095,
          0 -0.97492796 -0.22252096,
          0 -0.99720383 -0.074730098,
          0 -0.99720383 0.074730098,
          0 -0.97492796 0.22252096,
          0 -0.9397068 0.34198123,
          0 -0.92146015 0.38847297,
          0 -0.87824136 0.4782176,
          0 -0.85326928 0.52147049,
          0 -0.78183156 0.6234898,
          0 -0.6801728 0.7330519,
          0 -0.58377731 0.81191385,
          0 -0.54251146 0.84004837,
          0 -0.45624751 0.88985294,
          0 -0.41124937 0.91152287,
          0 -0.31852591 0.94791412,
          0 -0.27080062 0.96263552,
          0 -0.17368896 0.98480064,
          0 -0.12430261 0.99224436,
          0 -0.074730091 0.99720377,
          0 0 -1,
          0 1 0,
          1 0 0,
          -1 0 0,
          0 -1 0,
          0 0.35897908 -0.93334562,
          0 -0.35897908 0.93334562,
          0 0.35897908 0.93334562,
          0 -0.35897908 -0.93334562,
          0 -0.17368898 0.98480064,
          0 -0.86602545 0.5,
          0 -0.86602545 0.50000006,
          0 -0.93087375 0.36534101,
          0 -0.97492796 0.22252095,
          0 -0.9397068 -0.34198123,
          0 -0.92146015 -0.38847297,
          0 -0.87824136 -0.4782176,
          0 -0.85326928 -0.52147049,
          0 -0.17368896 -0.98480064,
          0.59744364 0 -0.80191088,
          0.62984449 0 -0.7767213,
          0.66123646 0 -0.75017756,
          0.73462182 0 -0.67847687,
          0.81243056 0 -0.58305794,
          0.86789656 0 -0.49674496,
          0.88757998 0 -0.4606536,
          0.92236245 0 -0.38632557,
          0.93746161 0 -0.34808892,
          0.9628464 0 -0.2700499,
          0.97313213 0 -0.23024751,
          0.98873442 0 -0.1496805,
          0.99405104 0 -0.10891583,
          0.99997896 0 -0.0064889523,
          0.99997896 0 -0.0064889519,
          0.99319708 0 0.11644592,
          0.99319708 0 0.11644593,
          0.97603822 0 0.21759918,
          0.96626985 0 0.25753164,
          0.93479669 0 0.3551833,
          0.93479669 0 0.35518327,
          0.88406348 0 0.46736676,
          0.83152264 0 0.55549079,
          0.80798864 0 0.58919805,
          0.74336493 0 0.66888607,
          0.65553236 0 0.75516719,
          0.65553236 0 0.75516707,
          0.55776256 0 0.83000052,
          0.45153767 0 0.89225209,
          0.35773814 0 0.93382192,
          0.3190546 0 0.94773632,
          0.22026733 0 0.97543955,
          0.22026731 0 0.97543955,
          0.11916137 0 0.99287492,
          0.078252301 0 0.99693358,
          -0.024308536 0 0.99970448,
          -0.024308538 0 0.99970448,
          -0.12661348 0 0.99195212,
          -0.16727693 0 0.98590994,
          -0.24755313 0 0.96887434,
          -0.28716585 0 0.95788091,
          -0.38380194 0 0.92341548,
          -0.38380197 0 0.92341548,
          -0.49436986 0 0.86925167,
          -0.58083421 0 0.81402189,
          -0.61380076 0 0.78946108,
          -0.69146085 0 0.72241402,
          -0.76184231 0 0.64776248,
          -0.78782243 0 0.61590248,
          -0.84678322 0 0.53193814,
          -0.905734 0 0.42384654,
          -0.95095479 0 0.3093299,
          -0.95095479 0 0.30932987,
          -0.98176008 0 0.19012414,
          -0.99768287 0 0.068036251,
          -0.99848181 0 -0.055082962,
          -0.99848181 0 -0.055082969,
          -0.98414475 0 -0.17736718,
          -0.95488906 0 -0.29696271,
          -0.91115826 0 -0.41205654,
          -0.91115826 0 -0.41205657,
          -0.85361522 0 -0.52090406,
          -0.78313226 0 -0.6218552,
          -0.7831322 0 -0.6218552,
          -0.70077783 0 -0.71337962,
          -0.6078003 0 -0.79408991,
          -0.60780025 0 -0.79408991,
          -0.52323627 0 -0.85218763,
          -0.48776823 0 -0.8729732,
          -0.41454658 0 -0.9100281,
          -0.376793 0 -0.92629749,
          -0.29957268 0 -0.95407349,
          -0.26010597 0 -0.96558011,
          -0.18005763 0 -0.98365605,
          -0.139476 0 -0.99022543,
          -0.037280288 0 -0.99930489,
          0.085805155 0 -0.99631202,
          0.20758986 0 -0.97821599,
          0.30672839 0 -0.95179707,
          0.34558919 0 -0.9383859,
          0.42136824 0 -0.90688962,
          0.45828643 0 -0.88880455,
          0.49436986 0 -0.86925161,
          -0.59302419 -2.1786429e-014 0.80518466,
          -0.59302419 -9.6880774e-015 0.80518466,
          -0.6227026 -5.9674229e-015 0.7824586,
          -0.65155071 2.6214526e-016 0.75860506,
          -0.70639479 -1.7046649e-015 0.70781815,
          -0.7323907 -1.6981864e-015 0.6808846,
          -0.78120363 -4.3290448e-016 0.62427634,
          -0.80402052 1.0670907e-015 0.59460157,
          -0.84618831 6.1901861e-016 0.532884,
          -0.86553919 7.0179602e-016 0.50084114,
          -0.90053171 4.0272293e-016 0.43479031,
          -0.91617328 6.4228433e-016 0.40078232,
          -0.94355041 3.7794631e-016 0.33122888,
          -0.95528603 3.8026162e-016 0.29568341,
          -0.97470349 -1.3491198e-016 0.22350204,
          -0.9823854 2.1058759e-017 0.18686612,
          -0.99359906 -7.3659275e-017 0.11296456,
          -0.99713075 2.2888125e-016 0.075698897,
          -0.99984324 1.0921241e-016 -0.017710023,
          -0.99984324 -1.1843491e-016 -0.017710023,
          -0.99157345 1.8698097e-016 -0.12954557,
          -0.99157345 8.288886e-016 -0.12954558,
          -0.97515136 -2.5353959e-016 -0.2215396,
          -0.96617681 -6.5018604e-016 -0.25788045,
          -0.93788612 -8.5625962e-016 -0.34694347,
          -0.93788612 -7.5214964e-016 -0.34694347,
          -0.89314348 -1.1465878e-015 -0.44977185,
          -0.89314348 -1.1413124e-015 -0.44977185,
          -0.84725922 -1.5483781e-015 -0.53117961,
          -0.82678574 -1.3992553e-016 -0.56251711,
          -0.7824586 1.0678662e-015 -0.6227026,
          -0.75860506 1.1222278e-015 -0.65155071,
          -0.69447303 1.9807599e-016 -0.71951878,
          -0.69447303 -2.199356e-015 -0.71951878,
          -0.60954577 1.2112102e-015 -0.7927509,
          -0.60954577 2.547696e-015 -0.7927509,
          -0.532884 2.2272772e-015 -0.84618831,
          -0.50084114 2.1586635e-015 -0.86553919,
          -0.43479031 1.9336915e-015 -0.90053171,
          -0.40078232 1.8426503e-015 -0.91617328,
          -0.31351104 1.4617986e-015 -0.94958454,
          -0.31351107 1.4414092e-015 -0.94958454,
          -0.20522004 9.9139214e-016 -0.9787159,
          -0.20522004 1.0078571e-015 -0.9787159,
          -0.11296456 5.6135213e-016 -0.99359906,
          -0.075698897 3.8084658e-016 -0.99713075,
          -0.0010064654 3.9687129e-018 -0.99999958,
          0.036420301 -1.8503489e-016 -0.99933654,
          0.12954557 -6.4514312e-016 -0.99157345,
          0.12954558 -6.5651644e-016 -0.99157345,
          0.23975202 4.3610121e-016 -0.97083414,
          0.23975202 -1.1523951e-015 -0.97083414,
          0.32932892 2.5976948e-015 -0.9442153,
          0.36443648 4.5315102e-015 -0.93122828,
          0.43297669 4.0722625e-015 -0.9014051,
          0.46640947 1.0124198e-014 -0.88456899,
          0.54694414 1.1704411e-014 -0.83716911,
          0.54694414 2.1479729e-014 -0.83716911,
          0.6227026 7.0361579e-015 -0.7824586,
          0.65155071 8.273706e-017 -0.75860506,
          0.71951878 -7.9258904e-017 -0.69447303,
          0.71951878 -3.007346e-016 -0.69447303,
          0.7927509 -1.6567158e-016 -0.60954577,
          0.7927509 0 -0.60954577,
          0.84618831 -2.3848146e-016 -0.532884,
          0.86553919 -3.6176624e-016 -0.50084114,
          0.90053171 -3.7639193e-016 -0.43479031,
          0.91617328 -3.8292957e-016 -0.40078232,
          0.94355041 -3.9437232e-016 -0.33122888,
          0.95528603 1.8061015e-016 -0.29568341,
          0.97470349 5.0738052e-016 -0.22350204,
          0.9823854 9.7699427e-016 -0.18686612,
          0.99553925 5.6779107e-016 -0.094348244,
          0.99553925 6.3095024e-016 -0.094348244,
          0.99984324 3.7758812e-016 0.017710023,
          0.99984324 4.1790078e-016 0.017710023,
          0.99382448 4.1538517e-016 0.1109643,
          0.98897517 4.1335827e-016 0.14808148,
          0.97515136 4.0758042e-016 0.2215396,
          0.96617681 -1.1867581e-016 0.25788045,
          0.9442153 -8.9056875e-016 0.32932892,
          0.93122828 -6.4013424e-016 0.36443648,
          0.89314348 -3.8928308e-016 0.44977185,
          0.89314348 1.1199116e-015 0.44977185,
          0.83716911 -4.3561912e-016 0.54694414,
          0.83716911 -2.258034e-015 0.54694414,
          0.7824586 1.9907659e-016 0.6227026,
          0.75860518 1.5853569e-015 0.65155071,
          0.70781815 1.479221e-015 0.70639479,
          0.6808846 1.514044e-015 0.7323907,
          0.62427634 1.4744491e-015 0.78120363,
          0.59460157 1.4124337e-015 0.80402052,
          0.532884 1.1923447e-015 0.84618831,
          0.50084114 1.0466736e-015 0.86553931,
          0.41785955 9.1158776e-016 0.9085117,
          0.41785955 8.7325608e-016 0.9085117,
          0.31351104 7.6148453e-016 0.94958454,
          0.31351107 7.8622286e-016 0.94958454,
          0.20522004 5.3609472e-016 0.9787159,
          0.20522004 5.5753794e-016 0.9787159,
          0.094348244 2.4746965e-016 0.99553925,
          0.094348244 2.3660743e-016 0.99553925,
          -0.017710023 -5.2012515e-017 0.99984324,
          -0.017710023 -4.9964806e-017 0.99984324,
          -0.1109643 -3.0854912e-016 0.99382448,
          -0.14808148 -4.0681473e-016 0.98897517,
          -0.2215396 -6.0509831e-016 0.97515136,
          -0.25788045 1.4536442e-015 0.96617681,
          -0.34694347 2.2506002e-015 0.93788612,
          -0.34694347 5.4020136e-015 0.93788612,
          -0.43297669 9.6108265e-016 0.9014051,
          -0.46640947 -8.5587055e-015 0.88456899,
          -0.49914324 -1.2319818e-014 0.86651945,
          -0.49914324 -2.3387886e-014 0.86651945,
          0 0.087155744 -0.99619472,
          0 0.17364819 -0.98480779,
          0 0.17364818 -0.98480779,
          0 0.3144823 -0.94926339,
          0 0.36926731 -0.92932326,
          0 0.47454247 -0.88023257,
          0 0.52503264 -0.85108215,
          0 0.62018389 -0.78445655,
          0 0.66484505 -0.74698132,
          0 0.74698132 -0.66484505,
          0 0.78445655 -0.62018389,
          0 0.85108215 -0.52503264,
          0 0.88023257 -0.47454247,
          0 0.92932326 -0.36926731,
          0 0.94926339 -0.3144823,
          0 0.97932732 -0.20228203,
          0 0.98945117 -0.14486675,
          0 0.99957502 -0.029150493,
          0 0.99957502 0.029150493,
          0 0.98945117 0.14486675,
          0 0.97932732 0.20228203,
          0 0.94926339 0.3144823,
          0 0.92932326 0.36926731,
          0 0.88023257 0.47454247,
          0 0.85108215 0.52503264,
          0 0.78445655 0.62018389,
          0 0.74698132 0.66484505,
          0 0.66484505 0.74698132,
          0 0.62018389 0.78445655,
          0 0.52503264 0.85108215,
          0 0.47454247 0.88023257,
          0 0.36926731 0.92932326,
          0 0.3144823 0.94926339,
          0 0.20228203 0.97932732,
          0 0.14486675 0.98945117,
          0 0.087155744 0.99619472,
          0 0.13052619 -0.99144489,
          0 0.21622209 -0.97634423,
          0 0.30091828 -0.95364994,
          0 0.49999997 -0.86602545,
          0 0.5 -0.86602545,
          0 0.67542595 -0.73742789,
          0 0.73742789 -0.67542595,
          0 0.84327173 -0.53748745,
          0 0.88711369 -0.46155098,
          0 0.95364994 -0.30091828,
          0 0.97634423 -0.21622209,
          0 0.99903846 -0.043841969,
          0 0.99903846 0.043841969,
          0 0.97634423 0.21622209,
          0 0.95364994 0.30091828,
          0 0.88711369 0.46155101,
          0 0.84327173 0.53748751,
          0 0.73742789 0.67542595,
          0 0.67542595 0.73742789,
          0 0.49999997 0.86602545,
          0 0.5 0.86602545,
          0 0.30091828 0.95364994,
          0 0.21622209 0.97634423,
          0 0.13052619 0.99144489,
          0 -0.087155744 0.99619472,
          0 -0.14486675 0.98945117,
          0 -0.20228203 0.97932732,
          0 -0.3144823 0.94926339,
          0 -0.36926731 0.92932326,
          0 -0.47454247 0.88023257,
          0 -0.52503264 0.85108215,
          0 -0.62018389 0.78445655,
          0 -0.66484505 0.74698132,
          0 -0.74698132 0.66484505,
          0 -0.78445655 0.62018389,
          0 -0.85108215 0.52503264,
          0 -0.88023257 0.47454247,
          0 -0.92932326 0.36926731,
          0 -0.94926339 0.3144823,
          0 -0.97932732 0.20228203,
          0 -0.98945117 0.14486675,
          0 -0.99957502 0.029150493,
          0 -0.99957502 -0.029150493,
          0 -0.98945117 -0.14486675,
          0 -0.97932732 -0.20228203,
          0 -0.94926339 -0.3144823,
          0 -0.92932326 -0.36926731,
          0 -0.88023257 -0.47454247,
          0 -0.85108215 -0.52503264,
          0 -0.78445655 -0.62018389,
          0 -0.74698132 -0.66484505,
          0 -0.66484505 -0.74698132,
          0 -0.62018389 -0.78445655,
          0 -0.52503264 -0.85108215,
          0 -0.47454247 -0.88023257,
          0 -0.36926731 -0.92932326,
          0 -0.3144823 -0.94926339,
          0 -0.17364818 -0.98480779,
          0 -0.087155744 -0.99619472,
          0 0.17364819 0.98480779,
          0 0.17364818 0.98480779,
          0 0.20228203 -0.97932732,
          0 0.14486675 -0.98945117,
          -0.087155744 0.99619472 0,
          -0.14486676 0.98945117 0,
          -0.20228201 0.97932732 0,
          -0.34202012 0.93969262 0,
          -0.47454241 0.88023263 0,
          -0.52503258 0.85108215 0,
          -0.62018389 0.78445643 0,
          -0.66484505 0.74698132 0,
          -0.74698132 0.66484505 0,
          -0.78445643 0.62018389 0,
          -0.85108215 0.52503258 0,
          -0.88023263 0.47454241 0,
          -0.92932326 0.36926728 0,
          -0.94926333 0.31448233 0,
          -0.97932732 0.20228203 0,
          -0.98945117 0.14486676 0,
          -0.99957502 0.029150495 0,
          -0.99957502 -0.029150495 0,
          -0.98945117 -0.14486676 0,
          -0.97932732 -0.20228201 0,
          -0.94926333 -0.31448233 0,
          -0.92932326 -0.36926728 0,
          -0.86602539 -0.5 0,
          -0.7660445 -0.64278764 0,
          -0.66484505 -0.74698132 0,
          -0.62018389 -0.78445643 0,
          -0.52503258 -0.85108215 0,
          -0.47454241 -0.88023263 0,
          -0.36926728 -0.92932326 0,
          -0.31448233 -0.94926333 0,
          -0.17364819 -0.98480779 0,
          0.14486676 -0.98945117 0,
          0.20228201 -0.97932732 0,
          0.31448233 -0.94926333 0,
          0.36926728 -0.92932326 0,
          0.47454241 -0.88023263 0,
          0.52503258 -0.85108215 0,
          0.62018389 -0.78445643 0,
          0.66484505 -0.74698132 0,
          0.74698132 -0.66484505 0,
          0.78445643 -0.62018389 0,
          0.85108215 -0.52503258 0,
          0.88023263 -0.47454241 0,
          0.92932326 -0.36926728 0,
          0.94926333 -0.31448233 0,
          0.97932732 -0.20228203 0,
          0.98945117 -0.14486676 0,
          0.99957502 -0.029150495 0,
          0.99957502 0.029150495 0,
          0.98945117 0.14486676 0,
          0.97932732 0.20228201 0,
          0.93969262 0.34202012 0,
          0.88023263 0.47454241 0,
          0.85108215 0.52503258 0,
          0.7660445 0.64278764 0,
          0.64278764 0.7660445 0,
          0.52503258 0.85108215 0,
          0.47454241 0.88023263 0,
          0.36926728 0.92932326 0,
          0.31448233 0.94926333 0,
          0.20228203 0.97932732 0,
          0.14486676 0.98945117 0,
          0.087155744 0.99619472 0,
          -0.049779885 0.99876022 2.8467409e-016,
          -0.068796411 0.9976148 -0.0056493897,
          -0.090706415 0.99587286 -0.0031077566,
          -0.15750396 0.98750466 -0.0052066101,
          -0.23059151 0.97305042 0.00063725095,
          -0.30228072 0.95321614 -0.0023186563,
          -0.35881093 0.93340993 0.00081251643,
          -0.44928464 0.89338547 -0.0023856831,
          -0.50224459 0.86472529 0.00075914571,
          -0.58282059 0.81260031 -0.00096886966,
          -0.62811863 0.77811724 0.00067946955,
          -0.72148895 0.69242501 -0.0011563881,
          -0.72179717 0.6921047 9.3074967e-005,
          -0.80568886 0.59233874 -0.00048587026,
          -0.83559692 0.54934227 -0.00089397229,
          -0.88462865 0.46629584 0.00063050981,
          -0.9109084 0.41260195 -0.0023406413,
          -0.94726306 0.32045621 0.00075644226,
          -0.96465218 0.26351646 -0.0022882316,
          -0.98520988 0.17134035 0.0020028183,
          -0.99427134 0.10685647 -0.0024858534,
          -0.99933058 0.036581844 0.00035063917,
          -0.99913424 -0.041251022 -0.0054048337,
          -0.99455869 -0.10409888 -0.0040575927,
          -0.97882664 -0.2046683 -0.0030475392,
          -0.97754627 -0.21071374 0.0017749098,
          -0.95177823 -0.30678427 0.0012545919,
          -0.93007749 -0.36735001 -0.0031304741,
          -0.89102864 -0.45394486 0.0014072491,
          -0.86036998 -0.50966287 -0.0027200212,
          -0.8108958 -0.58518499 0.0025389616,
          -0.76830143 -0.64008147 -0.0029305478,
          -0.71156406 -0.70261854 0.0019614636,
          -0.65857142 -0.75250751 -0.0040289541,
          -0.59139526 -0.80637896 0.0021376132,
          -0.53211796 -0.84666383 -0.0032838166,
          -0.46534154 -0.88512838 0.0022257268,
          -0.39267784 -0.91966617 -0.0042828647,
          -0.32363015 -0.94618285 0.0012838742,
          -0.24553491 -0.96937984 -0.0039361613,
          -0.17513114 -0.98454309 0.0020233344,
          -0.091112785 -0.99583656 -0.0028595135,
          -0.026982583 -0.99963492 0.0014015922,
          0.067295007 -0.99772811 -0.0031693962,
          0.13181211 -0.99127376 0.0013858785,
          0.22201215 -0.97504222 -0.0018091004,
          0.28145057 -0.95957464 0.0015048403,
          0.37455422 -0.92720336 -0.0017429987,
          0.42620173 -0.9046281 0.0002135812,
          0.51676643 -0.85612512 -0.0015145631,
          0.56394786 -0.82581049 8.3573454e-005,
          0.66030031 -0.75100082 -0.001150275,
          0.65726256 -0.75366175 5.2378022e-005,
          0.75202805 -0.65913117 1.9963545e-005,
          0.78713471 -0.61677957 -0.0014330571,
          0.84433472 -0.5358144 0.0013635834,
          0.87522167 -0.48371908 -0.0017070314,
          0.91639006 -0.40028501 0.0011188632,
          0.9399823 -0.34120974 -0.0030257183,
          0.96819711 -0.25018495 0.0013736573,
          0.98204333 -0.18863644 -0.002673358,
          0.99458081 -0.10394908 0.0019337133,
          0.99945277 -0.032845084 -0.0039405217,
          0.99874914 0.049986579 0.0012351512,
          0.99247867 0.12234583 -0.0041876859,
          0.97928834 0.20245814 0.0022592458,
          0.96103185 0.27641729 -0.0033626424,
          0.93837255 0.34561935 0.0020881444,
          0.90556741 0.42418253 -0.0041051996,
          0.8717038 0.49002841 0.0021363208,
          0.82802176 0.56068838 -0.0029198139,
          0.78660184 0.61745512 0.00261454,
          0.72812241 0.68544084 -0.0029437677,
          0.68208474 0.73127162 0.0014883436,
          0.61074609 0.79181993 -0.0032211652,
          0.55779731 0.8299759 0.0014502143,
          0.47992247 0.87730873 -0.0019629817,
          0.42849395 0.90354449 0.00048479205,
          0.33496302 0.94222933 -0.0019577134,
          0.28006744 0.95998031 0.00027599526,
          0.18445735 0.98284048 -0.00049807073,
          0.13078204 0.99141121 9.7497941e-005,
          0.079657018 0.99682224 -0.00039211003,
          0.078826755 0.99688834 -4.5078321e-016,
          -0.99806792 0 -0.062133454,
          -0.99724936 0.015411752 -0.072499916,
          -0.99429792 0.0047132387 -0.10653365,
          -0.98577929 0.018112279 -0.16706631,
          -0.96745616 -0.0049935058 -0.25298974,
          -0.9481042 0.013642015 -0.31766722,
          -0.92135906 -0.0086229658 -0.38861701,
          -0.8863461 0.01679967 -0.46271858,
          -0.84824997 -0.008995085 -0.52951962,
          -0.80301607 0.012634069 -0.59582353,
          -0.7603842 -0.007473107 -0.64943051,
          -0.69910473 0.015147657 -0.71485889,
          -0.65120006 -0.0029362687 -0.7589004,
          -0.58003253 0.011410212 -0.81451339,
          -0.52776861 -0.0045383018 -0.84937608,
          -0.44622782 0.0064549986 -0.89489609,
          -0.395769 -0.00025701165 -0.91835004,
          -0.27390912 0.0043997397 -0.9617455,
          -0.26929685 -0.00036762355 -0.96305716,
          -0.14888266 -0.00012501718 -0.98885489,
          -0.095344551 0.001230769 -0.99544358,
          0.0040142615 -0.00037235618 -0.99999195,
          0.060750127 0.0067719263 -0.99813002,
          0.16218711 -0.001507555 -0.98675895,
          0.21779843 0.0070094978 -0.9759686,
          0.30678067 -0.0050183092 -0.95176703,
          0.36732301 0.012520975 -0.93000913,
          0.45393813 -0.0056289132 -0.89101547,
          0.50963455 0.01087948 -0.86032218,
          0.58515674 -0.010155356 -0.81085664,
          0.64004028 0.011721436 -0.76825196,
          0.70259827 -0.0078456271 -0.7115435,
          0.7524159 0.016113855 -0.65849125,
          0.80635136 -0.0085501606 -0.59137499,
          0.84659541 0.013134205 -0.53207493,
          0.88509548 -0.0089025758 -0.46532425,
          0.91953963 0.017129103 -0.39262381,
          0.94617116 -0.0051354333 -0.32362616,
          0.96926719 0.015742814 -0.24550638,
          0.98451281 -0.0080930879 -0.17512575,
          0.9957754 0.011437352 -0.091107197,
          0.9996202 -0.0056062862 -0.026982186,
          0.99765295 0.012676629 0.067289934,
          0.99125946 -0.0055434336 0.1318102,
          0.97501826 0.0072362241 0.22200669,
          0.95955831 -0.0060192579 0.28144577,
          0.92718226 0.0069718366 0.37454569,
          0.9046278 -0.00085432449 0.42620161,
          0.85611033 0.0060581476 0.51675755,
          0.82581037 -0.00033429379 0.5639478,
          0.75099337 0.0046010544 0.66029376,
          0.75366175 -0.0002095121 0.65726256,
          0.65913117 -7.9854181e-005 0.75202805,
          0.61677003 0.00573214 0.78712249,
          0.53580695 -0.0054542576 0.84432292,
          0.4837085 0.0068279766 0.8752026,
          0.40028125 -0.004475411 0.91638148,
          0.34118634 0.012102044 0.93991786,
          0.25018144 -0.0054945513 0.9681834,
          0.18862635 0.010692859 0.98199069,
          0.10394616 -0.0077346358 0.99455291,
          0.032841258 0.01576025 0.99933636,
          -0.049986005 -0.004940548 0.99873769,
          -0.12232975 0.016748542 0.99234819,
          -0.20245039 -0.0090366378 0.97925085,
          -0.27639383 0.013449428 0.96095031,
          -0.34560806 -0.0083523039 0.9383418,
          -0.42412892 0.016418722 0.90545297,
          -0.49001172 -0.0085449917 0.87167406,
          -0.56065255 0.011678509 0.82796884,
          -0.61742342 -0.010457623 0.78656143,
          -0.68539631 0.011774305 0.72807509,
          -0.73125952 -0.0059532756 0.68207341,
          -0.79175836 0.012883659 0.61069864,
          -0.82996285 -0.0058007664 0.55778861,
          -0.87728333 0.0078517003 0.47990859,
          -0.90354294 -0.0019391647 0.4284932,
          -0.94220215 0.0078306282 0.3349534,
          -0.95997977 -0.0011039806 0.28006729,
          -0.98283857 0.0019922792 0.184457,
          -0.99141109 -0.00038999171 0.13078201,
          -0.99682117 0.0015684384 0.079656929,
          -0.99688834 0 0.078826755,
          -0.99805766 0.0045239949 -0.062132817,
          -0.99386233 0.027205501 -0.10722724,
          -0.99808466 0.0098002711 -0.061081138,
          -0.99700034 0.030751372 -0.07102707,
          -0.99687189 -0.0057394132 0.078825444,
          -0.99714643 0.00013480343 0.075492457,
          -0.9853586 -0.028968949 0.16801594,
          -0.9931156 -0.035132796 0.11174569,
          -0.97421414 -0.058588278 0.21788608,
          -0.99630862 -0.034492746 0.078608833,
          -0.99413472 -0.041100044 0.10003524,
          -0.9980216 -0.04062954 0.047982186,
          -0.99030936 -0.06533061 0.12255336,
          -0.99749035 -0.045931287 0.053882483,
          -0.99043858 -0.080361336 0.11213148,
          -0.99739814 -0.057629656 0.043311082,
          -0.99015629 -0.10559316 0.091873214,
          -0.99707651 -0.069513224 0.031722255,
          -0.98900366 -0.13053577 0.06951391,
          -0.99642724 -0.082491837 0.018109109,
          -0.9866305 -0.15712354 0.043271385,
          -0.99510151 -0.098859251 -7.2883568e-006,
          -0.9798649 -0.19957027 0.0060401284,
          -0.99361372 -0.1113547 -0.018220387,
          -0.98180652 -0.18769176 -0.028771408,
          -0.9930321 -0.11377229 -0.030709255,
          -0.97482729 -0.21752788 -0.048921976,
          -0.99178451 -0.11841781 -0.048380639,
          -0.97341216 -0.21497747 -0.079079255,
          -0.99178386 -0.11458298 -0.0568818,
          -0.97212321 -0.21275781 -0.098542511,
          -0.99299532 -0.10524897 -0.05369436,
          -0.97431767 -0.20337239 -0.096668035,
          -0.99498373 -0.092896976 -0.037114851,
          -0.98124385 -0.18064022 -0.067303576,
          -0.99597532 -0.085969061 -0.025350828,
          -0.98444861 -0.1694347 -0.046400055,
          -0.99652165 -0.081768923 -0.016075343,
          -0.98616952 -0.16309799 -0.029474562,
          -0.9972716 -0.07372088 -0.0038430751,
          -0.98528934 -0.17039876 -0.01300515,
          -0.99642766 -0.084445328 0.00094997272,
          -0.97534752 -0.22043699 -0.010236363,
          -0.99899358 -0.044806987 -0.0020601978,
          -0.96528578 -0.092121035 0.24441193,
          -0.93442959 -0.067829102 0.34962922,
          -0.91830581 -0.11781855 0.37793285,
          -0.90117377 -0.070663832 0.42765921,
          -0.8615486 -0.074726537 0.50214535,
          -0.86967415 -0.061333179 0.48980111,
          -0.79184288 -0.059078008 0.60786074,
          -0.8674053 -0.06474977 0.49337155,
          -0.8147763 -0.053812493 0.57727277,
          -0.90189505 -0.054452967 0.42850929,
          -0.95331967 -0.054255467 0.29704878,
          -0.96573657 -0.13555953 0.22130641,
          -0.92415357 -0.19440503 0.32885697,
          -0.86626017 -0.21460104 0.45115393,
          -0.88239729 -0.29921365 0.36310637,
          -0.81451464 -0.32116225 0.48313624,
          -0.82576275 -0.40716884 0.39029405,
          -0.76984578 -0.4148854 0.48498198,
          -0.79195935 -0.46643418 0.39400437,
          -0.74608314 -0.47227633 0.46937728,
          -0.76438481 -0.52507079 0.3741878,
          -0.71275258 -0.50144881 0.49044153,
          -0.72972804 -0.57188779 0.37475514,
          -0.68368202 -0.55228359 0.47703433,
          -0.69478077 -0.61897314 0.36626756,
          -0.65221041 -0.60244584 0.46008772,
          -0.66100955 -0.66777474 0.34226215,
          -0.61387855 -0.6487906 0.4496932,
          -0.62469161 -0.71447885 0.31508794,
          -0.57392728 -0.69514894 0.4328689,
          -0.58529204 -0.74503291 0.31993631,
          -0.53446847 -0.74241477 0.40393543,
          -0.54574704 -0.79630935 0.26086694,
          -0.48949149 -0.79164243 0.36565053,
          -0.48451781 -0.84981048 0.2075205,
          -0.45077291 -0.82719666 0.33548394,
          -0.41178805 -0.86033779 0.30041546,
          -0.39424434 -0.80304164 0.44687316,
          -0.34954104 -0.84382761 0.4071562,
          -0.32460284 -0.76100343 0.56169987,
          -0.27657938 -0.80178177 0.529764,
          -0.25048894 -0.7130447 0.65484554,
          -0.19070373 -0.74666262 0.63728106,
          -0.17518453 -0.6357373 0.75176352,
          -0.10525612 -0.72281617 0.68297732,
          -0.019395772 -0.6502679 0.75945735,
          -0.0081072422 -0.73761415 0.67517382,
          0.044078741 -0.64077711 0.7664606,
          0.08205688 -0.73031849 0.67816055,
          0.20732054 -0.64097595 0.73903185,
          0.13819999 -0.77795964 0.61292702,
          0.20588963 -0.7645269 0.61082572,
          0.1322211 -0.85917938 0.49429578,
          0.23439251 -0.81005782 0.53746307,
          0.22320548 -0.87652224 0.42648351,
          0.29547524 -0.8186605 0.49243215,
          0.31440535 -0.85677707 0.40875703,
          0.39862379 -0.76799637 0.501279,
          0.44071087 -0.79217267 0.42218041,
          0.50304711 -0.64947432 0.57019883,
          0.51646006 -0.69859999 0.49520409,
          0.57708907 -0.61831731 0.53352791,
          0.54332793 -0.71128297 0.44594991,
          0.64002842 -0.58782601 0.49479723,
          0.58855039 -0.70500553 0.39569652,
          0.64285415 -0.64959937 0.40590546,
          0.59337801 -0.73575127 0.3264547,
          0.6763041 -0.63864952 0.36706904,
          0.63824987 -0.72336447 0.26340261,
          0.72421283 -0.60900074 0.32347164,
          0.62321234 -0.76744115 0.15046784,
          0.72440755 -0.65152097 0.2252869,
          0.75295973 -0.64686924 0.12087928,
          0.80186993 -0.53184867 0.27228954,
          0.81178653 -0.55806655 0.17194295,
          0.87512684 -0.44608209 0.18752027,
          0.82694429 -0.55840403 0.065939888,
          0.90263844 -0.42721841 0.052232951,
          0.88417107 -0.46670866 -0.020604962,
          0.94352406 -0.33045104 -0.023758868,
          0.93428665 -0.35023385 -0.066668861,
          0.98632509 -0.16280419 -0.025647134,
          0.98605454 -0.16063011 -0.043524481,
          0.99935949 0.034892268 0.007955851,
          0.99765795 0.064633913 0.022383761,
          0.95300341 0.28845549 0.092617102,
          0.94906229 0.2876716 0.12855296,
          0.80502999 0.52794796 0.27055061,
          0.81420803 0.49661082 0.3007375,
          0.53796393 0.67900491 0.49954706,
          0.62413067 0.63082534 0.46099931,
          0.42098191 0.69185722 0.58660716,
          0.64771706 0.60767567 0.45955741,
          0.45966718 0.67726558 0.57447141,
          0.61401981 0.63395602 0.47019094,
          0.47241861 0.68864864 0.55007619,
          0.651761 0.64372289 0.40103424,
          0.48846728 0.71877491 0.49473464,
          0.56270695 0.72039562 0.40545171,
          0.39322436 0.75022304 0.53154498,
          0.45693803 0.77386051 0.43857443,
          0.27660286 0.77148712 0.57297349,
          0.35865077 0.81135666 0.46159509,
          0.22331224 0.82596886 0.51759738,
          0.39917597 0.84610689 0.35321641,
          0.26724896 0.88388157 0.38383761,
          0.43108749 0.87371528 0.22535582,
          0.28138074 0.92087144 0.26985309,
          0.32226896 0.93688434 0.13561182,
          0.17224123 0.95430124 0.24421754,
          0.19149359 0.97414988 0.11984242,
          0.056403734 0.98923415 0.13503498,
          0.14050554 0.98821133 0.060800456,
          0.0080709932 0.99780506 0.065726385,
          0.28470278 0.95671844 0.06028479,
          0.43050313 0.90096158 0.054178536,
          0.47081116 0.87627876 0.10233476,
          0.55529499 0.83024746 0.048338987,
          0.58184141 0.8065902 0.10427341,
          0.67921525 0.73283166 0.040303912,
          0.69907391 0.70983845 0.086169101,
          0.78291553 0.62141764 0.029721931,
          0.80347532 0.59144515 0.067971058,
          0.86626762 0.49900404 0.023988033,
          0.88556331 0.46133634 0.054280609,
          0.93376935 0.35755104 0.015239232,
          0.9507283 0.30853057 0.030407881,
          0.97519392 0.22120903 0.0079670409,
          0.98483431 0.17271674 0.016439507,
          0.99717402 0.075062811 0.0030920696,
          0.99900866 0.044082839 0.0061942227,
          0.99697995 -0.077469312 -0.0054272288,
          0.99337834 -0.1146071 -0.0080392836,
          0.97555321 -0.21951042 -0.010548003,
          0.96158165 -0.2735897 -0.022571919,
          0.9288497 -0.37011713 -0.015861295,
          0.90349758 -0.4273558 -0.032544967,
          0.86193281 -0.50654185 -0.022073638,
          0.83163011 -0.55413032 -0.036481671,
          0.77772284 -0.62813687 -0.024315378,
          0.74383855 -0.66634691 -0.051827237,
          0.67011678 -0.74172789 -0.027988249,
          0.6300205 -0.77505481 -0.048623417,
          0.55701947 -0.82995033 -0.030194569,
          0.50866723 -0.85859305 -0.063840233,
          0.41979501 -0.90704054 -0.032398473,
          0.37322712 -0.92602962 -0.056308866,
          0.27771956 -0.9600147 -0.035266969,
          0.22552551 -0.97169536 -0.070331171,
          0.13308986 -0.99049187 -0.034827948,
          0.072655641 -0.99511331 -0.066864043,
          -0.022904668 -0.99910927 -0.03544201,
          -0.076367646 -0.99482042 -0.067084141,
          -0.16430612 -0.98577863 -0.03527059,
          -0.22244143 -0.97267765 -0.066468686,
          -0.30756113 -0.95095503 -0.033026859,
          -0.35805726 -0.93152004 -0.063760184,
          -0.44824708 -0.89330101 -0.032985501,
          -0.49075395 -0.86960632 -0.054272432,
          -0.57137138 -0.82011479 -0.030764254,
          -0.60967237 -0.79035676 -0.060297631,
          -0.69312227 -0.7202794 -0.027914304,
          -0.72611451 -0.6861034 -0.044942278,
          -0.79426801 -0.60700864 -0.026055777,
          -0.82176083 -0.56798112 -0.045898192,
          -0.8752718 -0.48319337 -0.02057874,
          -0.89744163 -0.44005516 -0.030822353,
          -0.9400928 -0.3405481 -0.015893171,
          -0.95086932 -0.30856669 -0.025183555,
          0.73787677 -0.67404139 0.034728196,
          0.82014966 -0.57209098 -0.0081603415,
          0.7460438 -0.66518068 -0.03087602,
          0.79017466 -0.60634315 -0.089286566,
          0.68923253 -0.71945566 -0.085685909,
          0.67943227 -0.7215451 -0.13320877,
          0.58129847 -0.81030679 -0.074128337,
          0.57005024 -0.80687296 -0.15491527,
          0.45979652 -0.87700582 -0.13945657,
          0.43622729 -0.87138265 -0.22449495,
          0.31984568 -0.92042947 -0.22474068,
          0.30375326 -0.89393783 -0.32955921,
          0.18635052 -0.92817861 -0.32211491,
          0.18184203 -0.92245024 -0.34061572,
          0.091114812 -0.93911171 -0.33131167,
          0.074051 -0.93941152 -0.33469751,
          -0.02362057 -0.94319731 -0.33139238,
          -0.044098157 -0.94102854 -0.33544096,
          -0.15134268 -0.93003702 -0.33485317,
          -0.16488357 -0.93155599 -0.32406315,
          -0.2575267 -0.9069199 -0.33343133,
          -0.29697502 -0.91737753 -0.2649987,
          -0.38945627 -0.86565536 -0.31458658,
          -0.44546676 -0.86061084 -0.246796,
          -0.55354565 -0.79590851 -0.24518737,
          -0.57676202 -0.79752076 -0.17693579,
          -0.69494236 -0.70001286 -0.16442971,
          -0.70119315 -0.70572692 -0.10137881,
          -0.80747926 -0.58182156 -0.097267352,
          -0.8876676 -0.45568404 -0.066319034,
          -0.58095896 -0.80467182 -0.12243371,
          -0.46253765 -0.87846833 -0.11980143,
          -0.45453113 -0.8706553 -0.18804479,
          -0.3327859 -0.92359245 -0.19034323,
          -0.19843185 -0.96003687 -0.19736773,
          -0.16467069 -0.95038551 -0.26391497,
          -0.050061256 -0.97756749 -0.20458676,
          -0.046388756 -0.96084774 -0.27316612,
          0.088740967 -0.97501272 -0.20365481,
          0.083399303 -0.95861262 -0.27222514,
          0.2153549 -0.95309949 -0.21265878,
          0.20059758 -0.9385184 -0.28096935,
          0.34774756 -0.901604 -0.2572585,
          0.30328026 -0.89743292 -0.32036728,
          0.41266927 -0.85272694 -0.3202512,
          0.41632381 -0.85423231 -0.31138653,
          0.53768533 -0.81206155 -0.22682707,
          0.65248424 -0.72851014 -0.20865618,
          0.77121025 -0.61833739 -0.15130615,
          0.86337316 -0.48805889 -0.12800539,
          0.86626863 -0.49502671 -0.067284353,
          -0.30745798 -0.94247252 -0.1312068,
          -0.18330188 -0.97469848 -0.12791891,
          -0.053051416 -0.98924798 -0.13628639,
          0.092018396 -0.98649395 -0.13550782,
          0.22580177 -0.96332109 -0.14500387,
          0.38351783 -0.91514534 -0.1241898,
          0.34773979 -0.91845989 -0.18843701,
          0.47536209 -0.85892522 -0.19046891,
          0.46938661 -0.84465998 -0.25734356,
          0.5365805 -0.79057282 -0.29508623,
          0.52672756 -0.79134661 -0.31036869,
          0.63828272 -0.71694207 -0.28033778,
          0.6525988 -0.70163995 -0.28603554,
          0.75069904 -0.61257583 -0.24739005,
          0.74777746 -0.60932249 -0.26373279,
          0.85417891 -0.47745824 -0.20594192,
          0.84522963 -0.487901 -0.2180355,
          0.92913771 -0.33492109 -0.15662381,
          0.92138505 -0.3523939 -0.16391513,
          0.97983086 -0.17804535 -0.090726778,
          0.98294437 -0.16797487 -0.074866302,
          0.99910975 0.037521336 0.019283855,
          0.99609536 0.079301886 0.038798373,
          0.95147634 0.26659238 0.15369226,
          0.94353253 0.29393291 0.15280648,
          0.98476893 -0.16298579 -0.060545731,
          0.93890053 -0.32807755 -0.10407166,
          0.92660701 -0.35134351 -0.13400452,
          0.85005099 -0.49698344 -0.17441559,
          0.75372696 -0.62326783 -0.20840575,
          0.51669687 -0.84662837 -0.12745476,
          0.62923831 -0.77035582 -0.10301016,
          0.61268228 -0.77357149 -0.16188739,
          0.73732233 -0.66671413 -0.10884861,
          0.71812886 -0.67629129 -0.16407649,
          0.81838858 -0.56091708 -0.12494855,
          0.79753977 -0.57643205 -0.17792247,
          0.89807671 -0.42689639 -0.10591361,
          0.8823123 -0.44575521 -0.1510874,
          0.95516461 -0.28564376 -0.077898704,
          0.94598961 -0.30413222 -0.11228264,
          0.9894948 -0.13614263 -0.048633385,
          0.98648876 -0.14845596 -0.069288753,
          0.99924749 0.034172926 0.018352596,
          0.99719656 0.06431637 0.038243663,
          0.96445882 0.22999057 0.13009059,
          0.94008821 0.2901549 0.17900948,
          0.8510924 0.43707815 0.29086843,
          0.8118875 0.48578498 0.32380801,
          0.7017023 -0.67802507 -0.21885137,
          0.59003735 -0.77388138 -0.230138,
          0.83085835 -0.55095094 -0.078277573,
          0.90716016 -0.41529861 -0.067731798,
          0.96039563 -0.27410164 -0.050085478,
          0.99136227 -0.12700912 -0.032703917,
          0.99802738 0.057910383 0.024245718,
          0.99243069 -0.1211671 -0.019998072,
          0.99901366 0.042776532 0.01190895,
          0.97854179 0.19743197 0.058962051,
          0.96475422 0.24176213 0.10392492,
          0.92922074 0.35216653 0.11192679,
          0.90649891 0.3870151 0.16875739,
          0.84780949 0.49863115 0.18051609,
          0.80813646 0.52710563 0.26282147,
          0.72444177 0.6217621 0.29765096,
          0.8879351 0.40072545 0.22581083,
          0.76135772 0.53398466 0.36768848,
          0.76154995 0.55932373 0.32741195,
          0.99963355 0.026532849 0.0053712875,
          0.98379838 0.17623554 0.032890584,
          0.93895608 0.3370347 0.069059752,
          0.86970139 0.48000458 0.11495717,
          0.77728033 0.59504801 0.20433594,
          0.6481986 0.70948875 0.27652186,
          0.79094911 0.59587485 0.13904189,
          0.68154222 0.71036041 0.17575078,
          0.52304089 0.79084337 0.31779703,
          0.5641427 0.79948747 0.20630772,
          0.79853672 -0.49221277 0.34650502,
          0.73658526 -0.53230822 0.41724107,
          0.80684084 -0.40954408 0.42577159,
          0.70282209 -0.4910062 0.51473701,
          0.7257604 -0.40891784 0.55322516,
          0.59646195 -0.53435147 0.59891707,
          0.61501074 -0.43851188 0.655339,
          0.47197744 -0.4908461 0.7323302,
          0.58807552 -0.3610169 0.72376376,
          0.43200105 -0.39294699 0.81176829,
          0.45057783 -0.2855961 0.8458218,
          0.28066945 -0.29508215 0.91331875,
          0.30122644 -0.18092078 0.93623197,
          0.13944225 -0.18062025 0.97361809,
          0.25845423 -0.032029171 0.96549243,
          0.1185564 -0.022138529 0.99270052,
          0.21419202 -0.0051473379 0.97677803,
          0.070150428 -0.0025014854 0.99753332,
          0.52395576 -0.77522391 0.35284314,
          -0.44185156 -0.75209546 0.48899859,
          -0.4792555 -0.71351963 0.51108116,
          -0.5155924 -0.67144638 0.53228223,
          -0.41304854 -0.66780019 0.61922038,
          -0.45752072 -0.60801053 0.64884365,
          -0.3904427 -0.57219142 0.72121537,
          -0.4496845 -0.49120799 0.74598831,
          -0.33052903 -0.42973599 0.84028417,
          -0.47844097 -0.38799503 0.78775251,
          -0.40136364 -0.29503348 0.86710006,
          -0.54181123 -0.31465986 0.77937782,
          -0.50407553 -0.1762908 0.84547585,
          -0.62302226 -0.1845589 0.76011926,
          -0.52249593 -0.052583929 0.85101873,
          -0.64774662 -0.071254805 0.75851637,
          -0.57502991 -0.033287622 0.81745487,
          -0.69672185 -0.046830434 0.71581119,
          -0.69349396 -0.058823772 0.7180571,
          -0.7077173 -0.048644487 0.70481908,
          -0.74097008 -0.040206764 0.67033333,
          -0.60613865 -0.023745669 0.79500449,
          -0.72136182 -0.034727264 0.69168723,
          -0.37046221 -0.71782631 0.58947712,
          -0.33194196 -0.60519069 0.72357368,
          -0.29064253 -0.64907491 0.70301408,
          -0.21758662 -0.52225047 0.8245669,
          -0.048608854 -0.53289694 0.84478283,
          -0.21698081 -0.41682452 0.8827098,
          -0.25988728 -0.30904874 0.91484833,
          -0.097862445 -0.4223637 0.90112811,
          -0.067441963 -0.30269635 0.9506979,
          0.08578027 -0.42185867 0.90259463,
          0.11427019 -0.30264294 0.94622916,
          0.25809896 -0.41271302 0.87352908,
          -0.037317283 -0.1799417 0.98296922,
          -0.20894946 -0.17877489 0.96144664,
          -0.36654216 -0.17768355 0.91327733,
          -0.044883989 -0.021018201 0.99877107,
          -0.22034702 -0.021766623 0.97517872,
          -0.38216892 -0.038527515 0.923289,
          -0.083723515 -0.0034233539 0.99648315,
          -0.20376334 -0.0057764063 0.97900319,
          -0.32458279 -0.010504808 0.94579899,
          -0.45333287 -0.020811461 0.89109832,
          -0.50630486 -0.016057156 0.86220503,
          -0.63916719 -0.042974204 0.76786619,
          0.14931323 -0.52926147 0.83521736,
          0.28606001 -0.51949161 0.80516964,
          0.34688896 -0.60541129 0.71634156,
          0.4547421 -0.59706366 0.66085154,
          -0.55634546 -0.61480623 0.55901074,
          -0.59189856 -0.56289709 0.57689077,
          -0.62880403 -0.51400298 0.58344364,
          -0.66340131 -0.46758863 0.58417439,
          -0.6933201 -0.41661072 0.58799905,
          -0.4927496 -0.56480861 0.66195863,
          -0.53366011 -0.52866954 0.66008741,
          -0.53783041 -0.43276927 0.72349793,
          -0.59117961 -0.41642904 0.69071966,
          -0.63175911 -0.38206869 0.67446566,
          -0.64992642 -0.30319622 0.6968987,
          -0.72210896 -0.36161768 0.58973843,
          -0.69142824 -0.26987797 0.67014396,
          -0.74435729 -0.32341412 0.5842393,
          -0.7607677 -0.27625543 0.58729517,
          -0.81014758 -0.21143578 0.54676855,
          -0.84402782 -0.12004452 0.52269143,
          -0.77084672 -0.087346174 0.63100392,
          -0.75313354 -0.13068993 0.64475572,
          -0.73040366 -0.16927315 0.66170776,
          -0.71216726 -0.20484094 0.67145967,
          -0.9653542 -0.1854955 0.18352835,
          -0.92830592 -0.25877234 0.26699245,
          -0.9209103 -0.3159439 0.22826216,
          -0.87454903 -0.38227665 0.29837659,
          -0.88603199 -0.40680683 0.22238593,
          -0.83222568 -0.51754779 0.19885862,
          -0.9040553 -0.40661797 0.13170397,
          -0.81192708 -0.57564968 0.09696278,
          -0.87878233 -0.47504389 0.045552615,
          -0.79999417 -0.59992296 0.01009425,
          -0.86049467 -0.50867844 -0.02819786,
          -0.77223796 -0.63084084 -0.075422309,
          -0.84905875 -0.52100366 -0.08748918,
          -0.74831414 -0.64315337 -0.1624182,
          -0.82765287 -0.53581554 -0.16701081,
          -0.71774226 -0.65055972 -0.24822991,
          -0.81601673 -0.53158623 -0.22700816,
          -0.73844188 -0.62233824 -0.25961271,
          -0.8352747 -0.50870496 -0.20865166,
          -0.76041001 -0.61774778 -0.20041013,
          -0.86168015 -0.48362565 -0.15366694,
          -0.80166847 -0.58062971 -0.14211531,
          -0.87804526 -0.46645802 -0.10702094,
          -0.95513827 -0.28119102 0.092965171,
          -0.93889022 -0.3419624 0.039330054,
          -0.93314135 -0.35848492 -0.027127605,
          -0.96210706 -0.23299767 0.14164087,
          -0.92201126 -0.38084331 -0.069668449,
          -0.91346961 -0.3865363 -0.12713352,
          -0.90755445 -0.38529795 -0.167004,
          -0.91420013 -0.36998868 -0.16536777,
          -0.93317324 -0.33915016 -0.11901645,
          -0.94318223 -0.32178947 -0.082819037,
          -0.94883364 -0.31137273 -0.052553222,
          -0.81540793 -0.48834577 0.31085122,
          -0.77856845 -0.57379359 0.25414959,
          -0.9989152 -0.014105119 0.044379003,
          0 0.84327173 0.53748745,
          0 0.88711369 0.46155098,
          0 0.88711369 -0.46155101,
          0 0.84327173 -0.53748751,
          0 -0.14486675 -0.98945117,
          0 -0.20228203 -0.97932732,
          0 -0.17364818 0.98480779,
          -0.73608053 -0.62252879 0.26578841,
          -0.722009 -0.67957377 0.12993272,
          -0.70185339 -0.66168576 0.26376858,
          -0.66229349 -0.7130689 0.23000035,
          -0.68316716 -0.7298609 0.02420398,
          -0.72970659 -0.68317771 -0.028225003,
          -0.6683467 -0.74138212 -0.060541432,
          -0.65202612 -0.74324632 -0.14982297,
          -0.59435427 -0.79680043 -0.10886739,
          -0.53143382 -0.83134615 -0.16260913,
          -0.5014686 -0.85982943 -0.096034177,
          -0.42490768 -0.89214993 -0.15336899,
          -0.40128857 -0.91313362 -0.071794733,
          -0.32442841 -0.93563807 -0.13902411,
          -0.32301337 -0.94476396 -0.055529851,
          -0.24477756 -0.96624047 -0.08039549,
          -0.22594178 -0.97413749 0.0025520886,
          -0.14235003 -0.98751831 -0.067409985,
          -0.15844364 -0.98717934 0.019301955,
          -0.053326525 -0.99711692 -0.053982344,
          -0.10474756 -0.99398708 0.031900041,
          -0.02259578 -0.99970609 0.0087872148,
          -0.093278304 -0.99207377 0.084195025,
          0.01649492 -0.99902409 0.040973946,
          -0.052561108 -0.99279189 0.10771067,
          0.04929395 -0.99571234 0.078275487,
          -0.012196338 -0.98937833 0.1448507,
          0.087662034 -0.99033314 0.10749705,
          0.0064510037 -0.98496777 0.17261791,
          0.05344148 -0.97520864 0.21473719,
          -0.05771311 -0.96001744 0.27392644,
          -0.016845591 -0.93910533 0.34321645,
          -0.10890411 -0.89253849 0.43762413,
          -0.0393948 -0.86520922 0.49986109,
          -0.11258575 -0.82480061 0.55410159,
          -0.094059251 -0.97227567 0.21408612,
          -0.14885037 -0.97785443 0.14712036,
          -0.19447351 -0.97626728 0.095300615,
          -0.27139047 -0.96215898 0.024441717,
          -0.34764081 -0.93761903 -0.0040566563,
          -0.38940915 -0.920798 0.022171807,
          -0.48082361 -0.87641168 -0.026668943,
          -0.43257031 -0.90043819 0.04576005,
          -0.50060731 -0.8655405 0.015231973,
          -0.44856232 -0.88996911 0.082138613,
          -0.5463686 -0.83691376 0.032506596,
          -0.49206218 -0.86429048 0.10429226,
          -0.62248665 -0.78061271 0.056161609,
          -0.5291056 -0.84053653 0.11638614,
          -0.57308847 -0.80493826 0.15376621,
          -0.4130739 -0.89767706 0.15344666,
          -0.33712873 -0.90805376 0.24856125,
          -0.30454427 -0.8633914 0.40225384,
          -0.22006701 -0.85301518 0.47321838,
          -0.15155426 -0.79249722 0.59074497,
          -0.36729634 -0.92572308 0.090168379,
          -0.29631883 -0.94655573 0.12738705,
          -0.29260972 -0.95394319 0.06612058,
          -0.2791419 -0.94714433 0.15810557,
          -0.23717336 -0.95029205 0.20172699,
          -0.59715605 -0.80151463 -0.03128735,
          -0.65148616 -0.72741187 -0.21549429,
          -0.52666956 -0.82196885 -0.21676359,
          -0.58583629 -0.75502825 -0.29449648,
          -0.48374301 -0.82137334 -0.30222255,
          -0.49893248 -0.80754751 -0.31453687,
          -0.38969761 -0.86408854 -0.3185699,
          -0.27124429 -0.90602297 -0.32488289,
          -0.63337648 -0.72161347 -0.27947867,
          -0.66296941 -0.71513069 -0.22149441,
          -0.63131547 -0.7604996 0.15192474,
          -0.40634537 -0.88605642 -0.22313127,
          -0.28246546 -0.93286651 -0.22354735,
          -0.16785613 -0.97408754 -0.15158482,
          -0.17963938 -0.95566458 -0.23331302,
          -0.064925708 -0.97214007 -0.22522937,
          -0.040880099 -0.99175602 -0.12144451,
          0.057170406 -0.97276127 -0.22464883,
          0.065659083 -0.99595976 -0.061261892,
          0.11524533 -0.99331927 0.0059588468,
          0.14127418 -0.98889881 0.046051249,
          0.18905707 -0.97990578 0.063577831,
          0.13422817 -0.98082966 0.14126578,
          0.096702278 -0.95741516 0.27203831,
          0.017061898 -0.91879851 0.39435798,
          0.05591188 -0.8967818 0.43892622,
          0.059355177 -0.82776397 0.5579282,
          0.019200962 -0.8003425 0.59923565,
          0.14218655 -0.92546713 0.35113186,
          0.18076685 -0.92134744 0.34415439,
          0.25477517 -0.92026448 0.2969898,
          0.34360757 -0.86719131 0.36043465,
          0.36991388 -0.87687033 0.30702168,
          0.44913164 -0.8456794 0.28828293,
          0.39127415 -0.89674008 0.20678924,
          0.48448047 -0.85695922 0.17578256,
          0.4372167 -0.8891378 0.1351871,
          0.54068255 -0.83802652 0.073308088,
          0.40683079 -0.90591198 0.11752525,
          0.4596355 -0.88694477 0.045433529,
          0.35391003 -0.93222982 0.075467318,
          0.42341146 -0.90576571 0.017641248,
          0.38662124 -0.92223567 0.0023223746,
          0.48607901 -0.87268651 -0.046319999,
          0.32828128 -0.94154751 -0.075628862,
          0.33988896 -0.93086827 -0.1340144,
          0.21998145 -0.96775466 -0.12271548,
          0.18537919 -0.95779061 -0.2197081,
          0.10373332 -0.98621464 -0.12891945,
          0.19992027 -0.97838342 -0.052895561,
          0.25580347 -0.9653908 0.050846033,
          0.2440355 -0.96313906 0.11318047,
          0.33955595 -0.93024385 0.13909754,
          0.15678014 -0.97329938 0.16765511,
          0.20179141 -0.95482051 0.21816981,
          0.28367838 -0.93832374 0.19767478,
          0.32999054 -0.9439466 0.0084284227,
          0.58696783 -0.80898005 0.031939473,
          0.66667908 -0.74513721 -0.017596051,
          0.55268103 -0.81195086 0.18782856,
          0.48667538 -0.81118232 0.32423797,
          0.68052351 -0.72809392 0.082262143,
          0.29268095 -0.95574325 0.029878501,
          -0.19188118 -0.94865119 0.25148079,
          -0.17472833 -0.92538279 0.33635792,
          -0.14171785 -0.91016847 0.38924217,
          -0.2630952 -0.90827245 0.32530299,
          0.43074876 -0.6734125 0.60080874,
          0.34695077 -0.69947654 0.6247862,
          0.36684188 -0.75115514 0.54881066,
          0.27336049 -0.71158218 0.64724404,
          0.35699272 -0.012847478 0.93401879,
          0.39679742 -0.0078498889 0.91787261,
          0.46960968 -0.026063303 0.88248938,
          0.46959814 -0.019256502 0.88267028,
          0.60551959 -0.035219166 0.79505074,
          0.51545149 -0.02897151 0.85642886,
          0.56805164 -0.074479409 0.81961596,
          0.40662304 -0.048622258 0.91230124,
          0.46456242 -0.1798927 0.86707586,
          0.58928466 -0.25655639 0.76610863,
          0.59268856 -0.16794735 0.78772706,
          0.66892344 -0.080015287 0.73901224,
          0.7175104 -0.049896955 0.69475842,
          0.71917236 -0.049545269 0.69306308,
          0.80196267 -0.063901715 0.59394652,
          0.81291479 -0.060055375 0.57927787,
          0.88094372 -0.072027594 0.46770731,
          0.88858932 -0.070115611 0.4533132,
          0.93945372 -0.073521182 0.33469582,
          0.95084536 -0.075283282 0.30037594,
          0.97462416 -0.067594036 0.21339841,
          0.98347843 -0.056002013 0.17214504,
          0.99408454 -0.049045648 0.0969043,
          0.99758917 -0.022316186 0.065710112,
          0.99969661 0.0096487412 -0.022666141,
          0.9978112 0.035998102 -0.055469915,
          0.98754126 0.09194237 -0.12770632,
          0.97378951 0.13434315 -0.18353739,
          0.93415344 0.24346362 -0.26092675,
          0.91591901 0.22958848 -0.3292135,
          0.86833125 0.3493605 -0.35206252,
          0.88876772 0.24825662 -0.38530582,
          0.79675239 0.46112758 -0.39057261,
          0.86118054 0.24262959 -0.4466531,
          0.80024844 0.33943924 -0.49435154,
          0.78280246 0.26818806 -0.5615117,
          0.74849582 0.45972481 -0.47791961,
          0.73639292 0.41827813 -0.53176022,
          0.46661976 0.84175301 -0.27151036,
          0.67064333 0.51572841 -0.53316212,
          0.32116294 0.93120509 -0.17237008,
          0.41421178 0.85234636 -0.31927139,
          0.18381193 0.97618806 -0.11519548,
          0.55893588 0.65192491 -0.51243007,
          0.093408316 0.99559355 -0.0082673375,
          0.43903014 0.76046395 -0.47848421,
          -0.0022087849 0.9977659 0.066771165,
          0.34692955 0.82900429 -0.43862483,
          0.10404756 0.98819321 -0.11246473,
          0.42781302 0.580226 -0.69304687,
          0.42711443 0.65596694 -0.62231874,
          0.5503456 0.37250549 -0.74723458,
          0.4392136 0.53401619 -0.72243911,
          0.43898752 0.34256676 -0.83062506,
          0.34220427 0.68189985 -0.64645869,
          0.34146553 0.56208098 -0.75330353,
          0.15159121 0.95900065 -0.23945315,
          0.28667563 0.71226215 -0.64070255,
          0.07447847 0.98718816 -0.14111149,
          0.28680485 0.47880068 -0.82975477,
          0.2280053 0.74022126 -0.6325236,
          0.095288701 0.95534319 -0.27971324,
          0.01221119 0.99989301 -0.0080545107,
          -0.062423494 0.97403449 0.21762374,
          -0.047617495 0.98037654 0.19129694,
          0.020892087 0.99045187 0.13626722,
          -0.04806212 0.96024525 0.27498925,
          0.015021762 0.97423798 0.22502144,
          -0.02779964 0.95170408 0.30575565,
          0.039144859 0.96307474 0.26637343,
          -0.036413625 0.9276877 0.37157711,
          0.057499032 0.95427144 0.29335961,
          -0.017527753 0.91963935 0.39237252,
          0.073769599 0.9439826 0.32164404,
          -0.0023066136 0.91387314 0.40599349,
          0.083662532 0.93158448 0.35376674,
          -0.0058830273 0.89508981 0.445847,
          0.090468429 0.91751456 0.38727576,
          7.7603436e-005 0.87955916 0.47578952,
          0.096603088 0.8965252 0.43233132,
          0.0057107639 0.85658264 0.51597822,
          0.079894155 0.86095798 0.50236285,
          -0.00018819881 0.81199008 0.58367121,
          0.061096169 0.81129003 0.58144289,
          0.0039399788 0.77032912 0.63763434,
          0.050657827 0.75641012 0.65213311,
          -0.0087906402 0.70170879 0.71240968,
          0.046333492 0.6973502 0.71523136,
          0.0038823995 0.65138602 0.75873655,
          0.062201213 0.65389609 0.75402325,
          0.0064184316 0.60785663 0.79402089,
          0.12977134 0.66237772 0.73784494,
          0.061732635 0.62723935 0.77637613,
          0.19713244 0.68532294 0.7010501,
          0.12024187 0.66643423 0.7358039,
          0.23236117 0.71552861 0.6588074,
          0.14942832 0.70838434 0.6898281,
          0.16260228 0.76860458 0.61871433,
          0.098283537 0.78373206 0.6132735,
          0.12819102 0.85234123 0.50703204,
          0.03178392 0.83547944 0.54860175,
          0.022226328 0.90871948 0.41681522,
          -0.045918338 0.83878809 0.5425182,
          -0.072924234 0.90601069 0.41692537,
          -0.14572835 0.83585948 0.52924675,
          -0.18056898 0.8981958 0.40079814,
          -0.24630947 0.83875465 0.48561531,
          -0.27468365 0.88797861 0.36884013,
          -0.39900389 0.84240335 0.3621498,
          -0.3277812 0.9139185 0.23940033,
          -0.46306604 0.85385531 0.23769934,
          -0.4857429 0.86597204 0.11893815,
          -0.59241229 0.78292751 0.18992676,
          -0.60283887 0.79179907 0.098180816,
          -0.70972496 0.70010906 0.078343973,
          -0.60963255 0.79116893 0.048988435,
          -0.72118825 0.69152075 0.041068368,
          -0.8217265 0.56897724 0.032100607,
          -0.81570768 0.57357365 0.075062104,
          -0.71092093 0.6855889 0.15671429,
          -0.79079729 0.59436625 0.14617948,
          -0.65957868 0.7029016 0.26624301,
          -0.79251462 0.5753932 0.20209727,
          -0.72534817 0.61618292 0.30690178,
          -0.82755631 0.51018554 0.23422489,
          -0.79576826 0.52706456 0.29825458,
          -0.92191756 0.35469854 0.15574649,
          -0.91147518 0.35901934 0.20079406,
          -0.98061764 0.18012457 0.077098861,
          -0.97145152 0.2069521 0.11598611,
          -0.99484491 0.093634978 0.038939193,
          -0.9925698 0.10721305 0.057538178,
          -0.9959172 0.086313002 0.026437961,
          -0.9844653 0.16759388 0.052348956,
          -0.99649906 0.081918038 0.016705101,
          -0.98469126 0.17109382 0.03331833,
          -0.99679887 0.079496063 0.0085175792,
          -0.98991346 0.14111568 0.012555589,
          -0.99688476 0.0787898 0.0035995282,
          -0.98334163 0.18155386 0.008806535,
          -0.94255942 0.31995708 0.095964439,
          -0.94380569 0.32433751 0.06352964,
          -0.95958924 0.2800321 0.027756937,
          -0.89733642 0.43929747 0.042486273,
          -0.94542241 0.32540914 0.016892748,
          -0.89384019 0.44773981 0.024057962,
          -0.53118259 0.79042238 0.30508611,
          -0.47040403 0.77212161 0.42725664,
          -0.33105785 0.8044278 0.49325112,
          -0.19304602 0.78165388 0.59308553,
          -0.094791286 0.74408233 0.66132915,
          -0.036646318 0.73514551 0.67691815,
          0.0090406397 0.7363801 0.67650771,
          -0.01571626 0.66821098 0.74380589,
          0.010064131 0.65856707 0.7524547,
          0.00070625747 0.56266242 0.82668644,
          -0.0014635409 0.55916137 0.82905757,
          -0.0043076519 0.53592467 0.84425479,
          -0.010705915 0.54612923 0.83763254,
          -0.018722717 0.57560074 0.81751651,
          -0.015420741 0.57008427 0.82144153,
          -0.028253203 0.622621 0.78201336,
          -0.03636606 0.67524189 0.7366994,
          -0.026462106 0.74213177 0.66973144,
          -0.020311005 0.70245218 0.71144116,
          -0.019932913 0.7540676 0.65649426,
          -0.0063999356 0.70076001 0.71336848,
          -0.0049803108 0.75424504 0.65657413,
          0.013054053 0.71083188 0.70324087,
          0.014669247 0.75689566 0.6533711,
          0.028874062 0.76677436 0.641267,
          0.032616775 0.79513395 0.60555601,
          0.031565901 0.81623334 0.57685935,
          0.0327355 0.83971614 0.54203802,
          0.0036750252 0.88046157 0.4741033,
          0.028641187 0.86823523 0.49532542,
          -0.0052467557 0.90786052 0.41923946,
          0.028177366 0.90064299 0.43364549,
          -0.045746557 0.9365558 0.34752056,
          0.017246649 0.92539501 0.37861153,
          -0.073432408 0.95738828 0.27931219,
          0.011232996 0.9468689 0.32142365,
          -0.098800473 0.9735111 0.20619063,
          -0.054581329 0.98213196 0.18010508,
          -0.21884155 0.9729715 0.073721379,
          -0.1802579 0.9832834 0.025706906,
          -0.49394557 0.86219758 -0.11239739,
          -0.40654752 0.9012903 -0.14964917,
          -0.76303858 0.59956408 -0.24144405,
          -0.51993614 0.81710851 -0.248998,
          -0.76469845 0.56900823 -0.30243331,
          -0.72277528 0.49418494 -0.48309138,
          -0.86899602 0.27291915 -0.41274816,
          -0.81976008 0.2964879 -0.48998809,
          -0.90899795 0.19202529 -0.3699311,
          -0.71853852 0.33126095 -0.61152977,
          -0.66624486 0.44787124 -0.59626275,
          -0.41965064 0.83848685 -0.34761086,
          -0.6277563 0.45348054 -0.63267493,
          -0.26411948 0.9343248 -0.23932841,
          -0.57003975 0.52515107 -0.63187897,
          -0.26944691 0.91255426 -0.30764115,
          -0.53860253 0.47273916 -0.69744188,
          -0.47415519 0.60043687 -0.64393514,
          -0.50579584 0.38094401 -0.77398467,
          -0.19973291 0.94587153 -0.25580046,
          -0.39259365 0.65673947 -0.64386618,
          -0.12474488 0.97148561 -0.20162939,
          -0.40235221 0.55710655 -0.72646064,
          -0.33194211 0.6910336 -0.6420958,
          -0.37885243 0.42386445 -0.82268447,
          -0.09438087 0.98279071 -0.15879114,
          -0.2667934 0.72466987 -0.63535422,
          -0.055371165 0.99070013 -0.124287,
          -0.27780879 0.60394949 -0.74703902,
          -0.21399464 0.74454546 -0.63234359,
          -0.24183539 0.46495482 -0.8516646,
          -0.040871505 0.99474287 -0.093895085,
          -0.15608315 0.76859993 -0.62039679,
          -0.02353707 0.9955278 -0.091489732,
          -0.15326793 0.64955723 -0.74470431,
          -0.10508259 0.78381473 -0.61203945,
          -0.11215262 0.46886414 -0.8761211,
          -0.012874435 0.99847901 -0.053608514,
          -0.065256074 0.79020566 -0.60935766,
          -0.007318317 0.99674475 -0.080289319,
          -0.041236605 0.6601786 -0.74997592,
          -0.02017305 0.7919389 -0.61026704,
          0.027578665 0.51809746 -0.85487688,
          0.002797798 0.99908286 -0.042727355,
          0.023405658 0.79312015 -0.60861528,
          -0.00091444404 0.99847609 0.05517891,
          0.019569857 0.97452372 -0.22342901,
          -0.0018569225 0.9536581 0.30088675,
          0.012548541 0.99946249 0.030285694,
          -0.033985596 0.9407689 0.3373408,
          0.0015019297 0.99927062 0.0381574,
          -0.032127529 0.98284876 0.18159367,
          0.10262617 0.83618641 -0.53875798,
          0.18728238 0.63202101 -0.7519806,
          0.16776171 0.40459085 -0.89897841,
          0.093377173 0.64321399 -0.75997132,
          0.017166315 0.96029401 0.27846134,
          0.063426465 0.78978842 -0.61009127,
          0.042626657 0.96051008 0.27496064,
          0.052849244 0.96941996 0.23964961,
          0.018256087 0.92454398 0.38063785,
          0.053066917 0.92958486 0.36476833,
          0.019772843 0.90872669 0.41692302,
          0.046930995 0.91811585 0.39352342,
          0.020121487 0.88590944 0.4634217,
          0.043730736 0.89290011 0.44812605,
          0.016838264 0.8698315 0.49306163,
          0.040990885 0.87725377 0.47827357,
          0.014263349 0.84977692 0.52694952,
          0.038171589 0.86036563 0.50824606,
          0.017089022 0.83391029 0.55163544,
          0.03527027 0.84378266 0.5355249,
          0.012694909 0.81349474 0.58143365,
          0.032739908 0.82572711 0.56311882,
          0.012924822 0.78237945 0.62266791,
          -0.007187272 0.78687996 0.6170643,
          -0.022784857 0.78936267 0.61350423,
          -0.024869459 0.81869239 0.57369357,
          -0.027129449 0.81975383 0.5720731,
          -0.030084351 0.84466898 0.53444296,
          -0.032004219 0.7827341 0.62153286,
          -0.0095963133 0.8134678 0.58153075,
          -0.026865514 0.83697182 0.54658616,
          -0.033939824 0.86163193 0.50639766,
          0.041098077 0.8728621 0.48623312,
          0.039600618 0.89291656 0.44847715,
          0.045219321 0.91154379 0.40870914,
          0.053055983 0.93253624 0.35715717,
          0.066614427 0.93659198 0.34403217,
          0.033357199 0.95741379 0.28678575,
          0.071922891 0.95563173 0.28564858,
          0.025361255 0.98038721 0.19544221,
          0.027441116 0.99012423 0.13748084,
          -0.050350145 0.99811751 0.035017796,
          -0.013322581 0.92491454 0.37994155,
          -0.0089834714 0.91145933 0.41129208,
          -0.040252816 0.92782915 0.37082729,
          -0.033433884 0.90968978 0.41394034,
          -0.055366598 0.9309302 0.36097586,
          -0.054317191 0.90252006 0.42720851,
          -0.048017114 0.89440101 0.4446809,
          -0.037796743 0.88231134 0.46914631,
          -0.029153693 0.85420436 0.51911944,
          -0.031415608 0.87117684 0.48996335,
          -0.010861676 0.84978259 0.52702141,
          -0.0089342976 0.86608946 0.49980929,
          -0.03385311 0.88705164 0.46042731,
          -0.0067711985 0.88408136 0.46728393,
          -0.0058129132 0.83182126 0.5550133,
          -0.070794933 0.94397712 0.32232788,
          -0.21588196 0.9711681 -0.1011314,
          -0.63174671 0.30032328 -0.71463418,
          0.022846118 0.59504801 0.80336535,
          0.012173471 0.58443201 0.81135142,
          0.066180147 0.64719462 0.75944674,
          0.034415785 0.64064378 0.76706654,
          0.060277559 0.69807452 0.71348339,
          -0.46140897 0.88532019 0.057532787,
          0.15443118 0.91326505 0.37695882,
          0.035082739 0.96124125 0.27346781,
          -0.072919331 0.95289135 0.29441604,
          -0.083436668 0.98668665 0.13959919,
          -0.20553103 0.94099408 0.26886255,
          -0.2304804 0.96212214 0.14560139,
          -0.33752602 0.93558669 0.10370085,
          -0.34011096 0.93833023 0.06213605,
          -0.22471102 0.97225291 0.065033913,
          -0.098822691 0.99284416 0.067041129,
          0.33958322 0.71315724 0.61326188,
          0.30796176 0.6951856 0.64952022,
          0.240264 0.69100732 0.68174934,
          0.17635058 0.70603472 0.68586838,
          0.35082012 0.71388203 0.60605091,
          0.32302293 0.74956375 0.57776332,
          0.55796039 0.7122305 0.42592007,
          0.39285797 0.78780651 0.47436646,
          0.57050645 0.74006182 0.3561334,
          0.42236865 0.81946373 0.38740671,
          0.66072339 0.71311122 0.23434399,
          0.64622289 0.74133897 0.1811422,
          0.85294718 0.51800907 0.064402595,
          0.76669925 0.64091015 0.037503079,
          0.91612107 0.40015388 -0.024476152,
          0.92415035 0.3762778 -0.066039383,
          0.97951734 0.19845299 -0.034089919,
          0.98403507 0.16903739 -0.055691116,
          0.99947697 0.031229837 -0.0084055755,
          0.99927151 0.035277344 -0.014558695,
          0.99236637 -0.11446799 0.045891374,
          0.99402303 -0.093387783 0.056541249,
          0.9660604 -0.22890414 0.11970885,
          0.97216403 -0.18606412 0.1423981,
          0.93584085 -0.26896086 0.22773257,
          0.93750411 -0.23647249 0.25527778,
          0.8829847 -0.30868217 0.35362896,
          0.8784858 -0.25965732 0.4010497,
          0.82278919 -0.34457287 0.45198178,
          0.80100381 -0.29768553 0.51939988,
          0.70736349 -0.34371367 0.61765516,
          0.78694284 0.56647223 0.24460222,
          0.85609955 0.49938214 0.13308288,
          0.96802175 0.24838436 0.03520143,
          0.96044415 0.27842218 0.0053141224,
          0.99828386 0.058446787 -0.0036710987,
          0.12718777 0.74181134 0.65843701,
          0.17669821 0.80282694 0.56942654,
          0.14112268 0.98999053 0.0018177561,
          0.19528912 0.97925848 0.053991284,
          0.47611672 0.86591768 -0.1532957,
          0.53583091 0.83695215 -0.11133882,
          0.74319315 0.6380493 -0.2013879,
          0.70631552 0.69724119 -0.12236515,
          0.89967567 0.40393695 -0.16558594,
          0.77946132 0.61417252 -0.12341865,
          0.92506868 0.35095152 -0.14519273,
          0.80423182 0.5837273 -0.11168557,
          0.93161827 0.34347346 -0.11879984,
          0.77163678 0.63347524 -0.057321422,
          0.90798974 0.40992379 -0.086701185,
          0.76363456 0.64544421 -0.016247459,
          0.15782088 0.97483361 0.15745486,
          0.22237131 0.96298796 0.15233268,
          0.27843705 0.94604164 0.16576476,
          0.26320717 0.93825126 0.22451439,
          0.26669985 0.92698133 0.2637741,
          0.26640564 0.90983635 0.31816009,
          0.19347 0.88876534 0.41553047,
          0.17641206 0.85328436 0.49069816,
          0.39550605 0.86126608 0.31905439,
          0.51962781 0.8357991 0.17727633,
          0.53030217 0.84005332 0.11441201,
          0.53511685 0.84185928 0.070163436,
          0.60384989 0.79686368 -0.019328594,
          0.52331561 0.85209221 -0.0089233713,
          0.4058148 0.91372424 0.020552877,
          0.60976392 0.73569721 -0.29485187,
          0.79225498 0.5469836 -0.27044591,
          0.9150939 0.34660786 -0.20607339,
          0.97550738 0.18302165 -0.12201829,
          0.99899542 0.033578407 -0.029676005,
          0.98312151 0.15471281 -0.097653516,
          0.99936736 0.028485999 -0.02129788,
          0.98776585 0.13450268 -0.07891532,
          0.99974298 0.018382655 -0.013268759,
          0.99930668 0.032858934 -0.017505901,
          0.99434507 -0.084084317 0.064866722,
          0.9789111 0.19141394 -0.071371131,
          0.9943949 -0.05718283 0.088932402,
          0.99457902 -0.065877341 0.080453597,
          0.97335666 -0.1219178 0.1941981,
          0.97349566 -0.14435036 0.17739555,
          0.93729794 -0.16759093 0.30559096,
          0.93818408 -0.20339274 0.28007525,
          0.88033158 -0.20305243 0.42870277,
          0.81075948 -0.22884528 0.53879398,
          0.71331191 -0.26742244 0.64782053,
          0.9731136 -0.16517271 0.16052389,
          0.99444526 -0.075589262 0.073245399,
          0.97265744 -0.099206209 0.20998968,
          0.94096059 -0.13485852 0.31049377,
          0.88758153 -0.1548651 0.43383849,
          0.81818485 -0.16588095 0.55050623,
          0.7099241 -0.1803093 0.68080568,
          0.58096194 0.44767362 -0.67975849,
          0.65891528 0.35580775 -0.66274554,
          0.72337759 0.3297697 -0.60661101,
          0.99173552 -0.017302666 0.1271273,
          0.97472543 -0.050813548 0.21755084,
          0.96125126 -0.035428774 0.27338779,
          0.93719268 -0.062703468 0.3431302,
          0.90439856 -0.048708651 0.42389953,
          0.8433668 -0.055872686 0.53442556,
          0.75794208 -0.047609307 0.65058219,
          0.63749367 -0.034354877 0.76968926,
          0.54183507 -0.01897951 0.84027058,
          0.5189029 -0.018897619 0.85462427,
          0.78173912 -0.091095895 0.61691624,
          0.86145723 -0.0976763 0.49834815,
          0.93010849 -0.096887536 0.35427541,
          0.97019845 -0.082082421 0.22798586,
          0.99209231 -0.12303893 0.024787843,
          0.96863586 -0.23813368 0.070970945,
          0.92917389 -0.34970203 0.11976819,
          0.92267346 -0.3308022 0.19810005,
          0.86390018 -0.42537817 0.2696847,
          0.95501959 -0.29505172 0.029699584,
          0.98883003 -0.14903465 -0.0019735545,
          0.99850714 0.053950511 0.0085361581,
          0.88038987 -0.35301176 0.31669602,
          0.17103617 0.76648945 -0.61906427,
          -0.94681889 0.1461077 -0.28668222,
          -0.96420032 0.10163152 -0.24492623,
          -0.9861961 0.05001919 -0.15784636,
          -0.97882271 0.13124317 -0.15710311,
          -0.98830748 0.10034802 -0.11479842,
          -0.92836517 0.28115276 -0.24308696,
          -0.91417575 0.32789147 -0.23826429,
          -0.99708474 0.043085139 -0.062974438,
          -0.9863463 0.11659493 -0.11630382,
          -0.99229944 0.090801105 -0.084244266,
          -0.95367855 0.25451976 -0.16036518,
          -0.98449546 0.14687698 -0.095895104,
          -0.93893194 0.31475493 -0.1390546,
          -0.98797137 0.13687997 -0.071948089,
          -0.91815287 0.38009045 -0.11192217,
          -0.93607223 0.33948985 -0.092279017,
          -0.80132031 0.59520811 -0.060108662,
          -0.79189014 0.61035478 -0.019419745,
          -0.53410703 0.83790636 0.11243951,
          -0.50951701 0.83976978 0.18756084,
          -0.25638705 0.908571 0.32979444,
          -0.28658223 0.88974994 0.35526839,
          -0.13286085 0.87787807 0.46008492,
          -0.18467228 0.84530538 0.50135309,
          -0.040287111 0.8010996 0.59717369,
          -0.06144559 0.7748729 0.62912351,
          0.00057945756 0.72776204 0.68582952,
          -0.047081716 0.71568179 0.69683778,
          0.005563294 0.64591444 0.76338959,
          -0.077857353 0.67014867 0.73813218,
          -0.025332469 0.61459011 0.78843987,
          -0.11552422 0.65583932 0.74600875,
          -0.064691424 0.6289627 0.77473933,
          -0.14088133 0.67721158 0.72217512,
          -0.076550141 0.6596998 0.74762046,
          -0.12652284 0.70752245 0.69527256,
          -0.057622436 0.67574942 0.7348758,
          -0.004214427 0.57706594 0.81668669,
          0.021346582 0.55230075 0.83337164,
          0.011419582 0.53835994 0.8426376,
          0.028444296 0.59539694 0.80292803,
          0.011238492 0.58196199 0.81313837,
          0.030066358 0.65633088 0.75387383,
          0.013274288 0.65323067 0.75704271,
          0.029134823 0.71584725 0.69764882,
          -0.0067744153 0.64033467 0.76806623,
          -0.0087553719 0.58400559 0.81170243,
          -0.020141676 0.63991243 0.76818389,
          -0.29626417 0.76739466 0.56862372,
          -0.24549825 0.71653891 0.65291852,
          -0.41019255 0.74678016 0.52350897,
          -0.35649779 0.71201205 0.60493648,
          -0.50725031 0.71266663 0.48456514,
          -0.49286547 0.68330401 0.53868294,
          -0.64513719 0.64598244 0.40804985,
          -0.63628352 0.62261194 0.45551929,
          -0.78204173 0.51556486 0.35014793,
          -0.87846112 0.40076149 0.26018515,
          -0.97391486 0.19560587 0.11501405,
          -0.9910388 0.11769918 0.063158087,
          -0.58014107 0.7113272 0.39679968,
          -0.23084497 0.69519597 0.68074465,
          -0.23546261 0.69195187 0.68246615,
          -0.21009798 0.71569294 0.66606492,
          -0.16822733 0.73327768 0.65878934,
          -0.34370455 0.75942725 0.55239242,
          -0.20789212 0.79433894 0.57079464,
          -0.36506522 0.79812038 0.47930294,
          -0.4291313 0.81236398 0.39485583,
          -0.62099403 0.70327741 0.34607419,
          -0.62772888 0.73436916 0.25818309,
          -0.85891473 0.49412829 0.1345468,
          -0.77996868 0.61921364 0.090682678,
          -0.92672157 0.37554604 0.012341948,
          -0.91296124 0.40769076 -0.017028291,
          -0.98418981 0.17516235 -0.026240086,
          -0.9886632 0.14272366 -0.046636693,
          -0.99667281 0.076794863 -0.027313124,
          -0.99707699 0.066210993 -0.038127676,
          -0.99586827 0.089839377 -0.013237563,
          -0.98500597 0.17233291 -0.0080394242,
          -0.99429303 0.1065176 0.0059511811,
          -0.97436464 0.22258694 0.032689057,
          -0.99254054 0.11924659 0.025368501,
          -0.96786821 0.24135144 0.070573576,
          -0.99171954 0.12212928 0.039709006,
          -0.95596981 0.2693004 0.11661456,
          -0.99060142 0.12384715 0.058057766,
          -0.95240164 0.26932231 0.14281712,
          -0.96708935 0.22098312 0.1261137,
          -0.81758863 0.48038957 0.31745026,
          -0.69299132 0.58168685 0.42591497,
          -0.58346039 0.68543541 0.43560579,
          -0.7903893 0.541363 0.28672448,
          -0.63165879 0.63690913 0.44198865,
          -0.84683633 0.46206784 0.26336595,
          -0.53044552 0.81178057 0.24421261,
          -0.74909306 0.65974957 0.059917245,
          -0.93161505 0.35742769 -0.065871149,
          -0.98369169 0.16705015 -0.066669658,
          -0.99726403 0.055204358 -0.049162861,
          -0.35418424 0.69803625 0.62233353,
          -0.4346588 0.68870258 0.5803107,
          -0.38521788 0.71351665 0.58523601,
          -0.51571423 0.66637826 0.53849685,
          -0.61533159 0.62843007 0.47586,
          -0.86695904 0.46660432 0.17510691,
          0.024885705 0.78840446 0.61465371,
          0.0026516747 0.85302716 0.52185971,
          -0.10582385 0.92102891 0.37484264,
          -0.10028622 0.93521684 0.33957633,
          -0.21586762 0.95160276 0.21875434,
          -0.26396134 0.95451438 0.1386603,
          -0.31469762 0.94777739 0.051801946,
          -0.61806488 0.77871436 -0.1077029,
          -0.78636259 0.5840705 -0.20123494,
          -0.84220833 0.5065046 -0.1847654,
          -0.9323352 0.30198246 -0.19889095,
          -0.8012948 0.58404934 -0.12966523,
          -0.75375891 0.65357554 -0.068459392,
          -0.60497773 0.79601514 0.019026557,
          -0.32778785 0.92576635 0.18844581,
          -0.26110107 0.92489964 0.27638209,
          -0.085589655 0.89281249 0.44222209,
          -0.020720888 0.82939506 0.55827808,
          0.021346193 0.73776335 0.6747219,
          0.010034716 0.77112895 0.6365999,
          0.021954356 0.66768676 0.74411857,
          0.024814498 0.60352242 0.79695982,
          0.015416513 0.5783397 0.81565046,
          -0.023108816 0.60150665 0.79853356,
          -0.55734533 0.82995397 -0.023296358,
          -0.48808059 0.87060028 0.061907403,
          -0.87644434 0.46958187 0.10648096,
          -0.87058586 0.46521235 0.16018078,
          1.0082369e-015 1 -8.3053243e-016,
          1.0084503e-015 1 -8.1833367e-016,
          1.0053993e-015 1 -8.5891671e-016,
          9.7754304e-016 1 -9.1008089e-016,
          9.8332002e-016 1 -9.3296232e-016,
          1.066454e-015 1 -8.0138814e-016,
          1.0366568e-015 1 -8.1284389e-016,
          9.5189309e-016 1 -8.9170906e-016,
          1.0213056e-015 1 -8.6078172e-016,
          1.0143261e-015 1 -8.4835622e-016,
          9.4242484e-016 1 -8.7128006e-016,
          9.8082868e-016 1 -8.7075702e-016,
          1.044792e-015 1 -8.7979009e-016,
          1.0499043e-015 1 -8.7495025e-016,
          9.996181e-016 1 -8.5248927e-016,
          9.8101249e-016 1 -8.4124607e-016,
          9.8847686e-016 1 -8.5029895e-016,
          1.0144018e-015 1 -8.8710952e-016,
          1.0134515e-015 1 -8.7221381e-016,
          9.8875871e-016 1 -8.0176772e-016,
          9.8746805e-016 1 -8.460992e-016,
          9.939217e-016 1 -9.1347199e-016,
          9.9367129e-016 1 -9.1022012e-016,
          1.0249714e-015 1 -8.3793184e-016,
          1.0009826e-015 1 -8.5135133e-016,
          9.9600794e-016 1 -8.8238614e-016,
          1.0372436e-015 1 -8.3265679e-016,
          1.0204877e-015 1 -8.4472282e-016,
          1.0128479e-015 1 -8.4900013e-016,
          1.0206852e-015 1 -8.4751793e-016,
          9.577662e-016 1 -8.4874851e-016,
          1.0102847e-015 1 -8.6660544e-016,
          1.0044823e-015 1 -8.4406838e-016,
          9.3217723e-016 1 -8.3388906e-016,
          1.0560735e-015 1 -9.067439e-016,
          1.0610212e-015 1 -8.9358704e-016,
          1.0141196e-015 1 -8.5398831e-016,
          1.004602e-015 1 -8.2759158e-016,
          9.9809894e-016 1 -8.3424354e-016,
          1.0119064e-015 1 -8.6396207e-016 ]
      normalBinding PER_VERTEX_INDEXED
      materialBinding OVERALL

    }
    coordIndex [ 1371, 1354, 1376, 1359, -1, 1359, 1376, 1354,
        1371, -1, 1354, 1371, 1350, 1370, -1, 1370,
        1378, 1350, 1361, -1, 1372, 1355, 1369, 1352,
        -1, 1355, 1372, 1357, 1374, -1, 1375, 1358,
        1374, 1357, -1, 1373, 1356, 1375, 1358, -1,
        1373, 1377, 1356, 1360, -1, 1360, 1377, 1362,
        1379, -1, 1362, 1379, 1348, 1364, -1, 1363,
        1346, 1364, 1348, -1, 1363, 1365, 1346, 1347,
        -1, 1365, 1366, 1347, 1349, -1, 1366, 1368,
        1349, 1351, -1, 1351, 1368, 1353, 1367, -1,
        1367, 1369, 1353, 1352, -1, 1378, 1376, 1361,
        1359, -1, 1375, 1374, 1373, 1372, 1371, 1369,
        1370, 1368, 1366, -1, 1369, 1367, 1368, -1,
        1371, 1376, 1373, 1377, -1, 1376, 1378, 1377,
        1379, -1, 1379, 1378, 1364, 1370, 1366, -1,
        1366, 1365, 1364, 1363, -1, 1358, 1356, 1357,
        1355, -1, 1353, 1352, 1351, 1350, 1349, 1348,
        1347, 1346, -1, 1350, 1361, 1348, 1362, -1,
        1362, 1361, 1360, 1359, 1356, 1354, 1355, 1352,
        -1, 1354, 1350, 1352, -1, 1324, 1283, 1326,
        1285, 1286, -1, 1326, 1286, 1327, 1287, 1328,
        1288, 1329, 1289, 1330, 1290, 1331, 1291, 1332,
        1292, 1333, 1293, 1334, 1295, 1336, 1296, 1337,
        1297, 1338, 1298, 1339, 1299, 1340, 1300, 1341,
        1301, 1342, 1302, 1343, 1303, 1344, -1, 1283,
        1324, 1282, 1323, -1, 1320, 1279, 1323, 1282,
        -1, 1266, 1279, 1306, 1320, -1, 1306, 1305,
        1266, 1264, -1, 1305, 1307, 1264, 1265, -1,
        1265, 1307, 1267, 1308, 1268, 1309, 1269, 1310,
        1270, 1311, 1271, 1312, 1272, 1313, 1273, 1314,
        1274, 1315, 1316, -1, 1274, 1316, 1275, 1317,
        1276, -1, 1276, 1317, 1278, 1319, -1, 1319,
        1345, 1278, 1304, -1, 1280, 1321, 1281, 1322,
        -1, 1281, 1322, 1284, 1325, -1, 1325, 1335,
        1284, 1294, -1, 1335, 1321, 1294, 1280, -1,
        1303, 1304, 1344, 1345, -1, 1305, 1306, 1307,
        1308, -1, 1308, 1306, 1309, 1310, -1, 1310,
        1306, 1311, 1312, -1, 1312, 1306, 1313, 1314,
        -1, 1314, 1306, 1315, 1316, -1, 1316, 1306,
        1317, 1318, 1319, 1320, 1321, 1322, -1, 1306,
        1320, 1318, -1, 1320, 1323, 1322, 1324, 1325,
        1326, 1327, -1, 1327, 1328, 1325, 1329, 1330,
        -1, 1330, 1331, 1325, 1332, 1333, -1, 1333,
        1334, 1325, 1335, -1, 1334, 1336, 1335, 1337,
        1338, -1, 1338, 1339, 1335, 1340, 1341, -1,
        1341, 1342, 1335, 1343, 1344, -1, 1335, 1344,
        1321, 1345, 1319, -1, 1264, 1265, 1266, 1267,
        1268, -1, 1268, 1269, 1266, 1270, 1271, -1,
        1271, 1272, 1266, 1273, 1274, -1, 1274, 1275,
        1266, 1276, 1277, 1278, 1279, 1280, 1281, -1,
        1277, 1279, 1266, -1, 1279, 1281, 1282, 1283,
        -1, 1281, 1284, 1283, 1285, -1, 1285, 1284,
        1286, 1287, -1, 1287, 1284, 1288, 1289, -1,
        1289, 1284, 1290, 1291, -1, 1291, 1284, 1292,
        1293, -1, 1284, 1294, 1293, 1295, -1, 1295,
        1294, 1296, 1297, -1, 1297, 1294, 1298, 1299,
        -1, 1299, 1294, 1300, 1301, -1, 1301, 1294,
        1302, 1303, -1, 1294, 1280, 1303, 1304, -1,
        1304, 1280, 1278, -1, 703, 705, 879, 880,
        878, 1261, 1260, 1250, 1248, 1249, 1247, 1043,
        1449, 1041, 1448, 1445, 1443, 1444, 1442, 1451,
        1391, 1393, 1392, 1394, 1419, 1418, 1437, 1417,
        1436, 1438, 1431, 1439, 1506, 1503, 1504, 1415,
        1410, 1406, 1408, 1407, 1409, 1462, 1463, 1493,
        1494, 1491, 1495, 1492, 1474, 1478, 1476, 1477,
        1475, 1499, 1473, 1500, 936, 1162, 940, 942,
        941, 943, 1147, 945, 947, 946, 948, 1499,
        1477, -1, 1500, 1499, 1162, 944, 942, 943,
        -1, 943, 944, 945, 946, -1, 944, 1499,
        946, -1, 1476, 1475, 1474, 1473, 1472, 936,
        1471, 934, 1470, 932, 1469, 930, 1468, 1465,
        1463, 1464, 1411, 1413, 1412, 1414, 1433, 1434,
        920, 922, 921, 923, 1187, 925, 1203, 927,
        1204, 1205, 1153, 1206, 1151, 937, 939, 938,
        940, 936, -1, 938, 937, 936, 935, 934,
        933, 932, 931, 930, 929, 928, 927, 926,
        925, 924, 923, 922, -1, 940, 941, 939,
        1151, -1, 1434, 1414, 922, 924, -1, 1414,
        1413, 924, 1467, 926, 1466, 928, 930, -1,
        930, 1466, 1465, 1413, 1464, -1, 1413, 1466,
        1467, -1, 1463, 1411, 1409, 1410, 1408, -1,
        1411, 1412, 1410, 1505, 1504, 1433, 1506, 1432,
        1431, 916, 914, 915, 913, 911, 912, 910,
        1429, 1450, 1427, 1381, 1384, 1235, 1237, 1236,
        1238, 1253, 1255, 866, 868, 867, 869, -1,
        1433, 1505, 1412, -1, 867, 866, 865, 864,
        863, 862, 861, 860, 859, 858, 857, 856,
        855, 854, 853, 852, 851, 850, 849, 848,
        847, 844, 845, 764, -1, 845, 846, 847,
        849, -1, 846, 851, 849, -1, 844, 848,
        842, 882, 840, 888, 838, 887, 1182, 1181,
        834, 1202, 1178, 1180, 1179, 887, 1224, 1223,
        1222, 891, 893, 892, 894, 1231, 1262, 1233,
        1263, 1381, 1380, 1382, 902, 904, 903, 905,
        1208, 1207, 1213, 1212, 1169, 1167, 1168, 1166,
        1184, 1183, 1185, 917, 919, 918, 920, 1433,
        -1, 1433, 918, 1432, 916, -1, 918, 917,
        916, 915, -1, 917, 1183, 915, 1163, 911,
        909, 910, 908, 1450, 906, 1383, 904, 1382,
        -1, 1382, 1381, 1383, 1450, -1, 904, 906,
        905, 907, 1207, 1165, 1167, 1166, -1, 1212,
        1207, 1167, -1, 906, 908, 907, 909, 1165,
        1164, 1166, 1163, 1183, -1, 1164, 909, 1163,
        -1, 920, 921, 919, 1185, -1, 1381, 1233,
        1235, 1234, 1236, 1252, 1253, 862, 864, -1,
        866, 1253, 864, -1, 887, 1180, 1181, 1202,
        -1, 834, 1178, 832, 1201, 830, 1200, 1199,
        1197, 1196, 1189, 1191, 1190, 1192, 1187, 1203,
        -1, 830, 1199, 828, 826, -1, 834, 836,
        1182, 838, -1, 850, 852, 848, 881, 882,
        883, 884, 885, 886, 887, 888, -1, 888,
        882, 886, 884, -1, 887, 885, 1223, 883,
        891, 890, 892, 1229, 1230, 1254, 1251, 860,
        862, -1, 862, 1252, 1251, 1234, 1230, 1232,
        1231, 1233, -1, 1234, 1233, 1232, -1, 1231,
        892, 1230, -1, 860, 1254, 858, 1228, 856,
        889, 854, 881, 852, -1, 881, 889, 883,
        890, -1, 889, 1228, 890, 1229, -1, 1229,
        1228, 1254, -1, 913, 912, 914, 1430, 1431,
        1436, -1, 1463, 1494, 1468, 1469, -1, 1469,
        1494, 1470, 1495, 1472, 1474, -1, 1472, 1471,
        1470, -1, 1493, 1462, 1491, 1461, 1490, 1489,
        1502, 1496, 1480, 1482, 1481, 1483, 1479, 1477,
        1478, -1, 1481, 1479, 1480, 1478, 1492, -1,
        1492, 1491, 1480, 1490, 1502, -1, 1462, 1407,
        1461, 1460, 1489, 1459, 1458, 1403, 1401, 1402,
        1400, 1417, 1398, 1396, 1397, 1395, 1453, 1393,
        1452, 1451, 1446, 1444, 1445, -1, 1393, 1395,
        1394, 1396, 1418, 1417, -1, 1438, 1417, 1439,
        1416, 1503, 1415, -1, 1417, 1402, 1416, 1404,
        1415, 1406, -1, 1402, 1403, 1404, 1405, 1406,
        1407, -1, 1407, 1405, 1460, 1459, -1, 1405,
        1403, 1459, -1, 1449, 1448, 1247, 1245, 1246,
        1244, 1258, 1257, 872, 870, 871, 869, -1,
        869, 870, 868, 1256, 1255, 1240, 1238, 1239,
        1237, 1385, 1384, 1386, 1440, 1388, 1390, 1389,
        1391, 1442, -1, 1391, 1392, 1390, 1421, 1440,
        1423, 1425, 1424, 1426, 1430, 912, -1, 1384,
        1440, 1427, 1425, 1426, -1, 1385, 1239, 1386,
        1387, 1388, 1389, -1, 1389, 1387, 1442, 1441,
        1443, 1243, 1448, 1245, -1, 1245, 1243, 1244,
        1242, 1257, 1256, 870, -1, 1256, 1242, 1240,
        1241, 1239, 1387, -1, 1387, 1241, 1441, 1243,
        -1, 1243, 1241, 1242, -1, 871, 873, 872,
        874, 1258, 1259, 1246, 1248, 1247, -1, 1248,
        1259, 1260, 876, 878, 877, 879, -1, 877,
        876, 875, 874, 873, -1, 874, 876, 1259,
        -1, 705, 707, 880, 1016, 1261, 1046, 1250,
        1045, 1249, 1043, -1, 707, 708, 1016, 1015,
        1046, 1014, 1045, 1044, 1043, 1042, 1041, 1040,
        1039, 1038, 1037, 1036, 1035, 1034, 1033, 1032,
        1031, 1030, 1029, 1028, 1027, 1026, 1025, 1024,
        1023, 1022, 1021, 1020, 1019, 1018, 1017, 954,
        950, 952, 951, 953, 1898, 1897, 1902, 1814,
        1816, 1815, 1817, 1874, 1875, 1873, 1882, 1881,
        1892, 1880, 1893, 1532, 1530, 1531, 1529, 1887,
        1888, 809, 811, -1, 809, 1887, 807, 1533,
        805, 1534, 1535, 1861, 1860, 1862, 1836, 1838,
        1837, 1839, 1854, 1853, 1844, 1845, 1575, 1577,
        1576, 1578, 1768, 1750, 1769, 1749, 1775, 1748,
        1739, 1742, 1741, 1657, 1659, 1658, 1660, 1946,
        2000, 2018, 2017, 2019, 1926, 1928, 1927, 1929,
        1967, 1965, 1966, 1964, 1996, 1963, 1995, 1994,
        1997, 1955, 1957, 1956, 1624, 1622, 1623, 1621,
        2027, 2026, 1632, 1633, 1630, 1634, 1631, 701,
        703, -1, 703, 879, 1631, 1630, -1, 879,
        877, 1630, 1629, 1632, 1625, 2027, 1623, -1,
        1623, 1625, 1624, 1626, 1958, 1959, 1985, 1984,
        1998, 1988, 1995, 1996, -1, 1995, 1997, 1998,
        1985, -1, 1997, 1957, 1985, 1958, -1, 1958,
        1957, 1624, -1, 877, 875, 1629, 1627, 1625,
        1626, -1, 875, 873, 1627, 1628, 1626, 1959,
        -1, 873, 871, 1628, 1960, 1959, 1983, 1984,
        1982, 1989, 1981, 1987, 1999, 1970, 1972, 1971,
        1973, 1990, 1991, 1921, 1919, 1920, 1918, 2013,
        2012, 2025, 2024, 2005, 2006, 1672, 1674, 1673,
        1675, 1758, 1760, 1759, 1691, 1693, 1692, 1694,
        778, 780, -1, 1692, 1691, 778, 1690, 1689,
        1688, 1687, 1686, 1685, 1684, 1683, 1681, 774,
        772, -1, 1683, 774, 1685, 776, 1687, 1689,
        -1, 776, 778, 1689, -1, 1690, 1691, 1688,
        1760, 1686, 1777, 1684, 1681, -1, 1760, 1675,
        1777, 1677, 1679, 1678, 1680, 1909, 1908, 1907,
        1906, 846, 1905, 766, 768, -1, 846, 845,
        766, 764, -1, 846, 1907, 851, 1910, 1911,
        1912, 1913, 1914, 1915, 1916, 1917, 1918, 1919,
        -1, 1918, 1916, 2012, 2011, 2024, 2007, 2006,
        1676, 1674, 1675, -1, 1675, 1676, 1677, 1678,
        -1, 1916, 1914, 2011, 2009, 2007, 2008, 1676,
        1678, -1, 1914, 1912, 2009, 2010, 2008, 1678,
        -1, 1678, 2010, 1909, 1907, -1, 1907, 2010,
        1910, 1912, -1, 851, 1911, 853, 1913, 1915,
        -1, 853, 1915, 855, 1993, 1977, 1992, 1975,
        1991, 1973, -1, 1991, 1992, 1919, 1917, -1,
        1992, 1993, 1917, 1915, -1, 855, 1977, 857,
        1976, 859, 1978, 861, 1979, 863, 1980, 865,
        1981, 867, 1982, 1983, -1, 867, 1983, 869,
        1960, 871, -1, 1981, 1980, 1999, 1972, -1,
        1980, 1979, 1972, 1974, 1973, 1975, -1, 1979,
        1978, 1974, 1976, 1975, 1977, -1, 1777, 1679,
        1681, 1680, 1682, 1908, 1904, 1906, 1905, -1,
        1905, 768, 1904, 770, 1682, 772, 1681, -1,
        1984, 1989, 1988, 1987, 1986, 1970, 1966, 1968,
        1967, 1969, 1925, 1990, 1923, 1921, 1922, 1920,
        2015, 2014, 2002, 2003, 1664, 1666, 1665, 1667,
        1751, 1752, 1736, 1734, 1735, 1733, 1772, 1774,
        1773, 1764, 1766, 1765, 1572, 1570, 1571, 1569,
        1842, 1829, 1856, 1831, 1833, 1832, 1834, 1859,
        1860, 1535, -1, 1860, 1836, 1834, 1835, 1833,
        1855, 1856, 1843, 1842, 1571, -1, 1836, 1837,
        1835, 1854, 1855, 1844, 1843, 1573, 1571, 1572,
        -1, 1844, 1575, 1573, 1574, 1572, 1767, 1766,
        1773, -1, 1575, 1576, 1574, 1768, 1767, 1770,
        1773, 1772, -1, 1768, 1769, 1770, 1771, 1772,
        1735, -1, 1769, 1775, 1771, 1735, -1, 1920,
        2013, 2014, 2025, 2004, 2005, 1670, 1672, 1671,
        1673, 1756, 1758, 1757, 1759, 1726, 1696, 1698,
        1697, 1699, 780, 782, -1, 1697, 1696, 780,
        1695, 1694, 1693, -1, 1695, 1696, 1693, 1759,
        -1, 2014, 2004, 2003, 1668, 1666, 1667, -1,
        2004, 1670, 1668, 1669, 1667, 1752, -1, 1670,
        1671, 1669, 1753, 1752, 1734, -1, 1671, 1756,
        1753, 1754, 1732, 1730, 1731, 1729, 1774, 1762,
        1764, 1763, 1765, 1776, 1568, 1566, 1567, 1551,
        1549, 1550, 1548, 795, 1886, 797, 1544, 1542,
        1543, 1541, 1857, 1540, 1539, 799, 1538, 801,
        1537, 1536, 1858, 1859, 1832, -1, 1859, 1536,
        1535, 803, 805, -1, 801, 803, 1536, -1,
        1538, 1537, 1539, 1858, 1857, 1830, 1543, 1545,
        1544, 1546, 1886, 1548, -1, 1858, 1832, 1830,
        1831, 1829, -1, 799, 1540, 797, 1541, 1542,
        -1, 1765, 1568, 1570, 1569, -1, 1568, 1567,
        1569, 1829, -1, 1774, 1733, 1731, 1732, -1,
        1733, 1734, 1732, 1753, -1, 1756, 1757, 1754,
        1755, 1730, 1728, 1729, 1727, 1762, 1761, 1763,
        1717, 1719, 1718, 1720, 1716, 1722, 1724, 785,
        1714, 1712, 1713, 1711, 1715, 1723, 1727, 1725,
        1728, 1726, 1755, 1757, -1, 1727, 1715, 1761,
        1717, -1, 1713, 1714, 1715, 1716, 1717, 1718,
        -1, 1716, 1714, 1724, -1, 1712, 1711, 785,
        1710, 1709, 1708, 1707, 1706, 783, 1705, 1704,
        1703, 1702, 1701, 782, 1700, 1699, 1698, -1,
        1700, 1701, 1698, 1726, -1, 1726, 1701, 1725,
        1703, 1706, 1705, -1, 1725, 1706, 1723, 1708,
        1711, 1710, -1, 1702, 782, 1704, 783, -1,
        1707, 783, 1709, 785, -1, 785, 787, 1722,
        1720, -1, 1763, 1719, 1776, 1565, 1566, 1561,
        1559, 1560, 1558, 789, 791, -1, 1560, 1561,
        789, 1562, 1563, 1564, 1565, 1561, -1, 1562,
        1561, 1564, -1, 1565, 1719, 1563, 1903, 789,
        1721, 787, 1720, -1, 1720, 1721, 1719, 1903,
        -1, 1990, 1969, 1971, 1970, -1, 1970, 1969,
        1968, -1, 1967, 1925, 1927, 1926, -1, 1966,
        1996, 1986, 1988, -1, 701, 1634, 699, 1635,
        697, 695, -1, 1634, 1633, 1635, 2026, 1617,
        1619, 1618, 1620, 1614, 1636, 1612, 1610, 1611,
        1609, 1787, 1607, 1785, 1605, 1603, 1604, 1602,
        1642, 1600, 1782, 1599, 1598, 979, 1597, 977,
        1790, 975, 973, 974, 972, 1135, 1134, 1133,
        1115, 1113, 1114, 1112, 1091, 1089, 1090, 1088,
        1093, 1095, 1094, 1066, 958, 1067, 956, 1018,
        954, -1, 1018, 1020, 1067, 1066, -1, 2026,
        1621, 1619, 1620, -1, 1621, 1622, 1620, 1961,
        1637, 1952, 1950, 1951, 1937, 1935, 1936, 1934,
        2023, 1932, 2022, 1930, 2021, 2020, 1942, 1944,
        1943, 1945, 1947, 1656, 1654, 1655, 1653, 1747,
        1584, 1745, 1582, 1746, 1580, 1750, 1578, -1,
        1750, 1746, 1749, 1744, 1748, 1742, -1, 1746,
        1745, 1744, 1743, 1742, 1657, -1, 1745, 1747,
        1743, 1655, 1657, 1656, 1658, 1945, 1946, 1944,
        2018, 2020, 1928, 1930, 1929, 1931, 1965, 1964,
        -1, 2018, 1928, 2019, -1, 1964, 1931, 1963,
        1933, 1962, 1935, 1951, -1, 1935, 1933, 1934,
        1932, -1, 1933, 1931, 1932, 1930, -1, 1963,
        1962, 1994, 1953, 1955, 1954, 1956, 1961, 1622,
        -1, 1961, 1954, 1952, 1953, 1951, 1962, -1,
        1620, 1637, 1636, 1610, -1, 1635, 1617, 695,
        1616, 694, 692, -1, 1617, 1618, 1616, 1614,
        1615, 1613, 692, 690, -1, 692, 1616, 1615,
        -1, 1614, 1612, 1613, 1611, 1789, 1788, 686,
        1786, 684, 682, -1, 686, 688, 1789, 690,
        1613, -1, 1611, 1787, 1788, 1786, -1, 1787,
        1785, 1786, 1784, 989, 987, 988, 986, 761,
        759, -1, 761, 763, 988, 989, -1, 763,
        682, 989, 1786, -1, 1785, 1603, 1784, 1783,
        987, 985, 986, 984, 990, 991, 757, 755,
        -1, 757, 759, 990, 986, -1, 1887, 1531,
        1533, 1532, 1534, 1869, 1861, 1870, 1863, 1879,
        1865, 1867, 1866, 1811, 1809, 1810, 1808, 1894,
        1825, 1900, 1901, 959, 961, 960, 962, 1093,
        1090, -1, 1093, 960, 1094, 958, -1, 960,
        959, 958, 957, 956, 955, 954, 953, 952,
        -1, 959, 1900, 957, 1899, 955, 1896, 953,
        1897, -1, 1900, 1894, 1899, 1895, 1896, 1812,
        1897, 1814, -1, 1894, 1810, 1895, 1812, -1,
        1810, 1811, 1812, 1813, 1814, 1815, -1, 1811,
        1867, 1813, 1878, 1815, 1874, -1, 1867, 1879,
        1878, 1872, 1874, 1873, -1, 1879, 1870, 1872,
        1871, 1873, 1881, -1, 1881, 1871, 1880, 1869,
        1532, -1, 1871, 1870, 1869, -1, 1861, 1863,
        1862, 1864, 1838, 1868, 1840, 1805, 1841, 1803,
        1852, 1851, 1846, 1847, 1579, 1581, 1580, 1582,
        -1, 1580, 1578, 1579, 1577, 1846, 1845, 1852,
        1853, 1841, 1839, 1840, 1838, -1, 1863, 1865,
        1864, 1866, 1868, 1809, 1807, 1808, 1806, 1825,
        1824, 1823, 1822, 963, 1821, 965, 1796, 967,
        1795, 1794, 1793, 969, 1792, 971, 1791, 973,
        1790, -1, 973, 971, 972, 970, 1134, 1115,
        -1, 971, 969, 970, 968, 1116, 966, 1091,
        1092, 1090, 964, 962, 963, 961, 1901, -1,
        963, 1823, 1901, 1825, -1, 963, 964, 965,
        966, 967, 968, 969, -1, 967, 969, 1794,
        -1, 964, 1092, 966, -1, 1091, 1114, 1116,
        1115, 970, -1, 1868, 1807, 1805, 1806, 1804,
        1824, 1802, 1822, 1800, 1798, 1799, 1797, 1827,
        1795, 1826, 1793, 1589, 1591, 1590, 1592, 1651,
        1650, 1649, 1648, 1647, 1646, 1645, 1644, 1643,
        1642, 1641, 1604, 1640, 1606, 1639, 1608, 1638,
        1610, 1637, -1, 1637, 1950, 1638, 1639, -1,
        1950, 1937, 1639, 1640, -1, 1610, 1608, 1609,
        1607, -1, 1608, 1606, 1607, 1605, -1, 1606,
        1604, 1605, -1, 1642, 1644, 1782, 1781, 1780,
        1779, 1778, 1648, 1650, -1, 1648, 1779, 1646,
        1644, -1, 1644, 1779, 1781, -1, 1782, 1780,
        1598, 1596, 1597, 1595, 1790, 1791, -1, 1780,
        1778, 1596, 1594, 1595, 1593, 1791, 1792, -1,
        1778, 1650, 1594, 1592, 1593, 1591, 1792, 1793,
        -1, 1795, 1797, 1796, 1798, 1821, 1822, -1,
        1805, 1804, 1803, 1802, 1801, 1800, 1799, -1,
        1803, 1801, 1851, 1850, 1847, 1848, 1581, 1583,
        1582, 1584, -1, 1801, 1799, 1850, 1849, 1848,
        1583, -1, 1799, 1827, 1849, 1585, 1583, 1584,
        -1, 1041, 1039, 1445, 1446, -1, 708, 710,
        1015, 1014, -1, 710, 712, 1014, 1013, 1044,
        1012, 1047, 1048, 1049, 1050, 1038, 1051, 1052,
        1053, 1054, 1055, 1056, 1057, 1058, 1059, 1060,
        1061, 1028, 1062, 1026, 1063, 1024, 1064, 1022,
        1065, 1020, 1066, -1, 1028, 1030, 1060, 1058,
        -1, 1030, 1032, 1058, 1056, -1, 1032, 1034,
        1056, 1054, -1, 1034, 1036, 1054, 1052, -1,
        1036, 1038, 1052, -1, 1038, 1040, 1049, 1042,
        1047, 1044, -1, 712, 714, 1013, 1012, -1,
        714, 716, 1012, 1011, 1048, 1010, 1068, 1009,
        1069, 1008, 1070, 1007, 1071, 1006, 1072, 1073,
        1074, 1075, 1059, 1076, 1061, 1077, 1078, 1079,
        1080, 1081, 1082, 1083, 1084, 1085, 1086, 1087,
        1088, 1089, -1, 1089, 1087, 1112, 1110, 1111,
        1109, 1123, 1122, 1125, 1124, 1136, 998, 997,
        743, 745, -1, 743, 998, 741, 999, 739,
        1000, 737, 1001, 735, 1002, 734, 1003, 732,
        1004, 730, 1005, 728, 1006, 726, 1007, 724,
        1008, 722, 1009, 720, 1010, 718, 1011, 716,
        -1, 1006, 1005, 1073, 1004, 1098, 1099, 1100,
        1101, 1102, 1103, 1104, 1105, 1106, 1107, 1108,
        1109, 1110, -1, 1109, 1107, 1122, 1121, 1124,
        999, 998, -1, 1107, 1105, 1121, 1120, 999,
        1000, -1, 1105, 1103, 1120, 1119, 1000, 1001,
        -1, 1001, 1119, 1002, 1101, 1099, -1, 1103,
        1101, 1119, -1, 1002, 1099, 1003, 1004, -1,
        1073, 1098, 1075, 1100, 1118, 1102, 1117, 1104,
        1081, 1106, 1083, 1108, 1085, 1110, 1087, -1,
        1081, 1079, 1117, 1118, -1, 1079, 1077, 1118,
        1076, 1075, -1, 1112, 1111, 1113, 1123, 1127,
        1126, 1128, 1138, 1139, 994, 1142, 993, 1143,
        992, 1145, 991, 984, -1, 991, 992, 755,
        753, -1, 992, 993, 753, 751, -1, 993,
        994, 751, 749, -1, 1123, 1125, 1126, 1137,
        1138, 995, 994, 749, -1, 749, 995, 747,
        996, 745, 997, -1, 995, 1137, 996, 997,
        -1, 997, 1137, 1136, 1125, -1, 1113, 1127,
        1133, 1129, 1131, 1130, 1132, 1140, 1141, 1142,
        1143, -1, 1142, 1140, 1139, 1130, 1128, 1129,
        1127, -1, 1133, 1131, 1135, 974, -1, 1131,
        1132, 974, 976, 975, 977, -1, 1132, 1141,
        976, 978, 977, 979, -1, 1088, 1095, 1086,
        1096, 1084, 1097, 1082, 1080, -1, 1095, 1066,
        1096, 1065, 1097, 1064, 1080, 1078, -1, 1064,
        1063, 1078, 1062, 1061, -1, 1059, 1057, 1074,
        1072, -1, 1057, 1055, 1072, 1071, -1, 1055,
        1053, 1071, 1070, -1, 1053, 1051, 1070, 1069,
        -1, 1069, 1051, 1068, 1050, 1048, -1, 764,
        844, 765, 843, -1, 844, 842, 843, 841,
        -1, 842, 840, 841, 839, -1, 840, 838,
        839, 837, -1, 838, 836, 837, 835, -1,
        836, 834, 835, 833, -1, 834, 832, 833,
        831, -1, 832, 830, 831, 829, -1, 830,
        828, 829, 827, -1, 828, 826, 827, 825,
        -1, 826, 824, 825, 823, -1, 824, 822,
        823, 821, -1, 822, 820, 821, 819, -1,
        820, 818, 819, 817, -1, 818, 816, 817,
        814, -1, 816, 815, 814, 813, 812, 811,
        810, 809, 808, 807, 806, 805, 804, 803,
        802, 801, 800, 799, 798, 797, 796, 795,
        794, 793, 792, 791, 790, 789, 788, 787,
        786, 785, 784, 783, 781, 782, 780, -1,
        781, 780, 779, 778, 777, 776, 775, 774,
        773, 772, 771, 770, 769, 768, 767, 766,
        765, 764, -1, 682, 763, 683, 762, -1,
        763, 761, 762, 760, -1, 761, 759, 760,
        758, -1, 759, 757, 758, 756, -1, 757,
        755, 756, 754, -1, 755, 753, 754, 752,
        -1, 753, 751, 752, 750, -1, 751, 749,
        750, 748, -1, 749, 747, 748, 746, -1,
        747, 745, 746, 744, -1, 745, 743, 744,
        742, -1, 743, 741, 742, 740, -1, 741,
        739, 740, 738, -1, 739, 737, 738, 736,
        -1, 737, 735, 736, 733, -1, 735, 734,
        733, 732, 731, 730, 729, 728, 727, 726,
        725, 724, 723, 722, 721, 720, 719, 718,
        717, 716, 715, 714, 713, 712, 711, 710,
        709, 708, 706, 707, 705, -1, 706, 705,
        704, 703, 702, 701, 700, 699, 698, 697,
        696, 695, 693, 694, 692, -1, 693, 692,
        691, 690, 689, 688, 687, 686, 685, 684,
        683, 682, -1, 611, 610, 681, 680, 679,
        678, 677, 676, 674, 675, 672, -1, 674,
        672, 673, 671, -1, 672, 670, 671, 668,
        -1, 670, 669, 668, 667, 666, 665, 664,
        663, 662, 661, 660, 659, 658, 657, 656,
        655, 654, 653, 652, 651, 650, 649, 648,
        646, 647, 644, -1, 646, 645, 644, 643,
        642, 641, 640, 639, 638, 636, 637, 634,
        -1, 636, 635, 634, 633, 632, 631, 630,
        629, 628, 627, 626, 625, 624, 623, 622,
        621, 620, 619, 618, 617, 616, 614, 615,
        613, -1, 614, 612, 613, 611, -1, 612,
        610, 611, -1, 583, 560, 609, 586, -1,
        608, 573, 609, 583, -1, 585, 563, 608,
        573, -1, 607, 561, 555, 559, -1, 606,
        562, 607, 561, -1, 606, 605, 562, 564,
        -1, 605, 604, 564, 565, -1, 604, 603,
        565, 566, -1, 603, 602, 566, 567, -1,
        602, 601, 567, 568, -1, 601, 600, 568,
        569, -1, 600, 599, 569, 570, -1, 599,
        598, 570, 571, -1, 598, 597, 571, 572,
        -1, 597, 596, 572, 574, -1, 596, 595,
        574, 575, -1, 595, 594, 575, 576, -1,
        594, 593, 576, 577, -1, 593, 592, 577,
        578, -1, 592, 591, 578, 579, -1, 591,
        590, 579, 580, -1, 590, 589, 580, 581,
        -1, 581, 589, 582, 588, -1, 584, 582,
        587, 588, -1, 553, 558, 587, 584, -1,
        556, 558, 552, 553, -1, 554, 557, 552,
        556, -1, 557, 554, 559, 555, -1, 560,
        563, 586, 585, -1, 556, 557, 558, 559,
        560, 561, 562, -1, 560, 562, 563, 564,
        565, -1, 565, 566, 563, 567, 568, -1,
        568, 569, 563, 570, 571, -1, 571, 572,
        563, 573, -1, 572, 574, 573, 575, 576,
        -1, 576, 577, 573, 578, 579, -1, 579,
        580, 573, 581, 582, -1, 573, 582, 583,
        584, 558, -1, 583, 558, 560, -1, 552,
        553, 554, 555, -1, 530, 489, 532, 491,
        492, -1, 532, 492, 533, 493, 534, 494,
        535, 495, 536, 496, 537, 497, 538, 498,
        539, 499, 540, 501, 542, 502, 543, 503,
        544, 504, 545, 505, 546, 506, 547, 507,
        548, 508, 549, 509, 550, -1, 489, 530,
        488, 529, -1, 488, 529, 485, 526, -1,
        472, 485, 512, 526, -1, 512, 511, 472,
        470, -1, 511, 513, 470, 471, -1, 471,
        513, 473, 514, 474, 515, 475, 516, 476,
        517, 477, 518, 478, 519, 479, 520, 480,
        521, 522, -1, 480, 522, 481, 523, 482,
        -1, 482, 523, 484, 525, -1, 510, 484,
        551, 525, -1, 486, 527, 487, 528, -1,
        487, 528, 490, 531, -1, 500, 490, 541,
        531, -1, 541, 527, 500, 486, -1, 509,
        510, 550, 551, -1, 511, 512, 513, 514,
        -1, 514, 512, 515, 516, -1, 516, 512,
        517, 518, -1, 518, 512, 519, 520, -1,
        520, 512, 521, 522, -1, 522, 512, 523,
        524, 525, 526, 527, 528, -1, 512, 526,
        524, -1, 526, 529, 528, 530, 531, 532,
        533, -1, 533, 534, 531, 535, 536, -1,
        536, 537, 531, 538, 539, -1, 539, 540,
        531, 541, -1, 540, 542, 541, 543, 544,
        -1, 544, 545, 541, 546, 547, -1, 547,
        548, 541, 549, 550, -1, 541, 550, 527,
        551, 525, -1, 470, 471, 472, 473, 474,
        -1, 474, 475, 472, 476, 477, -1, 477,
        478, 472, 479, 480, -1, 480, 481, 472,
        482, 483, 484, 485, 486, 487, -1, 483,
        485, 472, -1, 485, 487, 488, 489, -1,
        487, 490, 489, 491, -1, 491, 490, 492,
        493, -1, 493, 490, 494, 495, -1, 495,
        490, 496, 497, -1, 497, 490, 498, 499,
        -1, 490, 500, 499, 501, -1, 501, 500,
        502, 503, -1, 503, 500, 504, 505, -1,
        505, 500, 506, 507, -1, 507, 500, 508,
        509, -1, 500, 486, 509, 510, -1, 510,
        486, 484, -1, 446, 469, 420, 443, -1,
        468, 433, 469, 443, -1, 445, 423, 468,
        433, -1, 467, 421, 415, 419, -1, 466,
        422, 467, 421, -1, 466, 465, 422, 424,
        -1, 465, 464, 424, 425, -1, 464, 463,
        425, 426, -1, 463, 462, 426, 427, -1,
        462, 461, 427, 428, -1, 461, 460, 428,
        429, -1, 460, 459, 429, 430, -1, 459,
        458, 430, 431, -1, 458, 457, 431, 432,
        -1, 457, 456, 432, 434, -1, 456, 455,
        434, 435, -1, 455, 454, 435, 436, -1,
        454, 453, 436, 437, -1, 453, 452, 437,
        438, -1, 452, 451, 438, 439, -1, 451,
        450, 439, 440, -1, 450, 449, 440, 441,
        -1, 441, 449, 442, 448, -1, 444, 442,
        447, 448, -1, 413, 418, 447, 444, -1,
        416, 418, 412, 413, -1, 414, 417, 412,
        416, -1, 417, 414, 419, 415, -1, 420,
        423, 446, 445, -1, 416, 417, 418, 419,
        420, 421, 422, -1, 420, 422, 423, 424,
        425, -1, 425, 426, 423, 427, 428, -1,
        428, 429, 423, 430, 431, -1, 431, 432,
        423, 433, -1, 432, 434, 433, 435, 436,
        -1, 436, 437, 433, 438, 439, -1, 439,
        440, 433, 441, 442, -1, 433, 442, 443,
        444, 418, -1, 443, 418, 420, -1, 412,
        413, 414, 415, -1, 300, 411, 301, 410,
        -1, 411, 408, 410, 409, -1, 409, 408,
        407, 406, 405, 404, 402, 403, 400, -1,
        402, 400, 401, 398, -1, 400, 399, 398,
        396, 397, 394, -1, 396, 395, 394, 393,
        392, 391, 390, 389, 388, 387, 386, 384,
        385, 382, -1, 384, 383, 382, 381, 380,
        379, 378, 377, 376, 374, 375, 372, -1,
        374, 373, 372, 371, 370, 369, 368, 367,
        366, 365, 364, 362, 363, 360, -1, 362,
        361, 360, 359, 358, 356, 357, 355, -1,
        356, 354, 355, 353, -1, 354, 352, 353,
        350, -1, 352, 351, 350, 348, 349, 347,
        -1, 348, 346, 347, 345, -1, 346, 344,
        345, 342, -1, 344, 343, 342, 340, 341,
        339, -1, 340, 338, 339, 337, -1, 338,
        336, 337, 334, -1, 336, 335, 334, 332,
        333, 331, -1, 332, 330, 331, 329, -1,
        330, 328, 329, 326, -1, 328, 327, 326,
        324, 325, 323, -1, 324, 322, 323, 320,
        -1, 322, 321, 320, 318, 319, 317, -1,
        318, 316, 317, 315, -1, 316, 314, 315,
        313, -1, 314, 312, 313, 311, -1, 312,
        310, 311, 309, -1, 310, 308, 309, 307,
        -1, 308, 306, 307, 305, -1, 306, 304,
        305, 303, -1, 304, 302, 303, 301, -1,
        302, 300, 301, -1, 198, 200, 299, 298,
        297, 296, 294, 295, 292, -1, 294, 292,
        293, 290, -1, 292, 291, 290, 289, 288,
        287, 286, 285, 284, 283, 282, 280, 281,
        278, -1, 280, 279, 278, 276, 277, 274,
        -1, 276, 275, 274, 272, 273, 270, -1,
        272, 271, 270, 268, 269, 266, -1, 268,
        267, 266, 264, 265, 262, -1, 264, 263,
        262, 260, 261, 258, -1, 260, 259, 258,
        256, 257, 255, -1, 256, 254, 255, 252,
        -1, 254, 253, 252, 251, 250, 248, 249,
        246, -1, 248, 247, 246, 245, 244, 243,
        242, 240, 241, 239, -1, 240, 238, 239,
        236, -1, 238, 237, 236, 235, 234, 232,
        233, 230, -1, 232, 231, 230, 228, 229,
        226, -1, 228, 227, 226, 225, 224, 222,
        223, 220, -1, 222, 221, 220, 219, 218,
        216, 217, 214, -1, 216, 215, 214, 213,
        212, 211, 210, 209, 208, 207, 206, 204,
        205, 202, -1, 204, 203, 202, 201, 199,
        200, 198, -1, 177, 194, 172, 189, -1,
        172, 189, 168, 188, -1, 179, 168, 196,
        188, -1, 170, 187, 173, 190, -1, 173,
        190, 175, 192, -1, 175, 192, 176, 193,
        -1, 191, 174, 193, 176, -1, 178, 174,
        195, 191, -1, 178, 195, 180, 197, -1,
        180, 197, 166, 182, -1, 181, 164, 182,
        166, -1, 165, 164, 183, 181, -1, 165,
        183, 167, 184, -1, 169, 167, 186, 184,
        -1, 169, 186, 171, 185, -1, 170, 171,
        187, 185, -1, 196, 194, 179, 177, -1,
        193, 192, 191, 190, 189, 187, 188, 186,
        184, -1, 187, 185, 186, -1, 189, 194,
        191, 195, -1, 194, 196, 195, 197, -1,
        197, 196, 182, 188, 184, -1, 184, 183,
        182, 181, -1, 176, 174, 175, 173, -1,
        171, 170, 169, 168, 167, 166, 165, 164,
        -1, 168, 179, 166, 180, -1, 180, 179,
        178, 177, 174, 172, 173, 170, -1, 172,
        168, 170, -1, 132, 146, 148, 163, -1,
        147, 130, 148, 132, -1, 131, 130, 149,
        147, -1, 131, 149, 133, 150, -1, 135,
        133, 152, 150, -1, 137, 135, 151, 152,
        -1, 137, 151, 136, 153, -1, 136, 153,
        139, 156, -1, 139, 156, 141, 158, -1,
        141, 158, 142, 159, -1, 157, 140, 159,
        142, -1, 140, 157, 144, 161, -1, 143,
        160, 138, 155, -1, 138, 155, 134, 154,
        -1, 145, 134, 162, 154, -1, 162, 160,
        145, 143, -1, 144, 161, 146, 163, -1,
        159, 158, 157, 156, 155, 153, 154, 152,
        150, -1, 153, 151, 152, -1, 155, 160,
        157, 161, -1, 160, 162, 161, 163, -1,
        163, 162, 148, 154, 150, -1, 150, 149,
        148, 147, -1, 142, 140, 141, 139, -1,
        137, 136, 135, 134, 133, 132, 131, 130,
        -1, 134, 145, 132, 146, -1, 146, 145,
        144, 143, 140, 138, 139, 136, -1, 138,
        134, 136, -1, 83, 129, 85, 128, -1,
        87, 86, 129, 128, -1, 82, 84, 127,
        126, 125, 124, 123, 122, 121, 120, 118,
        119, 116, -1, 118, 116, 117, 115, -1,
        116, 114, 115, 113, -1, 114, 112, 113,
        110, -1, 112, 111, 110, 108, 109, 106,
        -1, 108, 107, 106, 104, 105, 102, -1,
        104, 103, 102, 100, 101, 98, -1, 100,
        99, 98, 96, 97, 95, -1, 96, 94,
        95, 93, -1, 94, 92, 93, 91, -1,
        92, 90, 91, 89, -1, 90, 88, 89,
        87, -1, 88, 86, 87, -1, 85, 84,
        83, 82, -1, 81, 66, 64, 50, -1,
        65, 48, 66, 50, -1, 65, 67, 48,
        49, -1, 67, 68, 49, 51, -1, 68,
        70, 51, 53, -1, 70, 69, 53, 55,
        -1, 71, 54, 69, 55, -1, 74, 57,
        71, 54, -1, 57, 74, 59, 76, -1,
        77, 60, 76, 59, -1, 75, 58, 77,
        60, -1, 79, 62, 75, 58, -1, 61,
        78, 56, 73, -1, 56, 73, 52, 72,
        -1, 72, 80, 52, 63, -1, 80, 78,
        63, 61, -1, 62, 79, 64, 81, -1,
        77, 76, 75, 74, 73, 71, 72, 70,
        68, -1, 71, 69, 70, -1, 73, 78,
        75, 79, -1, 78, 80, 79, 81, -1,
        81, 80, 66, 72, 68, -1, 68, 67,
        66, 65, -1, 60, 58, 59, 57, -1,
        55, 54, 53, 52, 51, 50, 49, 48,
        -1, 52, 63, 50, 64, -1, 64, 63,
        62, 61, 58, 56, 57, 54, -1, 56,
        52, 54, -1, 46, 3, 47, 1, -1,
        5, 4, 47, 46, -1, 0, 2, 45,
        44, 43, 42, 41, 40, 39, 38, 36,
        37, 34, -1, 36, 34, 35, 33, -1,
        34, 32, 33, 31, -1, 32, 30, 31,
        28, -1, 30, 29, 28, 26, 27, 24,
        -1, 26, 25, 24, 22, 23, 20, -1,
        22, 21, 20, 18, 19, 16, -1, 18,
        17, 16, 14, 15, 13, -1, 14, 12,
        13, 11, -1, 12, 10, 11, 9, -1,
        10, 8, 9, 7, -1, 8, 6, 7,
        5, -1, 6, 4, 5, -1, 3, 2,
        1, 0, -1, 413, 446, 415, 467, -1,
        467, 446, 466, 445, 465, 464, -1, 464,
        445, 463, 462, -1, 462, 445, 461, 460,
        -1, 460, 445, 459, 458, -1, 458, 445,
        457, 468, 456, 455, -1, 455, 468, 454,
        453, -1, 453, 468, 452, 451, -1, 451,
        468, 450, 449, -1, 449, 468, 448, 469,
        447, 413, -1, 446, 413, 469, -1, 553,
        586, 555, 607, -1, 607, 586, 606, 585,
        605, 604, -1, 604, 585, 603, 602, -1,
        602, 585, 601, 600, -1, 600, 585, 599,
        598, -1, 598, 585, 597, 608, 596, 595,
        -1, 595, 608, 594, 593, -1, 593, 608,
        592, 591, -1, 591, 608, 590, 589, -1,
        589, 608, 588, 609, 587, 553, -1, 586,
        553, 609, -1, 979, 978, 980, 1144, 982,
        1145, 984, -1, 1145, 1144, 1143, 1141, -1,
        978, 1141, 1144, -1, 982, 984, 983, 985,
        1783, -1, 983, 1783, 1601, 1603, 1602, -1,
        1602, 1600, 1601, 981, 983, 982, -1, 982,
        981, 980, 979, -1, 979, 981, 1599, 1600,
        -1, 1446, 1039, 1447, 1037, 1035, -1, 1446,
        1447, 1452, 1454, 1453, 1455, 1456, 1457, 1488,
        1487, 1486, 1485, 1484, 1483, 1482, -1, 1482,
        1496, 1484, 1489, 1486, 1488, -1, 1489, 1458,
        1488, 1456, -1, 1453, 1456, 1397, 1399, 1398,
        1400, -1, 1400, 1399, 1401, 1458, -1, 1458,
        1399, 1456, -1, 1447, 1035, 1454, 1455, -1,
        1035, 1033, 1455, 1457, -1, 1033, 1031, 1457,
        1487, -1, 1031, 1029, 1487, 1027, 1485, 1025,
        1483, 1023, 1497, 1498, 1017, 1019, -1, 1019,
        1498, 1021, 1023, -1, 1483, 1497, 1477, 948,
        -1, 1497, 1501, 948, 950, 949, 951, 947,
        1146, 1147, 1148, 1149, 1150, 1151, 1152, 1153,
        1154, 1155, 1156, 1157, 1158, 1159, 1160, 1161,
        822, 824, -1, 949, 947, 948, -1, 1153,
        1155, 1204, 1194, 1203, 1192, -1, 1155, 1157,
        1194, 1193, 1192, 1191, -1, 1157, 1159, 1193,
        1195, 1191, 1196, -1, 1159, 1161, 1195, 1198,
        1196, 1199, -1, 1199, 1198, 826, 824, -1,
        1198, 1161, 824, -1, 1151, 941, 1149, 1147,
        -1, 951, 1898, 1146, 1902, 1148, 1816, 1818,
        1817, 1819, 1876, 1877, 1884, 1519, 1520, 1518,
        1516, 1517, 1515, 1513, 1514, 1512, 1889, 820,
        818, -1, 818, 1889, 816, 1514, 1523, 1522,
        1524, 1890, 1891, 1883, 1882, 1875, -1, 1882,
        1892, 1891, 1526, 1524, 1525, 1523, 815, 816,
        -1, 815, 1525, 813, 1527, 811, 1888, -1,
        1888, 1527, 1529, 1528, 1530, 1893, -1, 1893,
        1528, 1892, 1526, -1, 1528, 1527, 1526, 1525,
        -1, 1515, 1516, 1514, 1521, 1522, 1890, -1,
        1516, 1520, 1521, 1884, 1890, 1883, -1, 1884,
        1876, 1883, 1875, -1, 1876, 1817, 1875, -1,
        1148, 1818, 1150, 1819, 1820, 1877, 1154, 1519,
        1156, 1518, 1158, 1517, 1160, 1511, 822, 820,
        -1, 820, 1511, 1512, 1513, -1, 1513, 1511,
        1517, -1, 1154, 1152, 1820, 1150, -1, 950,
        1501, 1017, 1497, -1, 1584, 1585, 1586, 1587,
        1588, 1589, 1590, -1, 1590, 1651, 1588, 1652,
        1653, 1654, -1, 1588, 1653, 1586, 1584, -1,
        1589, 1587, 1826, 1827, -1, 1585, 1827, 1587,
        -1, 1652, 1949, 1654, 1947, -1, 1652, 1651,
        1949, 1649, 1948, 1647, 1943, 1941, 1942, 1940,
        2021, 2022, -1, 1647, 1645, 1941, 1940, -1,
        1943, 1947, 1948, 1949, -1, 1645, 1939, 1940,
        2022, -1, 2022, 1939, 2023, 1938, 1936, 1937,
        -1, 1937, 1938, 1640, 1641, -1, 1641, 1938,
        1643, 1939, 1645, -1, 1925, 1924, 1926, 2017,
        -1, 1925, 1923, 1924, 1922, 2016, 2015, 2002,
        -1, 1924, 2016, 2017, 2001, 2000, 1662, 1660,
        1661, 1659, 1741, -1, 2016, 2002, 2001, 1664,
        1662, 1663, 1661, 1740, 1741, 1739, -1, 1664,
        1665, 1663, 1740, -1, 1740, 1665, 1738, 1751,
        1736, -1, 1740, 1738, 1739, 1737, 1775, 1735,
        -1, 1735, 1737, 1736, 1738, -1, 791, 1557,
        1558, 1559, -1, 1559, 1557, 1556, 791, 793,
        -1, 793, 1555, 1556, 1559, -1, 1559, 1555,
        1553, 1554, 1552, 793, 1885, 795, 1550, -1,
        793, 1554, 1555, -1, 1885, 1550, 1552, 1551,
        1553, 1566, 1559, -1, 1567, 1828, 1829, 1830,
        -1, 1830, 1828, 1545, 1547, 1546, 1548, -1,
        1548, 1547, 1549, 1828, 1567, -1, 1427, 1426,
        1428, 912, 1429, -1, 1429, 1427, 1428, -1,
        1430, 1424, 1435, 1422, 1420, 1421, 1392, -1,
        1392, 1419, 1420, 1437, 1435, 1436, 1430, -1,
        1421, 1422, 1423, 1424, -1, 1190, 1186, 1187,
        921, -1, 921, 1186, 1185, 1184, -1, 1184,
        1186, 1170, 1188, 1189, 1190, -1, 1190, 1188,
        1186, -1, 1184, 1170, 1168, 1169, -1, 1169,
        1170, 1171, 1172, 1173, 1174, 1175, 1176, 1177,
        1178, 1179, -1, 1179, 1224, 1177, 1225, 1226,
        1222, 1227, 1221, 1219, 1220, 1218, 893, 895,
        894, 896, 1262, 898, 1263, 900, 1380, 902,
        -1, 1225, 1224, 1222, -1, 1220, 1221, 893,
        1222, -1, 1226, 1227, 1177, 1175, -1, 1227,
        1219, 1175, 1217, 1173, 1216, 1215, 1210, 1209,
        901, 903, 902, -1, 902, 901, 900, 899,
        898, 897, 896, 895, -1, 901, 1210, 899,
        1211, 897, 895, -1, 895, 1211, 1218, 1217,
        1219, -1, 1217, 1211, 1216, 1210, -1, 903,
        1208, 1209, 1214, 1215, 1173, -1, 1173, 1214,
        1171, 1169, -1, 1169, 1214, 1213, 1208, -1,
        1178, 1176, 1201, 1200, -1, 1176, 1174, 1200,
        1197, -1, 1174, 1172, 1197, 1189, -1, 1170,
        1189, 1172, -1, 929, 1510, 927, 1205, -1,
        929, 931, 1510, 1508, 1205, 1206, -1, 931,
        933, 1508, 1509, 1507, 935, 937, -1, 935,
        1509, 933, -1, 937, 1206, 1507, 1508, -1,
        767, 765, 2033, 843, 841, -1, 841, 839,
        2033, 837, 835, -1, 835, 833, 2033, 831,
        829, -1, 829, 827, 2033, 825, 823, -1,
        823, 821, 2033, 819, 817, -1, 817, 814,
        2033, 812, 810, -1, 810, 808, 2033, 806,
        804, -1, 804, 802, 2033, 800, 798, -1,
        798, 796, 2033, 794, 792, -1, 792, 790,
        2033, 788, 786, -1, 786, 784, 2033, 781,
        779, -1, 779, 777, 2033, 775, 773, -1,
        773, 771, 2033, 769, 767, -1, 675, 754,
        672, 752, 670, 750, 669, 748, 667, 746,
        665, 744, 663, 742, 661, 740, 659, 738,
        736, -1, 659, 736, 657, 733, 655, 731,
        653, 729, 651, 727, 649, 725, 646, 723,
        645, 721, 643, 719, 641, 717, 639, 715,
        636, 713, 635, 711, 709, -1, 635, 709,
        633, 706, 631, 704, 629, 702, 627, 700,
        625, 698, 623, 696, 621, 693, 619, 691,
        617, 689, 614, 687, 612, 685, 610, 683,
        762, -1, 610, 762, 680, 760, 678, 758,
        676, 756, 675, 754, -1, 658, 656, 2032,
        654, 652, -1, 652, 650, 2032, 648, 647,
        -1, 647, 644, 2032, 642, 640, -1, 640,
        638, 2032, 637, 634, -1, 634, 632, 2032,
        630, 628, -1, 628, 626, 2032, 624, 622,
        -1, 622, 620, 2032, 618, 616, -1, 616,
        615, 2032, 613, 611, -1, 611, 681, 2032,
        679, 677, -1, 677, 674, 2032, 673, 671,
        -1, 671, 668, 2032, 666, 664, -1, 664,
        662, 2032, 660, 658, -1, 280, 388, 279,
        386, 276, 385, 275, 382, 272, 380, 271,
        378, 268, 376, 267, 375, 264, 372, 263,
        370, 260, 368, 366, -1, 260, 366, 259,
        364, 256, 363, 254, 360, 253, 358, 251,
        357, 248, 355, 247, 353, 245, 350, 243,
        349, 240, 347, 238, 345, 342, -1, 238,
        342, 237, 341, 235, 339, 232, 337, 231,
        334, 228, 333, 227, 331, 225, 329, 222,
        326, 221, 325, 219, 323, 320, -1, 219,
        320, 216, 319, 215, 317, 213, 315, 211,
        313, 209, 311, 207, 309, 204, 307, 203,
        305, 201, 303, 200, 301, 410, -1, 200,
        410, 298, 409, 296, 407, 295, 405, 292,
        402, 291, 401, 289, 398, 287, 397, 285,
        394, 283, 392, 280, 390, 388, -1, 362,
        255, 361, 252, 359, 250, 356, 249, 354,
        246, 352, 244, 351, 242, 348, 241, 346,
        239, 344, 343, -1, 239, 236, 343, 340,
        -1, 236, 234, 340, 338, -1, 234, 233,
        338, 336, -1, 233, 230, 336, 335, -1,
        230, 229, 335, 332, -1, 229, 226, 332,
        330, -1, 226, 224, 330, 328, -1, 224,
        223, 328, 327, -1, 223, 220, 327, 324,
        -1, 220, 218, 324, 322, -1, 322, 218,
        321, 217, 318, 214, 316, 212, 314, 210,
        312, 208, 310, 206, 308, 205, 306, 202,
        304, 199, 302, 198, 300, 411, -1, 198,
        299, 411, 408, -1, 299, 297, 408, 406,
        -1, 297, 294, 406, 404, -1, 294, 293,
        404, 403, -1, 293, 290, 403, 400, -1,
        290, 288, 400, 399, -1, 288, 286, 399,
        396, -1, 286, 284, 396, 395, -1, 284,
        282, 395, 393, -1, 282, 281, 393, 391,
        -1, 391, 281, 389, 278, 387, 277, 384,
        274, 383, 273, 381, 270, 379, 269, 377,
        266, 374, 265, 373, 262, 371, 261, 369,
        367, -1, 261, 258, 367, 365, -1, 258,
        257, 365, 362, -1, 255, 362, 257, -1,
        128, 2031, 85, 84, -1, 84, 2031, 126,
        124, -1, 124, 2031, 122, 120, -1, 120,
        2031, 119, 116, -1, 116, 2031, 114, 112,
        -1, 112, 2031, 111, 108, -1, 108, 2031,
        107, 104, -1, 104, 2031, 103, 100, -1,
        100, 2031, 99, 96, -1, 96, 2031, 94,
        92, -1, 92, 2031, 90, 88, -1, 88,
        2031, 86, 128, -1, 89, 87, 2030, 129,
        83, -1, 83, 82, 2030, 127, 125, -1,
        125, 123, 2030, 121, 118, -1, 118, 117,
        2030, 115, 113, -1, 113, 110, 2030, 109,
        106, -1, 106, 105, 2030, 102, 101, -1,
        101, 98, 2030, 97, 95, -1, 95, 93,
        2030, 91, 89, -1, 46, 2029, 3, 2,
        -1, 2, 2029, 44, 42, -1, 42, 2029,
        40, 38, -1, 38, 2029, 37, 34, -1,
        34, 2029, 32, 30, -1, 30, 2029, 29,
        26, -1, 26, 2029, 25, 22, -1, 22,
        2029, 21, 18, -1, 18, 2029, 17, 14,
        -1, 14, 2029, 12, 10, -1, 10, 2029,
        8, 6, -1, 6, 2029, 4, 46, -1,
        7, 5, 2028, 47, 1, -1, 1, 0,
        2028, 45, 43, -1, 43, 41, 2028, 39,
        36, -1, 36, 35, 2028, 33, 31, -1,
        31, 28, 2028, 27, 24, -1, 24, 23,
        2028, 20, 19, -1, 19, 16, 2028, 15,
        13, -1, 13, 11, 2028, 9, 7, -1 ]
    materialIndex 0
    normalIndex [ 39, 39, 39, 39, -1, 39, 39, 39,
        39, -1, 35, 35, 35, 35, -1, 36,
        36, 36, 36, -1, 36, 36, 36, 36,
        -1, 40, 40, 40, 40, -1, 36, 36,
        36, 36, -1, 0, 0, 0, 0, -1,
        36, 36, 36, 36, -1, 35, 35, 35,
        35, -1, 39, 39, 39, 39, -1, 0,
        0, 0, 0, -1, 39, 39, 39, 39,
        -1, 43, 43, 43, 43, -1, 39, 39,
        39, 39, -1, 42, 42, 42, 42, -1,
        41, 41, 41, 41, -1, 0, 0, 0,
        0, -1, 38, 38, 38, 38, 38, 38,
        38, 38, 38, -1, 38, 38, 38, -1,
        38, 38, 38, 38, -1, 38, 38, 38,
        38, -1, 38, 38, 38, 38, 38, -1,
        38, 38, 38, 38, -1, 37, 37, 37,
        37, -1, 37, 37, 37, 37, 37, 37,
        37, 37, -1, 37, 37, 37, 37, -1,
        37, 37, 37, 37, 37, 37, 37, 37,
        -1, 37, 37, 37, -1, 311, 311, 1055,
        1055, 314, -1, 1055, 314, 315, 316, 317,
        318, 319, 320, 321, 322, 323, 324, 325,
        326, 327, 328, 329, 330, 331, 332, 333,
        334, 335, 336, 337, 338, 339, 340, 341,
        342, 343, 1054, 1053, 345, 345, -1, 0,
        0, 0, 0, -1, 36, 36, 36, 36,
        -1, 35, 35, 35, 35, -1, 287, 288,
        287, 289, -1, 288, 290, 289, 291, -1,
        291, 290, 292, 293, 1052, 1051, 296, 297,
        298, 299, 300, 301, 1050, 1049, 304, 305,
        306, 307, 308, -1, 306, 308, 309, 310,
        310, -1, 0, 0, 0, 0, -1, 36,
        36, 36, 36, -1, 39, 39, 39, 39,
        -1, 35, 35, 35, 35, -1, 36, 36,
        36, 36, -1, 0, 0, 0, 0, -1,
        35, 35, 35, 35, -1, 38, 38, 38,
        38, -1, 38, 38, 38, 38, -1, 38,
        38, 38, 38, -1, 38, 38, 38, 38,
        -1, 38, 38, 38, 38, -1, 38, 38,
        38, 38, 38, 38, 38, 38, -1, 38,
        38, 38, -1, 38, 38, 38, 38, 38,
        38, 38, -1, 38, 38, 38, 38, 38,
        -1, 38, 38, 38, 38, 38, -1, 38,
        38, 38, 38, -1, 38, 38, 38, 38,
        38, -1, 38, 38, 38, 38, 38, -1,
        38, 38, 38, 38, 38, -1, 38, 38,
        38, 38, 38, -1, 37, 37, 37, 37,
        37, -1, 37, 37, 37, 37, 37, -1,
        37, 37, 37, 37, 37, -1, 37, 37,
        37, 37, 37, 37, 37, 37, 37, -1,
        37, 37, 37, -1, 37, 37, 37, 37,
        -1, 37, 37, 37, 37, -1, 37, 37,
        37, 37, -1, 37, 37, 37, 37, -1,
        37, 37, 37, 37, -1, 37, 37, 37,
        37, -1, 37, 37, 37, 37, -1, 37,
        37, 37, 37, -1, 37, 37, 37, 37,
        -1, 37, 37, 37, 37, -1, 37, 37,
        37, 37, -1, 37, 37, 37, 37, -1,
        37, 37, 37, -1, 623, 621, 619, 620,
        618, 1045, 1044, 1034, 1032, 1033, 1031, 819,
        1125, 817, 1124, 1121, 1119, 1120, 1118, 1127,
        1067, 1069, 1068, 1070, 1095, 1094, 1113, 1093,
        1112, 1114, 1107, 1115, 1182, 1179, 1180, 1091,
        1086, 1082, 1084, 1083, 1085, 1138, 1139, 1169,
        1170, 1167, 1171, 1168, 1150, 1154, 1152, 1153,
        1151, 1175, 1149, 1176, 682, 940, 686, 688,
        687, 689, 923, 691, 693, 692, 694, 1175,
        1153, -1, 1176, 1175, 940, 690, 688, 689,
        -1, 689, 690, 691, 692, -1, 690, 1175,
        692, -1, 1152, 1151, 1150, 1149, 1148, 682,
        1147, 680, 1146, 678, 1145, 676, 1144, 1141,
        1139, 1140, 1087, 1089, 1088, 1090, 1109, 1110,
        666, 668, 667, 669, 967, 671, 987, 673,
        988, 989, 929, 990, 927, 683, 685, 684,
        686, 682, -1, 684, 683, 682, 681, 680,
        679, 678, 677, 676, 675, 674, 673, 672,
        671, 670, 669, 668, -1, 686, 687, 685,
        927, -1, 1110, 1090, 668, 670, -1, 1090,
        1089, 670, 1143, 672, 1142, 674, 676, -1,
        676, 1142, 1141, 1089, 1140, -1, 1089, 1142,
        1143, -1, 1139, 1087, 1085, 1086, 1084, -1,
        1087, 1088, 1086, 1181, 1180, 1109, 1182, 1108,
        1107, 662, 660, 661, 659, 657, 658, 656,
        1105, 1126, 1103, 1057, 1060, 1019, 1021, 1020,
        1022, 1037, 1039, 606, 608, 607, 609, -1,
        1109, 1181, 1088, -1, 607, 606, 605, 604,
        603, 602, 601, 600, 599, 598, 597, 596,
        595, 594, 593, 592, 591, 590, 589, 588,
        587, 586, 585, 584, -1, 585, 1048, 587,
        589, -1, 1048, 591, 589, -1, 586, 588,
        634, 625, 633, 631, 632, 630, 960, 959,
        961, 986, 956, 958, 957, 630, 1008, 1007,
        1006, 637, 639, 638, 640, 1015, 1046, 1017,
        1047, 1057, 1056, 1058, 648, 650, 649, 651,
        992, 991, 997, 996, 947, 945, 946, 944,
        964, 963, 965, 663, 665, 664, 666, 1109,
        -1, 1109, 664, 1108, 662, -1, 664, 663,
        662, 661, -1, 663, 963, 661, 941, 657,
        655, 656, 654, 1126, 652, 1059, 650, 1058,
        -1, 1058, 1057, 1059, 1126, -1, 650, 652,
        651, 653, 991, 943, 945, 944, -1, 996,
        991, 945, -1, 652, 654, 653, 655, 943,
        942, 944, 941, 963, -1, 942, 655, 941,
        -1, 666, 667, 665, 965, -1, 1057, 1017,
        1019, 1018, 1020, 1036, 1037, 602, 604, -1,
        606, 1037, 604, -1, 630, 958, 959, 986,
        -1, 961, 956, 985, 984, 983, 980, 979,
        977, 976, 969, 971, 970, 972, 967, 987,
        -1, 983, 979, 982, 981, -1, 961, 962,
        960, 632, -1, 590, 592, 588, 624, 625,
        626, 627, 628, 629, 630, 631, -1, 631,
        625, 629, 627, -1, 630, 628, 1007, 626,
        637, 636, 638, 1013, 1014, 1038, 1035, 600,
        602, -1, 602, 1036, 1035, 1018, 1014, 1016,
        1015, 1017, -1, 1018, 1017, 1016, -1, 1015,
        638, 1014, -1, 600, 1038, 598, 1012, 596,
        635, 594, 624, 592, -1, 624, 635, 626,
        636, -1, 635, 1012, 636, 1013, -1, 1013,
        1012, 1038, -1, 659, 658, 660, 1106, 1107,
        1112, -1, 1139, 1170, 1144, 1145, -1, 1145,
        1170, 1146, 1171, 1148, 1150, -1, 1148, 1147,
        1146, -1, 1169, 1138, 1167, 1137, 1166, 1165,
        1178, 1172, 1156, 1158, 1157, 1159, 1155, 1153,
        1154, -1, 1157, 1155, 1156, 1154, 1168, -1,
        1168, 1167, 1156, 1166, 1178, -1, 1138, 1083,
        1137, 1136, 1165, 1135, 1134, 1079, 1077, 1078,
        1076, 1093, 1074, 1072, 1073, 1071, 1129, 1069,
        1128, 1127, 1122, 1120, 1121, -1, 1069, 1071,
        1070, 1072, 1094, 1093, -1, 1114, 1093, 1115,
        1092, 1179, 1091, -1, 1093, 1078, 1092, 1080,
        1091, 1082, -1, 1078, 1079, 1080, 1081, 1082,
        1083, -1, 1083, 1081, 1136, 1135, -1, 1081,
        1079, 1135, -1, 1125, 1124, 1031, 1029, 1030,
        1028, 1042, 1041, 612, 610, 611, 609, -1,
        609, 610, 608, 1040, 1039, 1024, 1022, 1023,
        1021, 1061, 1060, 1062, 1116, 1064, 1066, 1065,
        1067, 1118, -1, 1067, 1068, 1066, 1097, 1116,
        1099, 1101, 1100, 1102, 1106, 658, -1, 1060,
        1116, 1103, 1101, 1102, -1, 1061, 1023, 1062,
        1063, 1064, 1065, -1, 1065, 1063, 1118, 1117,
        1119, 1027, 1124, 1029, -1, 1029, 1027, 1028,
        1026, 1041, 1040, 610, -1, 1040, 1026, 1024,
        1025, 1023, 1063, -1, 1063, 1025, 1117, 1027,
        -1, 1027, 1025, 1026, -1, 611, 613, 612,
        614, 1042, 1043, 1030, 1032, 1031, -1, 1032,
        1043, 1044, 616, 618, 617, 619, -1, 617,
        616, 615, 614, 613, -1, 614, 616, 1043,
        -1, 621, 622, 620, 792, 1045, 822, 1034,
        821, 1033, 819, -1, 622, 791, 792, 790,
        822, 788, 821, 820, 819, 818, 817, 816,
        815, 814, 813, 812, 811, 810, 809, 808,
        807, 806, 805, 804, 803, 802, 801, 800,
        799, 798, 797, 796, 795, 794, 793, 700,
        696, 698, 697, 699, 1617, 1616, 1621, 1525,
        1527, 1526, 1528, 1585, 1586, 1584, 1593, 1592,
        1611, 1591, 1612, 1209, 1207, 1208, 1206, 1600,
        1602, 1601, 1603, -1, 1601, 1600, 1599, 1210,
        1212, 1211, 1213, 1572, 1571, 1573, 1547, 1549,
        1548, 1550, 1565, 1564, 1555, 1556, 1260, 1262,
        1261, 1263, 1474, 1456, 1475, 1455, 1481, 1454,
        1445, 1448, 1447, 1354, 1356, 1355, 1357, 1667,
        1730, 1748, 1747, 1749, 1647, 1649, 1648, 1650,
        1689, 1687, 1688, 1686, 1726, 1685, 1725, 1724,
        1727, 1676, 1678, 1677, 1312, 1310, 1311, 1309,
        1757, 1756, 1327, 1328, 1322, 1329, 1324, 1326,
        1325, -1, 1325, 1323, 1324, 1322, -1, 1323,
        1321, 1322, 1320, 1327, 1313, 1757, 1311, -1,
        1311, 1313, 1312, 1314, 1679, 1680, 1714, 1713,
        1728, 1717, 1725, 1726, -1, 1725, 1727, 1728,
        1714, -1, 1727, 1678, 1714, 1679, -1, 1679,
        1678, 1312, -1, 1321, 1319, 1320, 1315, 1313,
        1314, -1, 1319, 1317, 1315, 1316, 1314, 1680,
        -1, 1317, 1318, 1316, 1681, 1680, 1712, 1713,
        1711, 1718, 1709, 1716, 1729, 1692, 1694, 1693,
        1695, 1719, 1720, 1642, 1640, 1641, 1639, 1743,
        1742, 1755, 1754, 1735, 1736, 1369, 1371, 1370,
        1372, 1464, 1466, 1465, 1392, 1394, 1393, 1395,
        1391, 1397, -1, 1393, 1392, 1391, 1390, 1389,
        1388, 1387, 1386, 1385, 1384, 1383, 1378, 1382,
        1380, -1, 1383, 1382, 1385, 1484, 1387, 1389,
        -1, 1484, 1391, 1389, -1, 1390, 1392, 1388,
        1466, 1386, 1483, 1384, 1378, -1, 1466, 1372,
        1483, 1374, 1376, 1375, 1377, 1629, 1628, 1627,
        1626, 583, 1625, 581, 1624, -1, 583, 582,
        581, 580, -1, 583, 1627, 1630, 1631, 1632,
        1633, 1634, 1635, 1636, 1637, 1638, 1639, 1640,
        -1, 1639, 1637, 1742, 1741, 1754, 1737, 1736,
        1373, 1371, 1372, -1, 1372, 1373, 1374, 1375,
        -1, 1637, 1635, 1741, 1739, 1737, 1738, 1373,
        1375, -1, 1635, 1633, 1739, 1740, 1738, 1375,
        -1, 1375, 1740, 1629, 1627, -1, 1627, 1740,
        1631, 1633, -1, 1630, 1632, 1723, 1634, 1636,
        -1, 1723, 1636, 1701, 1722, 1699, 1721, 1697,
        1720, 1695, -1, 1720, 1721, 1640, 1638, -1,
        1721, 1722, 1638, 1636, -1, 1701, 1699, 1700,
        1698, 1702, 1703, 1704, 1705, 1706, 1707, 1708,
        1709, 1710, 1711, 1712, -1, 1710, 1712, 1682,
        1681, 1318, -1, 1709, 1707, 1729, 1694, -1,
        1707, 1705, 1694, 1696, 1695, 1697, -1, 1705,
        1703, 1696, 1698, 1697, 1699, -1, 1483, 1376,
        1378, 1377, 1379, 1628, 1623, 1626, 1625, -1,
        1625, 1624, 1623, 1381, 1379, 1380, 1378, -1,
        1713, 1718, 1717, 1716, 1715, 1692, 1688, 1690,
        1689, 1691, 1646, 1719, 1644, 1642, 1643, 1641,
        1745, 1744, 1732, 1733, 1361, 1363, 1362, 1364,
        1457, 1458, 1442, 1440, 1441, 1439, 1478, 1480,
        1479, 1470, 1472, 1471, 1257, 1255, 1256, 1254,
        1553, 1540, 1567, 1542, 1544, 1543, 1545, 1570,
        1571, 1213, -1, 1571, 1547, 1545, 1546, 1544,
        1566, 1567, 1554, 1553, 1256, -1, 1547, 1548,
        1546, 1565, 1566, 1555, 1554, 1258, 1256, 1257,
        -1, 1555, 1260, 1258, 1259, 1257, 1473, 1472,
        1479, -1, 1260, 1261, 1259, 1474, 1473, 1476,
        1479, 1478, -1, 1474, 1475, 1476, 1477, 1478,
        1441, -1, 1475, 1481, 1477, 1441, -1, 1641,
        1743, 1744, 1755, 1734, 1735, 1367, 1369, 1368,
        1370, 1462, 1464, 1463, 1465, 1432, 1398, 1400,
        1399, 1401, 1397, 1403, -1, 1399, 1398, 1397,
        1396, 1395, 1394, -1, 1396, 1398, 1394, 1465,
        -1, 1744, 1734, 1733, 1365, 1363, 1364, -1,
        1734, 1367, 1365, 1366, 1364, 1458, -1, 1367,
        1368, 1366, 1459, 1458, 1440, -1, 1368, 1462,
        1459, 1460, 1438, 1436, 1437, 1435, 1480, 1468,
        1470, 1469, 1471, 1482, 1253, 1251, 1252, 1233,
        1231, 1232, 1230, 1597, 1598, 1222, 1226, 1224,
        1225, 1223, 1568, 1221, 1219, 1220, 1218, 1216,
        1217, 1215, 1569, 1570, 1543, -1, 1570, 1215,
        1213, 1214, 1212, -1, 1216, 1214, 1215, -1,
        1218, 1217, 1219, 1569, 1568, 1541, 1225, 1227,
        1226, 1228, 1598, 1230, -1, 1569, 1543, 1541,
        1542, 1540, -1, 1220, 1221, 1222, 1223, 1224,
        -1, 1471, 1253, 1255, 1254, -1, 1253, 1252,
        1254, 1540, -1, 1480, 1439, 1437, 1438, -1,
        1439, 1440, 1438, 1459, -1, 1462, 1463, 1460,
        1461, 1436, 1434, 1435, 1433, 1468, 1467, 1469,
        1422, 1424, 1423, 1425, 1421, 1428, 1430, 1415,
        1419, 1417, 1418, 1416, 1420, 1429, 1433, 1431,
        1434, 1432, 1461, 1463, -1, 1433, 1420, 1467,
        1422, -1, 1418, 1419, 1420, 1421, 1422, 1423,
        -1, 1421, 1419, 1430, -1, 1417, 1416, 1415,
        1414, 1413, 1412, 1411, 1410, 1409, 1408, 1407,
        1406, 1405, 1404, 1403, 1402, 1401, 1400, -1,
        1402, 1404, 1400, 1432, -1, 1432, 1404, 1431,
        1406, 1410, 1408, -1, 1431, 1410, 1429, 1412,
        1416, 1414, -1, 1405, 1403, 1407, 1409, -1,
        1411, 1409, 1413, 1415, -1, 1415, 1427, 1428,
        1425, -1, 1469, 1424, 1482, 1250, 1251, 1245,
        1243, 1244, 1242, 1246, 1240, -1, 1244, 1245,
        1246, 1247, 1248, 1249, 1250, 1245, -1, 1247,
        1245, 1249, -1, 1250, 1424, 1248, 1622, 1246,
        1426, 1427, 1425, -1, 1425, 1426, 1424, 1622,
        -1, 1719, 1691, 1693, 1692, -1, 1692, 1691,
        1690, -1, 1689, 1646, 1648, 1647, -1, 1688,
        1726, 1715, 1717, -1, 1326, 1329, 1331, 1330,
        1332, 1304, -1, 1329, 1328, 1330, 1756, 1305,
        1307, 1306, 1308, 1299, 1333, 1297, 1295, 1296,
        1294, 1495, 1292, 1493, 1290, 1288, 1289, 1287,
        1339, 1285, 1489, 1284, 1283, 725, 1282, 723,
        1501, 721, 719, 720, 718, 911, 910, 909,
        891, 889, 890, 888, 867, 865, 866, 864,
        869, 871, 870, 842, 704, 843, 702, 794,
        700, -1, 794, 796, 843, 842, -1, 1756,
        1309, 1307, 1308, -1, 1309, 1310, 1308, 1683,
        1334, 1673, 1671, 1672, 1658, 1656, 1657, 1655,
        1753, 1653, 1752, 1651, 1751, 1750, 1663, 1665,
        1664, 1666, 1668, 1353, 1351, 1352, 1350, 1453,
        1269, 1451, 1267, 1452, 1265, 1456, 1263, -1,
        1456, 1452, 1455, 1450, 1454, 1448, -1, 1452,
        1451, 1450, 1449, 1448, 1354, -1, 1451, 1453,
        1449, 1352, 1354, 1353, 1355, 1666, 1667, 1665,
        1748, 1750, 1649, 1651, 1650, 1652, 1687, 1686,
        -1, 1748, 1649, 1749, -1, 1686, 1652, 1685,
        1654, 1684, 1656, 1672, -1, 1656, 1654, 1655,
        1653, -1, 1654, 1652, 1653, 1651, -1, 1685,
        1684, 1724, 1674, 1676, 1675, 1677, 1683, 1310,
        -1, 1683, 1675, 1673, 1674, 1672, 1684, -1,
        1308, 1334, 1333, 1295, -1, 1330, 1305, 1304,
        1301, 1303, 1302, -1, 1305, 1306, 1301, 1299,
        1300, 1298, 1302, 1490, -1, 1302, 1301, 1300,
        -1, 1299, 1297, 1298, 1296, 1497, 1496, 1499,
        1494, 1500, 737, -1, 1499, 1498, 1497, 1490,
        1298, -1, 1296, 1495, 1496, 1494, -1, 1495,
        1493, 1494, 1492, 735, 733, 734, 732, 738,
        739, -1, 738, 736, 734, 735, -1, 736,
        737, 735, 1494, -1, 1493, 1288, 1492, 1491,
        733, 731, 732, 730, 740, 742, 741, 743,
        -1, 741, 739, 740, 732, -1, 1600, 1208,
        1210, 1209, 1211, 1580, 1572, 1581, 1574, 1590,
        1576, 1578, 1577, 1522, 1520, 1521, 1519, 1613,
        1536, 1619, 1620, 705, 707, 706, 708, 869,
        866, -1, 869, 706, 870, 704, -1, 706,
        705, 704, 703, 702, 701, 700, 699, 698,
        -1, 705, 1619, 703, 1618, 701, 1615, 699,
        1616, -1, 1619, 1613, 1618, 1614, 1615, 1523,
        1616, 1525, -1, 1613, 1521, 1614, 1523, -1,
        1521, 1522, 1523, 1524, 1525, 1526, -1, 1522,
        1578, 1524, 1589, 1526, 1585, -1, 1578, 1590,
        1589, 1583, 1585, 1584, -1, 1590, 1581, 1583,
        1582, 1584, 1592, -1, 1592, 1582, 1591, 1580,
        1209, -1, 1582, 1581, 1580, -1, 1572, 1574,
        1573, 1575, 1549, 1579, 1551, 1516, 1552, 1514,
        1563, 1562, 1557, 1558, 1264, 1266, 1265, 1267,
        -1, 1265, 1263, 1264, 1262, 1557, 1556, 1563,
        1564, 1552, 1550, 1551, 1549, -1, 1574, 1576,
        1575, 1577, 1579, 1520, 1518, 1519, 1517, 1536,
        1535, 1534, 1533, 709, 1532, 711, 1507, 713,
        1506, 1505, 1504, 715, 1503, 717, 1502, 719,
        1501, -1, 719, 717, 718, 716, 910, 891,
        -1, 717, 715, 716, 714, 892, 712, 867,
        868, 866, 710, 708, 709, 707, 1620, -1,
        709, 1534, 1620, 1536, -1, 709, 710, 711,
        712, 713, 714, 715, -1, 713, 715, 1505,
        -1, 710, 868, 712, -1, 867, 890, 892,
        891, 716, -1, 1579, 1518, 1516, 1517, 1515,
        1535, 1513, 1533, 1511, 1509, 1510, 1508, 1538,
        1506, 1537, 1504, 1274, 1276, 1275, 1277, 1348,
        1347, 1346, 1345, 1344, 1343, 1342, 1341, 1340,
        1339, 1338, 1289, 1337, 1291, 1336, 1293, 1335,
        1295, 1334, -1, 1334, 1671, 1335, 1336, -1,
        1671, 1658, 1336, 1337, -1, 1295, 1293, 1294,
        1292, -1, 1293, 1291, 1292, 1290, -1, 1291,
        1289, 1290, -1, 1339, 1341, 1489, 1488, 1487,
        1486, 1485, 1345, 1347, -1, 1345, 1486, 1343,
        1341, -1, 1341, 1486, 1488, -1, 1489, 1487,
        1283, 1281, 1282, 1280, 1501, 1502, -1, 1487,
        1485, 1281, 1279, 1280, 1278, 1502, 1503, -1,
        1485, 1347, 1279, 1277, 1278, 1276, 1503, 1504,
        -1, 1506, 1508, 1507, 1509, 1532, 1533, -1,
        1516, 1515, 1514, 1513, 1512, 1511, 1510, -1,
        1514, 1512, 1562, 1561, 1558, 1559, 1266, 1268,
        1267, 1269, -1, 1512, 1510, 1561, 1560, 1559,
        1268, -1, 1510, 1538, 1560, 1270, 1268, 1269,
        -1, 817, 815, 1121, 1122, -1, 791, 789,
        790, 788, -1, 789, 787, 788, 786, 820,
        784, 823, 824, 825, 826, 814, 827, 828,
        829, 830, 831, 832, 833, 834, 835, 836,
        837, 804, 838, 802, 839, 800, 840, 798,
        841, 796, 842, -1, 804, 806, 836, 834,
        -1, 806, 808, 834, 832, -1, 808, 810,
        832, 830, -1, 810, 812, 830, 828, -1,
        812, 814, 828, -1, 814, 816, 825, 818,
        823, 820, -1, 787, 785, 786, 784, -1,
        785, 783, 784, 782, 824, 780, 844, 778,
        845, 776, 846, 774, 847, 772, 848, 849,
        850, 851, 835, 852, 837, 853, 854, 855,
        856, 857, 858, 859, 860, 861, 862, 863,
        864, 865, -1, 865, 863, 888, 886, 887,
        885, 899, 898, 901, 900, 912, 756, 754,
        755, 753, -1, 755, 756, 757, 758, 759,
        760, 761, 762, 763, 764, 765, 766, 767,
        768, 769, 770, 771, 772, 773, 774, 775,
        776, 777, 778, 779, 780, 781, 782, 783,
        -1, 772, 770, 849, 768, 874, 875, 876,
        877, 878, 879, 880, 881, 882, 883, 884,
        885, 886, -1, 885, 883, 898, 897, 900,
        758, 756, -1, 883, 881, 897, 896, 758,
        760, -1, 881, 879, 896, 895, 760, 762,
        -1, 762, 895, 764, 877, 875, -1, 879,
        877, 895, -1, 764, 875, 766, 768, -1,
        849, 874, 851, 876, 894, 878, 893, 880,
        857, 882, 859, 884, 861, 886, 863, -1,
        857, 855, 893, 894, -1, 855, 853, 894,
        852, 851, -1, 888, 887, 889, 899, 903,
        902, 904, 914, 915, 748, 918, 746, 919,
        744, 921, 742, 730, -1, 742, 744, 743,
        745, -1, 744, 746, 745, 747, -1, 746,
        748, 747, 749, -1, 899, 901, 902, 913,
        914, 750, 748, 749, -1, 749, 750, 751,
        752, 753, 754, -1, 750, 913, 752, 754,
        -1, 754, 913, 912, 901, -1, 889, 903,
        909, 905, 907, 906, 908, 916, 917, 918,
        919, -1, 918, 916, 915, 906, 904, 905,
        903, -1, 909, 907, 911, 720, -1, 907,
        908, 720, 722, 721, 723, -1, 908, 917,
        722, 724, 723, 725, -1, 864, 871, 862,
        872, 860, 873, 858, 856, -1, 871, 842,
        872, 841, 873, 840, 856, 854, -1, 840,
        839, 854, 838, 837, -1, 835, 833, 850,
        848, -1, 833, 831, 848, 847, -1, 831,
        829, 847, 846, -1, 829, 827, 846, 845,
        -1, 845, 827, 844, 826, 824, -1, 579,
        577, 578, 576, -1, 577, 575, 576, 574,
        -1, 575, 573, 574, 572, -1, 573, 571,
        572, 570, -1, 571, 569, 570, 568, -1,
        569, 567, 568, 566, -1, 567, 565, 566,
        564, -1, 565, 563, 564, 562, -1, 563,
        561, 562, 560, -1, 561, 559, 560, 558,
        -1, 559, 557, 558, 556, -1, 557, 555,
        556, 554, -1, 555, 553, 554, 552, -1,
        553, 551, 552, 550, -1, 551, 549, 550,
        547, -1, 549, 548, 547, 546, 545, 544,
        543, 542, 541, 540, 539, 538, 537, 536,
        535, 534, 533, 532, 531, 530, 529, 528,
        527, 526, 525, 524, 523, 522, 521, 520,
        519, 518, 517, 516, 514, 515, 513, -1,
        514, 513, 512, 511, 510, 509, 508, 507,
        506, 505, 504, 503, 502, 501, 500, 499,
        498, 497, -1, 496, 494, 495, 493, -1,
        494, 492, 493, 491, -1, 492, 490, 491,
        489, -1, 490, 488, 489, 487, -1, 488,
        486, 487, 485, -1, 486, 484, 485, 483,
        -1, 484, 482, 483, 481, -1, 482, 480,
        481, 479, -1, 480, 478, 479, 477, -1,
        478, 476, 477, 475, -1, 476, 474, 475,
        473, -1, 474, 472, 473, 471, -1, 472,
        470, 471, 469, -1, 470, 468, 469, 467,
        -1, 468, 466, 467, 464, -1, 466, 465,
        464, 463, 462, 461, 460, 459, 458, 457,
        456, 455, 454, 453, 452, 451, 450, 449,
        448, 447, 446, 445, 444, 443, 442, 441,
        440, 439, 437, 438, 436, -1, 437, 436,
        435, 434, 433, 432, 431, 430, 429, 428,
        427, 426, 424, 425, 423, -1, 424, 423,
        422, 421, 420, 419, 418, 417, 416, 415,
        414, 413, -1, 412, 412, 411, 410, 409,
        408, 407, 406, 405, 405, 404, -1, 405,
        404, 404, 403, -1, 404, 402, 403, 401,
        -1, 402, 401, 401, 400, 399, 398, 397,
        396, 395, 394, 393, 392, 391, 390, 389,
        388, 387, 386, 385, 384, 383, 382, 381,
        39, 39, 380, -1, 39, 380, 380, 379,
        378, 377, 376, 375, 374, 373, 373, 372,
        -1, 373, 372, 372, 371, 370, 369, 368,
        367, 366, 365, 364, 363, 362, 361, 360,
        359, 358, 357, 356, 355, 354, 353, 353,
        352, -1, 353, 351, 352, 350, -1, 351,
        350, 350, -1, 36, 36, 36, 36, -1,
        35, 35, 35, 35, -1, 39, 39, 39,
        39, -1, 39, 39, 39, 39, -1, 35,
        35, 35, 35, -1, 251, 349, 251, 348,
        -1, 349, 254, 348, 255, -1, 254, 256,
        255, 257, -1, 256, 258, 257, 259, -1,
        258, 260, 259, 261, -1, 260, 262, 261,
        263, -1, 262, 264, 263, 265, -1, 264,
        266, 265, 267, -1, 266, 268, 267, 269,
        -1, 268, 270, 269, 271, -1, 270, 272,
        271, 273, -1, 272, 274, 273, 275, -1,
        274, 276, 275, 277, -1, 276, 278, 277,
        279, -1, 278, 280, 279, 281, -1, 280,
        282, 281, 283, -1, 282, 346, 283, 347,
        -1, 347, 346, 286, 286, -1, 0, 0,
        0, 0, -1, 39, 39, 39, 39, -1,
        35, 35, 35, 35, -1, 39, 39, 39,
        39, -1, 0, 0, 0, 0, -1, 0,
        0, 0, 0, -1, 38, 38, 38, 38,
        38, 38, 38, -1, 38, 38, 38, 38,
        38, -1, 38, 38, 38, 38, 38, -1,
        38, 38, 38, 38, 38, -1, 38, 38,
        38, 38, -1, 38, 38, 38, 38, 38,
        -1, 38, 38, 38, 38, 38, -1, 38,
        38, 38, 38, 38, -1, 38, 38, 38,
        38, 38, -1, 38, 38, 38, -1, 37,
        37, 37, 37, -1, 345, 345, 344, 344,
        343, -1, 344, 343, 342, 341, 340, 339,
        338, 337, 336, 335, 334, 333, 332, 331,
        330, 329, 328, 327, 326, 325, 324, 323,
        322, 321, 320, 319, 318, 317, 316, 315,
        314, 313, 312, 311, 311, -1, 35, 35,
        35, 35, -1, 36, 36, 36, 36, -1,
        0, 0, 0, 0, -1, 310, 309, 310,
        308, -1, 309, 306, 308, 307, -1, 307,
        306, 305, 304, 303, 302, 301, 300, 299,
        298, 297, 296, 295, 294, 293, 292, 290,
        291, 289, -1, 290, 289, 288, 287, 287,
        -1, 35, 35, 35, 35, -1, 36, 36,
        36, 36, -1, 39, 39, 39, 39, -1,
        0, 0, 0, 0, -1, 36, 36, 36,
        36, -1, 35, 35, 35, 35, -1, 0,
        0, 0, 0, -1, 37, 37, 37, 37,
        -1, 37, 37, 37, 37, -1, 37, 37,
        37, 37, -1, 37, 37, 37, 37, -1,
        37, 37, 37, 37, -1, 37, 37, 37,
        37, 37, 37, 37, 37, -1, 37, 37,
        37, -1, 37, 37, 37, 37, 37, 37,
        37, -1, 37, 37, 37, 37, 37, -1,
        37, 37, 37, 37, 37, -1, 37, 37,
        37, 37, -1, 37, 37, 37, 37, 37,
        -1, 37, 37, 37, 37, 37, -1, 37,
        37, 37, 37, 37, -1, 37, 37, 37,
        37, 37, -1, 38, 38, 38, 38, 38,
        -1, 38, 38, 38, 38, 38, -1, 38,
        38, 38, 38, 38, -1, 38, 38, 38,
        38, 38, 38, 38, 38, 38, -1, 38,
        38, 38, -1, 38, 38, 38, 38, -1,
        38, 38, 38, 38, -1, 38, 38, 38,
        38, -1, 38, 38, 38, 38, -1, 38,
        38, 38, 38, -1, 38, 38, 38, 38,
        -1, 38, 38, 38, 38, -1, 38, 38,
        38, 38, -1, 38, 38, 38, 38, -1,
        38, 38, 38, 38, -1, 38, 38, 38,
        38, -1, 38, 38, 38, 38, -1, 38,
        38, 38, -1, 36, 36, 36, 36, -1,
        0, 0, 0, 0, -1, 39, 39, 39,
        39, -1, 39, 39, 39, 39, -1, 0,
        0, 0, 0, -1, 286, 285, 286, 284,
        -1, 285, 283, 284, 282, -1, 283, 281,
        282, 280, -1, 281, 279, 280, 278, -1,
        279, 277, 278, 276, -1, 277, 275, 276,
        274, -1, 275, 273, 274, 272, -1, 273,
        271, 272, 270, -1, 271, 269, 270, 268,
        -1, 269, 267, 268, 266, -1, 267, 265,
        266, 264, -1, 265, 263, 264, 262, -1,
        263, 261, 262, 260, -1, 261, 259, 260,
        258, -1, 259, 257, 258, 256, -1, 257,
        255, 256, 254, -1, 255, 252, 254, 253,
        -1, 253, 252, 251, 251, -1, 35, 35,
        35, 35, -1, 39, 39, 39, 39, -1,
        0, 0, 0, 0, -1, 39, 39, 39,
        39, -1, 35, 35, 35, 35, -1, 35,
        35, 35, 35, -1, 37, 37, 37, 37,
        37, 37, 37, -1, 37, 37, 37, 37,
        37, -1, 37, 37, 37, 37, 37, -1,
        37, 37, 37, 37, 37, -1, 37, 37,
        37, 37, -1, 37, 37, 37, 37, 37,
        -1, 37, 37, 37, 37, 37, -1, 37,
        37, 37, 37, 37, -1, 37, 37, 37,
        37, 37, -1, 37, 37, 37, -1, 38,
        38, 38, 38, -1, 250, 248, 249, 247,
        -1, 248, 245, 247, 246, -1, 246, 245,
        244, 243, 242, 241, 239, 240, 237, -1,
        239, 237, 238, 235, -1, 237, 236, 235,
        233, 234, 231, -1, 233, 232, 231, 230,
        229, 228, 227, 226, 225, 224, 223, 221,
        222, 219, -1, 221, 220, 219, 218, 217,
        216, 215, 214, 213, 211, 212, 209, -1,
        211, 210, 209, 208, 207, 206, 205, 204,
        203, 202, 201, 199, 200, 197, -1, 199,
        198, 197, 196, 195, 193, 194, 192, -1,
        193, 191, 192, 190, -1, 191, 189, 190,
        187, -1, 189, 188, 187, 185, 186, 184,
        -1, 185, 183, 184, 182, -1, 183, 181,
        182, 179, -1, 181, 180, 179, 177, 178,
        176, -1, 177, 175, 176, 174, -1, 175,
        173, 174, 171, -1, 173, 172, 171, 169,
        170, 168, -1, 169, 167, 168, 166, -1,
        167, 165, 166, 163, -1, 165, 164, 163,
        161, 162, 160, -1, 161, 159, 160, 157,
        -1, 159, 158, 157, 155, 156, 154, -1,
        155, 153, 154, 152, -1, 153, 151, 152,
        150, -1, 151, 149, 150, 148, -1, 149,
        147, 148, 146, -1, 147, 145, 146, 144,
        -1, 145, 143, 144, 142, -1, 143, 141,
        142, 140, -1, 141, 139, 140, 138, -1,
        139, 137, 138, -1, 136, 136, 135, 134,
        133, 132, 131, 131, 130, -1, 131, 130,
        130, 129, -1, 130, 129, 129, 128, 127,
        126, 125, 124, 123, 122, 121, 119, 120,
        118, -1, 119, 118, 118, 116, 117, 115,
        -1, 116, 115, 115, 113, 114, 112, -1,
        113, 112, 112, 111, 111, 109, -1, 111,
        110, 109, 108, 108, 107, -1, 108, 107,
        107, 105, 106, 104, -1, 105, 104, 104,
        103, 103, 102, -1, 103, 101, 102, 100,
        -1, 101, 100, 100, 99, 98, 97, 97,
        95, -1, 97, 96, 95, 94, 93, 92,
        91, 89, 90, 88, -1, 89, 87, 88,
        85, -1, 87, 86, 85, 84, 83, 82,
        82, 81, -1, 82, 81, 81, 79, 80,
        78, -1, 79, 78, 78, 77, 76, 75,
        75, 73, -1, 75, 74, 73, 72, 71,
        69, 70, 67, -1, 69, 68, 67, 66,
        65, 64, 63, 62, 61, 60, 59, 58,
        58, 57, -1, 58, 57, 57, 56, 55,
        54, 54, -1, 39, 39, 39, 39, -1,
        0, 0, 0, 0, -1, 36, 36, 36,
        36, -1, 36, 36, 36, 36, -1, 42,
        42, 42, 42, -1, 36, 36, 36, 36,
        -1, 35, 35, 35, 35, -1, 36, 36,
        36, 36, -1, 0, 0, 0, 0, -1,
        39, 39, 39, 39, -1, 35, 35, 35,
        35, -1, 39, 39, 39, 39, -1, 41,
        41, 41, 41, -1, 39, 39, 39, 39,
        -1, 40, 40, 40, 40, -1, 43, 43,
        43, 43, -1, 35, 35, 35, 35, -1,
        37, 37, 37, 37, 37, 37, 37, 37,
        37, -1, 37, 37, 37, -1, 37, 37,
        37, 37, -1, 37, 37, 37, 37, -1,
        37, 37, 37, 37, 37, -1, 37, 37,
        37, 37, -1, 38, 38, 38, 38, -1,
        38, 38, 38, 38, 38, 38, 38, 38,
        -1, 38, 38, 38, 38, -1, 38, 38,
        38, 38, 38, 38, 38, 38, -1, 38,
        38, 38, -1, 39, 39, 39, 39, -1,
        35, 35, 35, 35, -1, 39, 39, 39,
        39, -1, 41, 41, 41, 41, -1, 39,
        39, 39, 39, -1, 40, 40, 40, 40,
        -1, 43, 43, 43, 43, -1, 36, 36,
        36, 36, -1, 42, 42, 42, 42, -1,
        36, 36, 36, 36, -1, 35, 35, 35,
        35, -1, 36, 36, 36, 36, -1, 39,
        39, 39, 39, -1, 0, 0, 0, 0,
        -1, 36, 36, 36, 36, -1, 35, 35,
        35, 35, -1, 0, 0, 0, 0, -1,
        37, 37, 37, 37, 37, 37, 37, 37,
        37, -1, 37, 37, 37, -1, 37, 37,
        37, 37, -1, 37, 37, 37, 37, -1,
        37, 37, 37, 37, 37, -1, 37, 37,
        37, 37, -1, 38, 38, 38, 38, -1,
        38, 38, 38, 38, 38, 38, 38, 38,
        -1, 38, 38, 38, 38, -1, 38, 38,
        38, 38, 38, 38, 38, 38, -1, 38,
        38, 38, -1, 36, 36, 36, 36, -1,
        0, 0, 0, 0, -1, 1, 1, 2,
        53, 4, 5, 6, 7, 8, 9, 10,
        10, 11, -1, 10, 11, 11, 52, -1,
        11, 51, 52, 50, -1, 51, 49, 50,
        16, -1, 49, 16, 16, 17, 17, 18,
        -1, 17, 18, 18, 48, 19, 47, -1,
        48, 47, 47, 45, 46, 24, -1, 45,
        24, 24, 25, 25, 26, -1, 25, 27,
        26, 28, -1, 27, 29, 28, 30, -1,
        29, 31, 30, 44, -1, 31, 33, 44,
        34, -1, 33, 34, 34, -1, 35, 35,
        35, 35, -1, 39, 39, 39, 39, -1,
        0, 0, 0, 0, -1, 39, 39, 39,
        39, -1, 43, 43, 43, 43, -1, 39,
        39, 39, 39, -1, 42, 42, 42, 42,
        -1, 41, 41, 41, 41, -1, 36, 36,
        36, 36, -1, 40, 40, 40, 40, -1,
        36, 36, 36, 36, -1, 0, 0, 0,
        0, -1, 36, 36, 36, 36, -1, 39,
        39, 39, 39, -1, 35, 35, 35, 35,
        -1, 36, 36, 36, 36, -1, 0, 0,
        0, 0, -1, 35, 35, 35, 35, -1,
        38, 38, 38, 38, 38, 38, 38, 38,
        38, -1, 38, 38, 38, -1, 38, 38,
        38, 38, -1, 38, 38, 38, 38, -1,
        38, 38, 38, 38, 38, -1, 38, 38,
        38, 38, -1, 37, 37, 37, 37, -1,
        37, 37, 37, 37, 37, 37, 37, 37,
        -1, 37, 37, 37, 37, -1, 37, 37,
        37, 37, 37, 37, 37, 37, -1, 37,
        37, 37, -1, 36, 36, 36, 36, -1,
        35, 35, 35, 35, -1, 34, 34, 33,
        32, 31, 30, 29, 28, 27, 26, 25,
        25, 24, -1, 25, 24, 24, 23, -1,
        24, 22, 23, 21, -1, 22, 20, 21,
        19, -1, 20, 19, 19, 18, 18, 17,
        -1, 18, 17, 17, 15, 16, 14, -1,
        15, 14, 14, 12, 13, 11, -1, 12,
        11, 11, 10, 10, 9, -1, 10, 8,
        9, 7, -1, 8, 6, 7, 5, -1,
        6, 4, 5, 3, -1, 4, 2, 3,
        1, -1, 2, 1, 1, -1, 0, 0,
        0, 0, -1, 38, 38, 38, 38, -1,
        38, 38, 38, 38, 38, 38, -1, 38,
        38, 38, 38, -1, 38, 38, 38, 38,
        -1, 38, 38, 38, 38, -1, 38, 38,
        38, 38, 38, 38, -1, 38, 38, 38,
        38, -1, 38, 38, 38, 38, -1, 38,
        38, 38, 38, -1, 38, 38, 38, 38,
        38, 38, -1, 38, 38, 38, -1, 37,
        37, 37, 37, -1, 37, 37, 37, 37,
        37, 37, -1, 37, 37, 37, 37, -1,
        37, 37, 37, 37, -1, 37, 37, 37,
        37, -1, 37, 37, 37, 37, 37, 37,
        -1, 37, 37, 37, 37, -1, 37, 37,
        37, 37, -1, 37, 37, 37, 37, -1,
        37, 37, 37, 37, 37, 37, -1, 37,
        37, 37, -1, 725, 724, 726, 920, 728,
        921, 730, -1, 921, 920, 919, 917, -1,
        724, 917, 920, -1, 728, 730, 729, 731,
        1491, -1, 729, 1491, 1286, 1288, 1287, -1,
        1287, 1285, 1286, 727, 729, 728, -1, 728,
        727, 726, 725, -1, 725, 727, 1284, 1285,
        -1, 1122, 815, 1123, 813, 811, -1, 1122,
        1123, 1128, 1130, 1129, 1131, 1132, 1133, 1164,
        1163, 1162, 1161, 1160, 1159, 1158, -1, 1158,
        1172, 1160, 1165, 1162, 1164, -1, 1165, 1134,
        1164, 1132, -1, 1129, 1132, 1073, 1075, 1074,
        1076, -1, 1076, 1075, 1077, 1134, -1, 1134,
        1075, 1132, -1, 1123, 811, 1130, 1131, -1,
        811, 809, 1131, 1133, -1, 809, 807, 1133,
        1163, -1, 807, 805, 1163, 803, 1161, 801,
        1159, 799, 1173, 1174, 793, 795, -1, 795,
        1174, 797, 799, -1, 1159, 1173, 1153, 694,
        -1, 1173, 1177, 694, 696, 695, 697, 693,
        922, 923, 924, 925, 926, 927, 928, 929,
        930, 931, 932, 933, 934, 935, 936, 937,
        938, 939, -1, 695, 693, 694, -1, 929,
        931, 988, 974, 987, 972, -1, 931, 933,
        974, 973, 972, 971, -1, 933, 935, 973,
        975, 971, 976, -1, 935, 937, 975, 978,
        976, 979, -1, 979, 978, 981, 939, -1,
        978, 937, 939, -1, 927, 687, 925, 923,
        -1, 697, 1617, 922, 1621, 924, 1527, 1529,
        1528, 1530, 1587, 1588, 1595, 1196, 1197, 1195,
        1193, 1194, 1192, 1190, 1191, 1189, 1607, 1188,
        1608, -1, 1608, 1607, 1606, 1191, 1200, 1199,
        1201, 1609, 1610, 1594, 1593, 1586, -1, 1593,
        1611, 1610, 1203, 1201, 1202, 1200, 1605, 1606,
        -1, 1605, 1202, 1604, 1204, 1603, 1602, -1,
        1602, 1204, 1206, 1205, 1207, 1612, -1, 1612,
        1205, 1611, 1203, -1, 1205, 1204, 1203, 1202,
        -1, 1192, 1193, 1191, 1198, 1199, 1609, -1,
        1193, 1197, 1198, 1595, 1609, 1594, -1, 1595,
        1587, 1594, 1586, -1, 1587, 1528, 1586, -1,
        924, 1529, 926, 1530, 1531, 1588, 930, 1196,
        932, 1195, 934, 1194, 936, 1187, 938, 1188,
        -1, 1188, 1187, 1189, 1190, -1, 1190, 1187,
        1194, -1, 930, 928, 1531, 926, -1, 696,
        1177, 793, 1173, -1, 1269, 1270, 1271, 1272,
        1273, 1274, 1275, -1, 1275, 1348, 1273, 1349,
        1350, 1351, -1, 1273, 1350, 1271, 1269, -1,
        1274, 1272, 1537, 1538, -1, 1270, 1538, 1272,
        -1, 1349, 1670, 1351, 1668, -1, 1349, 1348,
        1670, 1346, 1669, 1344, 1664, 1662, 1663, 1661,
        1751, 1752, -1, 1344, 1342, 1662, 1661, -1,
        1664, 1668, 1669, 1670, -1, 1342, 1660, 1661,
        1752, -1, 1752, 1660, 1753, 1659, 1657, 1658,
        -1, 1658, 1659, 1337, 1338, -1, 1338, 1659,
        1340, 1660, 1342, -1, 1646, 1645, 1647, 1747,
        -1, 1646, 1644, 1645, 1643, 1746, 1745, 1732,
        -1, 1645, 1746, 1747, 1731, 1730, 1359, 1357,
        1358, 1356, 1447, -1, 1746, 1732, 1731, 1361,
        1359, 1360, 1358, 1446, 1447, 1445, -1, 1361,
        1362, 1360, 1446, -1, 1446, 1362, 1444, 1457,
        1442, -1, 1446, 1444, 1445, 1443, 1481, 1441,
        -1, 1441, 1443, 1442, 1444, -1, 1240, 1241,
        1242, 1243, -1, 1243, 1241, 1239, 1240, 1238,
        -1, 1238, 1237, 1239, 1243, -1, 1243, 1237,
        1235, 1236, 1234, 1238, 1596, 1597, 1232, -1,
        1238, 1236, 1237, -1, 1596, 1232, 1234, 1233,
        1235, 1251, 1243, -1, 1252, 1539, 1540, 1541,
        -1, 1541, 1539, 1227, 1229, 1228, 1230, -1,
        1230, 1229, 1231, 1539, 1252, -1, 1103, 1102,
        1104, 658, 1105, -1, 1105, 1103, 1104, -1,
        1106, 1100, 1111, 1098, 1096, 1097, 1068, -1,
        1068, 1095, 1096, 1113, 1111, 1112, 1106, -1,
        1097, 1098, 1099, 1100, -1, 970, 966, 967,
        667, -1, 667, 966, 965, 964, -1, 964,
        966, 948, 968, 969, 970, -1, 970, 968,
        966, -1, 964, 948, 946, 947, -1, 947,
        948, 949, 950, 951, 952, 953, 954, 955,
        956, 957, -1, 957, 1008, 955, 1009, 1010,
        1006, 1011, 1005, 1003, 1004, 1002, 639, 641,
        640, 642, 1046, 644, 1047, 646, 1056, 648,
        -1, 1009, 1008, 1006, -1, 1004, 1005, 639,
        1006, -1, 1010, 1011, 955, 953, -1, 1011,
        1003, 953, 1001, 951, 1000, 999, 994, 993,
        647, 649, 648, -1, 648, 647, 646, 645,
        644, 643, 642, 641, -1, 647, 994, 645,
        995, 643, 641, -1, 641, 995, 1002, 1001,
        1003, -1, 1001, 995, 1000, 994, -1, 649,
        992, 993, 998, 999, 951, -1, 951, 998,
        949, 947, -1, 947, 998, 997, 992, -1,
        956, 954, 984, 980, -1, 954, 952, 980,
        977, -1, 952, 950, 977, 969, -1, 948,
        969, 950, -1, 675, 1186, 673, 989, -1,
        675, 677, 1186, 1184, 989, 990, -1, 677,
        679, 1184, 1185, 1183, 681, 683, -1, 681,
        1185, 679, -1, 683, 990, 1183, 1184, -1,
        1797, 1758, 1760, 1759, 1761, -1, 1761, 1762,
        1760, 1763, 1764, -1, 1764, 1765, 1760, 1766,
        1767, -1, 1767, 1768, 1760, 1769, 1770, -1,
        1770, 1771, 1760, 1772, 1773, -1, 1773, 1774,
        1760, 1775, 1776, -1, 1776, 1777, 1760, 1778,
        1779, -1, 1779, 1780, 1760, 1781, 1782, -1,
        1782, 1783, 1760, 1784, 1785, -1, 1785, 1786,
        1760, 1787, 1788, -1, 1788, 1789, 1760, 1790,
        1791, -1, 1791, 1792, 1760, 1793, 1794, -1,
        1794, 1795, 1760, 1796, 1797, -1, 35, 35,
        35, 35, 35, 35, 35, 35, 35, 35,
        35, 35, 35, 35, 35, 35, 35, 35,
        35, -1, 35, 35, 35, 35, 35, 35,
        35, 35, 35, 35, 35, 35, 35, 35,
        35, 35, 35, 35, 35, 35, 35, 35,
        35, 35, 35, 35, 35, -1, 35, 35,
        35, 35, 35, 35, 35, 35, 35, 35,
        35, 35, 35, 35, 35, 35, 35, 35,
        35, 35, 35, 35, 35, 35, 35, 35,
        35, -1, 35, 35, 35, 35, 35, 35,
        35, 35, 35, 35, -1, 35, 35, 35,
        35, 35, -1, 35, 35, 35, 35, 35,
        -1, 35, 35, 35, 35, 35, -1, 35,
        35, 35, 35, 35, -1, 35, 35, 35,
        35, 35, -1, 35, 35, 35, 35, 35,
        -1, 35, 35, 35, 35, 35, -1, 35,
        35, 35, 35, 35, -1, 35, 35, 35,
        35, 35, -1, 35, 35, 35, 35, 35,
        -1, 35, 35, 35, 35, 35, -1, 35,
        35, 35, 35, 35, -1, 36, 36, 36,
        36, 36, 36, 36, 36, 36, 36, 36,
        36, 36, 36, 36, 36, 36, 36, 36,
        36, 36, 36, 36, -1, 36, 36, 36,
        36, 36, 36, 36, 36, 36, 36, 36,
        36, 36, 36, 36, 36, 36, 36, 36,
        36, 36, 36, 36, 36, 36, -1, 36,
        36, 36, 36, 36, 36, 36, 36, 36,
        36, 36, 36, 36, 36, 36, 36, 36,
        36, 36, 36, 36, 36, 36, -1, 36,
        36, 36, 36, 36, 36, 36, 36, 36,
        36, 36, 36, 36, 36, 36, 36, 36,
        36, 36, 36, 36, 36, 36, -1, 36,
        36, 36, 36, 36, 36, 36, 36, 36,
        36, 36, 36, 36, 36, 36, 36, 36,
        36, 36, 36, 36, 36, 36, -1, 39,
        39, 39, 39, 39, 39, 39, 39, 39,
        39, 39, 39, 39, 39, 39, 39, 39,
        39, 39, 39, -1, 39, 39, 39, 39,
        -1, 39, 39, 39, 39, -1, 39, 39,
        39, 39, -1, 39, 39, 39, 39, -1,
        39, 39, 39, 39, -1, 39, 39, 39,
        39, -1, 39, 39, 39, 39, -1, 39,
        39, 39, 39, -1, 39, 39, 39, 39,
        -1, 39, 39, 39, 39, -1, 39, 39,
        39, 39, 39, 39, 39, 39, 39, 39,
        39, 39, 39, 39, 39, 39, 39, 39,
        39, 39, 39, 39, 39, 39, -1, 39,
        39, 39, 39, -1, 39, 39, 39, 39,
        -1, 39, 39, 39, 39, -1, 39, 39,
        39, 39, -1, 39, 39, 39, 39, -1,
        39, 39, 39, 39, -1, 39, 39, 39,
        39, -1, 39, 39, 39, 39, -1, 39,
        39, 39, 39, -1, 39, 39, 39, 39,
        -1, 39, 39, 39, 39, 39, 39, 39,
        39, 39, 39, 39, 39, 39, 39, 39,
        39, 39, 39, 39, 39, 39, 39, 39,
        39, -1, 39, 39, 39, 39, -1, 39,
        39, 39, 39, -1, 39, 39, 39, -1,
        37, 37, 37, 37, -1, 37, 37, 37,
        37, -1, 37, 37, 37, 37, -1, 37,
        37, 37, 37, -1, 37, 37, 37, 37,
        -1, 37, 37, 37, 37, -1, 37, 37,
        37, 37, -1, 37, 37, 37, 37, -1,
        37, 37, 37, 37, -1, 37, 37, 37,
        37, -1, 37, 37, 37, 37, -1, 37,
        37, 37, 37, -1, 38, 38, 38, 38,
        38, -1, 38, 38, 38, 38, 38, -1,
        38, 38, 38, 38, 38, -1, 38, 38,
        38, 38, 38, -1, 38, 38, 38, 38,
        38, -1, 38, 38, 38, 38, 38, -1,
        38, 38, 38, 38, 38, -1, 38, 38,
        38, 38, 38, -1, 38, 38, 38, 38,
        -1, 38, 38, 38, 38, -1, 38, 38,
        38, 38, -1, 38, 38, 38, 38, -1,
        38, 38, 38, 38, -1, 38, 38, 38,
        38, -1, 38, 38, 38, 38, -1, 38,
        38, 38, 38, -1, 38, 38, 38, 38,
        -1, 38, 38, 38, 38, -1, 38, 38,
        38, 38, -1, 38, 38, 38, 38, -1,
        37, 37, 37, 37, 37, -1, 37, 37,
        37, 37, 37, -1, 37, 37, 37, 37,
        37, -1, 37, 37, 37, 37, 37, -1,
        37, 37, 37, 37, 37, -1, 37, 37,
        37, 37, 37, -1, 37, 37, 37, 37,
        37, -1, 37, 37, 37, 37, 37, -1 ]

  }
  DEF axis Separator {

    DEF X Separator {

      Material {
        ambientColor 1 0 0
        diffuseColor 1 0 0

      }
      Rotation {
        rotation -0 -0 -1  1.5707999

      }
      Translation {
        translation 0 0 0.1

      }
      Cylinder {
        radius 0.001
        height 0.2

      }
      Translation {
        translation 0 0 0.1

      }
      Cone {
        bottomRadius 0.0050000004
        height 0.0050000004

      }
      Text2 {
        string "X"

      }
    }
    DEF Y Separator {

      Material {
        ambientColor 0 1 0
        diffuseColor 0 1 0

      }
      Translation {
        translation 0 0 0.1

      }
      Cylinder {
        radius 0.001
        height 0.2

      }
      Translation {
        translation 0 0 0.1

      }
      Cone {
        bottomRadius 0.0050000004
        height 0.0050000004

      }
      Text2 {
        string "Y"

      }
    }
    DEF Z Separator {

      Material {
        ambientColor 0 0 1
        diffuseColor 0 0 1

      }
      Rotation {
        rotation 1 0 0  1.5707999

      }
      Translation {
        translation 0 0 0.1

      }
      Cylinder {
        radius 0.001
        height 0.2

      }
      Translation {
        translation 0 0 0.1

      }
      Cone {
        bottomRadius 0.0050000004
        height 0.0050000004

      }
      Text2 {
        string "Z"

      }
    }
  }
}

