#Inventor V2.1 ascii


DEF root Separator {

  DEF material VRMLAppearance {
    material 
    DEF color VRMLMaterial {
      diffuseColor 0.2 0.2 0.2
      specularColor 0.1 0.1 0.1
      shininess 0.5

    }

  }
  USE color
  USE color
  IndexedTriangleStripSet {
    vertexProperty 
    VertexProperty {
      vertex [ 0.01979899 0.01605635 -0.0075000003,
          0.01979899 0.01605635 0.00050000002,
          0.020259896 0.016650546 -0.0075000003,
          0.020259896 0.016650546 0.00050000002,
          0.020558551 0.017340697 -0.0075000003,
          0.020558551 0.017340697 0.00050000002,
          0.02067619 0.018083438 -0.0075000003,
          0.02067619 0.018083438 0.00050000002,
          0.020605421 0.018832101 -0.0075000003,
          0.020605421 0.018832101 0.00050000002,
          0.020350689 0.019539641 -0.0075000003,
          0.020350689 0.019539641 0.00050000002,
          0.019928005 0.020161606 -0.0075000003,
          0.019928005 0.020161606 0.00050000002,
          0.019363921 0.020658912 0.00050000002,
          0.019363921 0.020658912 -0.0075000003,
          0.018693885 0.021000313 -0.0075000003,
          0.018693885 0.021000313 0.00050000002,
          0.017959995 0.021164358 -0.0075000003,
          0.017959995 0.021164358 0.00050000002,
          0.017208368 0.021140736 -0.0075000003,
          0.017208368 0.021140736 0.00050000002,
          0.016486226 0.020930935 -0.0075000003,
          0.016486226 0.020930935 0.00050000002,
          0.015838949 0.020548135 -0.0075000003,
          0.015838949 0.020548135 0.00050000002,
          0.015307205 0.020016391 -0.0075000003,
          0.015307205 0.020016391 0.00050000002,
          0.014924407 0.019369114 -0.0075000003,
          0.014924407 0.019369114 0.00050000002,
          0.014714605 0.018646974 -0.0075000003,
          0.014714605 0.018646974 0.00050000002,
          0.014690984 0.017895345 -0.0075000003,
          0.014690984 0.017895345 0.00050000002,
          0.014855028 0.017161457 -0.0075000003,
          0.014855028 0.017161457 0.00050000002,
          0.015196428 0.016491419 -0.0075000003,
          0.015196428 0.016491419 0.00050000002,
          0.015693735 0.015927337 -0.0075000003,
          0.015693735 0.015927337 0.00050000002,
          0.016315699 0.015504651 -0.0075000003,
          0.016315699 0.015504651 0.00050000002,
          0.017023239 0.01524992 -0.0075000003,
          0.017023239 0.01524992 0.00050000002,
          0.017771903 0.015179151 0.00050000002,
          0.017771903 0.015179151 -0.0075000003,
          0.018514644 0.015296789 -0.0075000003,
          0.018514644 0.015296789 0.00050000002,
          0.019204795 0.015595444 0.00050000002,
          0.019204795 0.015595444 -0.0075000003,
          0.025 -0.0025000002 -0.0075000003,
          0.025 -0.0025000002 0.00050000002,
          0.02574607 -0.0024057496 -0.0075000003,
          0.02574607 -0.0024057496 0.00050000002,
          0.026445262 -0.0021289203 -0.0075000003,
          0.026445262 -0.0021289203 0.00050000002,
          0.027053641 -0.001686906 -0.0075000003,
          0.027053641 -0.001686906 0.00050000002,
          0.027532985 -0.0011074805 -0.0075000003,
          0.027532985 -0.0011074805 0.00050000002,
          0.027853172 -0.00042705101 -0.0075000003,
          0.027853172 -0.00042705101 0.00050000002,
          0.027994081 0.00031162845 0.00050000002,
          0.027994081 0.00031162845 -0.0075000003,
          0.027946863 0.0010621439 -0.0075000003,
          0.027946863 0.0010621439 0.00050000002,
          0.027714483 0.001777338 0.00050000002,
          0.027714483 0.001777338 -0.0075000003,
          0.027311541 0.0024122722 0.00050000002,
          0.027311541 0.0024122722 -0.0075000003,
          0.026763357 0.0029270512 -0.0075000003,
          0.026763357 0.0029270512 0.00050000002,
          0.026104376 0.0032893296 0.00050000002,
          0.026104376 0.0032893296 -0.0075000003,
          0.025376001 0.0034763443 -0.0075000003,
          0.025376001 0.0034763443 0.00050000002,
          0.024624001 0.0034763443 -0.0075000003,
          0.024624001 0.0034763443 0.00050000002,
          0.023895627 0.0032893296 -0.0075000003,
          0.023895627 0.0032893296 0.00050000002,
          0.023236645 0.0029270512 -0.0075000003,
          0.023236645 0.0029270512 0.00050000002,
          0.02268846 0.0024122722 -0.0075000003,
          0.02268846 0.0024122722 0.00050000002,
          0.022285519 0.001777338 -0.0075000003,
          0.022285519 0.001777338 0.00050000002,
          0.022053139 0.0010621439 -0.0075000003,
          0.022053139 0.0010621439 0.00050000002,
          0.022005921 0.00031162845 -0.0075000003,
          0.022005921 0.00031162845 0.00050000002,
          0.02214683 -0.00042705101 -0.0075000003,
          0.02214683 -0.00042705101 0.00050000002,
          0.022467017 -0.0011074805 -0.0075000003,
          0.022467017 -0.0011074805 0.00050000002,
          0.022946361 -0.001686906 0.00050000002,
          0.022946361 -0.001686906 -0.0075000003,
          0.02355474 -0.0021289203 -0.0075000003,
          0.02355474 -0.0021289203 0.00050000002,
          0.024253933 -0.0024057496 0.00050000002,
          0.024253933 -0.0024057496 -0.0075000003,
          0.015556349 -0.019298991 -0.0075000003,
          0.015556349 -0.019298991 0.00050000002,
          0.016150545 -0.019759897 -0.0075000003,
          0.016150545 -0.019759897 0.00050000002,
          0.016840696 -0.02005855 -0.0075000003,
          0.016840696 -0.02005855 0.00050000002,
          0.017583437 -0.020176191 -0.0075000003,
          0.017583437 -0.020176191 0.00050000002,
          0.018332101 -0.02010542 -0.0075000003,
          0.018332101 -0.02010542 0.00050000002,
          0.019039642 -0.01985069 -0.0075000003,
          0.019039642 -0.01985069 0.00050000002,
          0.019661607 -0.019428004 -0.0075000003,
          0.019661607 -0.019428004 0.00050000002,
          0.020158911 -0.018863922 0.00050000002,
          0.020158911 -0.018863922 -0.0075000003,
          0.020500312 -0.018193886 -0.0075000003,
          0.020500312 -0.018193886 0.00050000002,
          0.020664357 -0.017459996 0.00050000002,
          0.020664357 -0.017459996 -0.0075000003,
          0.020640735 -0.016708367 0.00050000002,
          0.020640735 -0.016708367 -0.0075000003,
          0.020430934 -0.015986226 -0.0075000003,
          0.020430934 -0.015986226 0.00050000002,
          0.020048134 -0.015338949 -0.0075000003,
          0.020048134 -0.015338949 0.00050000002,
          0.019516392 -0.014807205 -0.0075000003,
          0.019516392 -0.014807205 0.00050000002,
          0.018869115 -0.014424407 -0.0075000003,
          0.018869115 -0.014424407 0.00050000002,
          0.018146973 -0.014214605 -0.0075000003,
          0.018146973 -0.014214605 0.00050000002,
          0.017395345 -0.014190985 -0.0075000003,
          0.017395345 -0.014190985 0.00050000002,
          0.016661456 -0.014355028 -0.0075000003,
          0.016661456 -0.014355028 0.00050000002,
          0.015991421 -0.014696428 -0.0075000003,
          0.015991421 -0.014696428 0.00050000002,
          0.015427337 -0.015193735 -0.0075000003,
          0.015427337 -0.015193735 0.00050000002,
          0.015004651 -0.015815698 -0.0075000003,
          0.015004651 -0.015815698 0.00050000002,
          0.01474992 -0.01652324 -0.0075000003,
          0.01474992 -0.01652324 0.00050000002,
          0.014679151 -0.017271902 0.00050000002,
          0.014679151 -0.017271902 -0.0075000003,
          0.014796789 -0.018014643 -0.0075000003,
          0.014796789 -0.018014643 0.00050000002,
          0.015095444 -0.018704794 0.00050000002,
          0.015095444 -0.018704794 -0.0075000003,
          -0.003 -0.024500001 -0.0075000003,
          -0.003 -0.024500001 0.00050000002,
          -0.0029057497 -0.025246071 -0.0075000003,
          -0.0029057497 -0.025246071 0.00050000002,
          -0.0026289201 -0.025945263 -0.0075000003,
          -0.0026289201 -0.025945263 0.00050000002,
          -0.0021869061 -0.026553642 -0.0075000003,
          -0.0021869061 -0.026553642 0.00050000002,
          -0.0016074805 -0.027032984 -0.0075000003,
          -0.0016074805 -0.027032984 0.00050000002,
          -0.00092705106 -0.027353171 -0.0075000003,
          -0.00092705106 -0.027353171 0.00050000002,
          -0.00018837156 -0.02749408 -0.0075000003,
          -0.00018837156 -0.02749408 0.00050000002,
          0.00056214392 -0.027446862 -0.0075000003,
          0.00056214392 -0.027446862 0.00050000002,
          0.001277338 -0.027214482 -0.0075000003,
          0.001277338 -0.027214482 0.00050000002,
          0.0019122721 -0.026811542 -0.0075000003,
          0.0019122721 -0.026811542 0.00050000002,
          0.0024270511 -0.026263356 -0.0075000003,
          0.0024270511 -0.026263356 0.00050000002,
          0.0027893297 -0.025604375 -0.0075000003,
          0.0027893297 -0.025604375 0.00050000002,
          0.0029763442 -0.024876 -0.0075000003,
          0.0029763442 -0.024876 0.00050000002,
          0.0029763442 -0.024124002 -0.0075000003,
          0.0029763442 -0.024124002 0.00050000002,
          0.0027893297 -0.023395628 -0.0075000003,
          0.0027893297 -0.023395628 0.00050000002,
          0.0024270511 -0.022736646 -0.0075000003,
          0.0024270511 -0.022736646 0.00050000002,
          0.0019122721 -0.02218846 -0.0075000003,
          0.0019122721 -0.02218846 0.00050000002,
          0.001277338 -0.02178552 -0.0075000003,
          0.001277338 -0.02178552 0.00050000002,
          0.00056214392 -0.02155314 -0.0075000003,
          0.00056214392 -0.02155314 0.00050000002,
          -0.00018837156 -0.021505922 -0.0075000003,
          -0.00018837156 -0.021505922 0.00050000002,
          -0.00092705106 -0.021646831 -0.0075000003,
          -0.00092705106 -0.021646831 0.00050000002,
          -0.0016074805 -0.021967018 0.00050000002,
          -0.0016074805 -0.021967018 -0.0075000003,
          -0.0021869061 -0.02244636 0.00050000002,
          -0.0021869061 -0.02244636 -0.0075000003,
          -0.0026289201 -0.023054739 0.00050000002,
          -0.0026289201 -0.023054739 -0.0075000003,
          -0.0029057497 -0.023753932 0.00050000002,
          -0.0029057497 -0.023753932 -0.0075000003,
          -0.01979899 -0.015056349 -0.0075000003,
          -0.01979899 -0.015056349 0.00050000002,
          -0.020259896 -0.015650546 -0.0075000003,
          -0.020259896 -0.015650546 0.00050000002,
          -0.020558551 -0.016340697 -0.0075000003,
          -0.020558551 -0.016340697 0.00050000002,
          -0.02067619 -0.017083438 -0.0075000003,
          -0.02067619 -0.017083438 0.00050000002,
          -0.020605421 -0.0178321 -0.0075000003,
          -0.020605421 -0.0178321 0.00050000002,
          -0.020350689 -0.018539641 -0.0075000003,
          -0.020350689 -0.018539641 0.00050000002,
          -0.019928005 -0.019161606 -0.0075000003,
          -0.019928005 -0.019161606 0.00050000002,
          -0.019363921 -0.019658912 -0.0075000003,
          -0.019363921 -0.019658912 0.00050000002,
          -0.018693885 -0.020000312 -0.0075000003,
          -0.018693885 -0.020000312 0.00050000002,
          -0.017959995 -0.020164357 -0.0075000003,
          -0.017959995 -0.020164357 0.00050000002,
          -0.017208368 -0.020140735 -0.0075000003,
          -0.017208368 -0.020140735 0.00050000002,
          -0.016486226 -0.019930935 -0.0075000003,
          -0.016486226 -0.019930935 0.00050000002,
          -0.015838949 -0.019548135 -0.0075000003,
          -0.015838949 -0.019548135 0.00050000002,
          -0.015307205 -0.019016391 -0.0075000003,
          -0.015307205 -0.019016391 0.00050000002,
          -0.014924407 -0.018369114 -0.0075000003,
          -0.014924407 -0.018369114 0.00050000002,
          -0.014714605 -0.017646974 -0.0075000003,
          -0.014714605 -0.017646974 0.00050000002,
          -0.014690984 -0.016895344 -0.0075000003,
          -0.014690984 -0.016895344 0.00050000002,
          -0.014855028 -0.016161457 -0.0075000003,
          -0.014855028 -0.016161457 0.00050000002,
          -0.015196428 -0.01549142 -0.0075000003,
          -0.015196428 -0.01549142 0.00050000002,
          -0.015693735 -0.014927337 -0.0075000003,
          -0.015693735 -0.014927337 0.00050000002,
          -0.016315699 -0.014504651 -0.0075000003,
          -0.016315699 -0.014504651 0.00050000002,
          -0.017023239 -0.01424992 0.00050000002,
          -0.017023239 -0.01424992 -0.0075000003,
          -0.017771903 -0.014179151 -0.0075000003,
          -0.017771903 -0.014179151 0.00050000002,
          -0.018514644 -0.014296789 0.00050000002,
          -0.018514644 -0.014296789 -0.0075000003,
          -0.019204795 -0.014595444 0.00050000002,
          -0.019204795 -0.014595444 -0.0075000003,
          -0.025 0.0035000001 -0.0075000003,
          -0.025 0.0035000001 0.00050000002,
          -0.02574607 0.0034057498 -0.0075000003,
          -0.02574607 0.0034057498 0.00050000002,
          -0.026445262 0.0031289202 -0.0075000003,
          -0.026445262 0.0031289202 0.00050000002,
          -0.027053641 0.0026869059 -0.0075000003,
          -0.027053641 0.0026869059 0.00050000002,
          -0.027532985 0.0021074803 -0.0075000003,
          -0.027532985 0.0021074803 0.00050000002,
          -0.027853172 0.001427051 -0.0075000003,
          -0.027853172 0.001427051 0.00050000002,
          -0.027994081 0.0006883716 -0.0075000003,
          -0.027994081 0.0006883716 0.00050000002,
          -0.027946863 -6.2143947e-005 -0.0075000003,
          -0.027946863 -6.2143947e-005 0.00050000002,
          -0.027714483 -0.00077733787 -0.0075000003,
          -0.027714483 -0.00077733787 0.00050000002,
          -0.027311541 -0.001412272 -0.0075000003,
          -0.027311541 -0.001412272 0.00050000002,
          -0.026763357 -0.001927051 -0.0075000003,
          -0.026763357 -0.001927051 0.00050000002,
          -0.026104376 -0.0022893297 -0.0075000003,
          -0.026104376 -0.0022893297 0.00050000002,
          -0.025376001 -0.0024763441 -0.0075000003,
          -0.025376001 -0.0024763441 0.00050000002,
          -0.024624001 -0.0024763441 -0.0075000003,
          -0.024624001 -0.0024763441 0.00050000002,
          -0.023895627 -0.0022893297 -0.0075000003,
          -0.023895627 -0.0022893297 0.00050000002,
          -0.023236645 -0.001927051 -0.0075000003,
          -0.023236645 -0.001927051 0.00050000002,
          -0.02268846 -0.001412272 -0.0075000003,
          -0.02268846 -0.001412272 0.00050000002,
          -0.022285519 -0.00077733787 -0.0075000003,
          -0.022285519 -0.00077733787 0.00050000002,
          -0.022053139 -6.2143947e-005 -0.0075000003,
          -0.022053139 -6.2143947e-005 0.00050000002,
          -0.022005921 0.0006883716 -0.0075000003,
          -0.022005921 0.0006883716 0.00050000002,
          -0.02214683 0.001427051 -0.0075000003,
          -0.02214683 0.001427051 0.00050000002,
          -0.022467017 0.0021074803 0.00050000002,
          -0.022467017 0.0021074803 -0.0075000003,
          -0.022946361 0.0026869059 -0.0075000003,
          -0.022946361 0.0026869059 0.00050000002,
          -0.02355474 0.0031289202 -0.0075000003,
          -0.02355474 0.0031289202 0.00050000002,
          -0.024253933 0.0034057498 -0.0075000003,
          -0.024253933 0.0034057498 0.00050000002,
          -0.015556349 0.020298991 -0.0075000003,
          -0.015556349 0.020298991 0.00050000002,
          -0.016150545 0.020759895 -0.0075000003,
          -0.016150545 0.020759895 0.00050000002,
          -0.016840696 0.02105855 -0.0075000003,
          -0.016840696 0.02105855 0.00050000002,
          -0.017583437 0.021176191 -0.0075000003,
          -0.017583437 0.021176191 0.00050000002,
          -0.018332101 0.02110542 -0.0075000003,
          -0.018332101 0.02110542 0.00050000002,
          -0.019039642 0.02085069 -0.0075000003,
          -0.019039642 0.02085069 0.00050000002,
          -0.019661607 0.020428004 -0.0075000003,
          -0.019661607 0.020428004 0.00050000002,
          -0.020158911 0.01986392 -0.0075000003,
          -0.020158911 0.01986392 0.00050000002,
          -0.020500312 0.019193884 -0.0075000003,
          -0.020500312 0.019193884 0.00050000002,
          -0.020664357 0.018459996 -0.0075000003,
          -0.020664357 0.018459996 0.00050000002,
          -0.020640735 0.017708367 -0.0075000003,
          -0.020640735 0.017708367 0.00050000002,
          -0.020430934 0.016986227 -0.0075000003,
          -0.020430934 0.016986227 0.00050000002,
          -0.020048134 0.01633895 -0.0075000003,
          -0.020048134 0.01633895 0.00050000002,
          -0.019516392 0.015807206 -0.0075000003,
          -0.019516392 0.015807206 0.00050000002,
          -0.018869115 0.015424407 -0.0075000003,
          -0.018869115 0.015424407 0.00050000002,
          -0.018146973 0.015214605 -0.0075000003,
          -0.018146973 0.015214605 0.00050000002,
          -0.017395345 0.015190984 -0.0075000003,
          -0.017395345 0.015190984 0.00050000002,
          -0.016661456 0.015355028 -0.0075000003,
          -0.016661456 0.015355028 0.00050000002,
          -0.015991421 0.015696429 -0.0075000003,
          -0.015991421 0.015696429 0.00050000002,
          -0.015427337 0.016193734 -0.0075000003,
          -0.015427337 0.016193734 0.00050000002,
          -0.015004651 0.0168157 -0.0075000003,
          -0.015004651 0.0168157 0.00050000002,
          -0.01474992 0.01752324 -0.0075000003,
          -0.01474992 0.01752324 0.00050000002,
          -0.014679151 0.018271903 -0.0075000003,
          -0.014679151 0.018271903 0.00050000002,
          -0.014796789 0.019014644 -0.0075000003,
          -0.014796789 0.019014644 0.00050000002,
          -0.015095444 0.019704795 -0.0075000003,
          -0.015095444 0.019704795 0.00050000002,
          0.003 0.025500001 -0.0075000003,
          0.003 0.025500001 0.00050000002,
          0.0029057497 0.026246071 -0.0075000003,
          0.0029057497 0.026246071 0.00050000002,
          0.0026289201 0.026945263 -0.0075000003,
          0.0026289201 0.026945263 0.00050000002,
          0.0021869061 0.027553642 -0.0075000003,
          0.0021869061 0.027553642 0.00050000002,
          0.0016074805 0.028032985 -0.0075000003,
          0.0016074805 0.028032985 0.00050000002,
          0.00092705106 0.028353171 -0.0075000003,
          0.00092705106 0.028353171 0.00050000002,
          0.00018837156 0.028494081 -0.0075000003,
          0.00018837156 0.028494081 0.00050000002,
          -0.00056214392 0.028446862 -0.0075000003,
          -0.00056214392 0.028446862 0.00050000002,
          -0.001277338 0.028214483 -0.0075000003,
          -0.001277338 0.028214483 0.00050000002,
          -0.0019122721 0.027811542 -0.0075000003,
          -0.0019122721 0.027811542 0.00050000002,
          -0.0024270511 0.027263356 -0.0075000003,
          -0.0024270511 0.027263356 0.00050000002,
          -0.0027893297 0.026604375 -0.0075000003,
          -0.0027893297 0.026604375 0.00050000002,
          -0.0029763442 0.025876001 -0.0075000003,
          -0.0029763442 0.025876001 0.00050000002,
          -0.0029763442 0.025124002 -0.0075000003,
          -0.0029763442 0.025124002 0.00050000002,
          -0.0027893297 0.024395628 -0.0075000003,
          -0.0027893297 0.024395628 0.00050000002,
          -0.0024270511 0.023736646 -0.0075000003,
          -0.0024270511 0.023736646 0.00050000002,
          -0.0019122721 0.023188461 -0.0075000003,
          -0.0019122721 0.023188461 0.00050000002,
          -0.001277338 0.02278552 -0.0075000003,
          -0.001277338 0.02278552 0.00050000002,
          -0.00056214392 0.02255314 -0.0075000003,
          -0.00056214392 0.02255314 0.00050000002,
          0.00018837156 0.022505922 -0.0075000003,
          0.00018837156 0.022505922 0.00050000002,
          0.00092705106 0.022646831 -0.0075000003,
          0.00092705106 0.022646831 0.00050000002,
          0.0016074805 0.022967018 -0.0075000003,
          0.0016074805 0.022967018 0.00050000002,
          0.0021869061 0.023446361 0.00050000002,
          0.0021869061 0.023446361 -0.0075000003,
          0.0026289201 0.02405474 -0.0075000003,
          0.0026289201 0.02405474 0.00050000002,
          0.0029057497 0.024753932 -0.0075000003,
          0.0029057497 0.024753932 0.00050000002,
          0.01575 0.00050000002 0.00050000002,
          0.015465378 0.0034807073 0.00050000002,
          0.01575 0.00050000002 -0.0055000004,
          0.015465378 0.0034807073 -0.0055000004,
          0.014621795 0.0063536838 0.00050000002,
          0.014621795 0.0063536838 -0.0055000004,
          0.013249744 0.0090150936 0.00050000002,
          0.013249744 0.0090150936 -0.0055000004,
          0.011398812 0.011368745 0.00050000002,
          0.011398812 0.011368745 -0.0055000004,
          0.0091358973 0.013329571 0.00050000002,
          0.0091358973 0.013329571 -0.0055000004,
          0.006542787 0.014826705 0.00050000002,
          0.006542787 0.014826705 -0.0055000004,
          0.0037132034 0.015806032 0.00050000002,
          0.0037132034 0.015806032 -0.0055000004,
          0.00074941519 0.016232161 0.00050000002,
          0.00074941519 0.016232161 -0.0055000004,
          -0.0022414587 0.016089689 -0.0055000004,
          -0.0022414587 0.016089689 0.00050000002,
          -0.0051513207 0.015383764 0.00050000002,
          -0.0051513207 0.015383764 -0.0055000004,
          -0.0078750001 0.014139901 -0.0055000004,
          -0.0078750001 0.014139901 0.00050000002,
          -0.010314057 0.012403057 -0.0055000004,
          -0.010314057 0.012403057 0.00050000002,
          -0.012380336 0.010236004 0.00050000002,
          -0.012380336 0.010236004 -0.0055000004,
          -0.013999159 0.0077170683 0.00050000002,
          -0.013999159 0.0077170683 -0.0055000004,
          -0.015112015 0.0049372879 0.00050000002,
          -0.015112015 0.0049372879 -0.0055000004,
          -0.015678683 0.0019971328 0.00050000002,
          -0.015678683 0.0019971328 -0.0055000004,
          -0.015678683 -0.00099713274 -0.0055000004,
          -0.015678683 -0.00099713274 0.00050000002,
          -0.015112015 -0.0039372882 0.00050000002,
          -0.015112015 -0.0039372882 -0.0055000004,
          -0.013999159 -0.0067170681 0.00050000002,
          -0.013999159 -0.0067170681 -0.0055000004,
          -0.012380336 -0.0092360042 0.00050000002,
          -0.012380336 -0.0092360042 -0.0055000004,
          -0.010314057 -0.011403057 0.00050000002,
          -0.010314057 -0.011403057 -0.0055000004,
          -0.0078750001 -0.013139901 0.00050000002,
          -0.0078750001 -0.013139901 -0.0055000004,
          -0.0051513207 -0.014383764 0.00050000002,
          -0.0051513207 -0.014383764 -0.0055000004,
          -0.0022414587 -0.015089688 -0.0055000004,
          -0.0022414587 -0.015089688 0.00050000002,
          0.00074941519 -0.015232162 -0.0055000004,
          0.00074941519 -0.015232162 0.00050000002,
          0.0037132034 -0.014806033 0.00050000002,
          0.0037132034 -0.014806033 -0.0055000004,
          0.006542787 -0.013826705 0.00050000002,
          0.006542787 -0.013826705 -0.0055000004,
          0.0091358973 -0.012329571 0.00050000002,
          0.0091358973 -0.012329571 -0.0055000004,
          0.011398812 -0.010368746 -0.0055000004,
          0.011398812 -0.010368746 0.00050000002,
          0.013249744 -0.0080150934 -0.0055000004,
          0.013249744 -0.0080150934 0.00050000002,
          0.014621795 -0.0053536836 0.00050000002,
          0.014621795 -0.0053536836 -0.0055000004,
          0.015465378 -0.0024807074 -0.0055000004,
          0.015465378 -0.0024807074 0.00050000002,
          -0.040000003 0.00050000002 -0.015500001,
          -0.039719243 -0.0042309272 -0.015500001,
          -0.033 0.00050000002 -0.0045000003,
          -0.032717682 -0.0038073645 -0.0045000003,
          -0.038880918 -0.0088954428 -0.015500001,
          -0.031875554 -0.0080410289 -0.0045000003,
          -0.03749679 -0.013428066 -0.015500001,
          -0.030488025 -0.012128554 -0.0045000003,
          -0.035586286 -0.01776517 -0.015500001,
          -0.02857884 -0.016000001 -0.0045000003,
          -0.033176228 -0.021845872 -0.015500001,
          -0.026180662 -0.019589128 -0.0045000003,
          -0.030300451 -0.025612885 -0.015500001,
          -0.023334526 -0.022834525 -0.0045000003,
          -0.026999323 -0.029013332 -0.015500001,
          -0.020089127 -0.025680661 -0.0045000003,
          -0.023319181 -0.031999476 -0.015500001,
          -0.0165 -0.028078839 -0.0045000003,
          -0.019311689 -0.034529399 -0.015500001,
          -0.012628554 -0.029988024 -0.0045000003,
          -0.015033104 -0.036567587 -0.015500001,
          -0.008541028 -0.031375553 -0.0045000003,
          -0.010543487 -0.038085423 -0.015500001,
          -0.0059058624 -0.03906161 -0.015500001,
          -0.0043073646 -0.032217685 -0.0045000003,
          -0.0011853332 -0.039482433 -0.015500001,
          -6.035475e-017 -0.032500003 -0.0045000003,
          0.0035518359 -0.039341997 -0.015500001,
          0.0043073646 -0.032217685 -0.0045000003,
          0.0082391445 -0.038642265 -0.015500001,
          0.008541028 -0.031375553 -0.0045000003,
          0.012810795 -0.037393056 -0.015500001,
          0.012628554 -0.029988024 -0.0045000003,
          0.017202608 -0.035611913 -0.015500001,
          0.0165 -0.028078839 -0.0045000003,
          0.021352937 -0.033323843 -0.015500001,
          0.020089127 -0.025680661 -0.0045000003,
          0.025203515 -0.030560957 -0.015500001,
          0.023334526 -0.022834525 -0.0045000003,
          0.028700292 -0.027362043 -0.015500001,
          0.026180662 -0.019589128 -0.0045000003,
          0.031794179 -0.023772007 -0.015500001,
          0.034441747 -0.019841246 -0.015500001,
          0.02857884 -0.016000001 -0.0045000003,
          0.036605824 -0.015624938 -0.015500001,
          0.030488025 -0.012128554 -0.0045000003,
          0.038256042 -0.011182272 -0.015500001,
          0.031875554 -0.0080410289 -0.0045000003,
          0.039369226 -0.0065756114 -0.015500001,
          0.032717682 -0.0038073645 -0.0045000003,
          0.039929751 -0.0018696252 -0.015500001,
          0.033 0.00050000002 -0.0045000003,
          0.039929751 0.0028696253 -0.015500001,
          0.032717682 0.0048073647 -0.0045000003,
          0.039369226 0.0075756116 -0.015500001,
          0.031875554 0.0090410281 -0.0045000003,
          0.038256042 0.012182272 -0.015500001,
          0.030488025 0.013128554 -0.0045000003,
          0.036605824 0.016624939 -0.015500001,
          0.02857884 0.017000001 -0.0045000003,
          0.034441747 0.020841246 -0.015500001,
          0.026180662 0.020589128 -0.0045000003,
          0.031794179 0.024772007 -0.015500001,
          0.028700292 0.028362043 -0.015500001,
          0.023334526 0.023834525 -0.0045000003,
          0.025203515 0.031560957 -0.015500001,
          0.020089127 0.026680661 -0.0045000003,
          0.021352937 0.034323841 -0.015500001,
          0.0165 0.029078839 -0.0045000003,
          0.017202608 0.036611915 -0.015500001,
          0.012628554 0.030988025 -0.0045000003,
          0.012810795 0.038393058 -0.015500001,
          0.008541028 0.032375555 -0.0045000003,
          0.0082391445 0.039642263 -0.015500001,
          0.0043073646 0.033217683 -0.0045000003,
          0.0035518359 0.040341996 -0.015500001,
          2.8329844e-017 0.033500001 -0.0045000003,
          -0.0011853332 0.040482435 -0.015500001,
          -0.0043073646 0.033217683 -0.0045000003,
          -0.0059058624 0.040061608 -0.015500001,
          -0.008541028 0.032375555 -0.0045000003,
          -0.010543487 0.039085425 -0.015500001,
          -0.015033104 0.037567586 -0.015500001,
          -0.012628554 0.030988025 -0.0045000003,
          -0.019311689 0.035529397 -0.015500001,
          -0.0165 0.029078839 -0.0045000003,
          -0.023319181 0.032999475 -0.015500001,
          -0.020089127 0.026680661 -0.0045000003,
          -0.026999323 0.030013332 -0.015500001,
          -0.023334526 0.023834525 -0.0045000003,
          -0.030300451 0.026612885 -0.015500001,
          -0.026180662 0.020589128 -0.0045000003,
          -0.033176228 0.022845872 -0.015500001,
          -0.02857884 0.017000001 -0.0045000003,
          -0.035586286 0.01876517 -0.015500001,
          -0.030488025 0.013128554 -0.0045000003,
          -0.03749679 0.014428066 -0.015500001,
          -0.031875554 0.0090410281 -0.0045000003,
          -0.038880918 0.0098954421 -0.015500001,
          -0.032717682 0.0048073647 -0.0045000003,
          -0.039719243 0.0052309274 -0.015500001,
          0.030000001 0.00050000002 -0.030500002,
          0.02972058 0.0045849998 -0.030500002,
          0.030000001 0.00050000002 -0.020500001,
          0.02972058 0.0045849998 -0.020500001,
          0.02888752 0.0085939039 -0.030500002,
          0.02888752 0.0085939039 -0.020500001,
          0.027516339 0.012452033 -0.030500002,
          0.027516339 0.012452033 -0.020500001,
          0.025632583 0.016087519 -0.030500002,
          0.025632583 0.016087519 -0.020500001,
          0.023271341 0.01943264 -0.030500002,
          0.023271341 0.01943264 -0.020500001,
          0.020476596 0.02242508 -0.030500002,
          0.020476596 0.02242508 -0.020500001,
          0.01730041 0.025009098 -0.030500002,
          0.01730041 0.025009098 -0.020500001,
          0.013801952 0.027136559 -0.030500002,
          0.013801952 0.027136559 -0.020500001,
          0.010046389 0.02876783 -0.030500002,
          0.010046389 0.02876783 -0.020500001,
          0.0061036809 0.029872524 -0.030500002,
          0.0061036809 0.029872524 -0.020500001,
          0.0020472726 0.030430065 -0.030500002,
          0.0020472726 0.030430065 -0.020500001,
          -0.0020472726 0.030430065 -0.030500002,
          -0.0020472726 0.030430065 -0.020500001,
          -0.0061036809 0.029872524 -0.030500002,
          -0.0061036809 0.029872524 -0.020500001,
          -0.010046389 0.02876783 -0.030500002,
          -0.010046389 0.02876783 -0.020500001,
          -0.013801952 0.027136559 -0.030500002,
          -0.013801952 0.027136559 -0.020500001,
          -0.01730041 0.025009098 -0.030500002,
          -0.01730041 0.025009098 -0.020500001,
          -0.020476596 0.02242508 -0.030500002,
          -0.020476596 0.02242508 -0.020500001,
          -0.023271341 0.01943264 -0.030500002,
          -0.023271341 0.01943264 -0.020500001,
          -0.025632583 0.016087519 -0.020500001,
          -0.025632583 0.016087519 -0.030500002,
          -0.027516339 0.012452033 -0.030500002,
          -0.027516339 0.012452033 -0.020500001,
          -0.02888752 0.0085939039 -0.030500002,
          -0.02888752 0.0085939039 -0.020500001,
          -0.02972058 0.0045849998 -0.030500002,
          -0.02972058 0.0045849998 -0.020500001,
          -0.030000001 0.00050000002 -0.030500002,
          -0.030000001 0.00050000002 -0.020500001,
          -0.02972058 -0.0035849998 -0.020500001,
          -0.02972058 -0.0035849998 -0.030500002,
          -0.02888752 -0.0075939032 -0.030500002,
          -0.02888752 -0.0075939032 -0.020500001,
          -0.027516339 -0.011452033 -0.030500002,
          -0.027516339 -0.011452033 -0.020500001,
          -0.025632583 -0.01508752 -0.020500001,
          -0.025632583 -0.01508752 -0.030500002,
          -0.023271341 -0.01843264 -0.030500002,
          -0.023271341 -0.01843264 -0.020500001,
          -0.020476596 -0.02142508 -0.020500001,
          -0.020476596 -0.02142508 -0.030500002,
          -0.01730041 -0.024009097 -0.030500002,
          -0.01730041 -0.024009097 -0.020500001,
          -0.013801952 -0.026136559 -0.020500001,
          -0.013801952 -0.026136559 -0.030500002,
          -0.010046389 -0.02776783 -0.020500001,
          -0.010046389 -0.02776783 -0.030500002,
          -0.0061036809 -0.028872523 -0.020500001,
          -0.0061036809 -0.028872523 -0.030500002,
          -0.0020472726 -0.029430065 -0.020500001,
          -0.0020472726 -0.029430065 -0.030500002,
          0.0020472726 -0.029430065 -0.020500001,
          0.0020472726 -0.029430065 -0.030500002,
          0.0061036809 -0.028872523 -0.030500002,
          0.0061036809 -0.028872523 -0.020500001,
          0.010046389 -0.02776783 -0.020500001,
          0.010046389 -0.02776783 -0.030500002,
          0.013801952 -0.026136559 -0.030500002,
          0.013801952 -0.026136559 -0.020500001,
          0.01730041 -0.024009097 -0.020500001,
          0.01730041 -0.024009097 -0.030500002,
          0.020476596 -0.02142508 -0.030500002,
          0.020476596 -0.02142508 -0.020500001,
          0.023271341 -0.01843264 -0.020500001,
          0.023271341 -0.01843264 -0.030500002,
          0.025632583 -0.01508752 -0.030500002,
          0.025632583 -0.01508752 -0.020500001,
          0.027516339 -0.011452033 -0.030500002,
          0.027516339 -0.011452033 -0.020500001,
          0.02888752 -0.0075939032 -0.030500002,
          0.02888752 -0.0075939032 -0.020500001,
          0.02972058 -0.0035849998 -0.020500001,
          0.02972058 -0.0035849998 -0.030500002,
          -0.031500001 0.00050000002 -0.0045000003,
          -0.031500001 0.00050000002 0.00050000002,
          -0.031218942 0.0046985396 -0.0045000003,
          -0.031218942 0.0046985396 0.00050000002,
          -0.03038078 0.0088221552 -0.0045000003,
          -0.03038078 0.0088221552 0.00050000002,
          -0.029000472 0.012797263 -0.0045000003,
          -0.029000472 0.012797263 0.00050000002,
          -0.027102651 0.016552925 -0.0045000003,
          -0.027102651 0.016552925 0.00050000002,
          -0.024721181 0.020022122 -0.0045000003,
          -0.024721181 0.020022122 0.00050000002,
          -0.021898562 0.023142947 -0.0045000003,
          -0.021898562 0.023142947 0.00050000002,
          -0.018685162 0.025859708 -0.0045000003,
          -0.018685162 0.025859708 0.00050000002,
          -0.015138326 0.028123925 -0.0045000003,
          -0.015138326 0.028123925 0.00050000002,
          -0.011321345 0.02989519 -0.0045000003,
          -0.011321345 0.02989519 0.00050000002,
          -0.007302335 0.0311419 -0.0045000003,
          -0.007302335 0.0311419 0.00050000002,
          -0.0031530142 0.031841803 -0.0045000003,
          -0.0031530142 0.031841803 0.00050000002,
          0.0010525718 0.031982411 -0.0045000003,
          0.0010525718 0.031982411 0.00050000002,
          0.0052393749 0.031561214 -0.0045000003,
          0.0052393749 0.031561214 0.00050000002,
          0.0093326811 0.03058573 -0.0045000003,
          0.0093326811 0.03058573 0.00050000002,
          0.013259446 0.029073365 -0.0045000003,
          0.013259446 0.029073365 0.00050000002,
          0.016949596 0.027051108 -0.0045000003,
          0.016949596 0.027051108 0.00050000002,
          0.020337278 0.024555046 -0.0045000003,
          0.020337278 0.024555046 0.00050000002,
          0.023362042 0.021629719 -0.0045000003,
          0.023362042 0.021629719 0.00050000002,
          0.025969911 0.018327335 -0.0045000003,
          0.025969911 0.018327335 0.00050000002,
          0.028114345 0.014706819 -0.0045000003,
          0.028114345 0.014706819 0.00050000002,
          0.029757077 0.010832783 -0.0045000003,
          0.029757077 0.010832783 0.00050000002,
          0.030868795 0.0067743589 -0.0045000003,
          0.030868795 0.0067743589 0.00050000002,
          0.03142966 0.0026039681 -0.0045000003,
          0.03142966 0.0026039681 0.00050000002,
          0.03142966 -0.001603968 -0.0045000003,
          0.03142966 -0.001603968 0.00050000002,
          0.030868795 -0.0057743592 -0.0045000003,
          0.030868795 -0.0057743592 0.00050000002,
          0.029757077 -0.0098327836 -0.0045000003,
          0.029757077 -0.0098327836 0.00050000002,
          0.028114345 -0.013706819 -0.0045000003,
          0.028114345 -0.013706819 0.00050000002,
          0.025969911 -0.017327335 -0.0045000003,
          0.025969911 -0.017327335 0.00050000002,
          0.023362042 -0.020629719 -0.0045000003,
          0.023362042 -0.020629719 0.00050000002,
          0.020337278 -0.023555046 -0.0045000003,
          0.020337278 -0.023555046 0.00050000002,
          0.016949596 -0.026051108 -0.0045000003,
          0.016949596 -0.026051108 0.00050000002,
          0.013259446 -0.028073365 -0.0045000003,
          0.013259446 -0.028073365 0.00050000002,
          0.0093326811 -0.02958573 -0.0045000003,
          0.0093326811 -0.02958573 0.00050000002,
          0.0052393749 -0.030561214 -0.0045000003,
          0.0052393749 -0.030561214 0.00050000002,
          0.0010525718 -0.030982411 -0.0045000003,
          0.0010525718 -0.030982411 0.00050000002,
          -0.0031530142 -0.030841801 -0.0045000003,
          -0.0031530142 -0.030841801 0.00050000002,
          -0.007302335 -0.030141899 -0.0045000003,
          -0.007302335 -0.030141899 0.00050000002,
          -0.011321345 -0.02889519 -0.0045000003,
          -0.011321345 -0.02889519 0.00050000002,
          -0.015138326 -0.027123924 -0.0045000003,
          -0.015138326 -0.027123924 0.00050000002,
          -0.018685162 -0.024859708 -0.0045000003,
          -0.018685162 -0.024859708 0.00050000002,
          -0.021898562 -0.022142947 -0.0045000003,
          -0.021898562 -0.022142947 0.00050000002,
          -0.024721181 -0.019022122 -0.0045000003,
          -0.024721181 -0.019022122 0.00050000002,
          -0.027102651 -0.015552925 0.00050000002,
          -0.027102651 -0.015552925 -0.0045000003,
          -0.029000472 -0.011797262 -0.0045000003,
          -0.029000472 -0.011797262 0.00050000002,
          -0.03038078 -0.007822155 0.00050000002,
          -0.03038078 -0.007822155 -0.0045000003,
          -0.031218942 -0.0036985392 0.00050000002,
          -0.031218942 -0.0036985392 -0.0045000003,
          -0.040000003 0.00050000002 -0.020500001,
          -0.039719243 0.0052309274 -0.020500001,
          -0.038880918 0.0098954421 -0.020500001,
          -0.03749679 0.014428066 -0.020500001,
          -0.035586286 0.01876517 -0.020500001,
          -0.033176228 0.022845872 -0.020500001,
          -0.030300451 0.026612885 -0.020500001,
          -0.026999323 0.030013332 -0.020500001,
          -0.023319181 0.032999475 -0.020500001,
          -0.019311689 0.035529397 -0.020500001,
          -0.015033104 0.037567586 -0.020500001,
          -0.010543487 0.039085425 -0.020500001,
          -0.0059058624 0.040061608 -0.020500001,
          -0.0011853332 0.040482435 -0.020500001,
          0.0035518359 0.040341996 -0.020500001,
          0.0082391445 0.039642263 -0.020500001,
          0.012810795 0.038393058 -0.020500001,
          0.017202608 0.036611915 -0.020500001,
          0.021352937 0.034323841 -0.020500001,
          0.025203515 0.031560957 -0.020500001,
          0.028700292 0.028362043 -0.020500001,
          0.031794179 0.024772007 -0.020500001,
          0.034441747 0.020841246 -0.020500001,
          0.036605824 0.016624939 -0.020500001,
          0.038256042 0.012182272 -0.020500001,
          0.039369226 0.0075756116 -0.020500001,
          0.039929751 0.0028696253 -0.020500001,
          0.039929751 -0.0018696252 -0.020500001,
          0.039369226 -0.0065756114 -0.020500001,
          0.038256042 -0.011182272 -0.020500001,
          0.036605824 -0.015624938 -0.020500001,
          0.034441747 -0.019841246 -0.020500001,
          0.031794179 -0.023772007 -0.020500001,
          0.028700292 -0.027362043 -0.020500001,
          0.025203515 -0.030560957 -0.020500001,
          0.021352937 -0.033323843 -0.020500001,
          0.017202608 -0.035611913 -0.020500001,
          0.012810795 -0.037393056 -0.020500001,
          0.0082391445 -0.038642265 -0.020500001,
          0.0035518359 -0.039341997 -0.020500001,
          -0.0011853332 -0.039482433 -0.020500001,
          -0.0059058624 -0.03906161 -0.020500001,
          -0.010543487 -0.038085423 -0.020500001,
          -0.015033104 -0.036567587 -0.020500001,
          -0.019311689 -0.034529399 -0.020500001,
          -0.023319181 -0.031999476 -0.020500001,
          -0.026999323 -0.029013332 -0.020500001,
          -0.030300451 -0.025612885 -0.020500001,
          -0.033176228 -0.021845872 -0.020500001,
          -0.035586286 -0.01776517 -0.020500001,
          -0.03749679 -0.013428066 -0.020500001,
          -0.038880918 -0.0088954428 -0.020500001,
          -0.039719243 -0.0042309272 -0.020500001,
          0.017683586 0.018171754 -0.0075000003,
          0.025 0.00048817208 -0.0075000003,
          0.017671755 -0.017183587 -0.0075000003,
          -1.1827949e-005 -0.024500001 -0.0075000003,
          -0.017683586 -0.017171754 -0.0075000003,
          -0.025 0.000511828 -0.0075000003,
          -0.017671755 0.018183587 -0.0075000003,
          1.1827949e-005 0.025500001 -0.0075000003,
          3.565861e-005 0.00050000002 -0.0055000004,
          -8.5118281e-017 0.00050000002 -0.030500002 ]
      normal [ -0.79015499 0.61290705 0,
          -0.83856332 0.54480428 0,
          -0.88139659 0.47237712 0,
          -0.94770557 0.31914604 0,
          -0.97118127 0.23834212 0,
          -0.99730003 0.073434696 0,
          -0.99994308 -0.010668796 0,
          -0.98423052 -0.17689084 0,
          -0.96587479 -0.25900933 0,
          -0.90931815 -0.41610163 0,
          -0.87111712 -0.4910754 0,
          -0.7501111 -0.66131186 0,
          -0.75011104 -0.66131186 0,
          -0.56208336 -0.82708055 0,
          -0.37802324 -0.92579615 0,
          -0.29885277 -0.95429921 0,
          -0.13591078 -0.99072111 0,
          -0.0521392 -0.99863988 0,
          0.11474143 -0.99339539 0,
          0.19785048 -0.98023224 0,
          0.35818401 -0.93365103 0,
          0.43540847 -0.90023297 0,
          0.57912058 -0.81524199 0,
          0.64560819 -0.76366878 0,
          0.76366878 -0.64560819 0,
          0.81524199 -0.57912058 0,
          0.90023297 -0.4354085 0,
          0.93365103 -0.35818401 0,
          0.98023224 -0.19785048 0,
          0.99339539 -0.11474143 0,
          0.99863988 0.0521392 0,
          0.99072111 0.13591078 0,
          0.95429921 0.29885277 0,
          0.92579615 0.37802324 0,
          0.84999651 0.52678841 0,
          0.80270004 0.59638309 0,
          0.69228542 0.7216239 0,
          0.62916726 0.77726996 0,
          0.4910754 0.87111717 0,
          0.41610163 0.90931815 0,
          0.21814325 0.9759168 0,
          -0.031410765 0.99950659 0,
          -0.031410761 0.99950659 0,
          -0.27899113 0.96029377 0,
          -0.47237706 0.88139653 0,
          -0.54480428 0.83856332 0,
          -0.61290705 0.79015499 0,
          -0.12533323 0.99211478 0,
          -0.20771898 0.97818857 0,
          -0.28922042 0.95726258 0,
          -0.44445872 0.8957994 0,
          -0.51819551 0.85526216 0,
          -0.65327144 0.75712389 0,
          -0.71461052 0.69952261 0,
          -0.82103676 0.57087541 0,
          -0.86612391 0.49982938 0,
          -0.95105654 0.309017 0,
          -0.99802679 0.062790528 0,
          -0.98228723 -0.18738133 0,
          -0.92193949 -0.38733396 0,
          -0.88611233 -0.46347067 0,
          -0.7705133 -0.63742405 0,
          -0.77051324 -0.63742405 0,
          -0.5877853 -0.809017 0,
          -0.58778524 -0.809017 0,
          -0.36812454 -0.92977649 0,
          -0.166963 -0.98596317 0,
          -0.083481506 -0.99650937 0,
          0.083481506 -0.99650937 0,
          0.166963 -0.98596317 0,
          0.32868055 -0.94444114 0,
          0.40691665 -0.91346532 0,
          0.55322742 -0.83303022 0,
          0.62130213 -0.78357106 0,
          0.74301302 -0.66927701 0,
          0.7966491 -0.60444218 0,
          0.88611227 -0.46347067 0,
          0.92193949 -0.38733396 0,
          0.97353387 -0.22854269 0,
          0.98930115 -0.14588812 0,
          0.99978483 0.020745438 0,
          0.99450129 0.10472441 0,
          0.96321559 0.26873004 0,
          0.9372133 0.3487567 0,
          0.84432793 0.5358268 0,
          0.68454713 0.72896862 0,
          0.48175365 0.87630665 0,
          0.28922042 0.95726258 0,
          0.20771898 0.97818857 0,
          0.12533323 0.99211478 0,
          0.61290705 0.79015499 0,
          0.54480428 0.83856332 0,
          0.47237712 0.88139659 0,
          0.31914604 0.94770557 0,
          0.23834212 0.97118127 0,
          0.073434696 0.99730003 0,
          -0.010668796 0.99994308 0,
          -0.17689084 0.98423052 0,
          -0.25900933 0.96587479 0,
          -0.41610163 0.90931815 0,
          -0.4910754 0.87111712 0,
          -0.66131186 0.7501111 0,
          -0.66131186 0.75011104 0,
          -0.82708055 0.56208336 0,
          -0.94088078 0.33873791 0,
          -0.99072111 0.13591078 0,
          -0.99863988 0.0521392 0,
          -0.98768842 -0.15643448 0,
          -0.93365103 -0.35818401 0,
          -0.90023297 -0.43540847 0,
          -0.81524199 -0.57912058 0,
          -0.76366878 -0.64560819 0,
          -0.64560819 -0.76366878 0,
          -0.57912058 -0.81524199 0,
          -0.4354085 -0.90023297 0,
          -0.35818401 -0.93365103 0,
          -0.19785048 -0.98023224 0,
          -0.11474143 -0.99339539 0,
          0.0521392 -0.99863988 0,
          0.13591078 -0.99072111 0,
          0.29885277 -0.95429921 0,
          0.37802324 -0.92579615 0,
          0.52678841 -0.84999651 0,
          0.59638309 -0.80270004 0,
          0.7216239 -0.69228542 0,
          0.77726996 -0.62916726 0,
          0.87111717 -0.4910754 0,
          0.90931815 -0.41610163 0,
          0.9759168 -0.21814325 0,
          0.99950659 0.031410765 0,
          0.99950659 0.031410761 0,
          0.96029377 0.27899113 0,
          0.88139653 0.47237706 0,
          0.83856332 0.54480428 0,
          0.79015499 0.61290705 0,
          0.99211478 0.12533323 0,
          0.97818857 0.20771898 0,
          0.95726258 0.28922042 0,
          0.8957994 0.44445872 0,
          0.85526216 0.51819551 0,
          0.75712389 0.65327144 0,
          0.69952261 0.71461052 0,
          0.57087541 0.82103676 0,
          0.49982938 0.86612391 0,
          0.3487567 0.9372133 0,
          0.26873004 0.96321559 0,
          0.10472441 0.99450129 0,
          0.020745438 0.99978483 0,
          -0.14588813 0.98930115 0,
          -0.22854269 0.97353387 0,
          -0.38733396 0.92193949 0,
          -0.46347067 0.88611233 0,
          -0.60444218 0.79664904 0,
          -0.66927701 0.74301296 0,
          -0.78357106 0.62130213 0,
          -0.83303022 0.55322742 0,
          -0.91346532 0.40691665 0,
          -0.94444114 0.32868055 0,
          -0.98596317 0.166963 0,
          -0.99650937 0.083481506 0,
          -0.99650937 -0.083481506 0,
          -0.98596317 -0.166963 0,
          -0.94444114 -0.32868055 0,
          -0.91346532 -0.40691665 0,
          -0.83303022 -0.55322742 0,
          -0.78357106 -0.62130213 0,
          -0.66927701 -0.74301302 0,
          -0.60444218 -0.7966491 0,
          -0.46347067 -0.88611227 0,
          -0.38733396 -0.92193949 0,
          -0.22854269 -0.97353387 0,
          -0.14588812 -0.98930115 0,
          0.020745438 -0.99978483 0,
          0.10472441 -0.99450129 0,
          0.309017 -0.95105654 0,
          0.49982938 -0.86612391 0,
          0.57087541 -0.82103676 0,
          0.69952261 -0.71461052 0,
          0.75712389 -0.65327144 0,
          0.85526222 -0.51819551 0,
          0.8957994 -0.44445872 0,
          0.95726258 -0.28922042 0,
          0.97818857 -0.20771898 0,
          0.99211478 -0.12533323 0,
          0.79015499 -0.61290705 0,
          0.83856332 -0.54480428 0,
          0.88139659 -0.47237712 0,
          0.94770557 -0.31914604 0,
          0.97118127 -0.23834212 0,
          0.99730003 -0.073434696 0,
          0.99994308 0.010668796 0,
          0.98423052 0.17689084 0,
          0.96587479 0.25900933 0,
          0.90931815 0.41610163 0,
          0.87111712 0.4910754 0,
          0.77726996 0.62916726 0,
          0.72162384 0.69228536 0,
          0.59638309 0.80270004 0,
          0.52678835 0.84999645 0,
          0.37802324 0.92579615 0,
          0.29885277 0.95429921 0,
          0.13591078 0.99072111 0,
          0.0521392 0.99863988 0,
          -0.11474143 0.99339539 0,
          -0.19785048 0.98023224 0,
          -0.35818401 0.93365103 0,
          -0.43540847 0.90023297 0,
          -0.57912058 0.81524199 0,
          -0.64560819 0.76366878 0,
          -0.76366878 0.64560819 0,
          -0.81524199 0.57912058 0,
          -0.90023297 0.4354085 0,
          -0.93365103 0.35818401 0,
          -0.98023224 0.19785048 0,
          -0.99339539 0.11474143 0,
          -0.99863988 -0.0521392 0,
          -0.99072111 -0.13591078 0,
          -0.95429921 -0.29885277 0,
          -0.92579615 -0.37802324 0,
          -0.84999651 -0.52678841 0,
          -0.80270004 -0.59638309 0,
          -0.69228542 -0.7216239 0,
          -0.62916726 -0.77726996 0,
          -0.45399046 -0.89100653 0,
          -0.21814325 -0.9759168 0,
          0.031410765 -0.99950659 0,
          0.031410761 -0.99950659 0,
          0.23834212 -0.97118127 0,
          0.31914607 -0.94770557 0,
          0.50904143 -0.86074203 0,
          0.61290705 -0.79015499 0,
          0.12533323 -0.99211478 0,
          0.20771898 -0.97818857 0,
          0.28922042 -0.95726258 0,
          0.44445872 -0.8957994 0,
          0.51819551 -0.85526216 0,
          0.65327144 -0.75712389 0,
          0.71461052 -0.69952261 0,
          0.82103676 -0.57087541 0,
          0.86612391 -0.49982938 0,
          0.9372133 -0.3487567 0,
          0.96321559 -0.26873004 0,
          0.99450129 -0.10472441 0,
          0.99978483 -0.020745438 0,
          0.98930115 0.14588813 0,
          0.97353387 0.22854269 0,
          0.92193949 0.38733396 0,
          0.88611233 0.46347067 0,
          0.79664904 0.60444218 0,
          0.74301296 0.66927701 0,
          0.62130213 0.78357106 0,
          0.55322742 0.83303022 0,
          0.40691665 0.91346532 0,
          0.32868055 0.94444114 0,
          0.166963 0.98596317 0,
          0.083481506 0.99650937 0,
          -0.083481506 0.99650937 0,
          -0.166963 0.98596317 0,
          -0.32868055 0.94444114 0,
          -0.40691665 0.91346532 0,
          -0.55322742 0.83303022 0,
          -0.62130213 0.78357106 0,
          -0.74301302 0.66927701 0,
          -0.7966491 0.60444218 0,
          -0.88611227 0.46347067 0,
          -0.92193949 0.38733396 0,
          -0.97353387 0.22854269 0,
          -0.98930115 0.14588812 0,
          -0.99978483 -0.020745438 0,
          -0.99450129 -0.10472441 0,
          -0.95105654 -0.309017 0,
          -0.84432793 -0.5358268 0,
          -0.71461052 -0.69952261 0,
          -0.65327144 -0.75712389 0,
          -0.51819551 -0.85526222 0,
          -0.44445872 -0.8957994 0,
          -0.28922042 -0.95726258 0,
          -0.20771898 -0.97818857 0,
          -0.12533323 -0.99211478 0,
          -0.61290705 -0.79015499 0,
          -0.54480428 -0.83856332 0,
          -0.47237712 -0.88139659 0,
          -0.31914604 -0.94770557 0,
          -0.23834212 -0.97118127 0,
          -0.073434696 -0.99730003 0,
          0.010668796 -0.99994308 0,
          0.17689084 -0.98423052 0,
          0.25900933 -0.96587479 0,
          0.41610163 -0.90931815 0,
          0.4910754 -0.87111712 0,
          0.62916726 -0.77726996 0,
          0.69228536 -0.72162384 0,
          0.80270004 -0.59638309 0,
          0.84999645 -0.52678835 0,
          0.92579615 -0.37802324 0,
          0.95429921 -0.29885277 0,
          0.99072111 -0.13591078 0,
          0.99863988 -0.0521392 0,
          0.99339539 0.11474143 0,
          0.98023224 0.19785048 0,
          0.93365103 0.35818401 0,
          0.90023297 0.43540847 0,
          0.81524199 0.57912058 0,
          0.76366878 0.64560819 0,
          0.64560819 0.76366878 0,
          0.57912058 0.81524199 0,
          0.4354085 0.90023297 0,
          0.35818401 0.93365103 0,
          0.19785048 0.98023224 0,
          0.11474143 0.99339539 0,
          -0.0521392 0.99863988 0,
          -0.13591078 0.99072111 0,
          -0.29885277 0.95429921 0,
          -0.37802324 0.92579615 0,
          -0.52678841 0.84999651 0,
          -0.59638309 0.80270004 0,
          -0.7216239 0.69228542 0,
          -0.77726996 0.62916726 0,
          -0.87111717 0.4910754 0,
          -0.90931815 0.41610163 0,
          -0.96587479 0.25900936 0,
          -0.98423052 0.17689084 0,
          -0.99994308 0.010668796 0,
          -0.99730003 -0.073434696 0,
          -0.97118127 -0.23834212 0,
          -0.94770557 -0.31914607 0,
          -0.88139653 -0.47237706 0,
          -0.83856332 -0.54480428 0,
          -0.79015499 -0.61290705 0,
          -0.99211478 -0.12533323 0,
          -0.97818857 -0.20771898 0,
          -0.95726258 -0.28922042 0,
          -0.8957994 -0.44445872 0,
          -0.85526216 -0.51819551 0,
          -0.75712389 -0.65327144 0,
          -0.69952261 -0.71461052 0,
          -0.57087541 -0.82103676 0,
          -0.49982938 -0.86612391 0,
          -0.3487567 -0.9372133 0,
          -0.26873004 -0.96321559 0,
          -0.10472441 -0.99450129 0,
          -0.020745438 -0.99978483 0,
          0.14588813 -0.98930115 0,
          0.22854269 -0.97353387 0,
          0.38733396 -0.92193949 0,
          0.46347067 -0.88611233 0,
          0.60444218 -0.79664904 0,
          0.66927701 -0.74301296 0,
          0.78357106 -0.62130213 0,
          0.83303022 -0.55322742 0,
          0.91346532 -0.40691665 0,
          0.94444114 -0.32868055 0,
          0.98596317 -0.166963 0,
          0.99650937 -0.083481506 0,
          0.99650937 0.083481506 0,
          0.98596317 0.166963 0,
          0.94444114 0.32868055 0,
          0.91346532 0.40691665 0,
          0.83303022 0.55322742 0,
          0.78357106 0.62130213 0,
          0.66927701 0.74301302 0,
          0.60444218 0.7966491 0,
          0.46347067 0.88611227 0,
          0.38733396 0.92193949 0,
          0.22854269 0.97353387 0,
          0.14588812 0.98930115 0,
          -0.020745438 0.99978483 0,
          -0.10472441 0.99450129 0,
          -0.26873004 0.96321559 0,
          -0.3487567 0.9372133 0,
          -0.5358268 0.84432793 0,
          -0.72896862 0.68454713 0,
          -0.85526222 0.51819551 0,
          -0.8957994 0.44445872 0,
          -0.95726258 0.28922042 0,
          -0.97818857 0.20771898 0,
          -0.99211478 0.12533323 0,
          -0.99547189 -0.095056042 0,
          -0.98745239 -0.15791701 0,
          -0.97541094 -0.2203939 0,
          -0.93972182 -0.34193984 0,
          -0.91607416 -0.40100884 0,
          -0.85802734 -0.5136041 0,
          -0.82362813 -0.56713033 0,
          -0.74532151 -0.66670531 0,
          -0.70141399 -0.71275413 0,
          -0.60567766 -0.79571009 0,
          -0.55384886 -0.83261722 0,
          -0.44414318 -0.89595586 0,
          -0.38626626 -0.9223873 0,
          -0.26655617 -0.96381938 0,
          -0.20472303 -0.97882003 0,
          -0.047581915 -0.99886739 0,
          0.14231485 -0.98982143 0,
          0.327068 -0.94500089 0,
          0.47219571 -0.88149375 0,
          0.52729815 -0.84968042 0,
          0.65486073 -0.75574952 0,
          0.76598948 -0.64285308 0,
          0.80532092 -0.59283912 0,
          0.87380785 -0.48627144 0,
          0.90296334 -0.42971772 0,
          0.95004445 -0.31211463 0,
          0.96797019 -0.25106525 0,
          0.99547195 -0.09505605 0,
          0.99547195 0.09505605 0,
          0.96797019 0.25106525 0,
          0.95004445 0.31211463 0,
          0.90296334 0.42971772 0,
          0.87380785 0.48627144 0,
          0.80532092 0.59283912 0,
          0.76598948 0.64285308 0,
          0.67857224 0.73453367 0,
          0.63048631 0.77620035 0,
          0.52729815 0.84968042 0,
          0.47219574 0.88149375 0,
          0.327068 0.94500089 0,
          0.17373237 0.98479289 0,
          0.11075327 0.99384791 0,
          -0.047581911 0.99886739 0,
          -0.047581915 0.99886739 0,
          -0.20472303 0.97882003 0,
          -0.2665562 0.96381938 0,
          -0.38626626 0.9223873 0,
          -0.44414318 0.89595586 0,
          -0.58005691 0.81457597 0,
          -0.70141399 0.71275413 0,
          -0.74532151 0.66670531 0,
          -0.84125352 0.54064083 0,
          -0.92836791 0.37166247 0,
          -0.98192877 0.18925126 0,
          -0.98192877 0.18925127 0,
          -0.99547189 0.095056042 0,
          -0.84260607 -0.050004337 0.53620392,
          -0.83931291 -0.085837573 0.53682941,
          -0.84201503 -0.052456625 0.53689754,
          -0.83393955 -0.12395066 0.53775555,
          -0.82277888 -0.18773833 0.53645992,
          -0.81142288 -0.22812755 0.53809923,
          -0.79385883 -0.28686443 0.53618753,
          -0.77601153 -0.32863009 0.53833854,
          -0.75298685 -0.38170886 0.53601223,
          -0.72826797 -0.42387712 0.53847384,
          -0.70078069 -0.4708299 0.53593439,
          -0.66894662 -0.51236981 0.53850496,
          -0.63803196 -0.55287319 0.53595382,
          -0.59898227 -0.59271502 0.53843218,
          -0.56569386 -0.62659299 0.5360707,
          -0.5194757 -0.66364622 0.53825533,
          -0.48486659 -0.6908713 0.5362848,
          -0.43167654 -0.72404361 0.5379743,
          -0.39678049 -0.74473482 0.53659606,
          -0.3369641 -0.77295113 0.53758883,
          -0.30277637 -0.78737092 0.53700429,
          -0.22033505 -0.81387848 0.53763777,
          -0.22237465 -0.81381243 0.53689748,
          -0.13715895 -0.83256996 0.53666997,
          -0.097569175 -0.83733982 0.53790557,
          -0.034473415 -0.8432982 0.53633928,
          0.008864494 -0.84276581 0.53820741,
          0.068774723 -0.84134459 0.53610575,
          0.11511665 -0.83478624 0.53840512,
          0.1710173 -0.82673442 0.53596944,
          0.21951422 -0.81353098 0.5384987,
          0.27070111 -0.79968709 0.53593045,
          0.3204135 -0.77933669 0.53848833,
          0.366312 -0.76061255 0.53598887,
          0.41622528 -0.73274142 0.53837395,
          0.45639834 -0.7101053 0.53614467,
          0.50543964 -0.67447728 0.53815538,
          0.53959328 -0.64893508 0.5363977,
          0.58664906 -0.60545772 0.53783262,
          0.61463624 -0.57803476 0.53674775,
          0.66959947 -0.51242781 0.53763771,
          0.67058533 -0.51193184 0.53688103,
          0.71883011 -0.44159445 0.53691489,
          0.7374689 -0.40871269 0.53767437,
          0.76759982 -0.35061419 0.53652602,
          0.78293014 -0.31230545 0.53803879,
          0.80484676 -0.25431201 0.53623414,
          0.81591827 -0.21097742 0.53829902,
          0.82999992 -0.15414864 0.53603953,
          0.8359192 -0.10632599 0.53845501,
          0.84267372 -0.051644344 0.5359422,
          0.84262097 0 0.53850704,
          0.84267372 0.051644344 0.5359422,
          0.8359192 0.10632599 0.53845501,
          0.82999992 0.15414865 0.53603959,
          0.81591827 0.21097742 0.53829902,
          0.80484676 0.25431201 0.53623414,
          0.78293014 0.31230545 0.53803879,
          0.76759982 0.35061416 0.53652602,
          0.7374689 0.40871269 0.53767437,
          0.71883011 0.44159445 0.53691489,
          0.66959947 0.51242781 0.53763771,
          0.67058533 0.51193184 0.53688103,
          0.61463624 0.5780347 0.53674775,
          0.58664906 0.60545772 0.53783262,
          0.53959328 0.64893502 0.53639764,
          0.50543964 0.67447728 0.53815538,
          0.45639828 0.7101053 0.53614461,
          0.41622528 0.73274142 0.53837395,
          0.366312 0.76061255 0.53598887,
          0.3204135 0.77933669 0.53848833,
          0.27070114 0.79968709 0.53593045,
          0.21951422 0.81353098 0.5384987,
          0.1710173 0.82673454 0.53596944,
          0.11511665 0.83478624 0.53840512,
          0.068774723 0.84134459 0.53610575,
          0.008864494 0.84276581 0.53820741,
          -0.034473415 0.8432982 0.53633928,
          -0.097569175 0.83733982 0.53790557,
          -0.13715895 0.83256996 0.53666997,
          -0.22033505 0.81387848 0.53763777,
          -0.22237465 0.81381243 0.53689748,
          -0.30277634 0.78737092 0.53700429,
          -0.3369641 0.77295113 0.53758883,
          -0.39678046 0.74473482 0.53659606,
          -0.43167654 0.72404361 0.5379743,
          -0.48486659 0.69087118 0.5362848,
          -0.5194757 0.66364622 0.53825533,
          -0.5656938 0.62659305 0.53607064,
          -0.59898233 0.59271502 0.53843218,
          -0.6380319 0.55287319 0.53595382,
          -0.66894662 0.51236981 0.53850496,
          -0.70078075 0.4708299 0.53593439,
          -0.72826797 0.42387706 0.53847378,
          -0.75298685 0.38170886 0.53601223,
          -0.77601153 0.32863006 0.53833854,
          -0.79385883 0.2868644 0.53618747,
          -0.81142288 0.22812755 0.53809923,
          -0.82277888 0.18773833 0.53645992,
          -0.83393961 0.12395065 0.53775549,
          -0.83931291 0.085837573 0.53682941,
          -0.84201503 0.052456625 0.53689754,
          -0.84260607 0.050004337 0.53620392,
          0.99766874 0.068242408 0,
          0.99353242 0.11354889 0,
          0.98732466 0.15871367 0,
          0.96881706 0.24777725 0,
          0.95651716 0.29167607 0,
          0.92605442 0.37738997 0,
          0.90789151 0.4192051 0,
          0.86604118 0.4999727 0,
          0.84235364 0.53892523 0,
          0.78989518 0.61324191 0,
          0.76112431 0.64860612 0,
          0.69903499 0.71508747 0,
          0.66571665 0.74620467 0,
          0.59515309 0.80361235 0,
          0.55790788 0.82990289 0,
          0.48018458 0.87716746 0,
          0.43970644 0.89814156 0,
          0.35627118 0.93438268 0,
          0.31331402 0.94964957 0,
          0.22572108 0.97419196 0,
          0.18108521 0.9834674 0,
          0.090966247 0.99585402 0,
          0.04548312 0.99896508 0,
          -0.04548312 0.99896508 0,
          -0.090966247 0.99585402 0,
          -0.18108523 0.9834674 0,
          -0.22572108 0.97419196 0,
          -0.31331402 0.94964957 0,
          -0.35627118 0.93438268 0,
          -0.43970647 0.8981415 0,
          -0.48018458 0.87716746 0,
          -0.55790788 0.82990289 0,
          -0.59515309 0.80361235 0,
          -0.66571665 0.74620467 0,
          -0.69903499 0.71508747 0,
          -0.77571124 0.63108796 0,
          -0.7757113 0.63108796 0,
          -0.85441941 0.51958394 0,
          -0.90789151 0.4192051 0,
          -0.92605442 0.37739003 0,
          -0.95651716 0.29167607 0,
          -0.96881706 0.24777727 0,
          -0.98732466 0.15871367 0,
          -0.99353242 0.11354888 0,
          -1 0 0,
          -0.990686 -0.13616666 0,
          -0.96881706 -0.24777725 0,
          -0.95651716 -0.29167607 0,
          -0.91721135 -0.39840105 0,
          -0.85441941 -0.51958394 0,
          -0.7757113 -0.63108796 0,
          -0.68255317 -0.73083597 0,
          -0.5766803 -0.81696987 0,
          -0.48018458 -0.87716746 0,
          -0.43970644 -0.89814156 0,
          -0.35627118 -0.93438268 0,
          -0.31331402 -0.94964957 0,
          -0.22572108 -0.97419196 0,
          -0.18108521 -0.9834674 0,
          -0.090966247 -0.99585402 0,
          -0.04548312 -0.99896508 0,
          0.068242416 -0.9976688 0,
          0.20345601 -0.97908407 0,
          0.33487964 -0.94226098 0,
          0.4600651 -0.88788521 0,
          0.5766803 -0.81696987 0,
          0.68255317 -0.73083597 0,
          0.77571124 -0.63108796 0,
          0.7757113 -0.63108796 0,
          0.84235364 -0.53892517 0,
          0.86604118 -0.49997267 0,
          0.90789151 -0.4192051 0,
          0.92605442 -0.37739003 0,
          0.96291733 -0.26979676 0,
          0.98732466 -0.15871367 0,
          0.99353242 -0.11354888 0,
          0.99766874 -0.068242408 0,
          -0.99776691 0.066792637 0,
          -0.99380428 0.11114433 0,
          -0.9878574 0.15536322 0,
          -0.97012293 0.24261381 0,
          -0.95833534 0.28564548 0,
          -0.92912978 0.36975381 0,
          -0.91171181 0.41083038 0,
          -0.87155622 0.49029553 0,
          -0.84881872 0.52868408 0,
          -0.79842973 0.60208797 0,
          -0.77077848 0.63710338 0,
          -0.71105528 0.70313615 0,
          -0.67898357 0.73415351 0,
          -0.61099201 0.79163677 0,
          -0.57507223 0.81810266 0,
          -0.50002557 0.86601061 0,
          -0.46089873 0.88745272 0,
          -0.38013619 0.92493051 0,
          -0.3385005 0.94096619 0,
          -0.25346324 0.967345 0,
          -0.21006168 0.97768813 0,
          -0.12226722 0.99249721 0,
          -0.077874325 0.9969632 0,
          0.011110633 0.99993831 0,
          0.055702697 0.99844748 0,
          0.14429024 0.98953545 0,
          0.18828571 0.98211432 0,
          0.27489498 0.9614743 0,
          0.31750873 0.94825536 0,
          0.4005942 0.91625559 0,
          0.44106588 0.89747477 0,
          0.51914483 0.85468638 0,
          0.55675209 0.8306787 0,
          0.62843126 0.77786511 0,
          0.66250306 0.7490592 0,
          0.72650337 0.687163 0,
          0.75643176 0.6540727 0,
          0.81161094 0.5841983 0,
          0.83686185 0.54741418 0,
          0.88223535 0.47080866 0,
          0.90235806 0.43098715 0,
          0.93711627 0.34901735 0,
          0.95175171 0.30686906 0,
          0.97527432 0.22099788 0,
          0.98416138 0.17727496 0,
          0.9960286 0.089034691 0,
          0.9990086 0.044517342 0,
          0.9990086 -0.044517342 0,
          0.9960286 -0.089034684 0,
          0.98416138 -0.17727496 0,
          0.97527432 -0.22099788 0,
          0.95175171 -0.30686906 0,
          0.93711627 -0.34901735 0,
          0.90235806 -0.43098715 0,
          0.88223535 -0.47080863 0,
          0.83686185 -0.54741418 0,
          0.81161094 -0.5841983 0,
          0.75643176 -0.6540727 0,
          0.72650343 -0.68716294 0,
          0.66250306 -0.7490592 0,
          0.62843126 -0.77786511 0,
          0.55675215 -0.8306787 0,
          0.51914483 -0.85468638 0,
          0.44106588 -0.89747477 0,
          0.4005942 -0.91625559 0,
          0.31750876 -0.94825536 0,
          0.27489498 -0.9614743 0,
          0.18828571 -0.98211432 0,
          0.14429022 -0.98953545 0,
          0.055702701 -0.99844748 0,
          0.011110632 -0.99993831 0,
          -0.077874325 -0.9969632 0,
          -0.12226722 -0.99249721 0,
          -0.21006168 -0.97768813 0,
          -0.25346324 -0.967345 0,
          -0.33850047 -0.94096619 0,
          -0.38013619 -0.92493051 0,
          -0.46089879 -0.88745272 0,
          -0.50002557 -0.86601061 0,
          -0.57507223 -0.81810266 0,
          -0.61099201 -0.79163677 0,
          -0.67898357 -0.73415351 0,
          -0.71105528 -0.70313615 0,
          -0.7847994 -0.61974996 0,
          -0.86040157 -0.50961661 0,
          -0.92064989 -0.39038923 0,
          -0.95833534 -0.28564551 0,
          -0.97012293 -0.24261381 0,
          -0.9878574 -0.15536322 0,
          -0.99380428 -0.11114434 0,
          -0.99776691 -0.066792637 0,
          -0.99824375 0.059240628 0,
          -0.99824375 0.059240628 1.2228853e-015,
          -0.99512607 0.098611116 4.1304797e-016,
          -0.9904477 0.13788898 1.1323007e-015,
          -0.97647834 0.21561567 -8.2798529e-017,
          -0.96718729 0.25406453 7.5691499e-016,
          -0.94412297 0.32959348 -5.1299762e-016,
          -0.93034965 0.36667359 -1.8694446e-016,
          -0.89851421 0.43894449 -1.5498301e-015,
          -0.88045198 0.47413534 -5.0564574e-016,
          -0.84029227 0.54213381 -7.2698064e-016,
          -0.81819469 0.57494134 5.8093257e-016,
          -0.7702744 0.6377126 -1.6849269e-016,
          -0.74445176 0.66767633 5.3039488e-016,
          -0.68944365 0.72433937 -3.5107257e-018,
          -0.66025823 0.75103861 2.0394931e-016,
          -0.59893459 0.80079806 -6.8740429e-016,
          -0.56679624 0.82385802 -3.4534343e-016,
          -0.50001782 0.86601514 -4.5965063e-016,
          -0.46537772 0.88511223 2.6147576e-016,
          -0.39408192 0.91907537 1.1644666e-016,
          -0.35742623 0.93394136 1.968068e-017,
          -0.28261393 0.95923382 -5.5723788e-016,
          -0.24445729 0.9696601 -7.2377462e-016,
          -0.14764655 0.9890402 -5.1022385e-016,
          -0.14764656 0.9890402 -2.6227065e-016,
          -0.049396597 0.99877924 -1.6142578e-016,
          -0.0098584676 0.99995142 -2.0018264e-017,
          0.069078915 0.99761122 5.8540972e-016,
          0.10847817 0.9940989 2.0538494e-016,
          0.18658468 0.98243886 2.9555486e-016,
          0.22529197 0.97429132 -6.3291218e-016,
          0.3014712 0.95347536 -1.4919519e-016,
          0.33894318 0.94080693 -7.3721407e-016,
          0.4121258 0.91112703 1.1936367e-016,
          0.4478364 0.89411557 -5.7137555e-016,
          0.51699501 0.8559885 2.4067869e-016,
          0.55044299 0.83487284 -6.0649555e-016,
          0.61460668 0.78883374 5.2895953e-016,
          0.6453225 0.76391029 -6.1168934e-016,
          0.70359075 0.7106055 2.0115649e-016,
          0.73114318 0.68222415 -1.0942609e-015,
          0.78269786 0.62240189 -3.6980863e-018,
          0.80670011 0.59096104 -1.0388413e-015,
          0.85081762 0.5254612 -1.380473e-017,
          0.87093282 0.49140215 -7.8121695e-016,
          0.90699375 0.42114413 5.8493639e-016,
          0.92293954 0.38494506 -4.9743116e-016,
          0.95043772 0.31091511 2.1703623e-016,
          0.96199018 0.27308419 -6.6690244e-016,
          0.98053962 0.19632155 9.2929075e-016,
          0.98753655 0.15738982 -4.2625681e-016,
          0.9968769 0.078972057 -2.092935e-016,
          0.99922013 0.039486028 -1.0556255e-015,
          0.99922013 -0.039486028 1.0556261e-015,
          0.9968769 -0.078972057 2.1630713e-016,
          0.98753655 -0.1573898 4.471965e-016,
          0.98053962 -0.19632155 -8.8049382e-016,
          0.96199018 -0.27308422 7.4998563e-016,
          0.95043772 -0.31091511 -1.4788158e-016,
          0.92293954 -0.38494509 5.3872312e-016,
          0.90699375 -0.42114413 -5.8494846e-016,
          0.87093282 -0.49140215 7.8120388e-016,
          0.85081756 -0.5254612 1.3793201e-017,
          0.80670011 -0.59096104 1.0388423e-015,
          0.78269786 -0.62240189 3.7102587e-018,
          0.73114318 -0.68222415 1.0942743e-015,
          0.70359069 -0.7106055 -2.0114632e-016,
          0.6453225 -0.76391035 6.116903e-016,
          0.61460668 -0.78883368 -9.1442554e-016,
          0.55044299 -0.83487284 -1.9445735e-016,
          0.51699501 -0.8559885 -1.0416326e-015,
          0.4478364 -0.89411557 1.5589187e-016,
          0.4121258 -0.91112703 -1.193655e-016,
          0.33894318 -0.94080693 7.3721788e-016,
          0.3014712 -0.95347536 1.4919955e-016,
          0.22529197 -0.97429132 6.3291646e-016,
          0.18658468 -0.98243886 1.7368164e-016,
          0.10847815 -0.9940989 7.3807677e-016,
          0.069078907 -0.99761122 3.5805258e-016,
          -0.0098584685 -0.99995142 4.942459e-016,
          -0.049396589 -0.99877924 1.6142649e-016,
          -0.12805669 -0.99176693 3.3806017e-016,
          -0.16717868 -0.98592669 5.1692457e-016,
          -0.26358718 -0.96463567 5.0964384e-016,
          -0.26358718 -0.96463567 9.0260868e-016,
          -0.35742623 -0.93394136 -1.9677505e-017,
          -0.39408192 -0.91907537 -1.1644022e-016,
          -0.46537772 -0.88511223 -2.6147049e-016,
          -0.50001782 -0.86601514 4.5964899e-016,
          -0.56679624 -0.82385802 3.4533679e-016,
          -0.59893459 -0.80079806 5.0318601e-016,
          -0.66025823 -0.75103861 -5.5339939e-016,
          -0.68944365 -0.72433937 -1.8070361e-016,
          -0.74445176 -0.66767627 -3.8645497e-016,
          -0.7702744 -0.6377126 3.33721e-016,
          -0.81819469 -0.57494134 -7.0157129e-016,
          -0.84029227 -0.54213381 4.6240153e-016,
          -0.88045198 -0.47413534 3.8501607e-016,
          -0.89851415 -0.43894452 1.5498423e-015,
          -0.93034965 -0.36667353 1.8695652e-016,
          -0.94412297 -0.32959348 5.130045e-016,
          -0.96718729 -0.25406453 -7.5691335e-016,
          -0.97647834 -0.21561569 7.2307748e-017,
          -0.9904477 -0.13788897 -1.1463042e-015,
          -0.99512607 -0.098611109 -4.2705255e-016,
          -0.99824375 -0.059240628 -1.2281467e-015,
          -0.99824375 -0.059240628 0,
          0 0 1,
          0 0 -1 ]
      normalBinding PER_VERTEX_INDEXED
      materialBinding OVERALL

    }
    coordIndex [ 466, 753, 467, 805, 470, 804, 472, 803,
        474, 802, 476, 801, 478, 800, 480, 799,
        482, 798, 484, 797, 486, 796, 488, 795,
        794, -1, 488, 794, 489, 793, 491, 792,
        493, 791, 495, 790, 497, 789, 499, 788,
        501, 787, 503, 786, 505, 785, 507, 784,
        508, 783, 510, 782, 512, 781, 514, 780,
        516, 779, 518, 778, 520, 777, 522, 776,
        524, 775, 526, 774, 528, 773, 529, 772,
        531, 771, 533, 770, 535, 769, 537, 768,
        539, 767, 541, 766, 543, 765, 545, 547,
        -1, 765, 764, 547, 548, -1, 764, 763,
        548, 550, -1, 763, 762, 550, 552, -1,
        762, 761, 552, 554, -1, 761, 760, 554,
        556, -1, 760, 759, 556, 558, -1, 759,
        758, 558, 560, -1, 758, 757, 560, 562,
        -1, 757, 756, 562, 564, -1, 756, 755,
        564, 566, -1, 755, 754, 566, 466, -1,
        754, 753, 466, -1, 659, 752, 660, 751,
        -1, 752, 750, 751, 749, -1, 750, 747,
        749, 748, -1, 748, 747, 745, 746, 743,
        -1, 745, 743, 744, 742, -1, 743, 741,
        742, 740, -1, 741, 739, 740, 738, -1,
        739, 737, 738, 736, -1, 737, 735, 736,
        734, -1, 735, 733, 734, 732, -1, 733,
        731, 732, 730, -1, 731, 729, 730, 728,
        -1, 729, 727, 728, 726, -1, 727, 725,
        726, 724, -1, 725, 723, 724, 722, -1,
        723, 721, 722, 720, -1, 721, 719, 720,
        718, -1, 719, 717, 718, 716, -1, 717,
        715, 716, 714, -1, 715, 713, 714, 712,
        -1, 713, 711, 712, 710, -1, 711, 709,
        710, 708, -1, 709, 707, 708, 706, -1,
        707, 705, 706, 704, -1, 705, 703, 704,
        702, -1, 703, 701, 702, 700, -1, 701,
        699, 700, 698, -1, 699, 697, 698, 696,
        -1, 697, 695, 696, 694, -1, 695, 693,
        694, 692, -1, 693, 691, 692, 690, -1,
        691, 689, 690, 688, -1, 689, 687, 688,
        686, -1, 687, 685, 686, 684, -1, 685,
        683, 684, 682, -1, 683, 681, 682, 680,
        -1, 681, 679, 680, 678, -1, 679, 677,
        678, 676, -1, 677, 675, 676, 674, -1,
        675, 673, 674, 672, -1, 673, 671, 672,
        670, -1, 671, 669, 670, 668, -1, 669,
        667, 668, 666, -1, 667, 665, 666, 664,
        -1, 665, 663, 664, 662, -1, 663, 661,
        662, 660, -1, 661, 659, 660, -1, 567,
        569, 658, 657, 655, 656, 654, -1, 655,
        654, 653, 652, 651, 649, 650, 647, -1,
        649, 648, 647, 645, 646, 643, -1, 645,
        644, 643, 641, 642, 639, -1, 641, 640,
        639, 637, 638, 636, -1, 637, 635, 636,
        634, -1, 635, 633, 634, 632, -1, 633,
        631, 632, 630, -1, 631, 629, 630, 627,
        -1, 629, 628, 627, 625, 626, 623, -1,
        625, 624, 623, 621, 622, 619, -1, 621,
        620, 619, 618, 617, 615, 616, 613, -1,
        615, 614, 613, 612, 611, 610, 609, 608,
        607, 605, 606, 603, -1, 605, 604, 603,
        602, 601, 600, 599, 598, 597, 596, 595,
        594, 593, 592, 591, 590, 589, 588, 587,
        586, 585, 584, 583, 582, 581, 580, 579,
        578, 577, 576, 575, 574, 573, 572, 571,
        570, 568, 569, 567, -1, 466, 468, 566,
        565, 564, 563, 562, 561, 560, 559, 558,
        557, 556, 555, 554, 553, 552, 551, 550,
        549, 548, 546, 547, 545, -1, 546, 544,
        545, 543, -1, 544, 542, 543, 541, -1,
        542, 540, 541, 539, -1, 540, 538, 539,
        537, -1, 538, 536, 537, 535, -1, 536,
        534, 535, 533, -1, 534, 532, 533, 531,
        -1, 532, 530, 531, 529, -1, 530, 527,
        529, 528, -1, 528, 527, 526, 525, 524,
        523, 522, 521, 520, 519, 518, 517, 516,
        515, 514, 513, 512, 511, 510, 509, 508,
        506, 507, 505, -1, 506, 504, 505, 503,
        -1, 504, 502, 503, 501, -1, 502, 500,
        501, 499, -1, 500, 498, 499, 497, -1,
        498, 496, 497, 495, -1, 496, 494, 495,
        493, -1, 494, 492, 493, 491, -1, 492,
        490, 491, 489, -1, 490, 487, 489, 488,
        -1, 488, 487, 486, 485, 484, 483, 482,
        481, 480, 479, 478, 477, 476, 475, 474,
        473, 472, 471, 470, 469, 467, 468, 466,
        -1, 402, 464, 400, 465, -1, 465, 464,
        462, 463, 460, -1, 462, 460, 461, 459,
        -1, 460, 458, 459, 456, -1, 458, 457,
        456, 455, 454, 453, 452, 450, 451, 449,
        -1, 450, 448, 449, 446, -1, 448, 447,
        446, 445, 444, 443, 442, 441, 440, 439,
        438, 437, 436, 434, 435, 432, -1, 434,
        433, 432, 431, 430, 429, 428, 427, 426,
        424, 425, 423, -1, 424, 422, 423, 420,
        -1, 422, 421, 420, 418, 419, 416, -1,
        418, 417, 416, 415, 414, 413, 412, 411,
        410, 409, 408, 407, 406, 405, 404, 403,
        401, 402, 400, -1, 351, 350, 399, 398,
        397, 396, 394, 395, 392, -1, 394, 392,
        393, 391, -1, 392, 390, 391, 389, -1,
        390, 388, 389, 387, -1, 388, 386, 387,
        385, -1, 386, 384, 385, 383, -1, 384,
        382, 383, 381, -1, 382, 380, 381, 379,
        -1, 380, 378, 379, 377, -1, 378, 376,
        377, 375, -1, 376, 374, 375, 373, -1,
        374, 372, 373, 371, -1, 372, 370, 371,
        369, -1, 370, 368, 369, 367, -1, 368,
        366, 367, 365, -1, 366, 364, 365, 363,
        -1, 364, 362, 363, 361, -1, 362, 360,
        361, 359, -1, 360, 358, 359, 357, -1,
        358, 356, 357, 355, -1, 356, 354, 355,
        353, -1, 354, 352, 353, 351, -1, 352,
        350, 351, -1, 301, 300, 349, 348, 347,
        346, 345, 344, 343, 342, 341, 340, 339,
        338, 337, 336, 335, 334, 333, 332, 331,
        330, 329, 328, 327, 326, 325, 324, 323,
        322, 321, 320, 319, 318, 317, 316, 315,
        314, 313, 312, 311, 310, 309, 308, 307,
        306, 305, 304, 303, 302, 301, 300, -1,
        251, 250, 299, 298, 297, 296, 295, 294,
        292, 293, 290, -1, 292, 290, 291, 289,
        -1, 290, 288, 289, 287, -1, 288, 286,
        287, 285, -1, 286, 284, 285, 283, -1,
        284, 282, 283, 281, -1, 282, 280, 281,
        279, -1, 280, 278, 279, 277, -1, 278,
        276, 277, 275, -1, 276, 274, 275, 273,
        -1, 274, 272, 273, 271, -1, 272, 270,
        271, 269, -1, 270, 268, 269, 267, -1,
        268, 266, 267, 265, -1, 266, 264, 265,
        263, -1, 264, 262, 263, 261, -1, 262,
        260, 261, 259, -1, 260, 258, 259, 257,
        -1, 258, 256, 257, 255, -1, 256, 254,
        255, 253, -1, 254, 252, 253, 251, -1,
        252, 250, 251, -1, 201, 200, 248, 249,
        247, -1, 248, 247, 246, 244, 245, 242,
        -1, 244, 243, 242, 240, 241, 239, -1,
        240, 238, 239, 237, -1, 238, 236, 237,
        235, -1, 236, 234, 235, 233, -1, 234,
        232, 233, 231, -1, 232, 230, 231, 229,
        -1, 230, 228, 229, 227, -1, 228, 226,
        227, 225, -1, 226, 224, 225, 223, -1,
        224, 222, 223, 221, -1, 222, 220, 221,
        219, -1, 220, 218, 219, 217, -1, 218,
        216, 217, 215, -1, 216, 214, 215, 213,
        -1, 214, 212, 213, 211, -1, 212, 210,
        211, 209, -1, 210, 208, 209, 207, -1,
        208, 206, 207, 205, -1, 206, 204, 205,
        203, -1, 204, 202, 203, 201, -1, 202,
        200, 201, -1, 150, 199, 151, 198, -1,
        199, 197, 198, 196, -1, 197, 195, 196,
        194, -1, 195, 193, 194, 192, -1, 193,
        190, 192, 191, -1, 191, 190, 189, 188,
        187, 186, 185, 184, 183, 182, 181, 180,
        179, 178, 177, 176, 175, 174, 173, 172,
        171, 170, 169, 168, 167, 166, 165, 164,
        163, 162, 161, 160, 159, 158, 157, 156,
        155, 154, 153, 152, 151, 150, -1, 100,
        149, 101, 148, -1, 149, 146, 148, 147,
        -1, 147, 146, 144, 145, 142, -1, 144,
        142, 143, 141, -1, 142, 140, 141, 139,
        -1, 140, 138, 139, 137, -1, 138, 136,
        137, 135, -1, 136, 134, 135, 133, -1,
        134, 132, 133, 131, -1, 132, 130, 131,
        129, -1, 130, 128, 129, 127, -1, 128,
        126, 127, 125, -1, 126, 124, 125, 123,
        -1, 124, 122, 123, 120, -1, 122, 121,
        120, 119, 118, 116, 117, 114, -1, 116,
        115, 114, 112, 113, 111, -1, 112, 110,
        111, 109, -1, 110, 108, 109, 107, -1,
        108, 106, 107, 105, -1, 106, 104, 105,
        103, -1, 104, 102, 103, 101, -1, 102,
        100, 101, -1, 50, 99, 51, 98, -1,
        99, 96, 98, 97, -1, 97, 96, 94,
        95, 92, -1, 94, 92, 93, 91, -1,
        92, 90, 91, 89, -1, 90, 88, 89,
        87, -1, 88, 86, 87, 85, -1, 86,
        84, 85, 83, -1, 84, 82, 83, 81,
        -1, 82, 80, 81, 79, -1, 80, 78,
        79, 77, -1, 78, 76, 77, 75, -1,
        76, 74, 75, 72, -1, 74, 73, 72,
        70, 71, 68, -1, 70, 69, 68, 67,
        66, 64, 65, 62, -1, 64, 63, 62,
        60, 61, 59, -1, 60, 58, 59, 57,
        -1, 58, 56, 57, 55, -1, 56, 54,
        55, 53, -1, 54, 52, 53, 51, -1,
        52, 50, 51, -1, 0, 49, 1, 48,
        -1, 49, 46, 48, 47, -1, 47, 46,
        44, 45, 42, -1, 44, 42, 43, 41,
        -1, 42, 40, 41, 39, -1, 40, 38,
        39, 37, -1, 38, 36, 37, 35, -1,
        36, 34, 35, 33, -1, 34, 32, 33,
        31, -1, 32, 30, 31, 29, -1, 30,
        28, 29, 27, -1, 28, 26, 27, 25,
        -1, 26, 24, 25, 23, -1, 24, 22,
        23, 21, -1, 22, 20, 21, 19, -1,
        20, 18, 19, 17, -1, 18, 16, 17,
        14, -1, 16, 15, 14, 12, 13, 11,
        -1, 12, 10, 11, 9, -1, 10, 8,
        9, 7, -1, 8, 6, 7, 5, -1,
        6, 4, 5, 3, -1, 4, 2, 3,
        1, -1, 2, 0, 1, -1, 530, 695,
        527, 697, 525, 699, 523, 701, 521, 703,
        519, 705, 517, 707, 515, 709, 513, 711,
        511, 713, 509, 715, 506, 717, 504, 719,
        502, 721, 500, 723, 498, 725, 496, 727,
        494, 729, 492, 731, 490, 733, 487, 735,
        485, 737, 483, 739, 481, 741, 479, 743,
        477, 746, 475, 747, 473, 750, 471, 752,
        469, 659, 468, 565, -1, 659, 661, 565,
        563, -1, 661, 663, 563, 561, -1, 663,
        665, 561, 559, -1, 665, 667, 559, 557,
        -1, 667, 669, 557, 555, -1, 669, 671,
        555, 553, -1, 671, 673, 553, 551, -1,
        673, 675, 551, 549, -1, 675, 677, 549,
        546, -1, 677, 679, 546, 544, -1, 679,
        681, 544, 542, -1, 681, 683, 542, 540,
        -1, 683, 685, 540, 538, -1, 685, 687,
        538, 536, -1, 687, 689, 536, 534, -1,
        689, 691, 534, 532, -1, 691, 693, 532,
        530, -1, 695, 530, 693, -1, 695, 530,
        693, 532, 691, 534, 689, 536, 687, 538,
        685, 540, 683, 542, 681, 544, 679, 546,
        677, 549, 675, 551, 673, 553, 671, 555,
        669, 557, 667, 559, 665, 561, 663, 563,
        661, 565, 659, 468, 469, -1, 659, 469,
        752, 471, 750, 473, 747, 475, 746, 477,
        743, 479, 741, 481, 739, 483, 737, 485,
        735, 487, 733, 490, 731, 492, 729, 494,
        727, 496, 725, 498, 723, 500, 721, 502,
        719, 504, 717, 506, 715, 509, 713, 511,
        711, 513, 709, 515, 707, 517, 705, 519,
        703, 521, 701, 523, 699, 525, 697, 527,
        695, 530, -1, 602, 760, 600, 761, 762,
        -1, 600, 762, 598, 763, 596, 764, 594,
        765, 592, 766, 590, 767, 588, 768, 769,
        -1, 588, 769, 586, 770, 584, 771, 582,
        772, 580, 773, 578, 774, 576, 775, 574,
        776, 777, -1, 574, 777, 572, 778, 570,
        779, 569, 780, 657, 781, 656, 782, 654,
        783, 784, -1, 654, 784, 652, 785, 649,
        786, 648, 787, 645, 788, 644, 789, 641,
        790, 640, 791, 792, -1, 640, 792, 637,
        793, 635, 794, 633, 795, 631, 796, 629,
        797, 628, 798, 799, -1, 628, 799, 625,
        800, 624, 801, 621, 802, 620, 803, 618,
        804, 615, 805, 614, 753, 754, -1, 614,
        754, 612, 755, 610, 756, 608, 757, 605,
        758, 604, 759, 602, 760, -1, 181, 179,
        454, 147, 144, -1, 454, 144, 456, 143,
        141, -1, 456, 141, 459, 139, 137, -1,
        137, 135, 459, 461, -1, 135, 133, 461,
        131, 462, 129, 97, 98, -1, 129, 127,
        98, 712, 51, 53, -1, 712, 710, 53,
        55, -1, 55, 710, 57, 708, 59, 61,
        -1, 61, 708, 62, 706, 65, 66, -1,
        66, 706, 68, 704, 71, 72, -1, 72,
        704, 75, 702, 77, 48, 79, 47, 404,
        44, 406, 43, 41, -1, 406, 41, 408,
        39, 37, -1, 408, 37, 410, 35, 33,
        -1, 410, 33, 412, 31, 29, -1, 79,
        404, 81, 83, -1, 404, 401, 83, 85,
        -1, 85, 401, 87, 400, 89, 91, -1,
        400, 465, 91, 93, -1, 93, 465, 94,
        462, 97, -1, 702, 700, 48, 1, -1,
        1, 700, 3, 698, 5, 7, -1, 7,
        698, 9, 696, 11, 13, -1, 13, 696,
        14, 694, 17, 19, -1, 19, 694, 21,
        692, 23, 25, -1, 692, 690, 25, 27,
        -1, 712, 127, 714, 125, 123, -1, 714,
        123, 716, 120, 118, -1, 716, 118, 718,
        117, 114, -1, 114, 113, 718, 720, -1,
        113, 111, 720, 109, 107, -1, 720, 107,
        722, 105, 103, -1, 722, 103, 724, 101,
        148, -1, 147, 179, 148, 177, 724, 726,
        -1, 177, 175, 726, 173, 728, 171, 169,
        -1, 728, 169, 730, 167, 165, -1, 165,
        163, 730, 161, 732, 159, 157, -1, 732,
        157, 734, 155, 153, -1, 153, 151, 734,
        736, -1, 151, 198, 736, 227, 738, 225,
        223, -1, 738, 223, 740, 221, 219, -1,
        219, 217, 740, 742, -1, 217, 215, 742,
        213, 211, -1, 742, 211, 744, 209, 207,
        -1, 207, 205, 744, 745, -1, 205, 203,
        745, 201, 748, 248, 277, 279, -1, 248,
        246, 279, 438, 281, 436, 283, 285, -1,
        436, 435, 285, 287, -1, 287, 435, 289,
        432, 291, 292, -1, 432, 430, 292, 295,
        -1, 295, 430, 297, 428, 329, 331, -1,
        331, 428, 333, 426, 335, 337, -1, 426,
        425, 337, 339, -1, 339, 425, 341, 343,
        -1, 425, 423, 343, 345, -1, 345, 423,
        347, 420, 379, 381, -1, 381, 420, 383,
        419, 385, 387, -1, 419, 416, 387, 389,
        -1, 389, 416, 391, 414, 393, 394, -1,
        414, 412, 394, 397, -1, 412, 29, 397,
        399, -1, 29, 27, 399, 690, 688, -1,
        399, 688, 351, 353, -1, 688, 686, 353,
        355, -1, 355, 686, 357, 359, -1, 686,
        684, 359, 361, -1, 361, 684, 363, 365,
        -1, 684, 682, 365, 367, -1, 367, 682,
        369, 371, -1, 682, 680, 371, 373, -1,
        373, 680, 375, 678, 377, 349, 379, 347,
        -1, 349, 678, 301, 676, 303, 305, -1,
        676, 674, 305, 307, -1, 307, 674, 309,
        672, 311, 313, -1, 313, 672, 315, 670,
        317, 319, -1, 319, 670, 321, 668, 323,
        325, -1, 668, 666, 325, 327, -1, 297,
        329, 299, 327, 666, -1, 299, 666, 251,
        664, 253, 255, -1, 664, 662, 255, 257,
        -1, 257, 662, 259, 261, -1, 662, 660,
        261, 263, -1, 263, 660, 265, 267, -1,
        660, 751, 267, 269, -1, 269, 751, 271,
        273, -1, 751, 749, 273, 275, -1, 275,
        749, 277, 748, -1, 246, 245, 438, 242,
        440, 241, 239, -1, 440, 239, 442, 237,
        235, -1, 442, 235, 444, 233, 231, -1,
        444, 231, 446, 229, 196, 198, -1, 229,
        227, 198, -1, 196, 194, 446, 192, 449,
        191, 189, -1, 449, 189, 451, 187, 185,
        -1, 451, 185, 452, 183, 181, -1, 454,
        452, 181, -1, 568, 815, 571, 573, -1,
        573, 815, 575, 577, -1, 577, 815, 579,
        581, -1, 581, 815, 583, 585, -1, 585,
        815, 587, 589, -1, 589, 815, 591, 593,
        -1, 593, 815, 595, 597, -1, 597, 815,
        599, 601, -1, 601, 815, 603, 606, -1,
        606, 815, 607, 609, -1, 609, 815, 611,
        613, -1, 613, 815, 616, 617, -1, 617,
        815, 619, 622, -1, 622, 815, 623, 626,
        -1, 626, 815, 627, 630, -1, 630, 815,
        632, 634, -1, 634, 815, 636, 638, -1,
        638, 815, 639, 642, -1, 642, 815, 643,
        646, -1, 646, 815, 647, 650, -1, 650,
        815, 651, 653, -1, 653, 815, 655, 658,
        -1, 658, 815, 567, 568, -1, 405, 407,
        814, 409, 411, -1, 411, 413, 814, 415,
        417, -1, 417, 418, 814, 421, 422, -1,
        422, 424, 814, 427, 429, -1, 429, 431,
        814, 433, 434, -1, 434, 437, 814, 439,
        441, -1, 441, 443, 814, 445, 447, -1,
        447, 448, 814, 450, 453, -1, 453, 455,
        814, 457, 458, -1, 458, 460, 814, 463,
        464, -1, 464, 402, 814, 403, 405, -1,
        352, 354, 813, 356, 358, -1, 358, 360,
        813, 362, 364, -1, 364, 366, 813, 368,
        370, -1, 370, 372, 813, 374, 376, -1,
        376, 378, 813, 380, 382, -1, 382, 384,
        813, 386, 388, -1, 388, 390, 813, 392,
        395, -1, 395, 396, 813, 398, 350, -1,
        350, 352, 813, -1, 302, 304, 812, 306,
        308, -1, 308, 310, 812, 312, 314, -1,
        314, 316, 812, 318, 320, -1, 320, 322,
        812, 324, 326, -1, 326, 328, 812, 330,
        332, -1, 332, 334, 812, 336, 338, -1,
        338, 340, 812, 342, 344, -1, 344, 346,
        812, 348, 300, -1, 300, 302, 812, -1,
        252, 254, 811, 256, 258, -1, 258, 260,
        811, 262, 264, -1, 264, 266, 811, 268,
        270, -1, 270, 272, 811, 274, 276, -1,
        276, 278, 811, 280, 282, -1, 282, 284,
        811, 286, 288, -1, 288, 290, 811, 293,
        294, -1, 294, 296, 811, 298, 250, -1,
        250, 252, 811, -1, 202, 204, 810, 206,
        208, -1, 208, 210, 810, 212, 214, -1,
        214, 216, 810, 218, 220, -1, 220, 222,
        810, 224, 226, -1, 226, 228, 810, 230,
        232, -1, 232, 234, 810, 236, 238, -1,
        238, 240, 810, 243, 244, -1, 244, 247,
        810, 249, 200, -1, 200, 202, 810, -1,
        152, 154, 809, 156, 158, -1, 158, 160,
        809, 162, 164, -1, 164, 166, 809, 168,
        170, -1, 170, 172, 809, 174, 176, -1,
        176, 178, 809, 180, 182, -1, 182, 184,
        809, 186, 188, -1, 188, 190, 809, 193,
        195, -1, 195, 197, 809, 199, 150, -1,
        150, 152, 809, -1, 102, 104, 808, 106,
        108, -1, 108, 110, 808, 112, 115, -1,
        115, 116, 808, 119, 121, -1, 121, 122,
        808, 124, 126, -1, 126, 128, 808, 130,
        132, -1, 132, 134, 808, 136, 138, -1,
        138, 140, 808, 142, 145, -1, 145, 146,
        808, 149, 100, -1, 100, 102, 808, -1,
        52, 54, 807, 56, 58, -1, 58, 60,
        807, 63, 64, -1, 64, 67, 807, 69,
        70, -1, 70, 73, 807, 74, 76, -1,
        76, 78, 807, 80, 82, -1, 82, 84,
        807, 86, 88, -1, 88, 90, 807, 92,
        95, -1, 95, 96, 807, 99, 50, -1,
        50, 52, 807, -1, 2, 4, 806, 6,
        8, -1, 8, 10, 806, 12, 15, -1,
        15, 16, 806, 18, 20, -1, 20, 22,
        806, 24, 26, -1, 26, 28, 806, 30,
        32, -1, 32, 34, 806, 36, 38, -1,
        38, 40, 806, 42, 45, -1, 45, 46,
        806, 49, 0, -1, 0, 2, 806, -1 ]
    materialIndex 0
    normalIndex [ 811, 810, 809, 808, 807, 806, 805, 804,
        803, 802, 801, 800, 799, 798, 797, 796,
        795, 794, 793, 792, 791, 790, 788, 789,
        787, -1, 788, 787, 786, 785, 784, 783,
        782, 781, 780, 779, 778, 777, 776, 775,
        774, 773, 772, 771, 770, 769, 768, 767,
        766, 765, 764, 763, 762, 761, 760, 759,
        758, 757, 756, 755, 754, 753, 752, 751,
        750, 749, 748, 747, 746, 745, 744, 743,
        742, 741, 740, 739, 738, 737, 736, 735,
        734, 733, 732, 731, 730, 728, 729, 727,
        -1, 728, 726, 727, 725, -1, 726, 724,
        725, 723, -1, 724, 722, 723, 721, -1,
        722, 720, 721, 719, -1, 720, 718, 719,
        717, -1, 718, 716, 717, 715, -1, 716,
        714, 715, 713, -1, 714, 712, 713, 711,
        -1, 712, 710, 711, 709, -1, 710, 708,
        709, 707, -1, 708, 706, 707, 705, -1,
        706, 704, 705, -1, 703, 702, 703, 701,
        -1, 702, 700, 701, 699, -1, 700, 698,
        699, 698, -1, 698, 698, 697, 697, 696,
        -1, 697, 696, 696, 695, -1, 696, 694,
        695, 693, -1, 694, 692, 693, 691, -1,
        692, 690, 691, 689, -1, 690, 688, 689,
        687, -1, 688, 686, 687, 685, -1, 686,
        684, 685, 683, -1, 684, 682, 683, 681,
        -1, 682, 680, 681, 679, -1, 680, 678,
        679, 677, -1, 678, 676, 677, 675, -1,
        676, 674, 675, 673, -1, 674, 672, 673,
        671, -1, 672, 670, 671, 669, -1, 670,
        668, 669, 667, -1, 668, 666, 667, 665,
        -1, 666, 664, 665, 663, -1, 664, 662,
        663, 661, -1, 662, 660, 661, 659, -1,
        660, 658, 659, 657, -1, 658, 656, 657,
        655, -1, 656, 654, 655, 653, -1, 654,
        652, 653, 651, -1, 652, 650, 651, 649,
        -1, 650, 648, 649, 647, -1, 648, 646,
        647, 645, -1, 646, 644, 645, 643, -1,
        644, 642, 643, 641, -1, 642, 640, 641,
        639, -1, 640, 638, 639, 637, -1, 638,
        636, 637, 635, -1, 636, 634, 635, 633,
        -1, 634, 632, 633, 631, -1, 632, 630,
        631, 629, -1, 630, 628, 629, 627, -1,
        628, 626, 627, 625, -1, 626, 624, 625,
        623, -1, 624, 622, 623, 621, -1, 622,
        620, 621, 619, -1, 620, 618, 619, 617,
        -1, 618, 616, 617, 615, -1, 616, 614,
        615, 613, -1, 614, 613, 613, -1, 612,
        612, 611, 610, 609, 609, 608, -1, 609,
        608, 607, 606, 605, 603, 604, 602, -1,
        603, 602, 602, 601, 601, 600, -1, 601,
        600, 600, 599, 599, 598, -1, 599, 598,
        598, 597, 597, 596, -1, 597, 595, 596,
        594, -1, 595, 593, 594, 592, -1, 593,
        591, 592, 590, -1, 591, 589, 590, 588,
        -1, 589, 588, 588, 587, 587, 586, -1,
        587, 586, 586, 585, 585, 584, -1, 585,
        584, 584, 583, 582, 581, 581, 580, -1,
        581, 580, 580, 579, 578, 577, 576, 575,
        574, 573, 573, 571, -1, 573, 572, 571,
        570, 569, 568, 567, 566, 565, 564, 563,
        562, 561, 560, 559, 558, 557, 556, 555,
        554, 553, 552, 551, 550, 549, 548, 547,
        546, 545, 544, 543, 542, 541, 540, 539,
        538, 537, 536, 536, -1, 535, 534, 533,
        532, 531, 530, 529, 528, 527, 526, 525,
        524, 523, 522, 521, 520, 519, 518, 517,
        516, 515, 513, 514, 512, -1, 513, 511,
        512, 510, -1, 511, 509, 510, 508, -1,
        509, 507, 508, 506, -1, 507, 505, 506,
        504, -1, 505, 503, 504, 502, -1, 503,
        501, 502, 500, -1, 501, 499, 500, 498,
        -1, 499, 497, 498, 496, -1, 497, 494,
        496, 495, -1, 495, 494, 493, 492, 491,
        490, 489, 488, 487, 486, 485, 484, 483,
        482, 481, 480, 479, 478, 477, 476, 475,
        473, 474, 472, -1, 473, 471, 472, 470,
        -1, 471, 469, 470, 468, -1, 469, 467,
        468, 466, -1, 467, 465, 466, 464, -1,
        465, 463, 464, 462, -1, 463, 461, 462,
        460, -1, 461, 459, 460, 458, -1, 459,
        457, 458, 456, -1, 457, 454, 456, 455,
        -1, 455, 454, 453, 452, 451, 450, 449,
        448, 447, 446, 445, 444, 443, 442, 441,
        440, 439, 438, 437, 436, 434, 435, 433,
        -1, 432, 430, 432, 431, -1, 431, 430,
        429, 429, 428, -1, 429, 428, 428, 427,
        -1, 428, 426, 427, 425, -1, 426, 425,
        425, 424, 423, 422, 421, 419, 420, 418,
        -1, 419, 417, 418, 416, -1, 417, 416,
        416, 415, 414, 413, 412, 411, 410, 409,
        408, 407, 406, 405, 405, 404, -1, 405,
        404, 404, 403, 402, 401, 400, 399, 398,
        397, 397, 396, -1, 397, 395, 396, 394,
        -1, 395, 394, 394, 393, 393, 392, -1,
        393, 392, 392, 391, 390, 389, 388, 387,
        386, 385, 384, 383, 382, 381, 380, 379,
        378, 377, 377, -1, 376, 376, 375, 374,
        373, 372, 371, 371, 370, -1, 371, 370,
        370, 369, -1, 370, 368, 369, 367, -1,
        368, 366, 367, 365, -1, 366, 364, 365,
        363, -1, 364, 362, 363, 361, -1, 362,
        360, 361, 359, -1, 360, 358, 359, 357,
        -1, 358, 356, 357, 355, -1, 356, 354,
        355, 353, -1, 354, 352, 353, 351, -1,
        352, 350, 351, 349, -1, 350, 348, 349,
        347, -1, 348, 346, 347, 345, -1, 346,
        344, 345, 343, -1, 344, 342, 343, 341,
        -1, 342, 340, 341, 339, -1, 340, 338,
        339, 337, -1, 338, 336, 337, 335, -1,
        336, 334, 335, 333, -1, 334, 332, 333,
        331, -1, 332, 330, 331, 329, -1, 330,
        329, 329, -1, 328, 328, 327, 326, 325,
        324, 323, 322, 321, 320, 319, 318, 317,
        316, 315, 314, 313, 312, 311, 310, 309,
        308, 307, 306, 305, 304, 303, 302, 301,
        300, 299, 298, 297, 296, 295, 294, 293,
        292, 291, 290, 289, 288, 287, 286, 285,
        284, 283, 282, 281, 280, 279, 279, -1,
        278, 278, 277, 276, 275, 274, 273, 272,
        271, 271, 270, -1, 271, 270, 270, 269,
        -1, 270, 268, 269, 267, -1, 268, 266,
        267, 265, -1, 266, 264, 265, 263, -1,
        264, 262, 263, 261, -1, 262, 260, 261,
        259, -1, 260, 258, 259, 257, -1, 258,
        256, 257, 255, -1, 256, 254, 255, 253,
        -1, 254, 252, 253, 251, -1, 252, 250,
        251, 249, -1, 250, 248, 249, 247, -1,
        248, 246, 247, 245, -1, 246, 244, 245,
        243, -1, 244, 242, 243, 241, -1, 242,
        240, 241, 239, -1, 240, 238, 239, 237,
        -1, 238, 236, 237, 235, -1, 236, 234,
        235, 233, -1, 234, 232, 233, 231, -1,
        232, 231, 231, -1, 230, 230, 229, 229,
        228, -1, 229, 228, 227, 225, 226, 224,
        -1, 225, 224, 224, 223, 223, 222, -1,
        223, 221, 222, 220, -1, 221, 219, 220,
        218, -1, 219, 217, 218, 216, -1, 217,
        215, 216, 214, -1, 215, 213, 214, 212,
        -1, 213, 211, 212, 210, -1, 211, 209,
        210, 208, -1, 209, 207, 208, 206, -1,
        207, 205, 206, 204, -1, 205, 203, 204,
        202, -1, 203, 201, 202, 200, -1, 201,
        199, 200, 198, -1, 199, 197, 198, 196,
        -1, 197, 195, 196, 194, -1, 195, 193,
        194, 192, -1, 193, 191, 192, 190, -1,
        191, 189, 190, 188, -1, 189, 187, 188,
        186, -1, 187, 185, 186, 184, -1, 185,
        184, 184, -1, 183, 182, 183, 181, -1,
        182, 180, 181, 179, -1, 180, 178, 179,
        177, -1, 178, 176, 177, 175, -1, 176,
        174, 175, 174, -1, 174, 174, 173, 172,
        171, 170, 169, 168, 167, 166, 165, 164,
        163, 162, 161, 160, 159, 158, 157, 156,
        155, 154, 153, 152, 151, 150, 149, 148,
        147, 146, 145, 144, 143, 142, 141, 140,
        139, 138, 137, 136, 135, 135, -1, 134,
        133, 134, 132, -1, 133, 131, 132, 131,
        -1, 131, 131, 129, 130, 128, -1, 129,
        128, 128, 127, -1, 128, 126, 127, 125,
        -1, 126, 124, 125, 123, -1, 124, 122,
        123, 121, -1, 122, 120, 121, 119, -1,
        120, 118, 119, 117, -1, 118, 116, 117,
        115, -1, 116, 114, 115, 113, -1, 114,
        112, 113, 111, -1, 112, 110, 111, 109,
        -1, 110, 108, 109, 107, -1, 108, 107,
        107, 106, 105, 104, 104, 103, -1, 104,
        103, 103, 101, 102, 100, -1, 101, 99,
        100, 98, -1, 99, 97, 98, 96, -1,
        97, 95, 96, 94, -1, 95, 93, 94,
        92, -1, 93, 91, 92, 90, -1, 91,
        90, 90, -1, 89, 88, 89, 87, -1,
        88, 86, 87, 86, -1, 86, 86, 85,
        85, 84, -1, 85, 84, 84, 83, -1,
        84, 82, 83, 81, -1, 82, 80, 81,
        79, -1, 80, 78, 79, 77, -1, 78,
        76, 77, 75, -1, 76, 74, 75, 73,
        -1, 74, 72, 73, 71, -1, 72, 70,
        71, 69, -1, 70, 68, 69, 67, -1,
        68, 66, 67, 65, -1, 66, 65, 65,
        63, 64, 61, -1, 63, 62, 61, 60,
        59, 58, 58, 57, -1, 58, 57, 57,
        56, 56, 55, -1, 56, 54, 55, 53,
        -1, 54, 52, 53, 51, -1, 52, 50,
        51, 49, -1, 50, 48, 49, 47, -1,
        48, 47, 47, -1, 46, 45, 46, 44,
        -1, 45, 43, 44, 43, -1, 43, 43,
        41, 42, 40, -1, 41, 40, 40, 39,
        -1, 40, 38, 39, 37, -1, 38, 36,
        37, 35, -1, 36, 34, 35, 33, -1,
        34, 32, 33, 31, -1, 32, 30, 31,
        29, -1, 30, 28, 29, 27, -1, 28,
        26, 27, 25, -1, 26, 24, 25, 23,
        -1, 24, 22, 23, 21, -1, 22, 20,
        21, 19, -1, 20, 18, 19, 17, -1,
        18, 16, 17, 15, -1, 16, 14, 15,
        13, -1, 14, 13, 13, 11, 12, 10,
        -1, 11, 9, 10, 8, -1, 9, 7,
        8, 6, -1, 7, 5, 6, 4, -1,
        5, 3, 4, 2, -1, 3, 1, 2,
        0, -1, 1, 0, 0, -1, 812, 812,
        812, 812, 812, 812, 812, 812, 812, 812,
        812, 812, 812, 812, 812, 812, 812, 812,
        812, 812, 812, 812, 812, 812, 812, 812,
        812, 812, 812, 812, 812, 812, 812, 812,
        812, 812, 812, 812, 812, 812, 812, 812,
        812, 812, 812, 812, 812, 812, 812, 812,
        812, 812, 812, 812, 812, 812, 812, 812,
        812, 812, 812, 812, -1, 812, 812, 812,
        812, -1, 812, 812, 812, 812, -1, 812,
        812, 812, 812, -1, 812, 812, 812, 812,
        -1, 812, 812, 812, 812, -1, 812, 812,
        812, 812, -1, 812, 812, 812, 812, -1,
        812, 812, 812, 812, -1, 812, 812, 812,
        812, -1, 812, 812, 812, 812, -1, 812,
        812, 812, 812, -1, 812, 812, 812, 812,
        -1, 812, 812, 812, 812, -1, 812, 812,
        812, 812, -1, 812, 812, 812, 812, -1,
        812, 812, 812, 812, -1, 812, 812, 812,
        812, -1, 812, 812, 812, -1, 812, 812,
        812, 812, 812, 812, 812, 812, 812, 812,
        812, 812, 812, 812, 812, 812, 812, 812,
        812, 812, 812, 812, 812, 812, 812, 812,
        812, 812, 812, 812, 812, 812, 812, 812,
        812, 812, 812, 812, 812, -1, 812, 812,
        812, 812, 812, 812, 812, 812, 812, 812,
        812, 812, 812, 812, 812, 812, 812, 812,
        812, 812, 812, 812, 812, 812, 812, 812,
        812, 812, 812, 812, 812, 812, 812, 812,
        812, 812, 812, 812, 812, 812, 812, 812,
        812, 812, 812, 812, 812, 812, 812, 812,
        812, 812, 812, 812, 812, 812, 812, 812,
        812, 812, -1, 813, 813, 813, 813, 813,
        -1, 813, 813, 813, 813, 813, 813, 813,
        813, 813, 813, 813, 813, 813, 813, 813,
        -1, 813, 813, 813, 813, 813, 813, 813,
        813, 813, 813, 813, 813, 813, 813, 813,
        813, 813, -1, 813, 813, 813, 813, 813,
        813, 813, 813, 813, 813, 813, 813, 813,
        813, 813, -1, 813, 813, 813, 813, 813,
        813, 813, 813, 813, 813, 813, 813, 813,
        813, 813, 813, 813, -1, 813, 813, 813,
        813, 813, 813, 813, 813, 813, 813, 813,
        813, 813, 813, 813, -1, 813, 813, 813,
        813, 813, 813, 813, 813, 813, 813, 813,
        813, 813, 813, 813, 813, 813, -1, 813,
        813, 813, 813, 813, 813, 813, 813, 813,
        813, 813, 813, 813, 813, -1, 812, 812,
        812, 812, 812, -1, 812, 812, 812, 812,
        812, -1, 812, 812, 812, 812, 812, -1,
        812, 812, 812, 812, -1, 812, 812, 812,
        812, 812, 812, 812, 812, -1, 812, 812,
        812, 812, 812, 812, -1, 812, 812, 812,
        812, -1, 812, 812, 812, 812, 812, 812,
        -1, 812, 812, 812, 812, 812, 812, -1,
        812, 812, 812, 812, 812, 812, -1, 812,
        812, 812, 812, 812, 812, 812, 812, 812,
        812, 812, 812, 812, -1, 812, 812, 812,
        812, 812, -1, 812, 812, 812, 812, 812,
        -1, 812, 812, 812, 812, 812, -1, 812,
        812, 812, 812, -1, 812, 812, 812, 812,
        -1, 812, 812, 812, 812, 812, 812, -1,
        812, 812, 812, 812, -1, 812, 812, 812,
        812, 812, -1, 812, 812, 812, 812, -1,
        812, 812, 812, 812, 812, 812, -1, 812,
        812, 812, 812, 812, 812, -1, 812, 812,
        812, 812, 812, 812, -1, 812, 812, 812,
        812, 812, 812, -1, 812, 812, 812, 812,
        -1, 812, 812, 812, 812, 812, -1, 812,
        812, 812, 812, 812, -1, 812, 812, 812,
        812, 812, -1, 812, 812, 812, 812, -1,
        812, 812, 812, 812, 812, -1, 812, 812,
        812, 812, 812, -1, 812, 812, 812, 812,
        812, -1, 812, 812, 812, 812, 812, 812,
        -1, 812, 812, 812, 812, 812, 812, 812,
        -1, 812, 812, 812, 812, 812, -1, 812,
        812, 812, 812, 812, 812, 812, -1, 812,
        812, 812, 812, 812, -1, 812, 812, 812,
        812, -1, 812, 812, 812, 812, 812, 812,
        812, -1, 812, 812, 812, 812, 812, -1,
        812, 812, 812, 812, -1, 812, 812, 812,
        812, 812, -1, 812, 812, 812, 812, 812,
        -1, 812, 812, 812, 812, -1, 812, 812,
        812, 812, 812, 812, 812, 812, -1, 812,
        812, 812, 812, 812, 812, 812, 812, -1,
        812, 812, 812, 812, -1, 812, 812, 812,
        812, 812, 812, -1, 812, 812, 812, 812,
        -1, 812, 812, 812, 812, 812, 812, -1,
        812, 812, 812, 812, 812, 812, -1, 812,
        812, 812, 812, -1, 812, 812, 812, 812,
        -1, 812, 812, 812, 812, -1, 812, 812,
        812, 812, 812, 812, -1, 812, 812, 812,
        812, 812, 812, -1, 812, 812, 812, 812,
        -1, 812, 812, 812, 812, 812, 812, -1,
        812, 812, 812, 812, -1, 812, 812, 812,
        812, -1, 812, 812, 812, 812, 812, -1,
        812, 812, 812, 812, -1, 812, 812, 812,
        812, -1, 812, 812, 812, 812, -1, 812,
        812, 812, 812, -1, 812, 812, 812, 812,
        -1, 812, 812, 812, 812, -1, 812, 812,
        812, 812, -1, 812, 812, 812, 812, -1,
        812, 812, 812, 812, 812, 812, 812, 812,
        -1, 812, 812, 812, 812, 812, 812, -1,
        812, 812, 812, 812, -1, 812, 812, 812,
        812, 812, 812, -1, 812, 812, 812, 812,
        812, 812, -1, 812, 812, 812, 812, 812,
        812, -1, 812, 812, 812, 812, -1, 812,
        812, 812, 812, 812, -1, 812, 812, 812,
        812, 812, 812, -1, 812, 812, 812, 812,
        -1, 812, 812, 812, 812, -1, 812, 812,
        812, 812, -1, 812, 812, 812, 812, -1,
        812, 812, 812, 812, -1, 812, 812, 812,
        812, -1, 812, 812, 812, 812, -1, 812,
        812, 812, 812, -1, 812, 812, 812, 812,
        812, 812, 812, -1, 812, 812, 812, 812,
        812, -1, 812, 812, 812, 812, 812, -1,
        812, 812, 812, 812, 812, 812, -1, 812,
        812, 812, -1, 812, 812, 812, 812, 812,
        812, 812, -1, 812, 812, 812, 812, 812,
        -1, 812, 812, 812, 812, 812, -1, 812,
        812, 812, -1, 813, 813, 813, 813, -1,
        813, 813, 813, 813, -1, 813, 813, 813,
        813, -1, 813, 813, 813, 813, -1, 813,
        813, 813, 813, -1, 813, 813, 813, 813,
        -1, 813, 813, 813, 813, -1, 813, 813,
        813, 813, -1, 813, 813, 813, 813, -1,
        813, 813, 813, 813, -1, 813, 813, 813,
        813, -1, 813, 813, 813, 813, -1, 813,
        813, 813, 813, -1, 813, 813, 813, 813,
        -1, 813, 813, 813, 813, -1, 813, 813,
        813, 813, -1, 813, 813, 813, 813, -1,
        813, 813, 813, 813, -1, 813, 813, 813,
        813, -1, 813, 813, 813, 813, -1, 813,
        813, 813, 813, -1, 813, 813, 813, 813,
        -1, 813, 813, 813, 813, -1, 812, 812,
        812, 812, 812, -1, 812, 812, 812, 812,
        812, -1, 812, 812, 812, 812, 812, -1,
        812, 812, 812, 812, 812, -1, 812, 812,
        812, 812, 812, -1, 812, 812, 812, 812,
        812, -1, 812, 812, 812, 812, 812, -1,
        812, 812, 812, 812, 812, -1, 812, 812,
        812, 812, 812, -1, 812, 812, 812, 812,
        812, -1, 812, 812, 812, 812, 812, -1,
        812, 812, 812, 812, 812, -1, 812, 812,
        812, 812, 812, -1, 812, 812, 812, 812,
        812, -1, 812, 812, 812, 812, 812, -1,
        812, 812, 812, 812, 812, -1, 812, 812,
        812, 812, 812, -1, 812, 812, 812, 812,
        812, -1, 812, 812, 812, 812, 812, -1,
        812, 812, 812, -1, 812, 812, 812, 812,
        812, -1, 812, 812, 812, 812, 812, -1,
        812, 812, 812, 812, 812, -1, 812, 812,
        812, 812, 812, -1, 812, 812, 812, 812,
        812, -1, 812, 812, 812, 812, 812, -1,
        812, 812, 812, 812, 812, -1, 812, 812,
        812, 812, 812, -1, 812, 812, 812, -1,
        812, 812, 812, 812, 812, -1, 812, 812,
        812, 812, 812, -1, 812, 812, 812, 812,
        812, -1, 812, 812, 812, 812, 812, -1,
        812, 812, 812, 812, 812, -1, 812, 812,
        812, 812, 812, -1, 812, 812, 812, 812,
        812, -1, 812, 812, 812, 812, 812, -1,
        812, 812, 812, -1, 812, 812, 812, 812,
        812, -1, 812, 812, 812, 812, 812, -1,
        812, 812, 812, 812, 812, -1, 812, 812,
        812, 812, 812, -1, 812, 812, 812, 812,
        812, -1, 812, 812, 812, 812, 812, -1,
        812, 812, 812, 812, 812, -1, 812, 812,
        812, 812, 812, -1, 812, 812, 812, -1,
        812, 812, 812, 812, 812, -1, 812, 812,
        812, 812, 812, -1, 812, 812, 812, 812,
        812, -1, 812, 812, 812, 812, 812, -1,
        812, 812, 812, 812, 812, -1, 812, 812,
        812, 812, 812, -1, 812, 812, 812, 812,
        812, -1, 812, 812, 812, 812, 812, -1,
        812, 812, 812, -1, 812, 812, 812, 812,
        812, -1, 812, 812, 812, 812, 812, -1,
        812, 812, 812, 812, 812, -1, 812, 812,
        812, 812, 812, -1, 812, 812, 812, 812,
        812, -1, 812, 812, 812, 812, 812, -1,
        812, 812, 812, 812, 812, -1, 812, 812,
        812, 812, 812, -1, 812, 812, 812, -1,
        812, 812, 812, 812, 812, -1, 812, 812,
        812, 812, 812, -1, 812, 812, 812, 812,
        812, -1, 812, 812, 812, 812, 812, -1,
        812, 812, 812, 812, 812, -1, 812, 812,
        812, 812, 812, -1, 812, 812, 812, 812,
        812, -1, 812, 812, 812, 812, 812, -1,
        812, 812, 812, -1, 812, 812, 812, 812,
        812, -1, 812, 812, 812, 812, 812, -1,
        812, 812, 812, 812, 812, -1, 812, 812,
        812, 812, 812, -1, 812, 812, 812, 812,
        812, -1, 812, 812, 812, 812, 812, -1,
        812, 812, 812, 812, 812, -1, 812, 812,
        812, 812, 812, -1, 812, 812, 812, -1 ]

  }
  DEF axis Separator {

    DEF X Separator {

      Material {
        ambientColor 1 0 0
        diffuseColor 1 0 0

      }
      Rotation {
        rotation -0 -0 -1  1.5707999

      }
      Translation {
        translation 0 0 0.1

      }
      Cylinder {
        radius 0.001
        height 0.2

      }
      Translation {
        translation 0 0 0.1

      }
      Cone {
        bottomRadius 0.0050000004
        height 0.0050000004

      }
      Text2 {
        string "X"

      }
    }
    DEF Y Separator {

      Material {
        ambientColor 0 1 0
        diffuseColor 0 1 0

      }
      Translation {
        translation 0 0 0.1

      }
      Cylinder {
        radius 0.001
        height 0.2

      }
      Translation {
        translation 0 0 0.1

      }
      Cone {
        bottomRadius 0.0050000004
        height 0.0050000004

      }
      Text2 {
        string "Y"

      }
    }
    DEF Z Separator {

      Material {
        ambientColor 0 0 1
        diffuseColor 0 0 1

      }
      Rotation {
        rotation 1 0 0  1.5707999

      }
      Translation {
        translation 0 0 0.1

      }
      Cylinder {
        radius 0.001
        height 0.2

      }
      Translation {
        translation 0 0 0.1

      }
      Cone {
        bottomRadius 0.0050000004
        height 0.0050000004

      }
      Text2 {
        string "Z"

      }
    }
  }
}

