#Inventor V2.1 ascii


DEF root Separator {

  DEF material VRMLAppearance {
    material 
    DEF color VRMLMaterial {
      diffuseColor 1 0.40000001 0

    }

  }
  USE color
  USE color
  USE color
  IndexedTriangleStripSet {
    vertexProperty 
    VertexProperty {
      vertex [ 0.028019896 0.19204219 0.052336603,
          0.028019851 0.20904218 0.052323028,
          0.021903407 0.19204441 0.05514029,
          0.021903364 0.20904441 0.055126715,
          0.015511463 0.19204608 0.057241522,
          0.01551142 0.20904607 0.057227947,
          0.0089244498 0.19204715 0.058613867,
          0.008924406 0.20904714 0.058600292,
          0.0022251988 0.19204763 0.059240073,
          0.0022251557 0.20904763 0.059226498,
          -0.0045020413 0.19204751 0.059112262,
          -0.0045020841 0.20904751 0.059098687,
          -0.011172672 0.19204679 0.058232043,
          -0.011172715 0.2090468 0.058218468,
          -0.017702805 0.19204548 0.056610487,
          -0.01770285 0.20904547 0.056596912,
          -0.024010321 0.19204359 0.05426798,
          -0.024010366 0.20904359 0.054254405,
          -0.030015901 0.19204116 0.051233988,
          -0.030015945 0.20904116 0.051220413,
          -0.035644021 0.19203821 0.047546666,
          -0.035644066 0.20903818 0.047533091,
          -0.040823899 0.19203475 0.043252375,
          -0.040823944 0.20903474 0.0432388,
          -0.045490444 0.20903087 0.038391545,
          -0.045490399 0.19203088 0.038405124,
          -0.049584884 0.20902659 0.033052292,
          -0.049584839 0.19202659 0.03306587,
          -0.053055771 0.20902199 0.027288176,
          -0.053055726 0.19202198 0.027301755,
          -0.055859458 0.20901708 0.021171691,
          -0.055859417 0.19201708 0.02118527,
          -0.057960648 0.19201198 0.014793328,
          -0.057960689 0.20901197 0.014779749,
          -0.059333034 0.20900673 0.0081927376,
          -0.059332993 0.19200672 0.0082063163,
          -0.05995924 0.20900135 0.0014934897,
          -0.059959196 0.19200137 0.0015070674,
          -0.059831429 0.20899598 -0.0052337484,
          -0.059831385 0.19199599 -0.0052201706,
          -0.05895121 0.20899066 -0.011904377,
          -0.058951166 0.19199066 -0.011890798,
          -0.057329655 0.20898543 -0.01843451,
          -0.05732961 0.19198546 -0.018420931,
          -0.054987106 0.19198044 -0.024728445,
          -0.054987147 0.20898041 -0.024742024,
          -0.051953156 0.20897563 -0.030747602,
          -0.051953111 0.19197562 -0.030734023,
          -0.04826583 0.20897114 -0.03637572,
          -0.048265789 0.19197115 -0.036362141,
          -0.043971539 0.20896702 -0.041555598,
          -0.043971494 0.19196703 -0.041542016,
          -0.039124284 0.20896332 -0.046222094,
          -0.039124243 0.19196332 -0.046208516,
          -0.033785027 0.20896004 -0.050316535,
          -0.033784986 0.19196005 -0.050302956,
          -0.028020868 0.19195728 -0.053773843,
          -0.028020911 0.20895728 -0.053787421,
          -0.021904424 0.20895508 -0.056591105,
          -0.021904379 0.19195507 -0.05657753,
          -0.015512479 0.20895341 -0.058692336,
          -0.015512437 0.19195341 -0.058678761,
          -0.0089254659 0.20895232 -0.060064681,
          -0.008925423 0.19195235 -0.060051106,
          -0.0022262156 0.20895185 -0.060690887,
          -0.0022261722 0.19195186 -0.060677309,
          0.0045010243 0.20895196 -0.060563076,
          0.0045010676 0.19195198 -0.060549498,
          0.011171655 0.20895268 -0.059682857,
          0.011171699 0.19195269 -0.059669279,
          0.017701788 0.20895399 -0.058061302,
          0.017701833 0.19195399 -0.058047723,
          0.024009306 0.20895588 -0.055718794,
          0.024009349 0.19195588 -0.05570522,
          0.030014884 0.20895831 -0.052684806,
          0.030014928 0.19195832 -0.052671228,
          0.035643004 0.20896128 -0.04899748,
          0.035643045 0.19196129 -0.048983905,
          0.040822923 0.19196472 -0.044689611,
          0.040822882 0.20896472 -0.044703189,
          0.045489382 0.20896861 -0.039855938,
          0.045489423 0.1919686 -0.039842363,
          0.049583822 0.20897289 -0.034516685,
          0.049583863 0.1919729 -0.034503106,
          0.053054709 0.20897749 -0.028752569,
          0.05305475 0.19197749 -0.02873899,
          0.055858396 0.20898239 -0.022636082,
          0.055858441 0.1919824 -0.022622505,
          0.057959627 0.2089875 -0.016244141,
          0.057959668 0.1919875 -0.016230563,
          0.059331972 0.20899275 -0.0096571296,
          0.059332017 0.19199276 -0.009643551,
          0.059958179 0.2089981 -0.0029578805,
          0.05995822 0.19199809 -0.0029443027,
          0.059830368 0.20900349 0.0037693577,
          0.059830409 0.19200349 0.003782935,
          0.058950149 0.20900881 0.010439986,
          0.05895019 0.19200881 0.010453564,
          0.057328634 0.19201402 0.016983697,
          0.057328593 0.20901401 0.016970119,
          0.054986127 0.19201905 0.023291212,
          0.054986086 0.20901905 0.023277633,
          0.051952135 0.19202383 0.029296789,
          0.051952094 0.20902383 0.029283211,
          0.048264813 0.19202833 0.034924906,
          0.048264768 0.20902833 0.034911331,
          0.043970477 0.20903245 0.040091205,
          0.043970518 0.19203246 0.04010478,
          0.039123226 0.20903617 0.044757705,
          0.039123267 0.19203617 0.04477128,
          0.03378401 0.19203945 0.048865717,
          0.033783969 0.20903942 0.048852142,
          0.023349831 0.19203511 0.043494072,
          0.017739626 0.19203712 0.046028439,
          0.023349788 0.2090351 0.043480493,
          0.017739581 0.20903713 0.046014864,
          0.011860495 0.19203857 0.047854174,
          0.011860453 0.20903856 0.047840595,
          0.0058015669 0.19203942 0.048943587,
          0.005801524 0.2090394 0.048930012,
          -0.00034535848 0.20903967 0.049266599,
          -0.00034531538 0.19203967 0.049280178,
          -0.0064869705 0.19203931 0.048858836,
          -0.0064870133 0.20903932 0.048845258,
          -0.012530298 0.19203837 0.047685958,
          -0.012530341 0.20903838 0.04767238,
          -0.018383684 0.19203682 0.045779306,
          -0.018383726 0.20903683 0.045765731,
          -0.023958446 0.20903473 0.043154217,
          -0.023958402 0.19203472 0.043167796,
          -0.029169941 0.1920321 0.039891012,
          -0.029169984 0.2090321 0.039877437,
          -0.033939302 0.19202897 0.035998628,
          -0.033939343 0.20902897 0.035985053,
          -0.038194187 0.19202541 0.031549651,
          -0.038194228 0.20902541 0.031536072,
          -0.041870132 0.20902145 0.026597938,
          -0.041870087 0.19202144 0.026611516,
          -0.044911295 0.19201718 0.021259088,
          -0.044911336 0.20901717 0.021245509,
          -0.04727174 0.20901263 0.015559918,
          -0.047271695 0.19201262 0.015573497,
          -0.048915513 0.19200788 0.0096409349,
          -0.048915558 0.20900789 0.0096273562,
          -0.049817875 0.20900302 0.0035377545,
          -0.04981783 0.19200301 0.0035513323,
          -0.049964968 0.19199809 -0.0026029986,
          -0.049965009 0.2089981 -0.0026165762,
          -0.049354739 0.20899321 -0.0087423418,
          -0.049354699 0.19199321 -0.0087287631,
          -0.047996264 0.19198842 -0.014733102,
          -0.047996305 0.20898843 -0.014746681,
          -0.045910303 0.20898381 -0.020538576,
          -0.045910262 0.1919838 -0.020524997,
          -0.043128315 0.19197942 -0.026016647,
          -0.04312836 0.20897943 -0.026030226,
          -0.03969264 0.20897534 -0.031138383,
          -0.039692599 0.19197536 -0.031124804,
          -0.03565523 0.20897165 -0.035785612,
          -0.035655186 0.19197164 -0.035772037,
          -0.031077327 0.20896836 -0.039901473,
          -0.031077283 0.19196838 -0.039887894,
          -0.026028335 0.20896557 -0.04342356,
          -0.02602829 0.19196557 -0.043409985,
          -0.020584743 0.1919633 -0.046284914,
          -0.020584786 0.20896329 -0.046298489,
          -0.014829202 0.20896156 -0.048482686,
          -0.014829159 0.19196156 -0.048469111,
          -0.0088488301 0.2089604 -0.049943034,
          -0.0088487864 0.19196041 -0.049929459,
          -0.0027343275 0.20895985 -0.050657392,
          -0.0027342844 0.19195984 -0.050643817,
          0.00342166 0.1919599 -0.050601359,
          0.003421617 0.20895989 -0.050614934,
          0.0095256856 0.20896055 -0.04981631,
          0.0095257284 0.19196054 -0.049802732,
          0.015485346 0.2089618 -0.048273616,
          0.015485389 0.19196181 -0.048260041,
          0.0212103 0.19196363 -0.045996666,
          0.021210255 0.20896363 -0.046010241,
          0.026613632 0.20896599 -0.0430605,
          0.026613675 0.191966 -0.043046921,
          0.031613611 0.19196889 -0.039455529,
          0.031613566 0.20896888 -0.039469108,
          0.036134303 0.19197223 -0.035276923,
          0.036134262 0.20897223 -0.035290498,
          0.040107191 0.20897599 -0.030588025,
          0.040107232 0.19197601 -0.030574447,
          0.043472171 0.19198012 -0.025419388,
          0.04347213 0.20898011 -0.025432965,
          0.046178062 0.20898454 -0.019903466,
          0.046178102 0.19198453 -0.019889887,
          0.048184019 0.19198921 -0.014069773,
          0.048183978 0.20898919 -0.014083352,
          0.049459506 0.19199401 -0.0080472687,
          0.049459465 0.20899402 -0.0080608465,
          0.049985234 0.19199891 -0.0019136686,
          0.049985189 0.20899892 -0.0019272465,
          0.049753223 0.19200383 0.0042380467,
          0.049753182 0.20900382 0.0042244694,
          0.048766997 0.19200867 0.010314626,
          0.048766956 0.20900868 0.010301047,
          0.047041509 0.1920134 0.01622395,
          0.047041468 0.20901339 0.016210372,
          0.044602871 0.20901789 0.021862864,
          0.044602912 0.1920179 0.021876443,
          0.041488171 0.19202211 0.027186418,
          0.041488126 0.20902212 0.027172839,
          0.037744503 0.19202602 0.032073382,
          0.037744462 0.20902602 0.032059804,
          0.033428662 0.19202952 0.036463246,
          0.033428621 0.20902953 0.036449671,
          0.02860607 0.19203256 0.040289477,
          0.028606027 0.20903255 0.040275902,
          0.060000002 0.00050992257 0.011934329,
          0.059702251 0.0064585898 0.011929577,
          0.060000002 0.00055685022 0.012993674,
          0.059999999 0.00075954484 0.014059525,
          0.059999999 0.0014009624 0.015891984,
          0.059702452 0.0098599009 0.019423652,
          0.059999995 0.0027125776 0.018528176,
          0.059999987 0.0053244657 0.023430567,
          0.059280142 -0.0087346453 0.011941711,
          0.060000002 0.00050592911 0.0069343294,
          0.059261326 -0.0088801179 0.0069418256,
          0.057149306 -0.017759304 0.01194892,
          0.057063442 -0.01803509 0.0069491379,
          0.054038625 -0.025561618 0.011955151,
          0.053460464 -0.026733521 0.0069560851,
          0.049349014 -0.033611126 0.01196158,
          0.04854111 -0.034761179 0.0069624973,
          0.044084646 -0.040190179 0.011966835,
          0.042426515 -0.041920494 0.0069682146,
          0.03726076 -0.046515025 0.011971887,
          0.035267241 -0.048035137 0.0069730985,
          0.029505756 -0.051730864 0.011976053,
          0.027239565 -0.052954528 0.0069770277,
          0.021907978 -0.055347394 0.011978941,
          0.018541163 -0.056557577 0.0069799055,
          0.013023206 -0.058056097 0.011981104,
          0.0093862172 -0.058755476 0.0069816606,
          0.0046907067 -0.059305083 0.011982102,
          1.5082867e-007 -0.059494209 0.0069822506,
          -0.0037061493 -0.059374627 0.011982157,
          -0.0093859201 -0.058755528 0.0069816606,
          -0.012934297 -0.05807576 0.011981119,
          -0.018540878 -0.056557674 0.0069799055,
          -0.021014821 -0.055689242 0.011979213,
          -0.027239297 -0.052954666 0.0069770277,
          -0.029446652 -0.05176422 0.01197608,
          -0.035266995 -0.048035316 0.0069730985,
          -0.037208956 -0.046555988 0.01197192,
          -0.042426303 -0.041920714 0.0069682146,
          -0.043428179 -0.040890351 0.011967395,
          -0.048540935 -0.034761425 0.0069624973,
          -0.049297232 -0.033685904 0.01196164,
          -0.053460326 -0.026733793 0.0069560851,
          -0.053603686 -0.026443543 0.011955855,
          -0.056841083 -0.018698316 0.01194967,
          -0.057063349 -0.01803538 0.0069491379,
          -0.059128046 -0.009661031 0.011942451,
          -0.059261277 -0.0088804178 0.0069418256,
          -0.059973061 -0.0012784671 0.011935757,
          -0.060000002 0.00050562492 0.0069343294,
          -0.059526853 0.0080076642 0.011928339,
          -0.059261329 0.0098916721 0.0069268327,
          -0.057639595 0.017164649 0.011921026,
          -0.057063445 0.019046644 0.0069195214,
          -0.054746065 0.025062483 0.011914717,
          -0.053460464 0.027745076 0.0069125732,
          -0.0502932 0.033222951 0.011908201,
          -0.048541114 0.035772733 0.006906162,
          -0.04521602 0.039947879 0.01190283,
          -0.042426519 0.042932048 0.0069004437,
          -0.039270986 0.045870867 0.011898099,
          -0.035267245 0.049046692 0.0068955603,
          -0.031766575 0.051406343 0.011893678,
          -0.027239569 0.053966083 0.0068916311,
          -0.024325931 0.055357046 0.011890522,
          -0.018541167 0.057569128 0.0068887537,
          -0.015563794 0.058453016 0.01188805,
          -0.00938622 0.059767026 0.0068869982,
          -0.0063714413 0.060168188 0.01188668,
          -1.5339306e-007 0.060505763 0.0068864082,
          0.0020323424 0.060474969 0.011886435,
          0.0093859173 0.059767079 0.0068869982,
          0.01127432 0.059437212 0.011887264,
          0.018540874 0.057569224 0.0068887537,
          0.019419733 0.057278972 0.011888987,
          0.027239293 0.053966224 0.0068916311,
          0.02714798 0.054015014 0.011891593,
          0.035112102 0.049158774 0.011895473,
          0.035266992 0.04904687 0.0068955603,
          0.04158178 0.04376414 0.011899781,
          0.042426299 0.042932265 0.0069004437,
          0.047757745 0.036825556 0.011905323,
          0.048540931 0.035772983 0.006906162,
          0.052821994 0.028962839 0.011911604,
          0.053460326 0.027745346 0.0069125732,
          0.056282241 0.021300497 0.011917722,
          0.057063345 0.019046932 0.0069195214,
          0.058816638 0.012348662 0.011924873,
          0.059261274 0.0098919719 0.0069268327,
          -4.3592951e-007 0.17195182 -0.060702629,
          -0.0092450092 0.17195237 -0.059982747,
          -4.866331e-007 0.19195183 -0.060718603,
          -0.0093865553 0.19195238 -0.059979904,
          -0.018269662 0.17195405 -0.057851885,
          -0.018541507 0.19195411 -0.057781998,
          -0.026071988 0.17195652 -0.054741185,
          -0.027239917 0.19195697 -0.054178998,
          -0.034121465 0.17196025 -0.050051559,
          -0.035267606 0.19196089 -0.049259625,
          -0.040700492 0.17196444 -0.044787172,
          -0.042426895 0.19196576 -0.043145012,
          -0.047025315 0.17196988 -0.037963275,
          -0.048541509 0.19197145 -0.035985727,
          -0.052241173 0.17197603 -0.03020826,
          -0.053460881 0.19197784 -0.027958039,
          -0.055857684 0.17198211 -0.022610474,
          -0.057063885 0.19198479 -0.019259632,
          -0.058566354 0.17198919 -0.013725699,
          -0.059261791 0.19199209 -0.010104683,
          -0.059815306 0.17199585 -0.0053931987,
          -0.06000049 0.19199958 -0.00071861758,
          -0.059884816 0.17200255 0.0030036548,
          -0.059261791 0.19200709 0.0086674485,
          -0.058585979 0.17200993 0.012231797,
          -0.057063885 0.1920144 0.017822398,
          -0.056199417 0.17201638 0.020312313,
          -0.053460881 0.19202137 0.026520805,
          -0.052274391 0.17202313 0.028744131,
          -0.048541509 0.19202779 0.034548491,
          -0.047066096 0.17202933 0.036506422,
          -0.042426895 0.19203351 0.041707776,
          -0.041400455 0.17203432 0.042725626,
          -0.035267606 0.19203842 0.04782239,
          -0.034196008 0.17203903 0.048594661,
          -0.027239917 0.19204237 0.052741759,
          -0.026953638 0.17204249 0.052901097,
          -0.019208387 0.1720451 0.056138467,
          -0.018541507 0.19204527 0.056344759,
          -0.010171102 0.17204694 0.058425412,
          -0.0093865562 0.19204703 0.058542665,
          -0.0017885176 0.17204764 0.059270404,
          -4.8687531e-007 0.19204766 0.059281368,
          0.0074976319 0.17204732 0.058824174,
          0.0093855811 0.19204709 0.058542665,
          0.016654573 0.17204581 0.056936894,
          0.018540533 0.19204536 0.056344759,
          0.024552429 0.17204353 0.054043341,
          0.027238945 0.1920425 0.052741759,
          0.032712892 0.17204 0.049590461,
          0.03526663 0.1920386 0.04782239,
          0.039437816 0.17203596 0.044513263,
          0.042425919 0.19203374 0.041707776,
          0.045360789 0.17203122 0.038568217,
          0.048540533 0.19202805 0.034548491,
          0.050896231 0.17202525 0.031063791,
          0.053459905 0.19202164 0.026520805,
          0.054846916 0.17201932 0.023623137,
          0.057062905 0.19201469 0.017822398,
          0.057942849 0.17201233 0.014860999,
          0.059260815 0.19200738 0.0086674485,
          0.059480999 0.17200616 0.0071464106,
          0.059999514 0.19199988 -0.00071861758,
          0.059999567 0.1719999 -0.00070264383,
          0.059279684 0.1719925 -0.0099472133,
          0.059260815 0.1919924 -0.010104683,
          0.057148825 0.1719853 -0.018971864,
          0.057062905 0.19198507 -0.019259632,
          0.054038126 0.17197905 -0.026774189,
          0.053459905 0.19197811 -0.027958039,
          0.049348492 0.1719726 -0.034823664,
          0.048540533 0.19197169 -0.035985727,
          0.044084109 0.17196734 -0.041402686,
          0.042425919 0.19196597 -0.043145012,
          0.037260205 0.17196228 -0.04772751,
          0.03526663 0.19196106 -0.049259625,
          0.029505188 0.17195809 -0.05294336,
          0.027238945 0.19195712 -0.054178998,
          0.021907398 0.17195518 -0.056559876,
          0.018540533 0.1919542 -0.057781998,
          0.013022624 0.17195299 -0.059268545,
          0.0093855821 0.19195244 -0.059979904,
          0.0065501928 0.17195213 -0.060341563,
          0.050000001 0.00050590379 0.0069343294,
          0.049240407 -0.0081765307 0.006941264,
          0.050000001 0.00049232604 -0.010065665,
          0.049240407 -0.0081901075 -0.010058732,
          0.046984676 -0.016595112 0.0069479877,
          0.046984676 -0.016608691 -0.010052009,
          0.043301333 -0.024494108 0.0069542965,
          0.043301333 -0.024507686 -0.0100457,
          0.038302306 -0.031633522 0.006959999,
          0.038302306 -0.031647097 -0.010039996,
          0.03213948 -0.037809953 -0.010035073,
          0.03213948 -0.037796378 0.006964921,
          0.02500011 -0.042808995 -0.010031082,
          0.02500011 -0.04279542 0.0069689141,
          0.017101126 -0.046492364 -0.01002814,
          0.017101126 -0.046478789 0.0069718556,
          0.0086825341 -0.048734605 0.0069736568,
          0.0086825341 -0.048748184 -0.010026339,
          1.2547686e-007 -0.049494207 0.006974264,
          1.2551118e-007 -0.049507789 -0.010025731,
          -0.0086822854 -0.04873465 0.0069736568,
          -0.0086822854 -0.048748225 -0.010026339,
          -0.017100889 -0.046478875 0.0069718556,
          -0.017100889 -0.046492454 -0.01002814,
          -0.024999892 -0.042809121 -0.010031082,
          -0.024999892 -0.042795546 0.0069689141,
          -0.032139286 -0.037810117 -0.010035073,
          -0.032139286 -0.037796542 0.006964921,
          -0.038302146 -0.031647291 -0.010039996,
          -0.038302146 -0.031633716 0.006959999,
          -0.04330121 -0.024494328 0.0069542965,
          -0.04330121 -0.024507904 -0.0100457,
          -0.046984591 -0.016595351 0.0069479877,
          -0.046984591 -0.016608929 -0.010052009,
          -0.049240369 -0.0081767794 0.006941264,
          -0.049240369 -0.0081903581 -0.010058732,
          -0.050000001 0.00050565024 0.0069343294,
          -0.050000001 0.00049207249 -0.010065665,
          -0.04924041 0.0091745052 -0.010072601,
          -0.04924041 0.0091880839 0.0069273948,
          -0.04698468 0.017593089 -0.010079325,
          -0.04698468 0.017606668 0.0069206706,
          -0.043301336 0.025505662 0.0069143618,
          -0.043301336 0.025492083 -0.010085634,
          -0.03830231 0.032645073 0.0069086598,
          -0.03830231 0.032631498 -0.010091336,
          -0.032139484 0.038807932 0.0069037378,
          -0.032139484 0.038794354 -0.010096258,
          -0.025000112 0.04380697 0.0068997452,
          -0.025000112 0.043793395 -0.01010025,
          -0.017101128 0.04749034 0.0068968036,
          -0.017101128 0.047476765 -0.010103192,
          -0.008682536 0.049732585 -0.010104994,
          -0.008682536 0.049746159 0.0068950015,
          -1.2800693e-007 0.050492186 -0.010105601,
          -1.2804125e-007 0.050505765 0.0068943948,
          0.0086822836 0.049746204 0.0068950015,
          0.0086822836 0.049732625 -0.010104994,
          0.017100887 0.047490429 0.0068968036,
          0.017100887 0.04747685 -0.010103192,
          0.02499989 0.043807097 0.0068997452,
          0.02499989 0.043793522 -0.01010025,
          0.032139283 0.038808096 0.0069037378,
          0.032139283 0.038794518 -0.010096258,
          0.038302142 0.03264527 0.0069086598,
          0.038302142 0.032631692 -0.010091336,
          0.043301206 0.025505882 0.0069143618,
          0.043301206 0.025492303 -0.010085634,
          0.046984587 0.017606907 0.0069206706,
          0.046984587 0.017593328 -0.010079325,
          0.049240366 0.0091883326 0.0069273948,
          0.049240366 0.0091747558 -0.010072601,
          0.059702445 0.012851359 0.0237811,
          0.05931922 0.015057486 0.021579353,
          0.059319217 0.016754059 0.023692731,
          0.058769669 0.020762673 0.023397941,
          0.059319213 0.018640514 0.025578931,
          0.058769662 0.022772431 0.025069693,
          0.059319209 0.019643608 0.026470518,
          0.059319202 0.021884549 0.02819475,
          0.059702437 0.017266192 0.028566061,
          0.059319202 0.023126969 0.029021185,
          0.059702422 0.022183713 0.032052379,
          0.059319198 0.024353633 0.029758358,
          0.059319191 0.027010113 0.031113073,
          0.058769651 0.027444655 0.028024815,
          0.05876964 0.03096367 0.029593017,
          0.057150409 0.036188453 0.025608523,
          0.057150401 0.038896438 0.026344918,
          0.054038558 0.0450719 0.021521013,
          0.054038551 0.047714718 0.021817198,
          0.049351569 0.056814127 0.017145121,
          0.049351558 0.062046677 0.016380044,
          0.044084437 0.069272891 0.011906452,
          0.044084426 0.073885769 0.010106264,
          0.03726143 0.080572419 0.0053229947,
          0.037261419 0.085244842 0.0023323521,
          0.02950648 0.086085983 0.0013791828,
          0.029506469 0.090478644 -0.0019547422,
          0.021907646 0.089906536 -0.0013533076,
          0.021907635 0.094105586 -0.0049254154,
          0.013024074 0.092772245 -0.0034023933,
          0.013024065 0.096826442 -0.0071535953,
          0.0065493328 0.097902566 -0.0080345953,
          0.0065493188 0.10365394 -0.01449989,
          0.0020327384 0.098227963 -0.0083007272,
          0.0020327237 0.10394715 -0.014790187,
          -0.0063691637 0.10367044 -0.014515307,
          -0.0063691768 0.10862838 -0.021320837,
          -0.015564301 0.10725875 -0.019681532,
          -0.006369188 0.11327194 -0.02879633,
          -0.015564315 0.11210563 -0.027086873,
          -0.015564323 0.1153435 -0.031408992,
          -0.02432595 0.10999919 -0.024000077,
          -0.024325959 0.11344327 -0.02828449,
          -0.031768437 0.1110223 -0.024303922,
          -0.031768449 0.11504634 -0.028438782,
          -0.039271519 0.11198371 -0.022838796,
          -0.031768467 0.12336213 -0.035548851,
          -0.039271541 0.1208665 -0.029977361,
          -0.03176849 0.13255151 -0.04146767,
          -0.039271567 0.13059384 -0.035911035,
          -0.039271589 0.13995013 -0.040139429,
          -0.04521659 0.12850048 -0.029967358,
          -0.045216616 0.13835812 -0.034203272,
          -0.050296452 0.12612456 -0.023220142,
          -0.050296478 0.13655123 -0.027464695,
          -0.054746188 0.13435791 -0.019283252,
          -0.054746222 0.14705883 -0.022679674,
          -0.057641774 0.14566223 -0.014772214,
          -0.054746252 0.15954897 -0.024631795,
          -0.057641812 0.15885153 -0.016731903,
          -0.050296538 0.16026981 -0.032796599,
          -0.050296508 0.14850257 -0.030852517,
          -0.045216642 0.14969184 -0.037584066,
          -0.039271615 0.1507398 -0.043514092,
          -0.031768516 0.14143907 -0.045689154,
          -0.024326032 0.1425008 -0.04964472,
          -0.024326012 0.13394739 -0.04542803,
          -0.015564394 0.14333472 -0.05274877,
          -0.015564373 0.13504358 -0.048535664,
          -0.0063692448 0.13565136 -0.050255012,
          -0.0063692238 0.12731262 -0.044360917,
          0.0020326641 0.12745114 -0.044665866,
          0.0020326828 0.12006028 -0.037606943,
          0.0065492587 0.12730578 -0.044338629,
          0.0065492778 0.11988099 -0.037279073,
          0.013024008 0.11928782 -0.0361946,
          0.013024016 0.11572614 -0.032039247,
          0.021907575 0.11778814 -0.033452604,
          0.021907585 0.1140633 -0.029305723,
          0.029506404 0.11578899 -0.029797338,
          0.029506413 0.11184656 -0.025661539,
          0.037261352 0.11290412 -0.024522619,
          0.037261363 0.10864772 -0.020402651,
          0.044084344 0.10476843 -0.014025012,
          0.044084355 0.10038298 -0.0099158948,
          0.049351469 0.09591189 -0.0033655108,
          0.044084374 0.093489274 -0.0032138922,
          0.049351487 0.08823783 0.0030680296,
          0.044084396 0.086505234 0.0024946614,
          0.049351506 0.080549762 0.0083971862,
          0.044084415 0.078897819 0.0075315819,
          0.049351532 0.072298631 0.012937536,
          0.049351547 0.066933267 0.015079972,
          0.05403851 0.064220607 0.019555133,
          0.054038525 0.058422517 0.021168686,
          0.05715036 0.056392543 0.025968127,
          0.057150375 0.050174918 0.027069353,
          0.058769599 0.048010964 0.031410661,
          0.058769614 0.041677106 0.031724703,
          0.059319157 0.040389739 0.034070257,
          0.059319165 0.037386358 0.033889096,
          0.059702396 0.033095013 0.03592582,
          0.059319172 0.034457304 0.033461008,
          0.059702411 0.026944591 0.034282185,
          0.05931918 0.031354412 0.032716531,
          0.059319187 0.028434057 0.031716816,
          0.058769628 0.03578731 0.031000506,
          0.059999958 0.018246461 0.03694763,
          0.059999969 0.01284382 0.033217244,
          0.05999998 0.0085057439 0.028630866,
          0.059999943 0.02455369 0.039592769,
          0.059999924 0.030861793 0.040887371,
          0.059702381 0.039461739 0.03641662,
          0.059999909 0.038062252 0.04098523,
          0.059702355 0.047668848 0.035437495,
          0.059999876 0.049651206 0.039022334,
          0.059319112 0.05781284 0.030932812,
          0.059702329 0.058658078 0.032573164,
          0.059319098 0.063043281 0.029147869,
          0.059319086 0.068189621 0.027051138,
          0.05876955 0.067336597 0.025599923,
          0.057150308 0.075580202 0.018209906,
          0.057150334 0.066194691 0.02262504,
          0.054038484 0.073259525 0.015622766,
          0.054038465 0.081809536 0.010757867,
          0.057150282 0.085135028 0.012423509,
          0.058769524 0.07751596 0.020525802,
          0.058769513 0.083017938 0.017359234,
          0.05931906 0.078842536 0.021642623,
          0.059319049 0.082079664 0.01982102,
          0.05999982 0.07271561 0.030619403,
          0.05970227 0.083470307 0.020990241,
          0.059999783 0.086897053 0.023029847,
          0.059319034 0.088605881 0.015951728,
          0.059319027 0.091881528 0.013915894,
          0.058769487 0.091457225 0.01217095,
          0.057150256 0.097000703 0.00455578,
          0.057150271 0.091012962 0.0085895825,
          0.054038428 0.095797621 0.00072336663,
          0.054038443 0.090438828 0.0046529723,
          0.049351458 0.10073497 -0.0073938943,
          0.059319071 0.073551953 0.024474591,
          0.059702303 0.069472194 0.028327558,
          0.059999846 0.060993433 0.035659954,
          0.058769576 0.057124503 0.029275937,
          0.059319142 0.047105286 0.033576664,
          0.05931915 0.043747514 0.033976514,
          0.059319124 0.052436586 0.03242559,
          -0.024325987 0.12514146 -0.039519992,
          -0.024325969 0.1172295 -0.032430675,
          -0.015564332 0.11894303 -0.03556392,
          -0.0063692047 0.1198918 -0.037298761,
          -0.0063691963 0.11639567 -0.033139203,
          0.0020326916 0.11658259 -0.033446901,
          0.0020326995 0.11347912 -0.029100534,
          0.0065492862 0.11638382 -0.033120219,
          0.0065492941 0.11325875 -0.028777957,
          0.013024025 0.11252975 -0.027710309,
          0.013024037 0.10775634 -0.020279162,
          0.021907594 0.11068647 -0.025010262,
          0.021907607 0.10559119 -0.017689716,
          0.029506423 0.10822916 -0.021410586,
          0.029506437 0.10270492 -0.014237531,
          0.037261371 0.10468323 -0.016215833,
          0.037261389 0.098540038 -0.0092556486,
          -0.01556435 0.12653846 -0.042636342,
          0.0020327112 0.10887163 -0.021612497,
          0.0065493062 0.10861268 -0.021303102,
          0.01302405 0.10268328 -0.013538335,
          0.02190762 0.10022858 -0.011105925,
          0.029506452 0.096955925 -0.007862688,
          0.037261404 0.092232987 -0.003182034,
          0.05403854 0.053200714 0.021856556,
          0.057150386 0.044628114 0.027163958,
          -0.045216672 0.16086358 -0.039521303,
          -0.039271642 0.1613867 -0.04544507,
          -0.031768564 0.16187575 -0.050982989,
          -0.031768542 0.15171982 -0.049058158,
          -0.024326084 0.16222437 -0.054929897,
          -0.024326058 0.1524187 -0.053009767,
          -0.015564443 0.162498 -0.058026813,
          -0.015564418 0.15296765 -0.056110833,
          -0.0063693137 0.16264947 -0.059740003,
          -0.0063692895 0.15327209 -0.057826988,
          0.0020325985 0.15332705 -0.058130514,
          0.0020326225 0.14388062 -0.054769941,
          0.0065491926 0.15327024 -0.057804946,
          0.0065492168 0.14379434 -0.054443847,
          0.013023946 0.1435075 -0.053367231,
          0.013023966 0.13526936 -0.049153171,
          0.021907512 0.14278075 -0.050646879,
          0.021907533 0.13431324 -0.046428643,
          0.029506339 0.14181119 -0.047021464,
          0.029506361 0.13303779 -0.042797945,
          0.037261281 0.14041147 -0.041790582,
          0.037261304 0.13119671 -0.037559628,
          0.044084284 0.1289635 -0.031207835,
          0.044084311 0.11877941 -0.025269719,
          0.049351394 0.12664115 -0.024604226,
          0.04935142 0.11581747 -0.018649742,
          0.054038361 0.12379813 -0.016521255,
          0.054038387 0.11219157 -0.010546572,
          0.057150196 0.12104274 -0.0086887637,
          0.057150226 0.1086776 -0.0026943798,
          0.058769431 0.11445642 -0.00061777333,
          0.059318997 0.10450841 0.0066211745,
          0.059318975 0.11104982 0.0034572873,
          0.05970221 0.10757706 0.0075376462,
          0.05931896 0.11777344 0.00060327945,
          0.059999712 0.1145898 0.0096505322,
          0.059702173 0.12088016 0.0021067122,
          0.059999678 0.12778427 0.0053555123,
          0.059318926 0.13020508 -0.0036796927,
          0.059702139 0.13415419 -0.001925991,
          0.059318911 0.13722885 -0.0055649891,
          0.059318893 0.14432572 -0.0070972545,
          0.058769368 0.14022502 -0.0091952449,
          0.057150129 0.14596198 -0.016366797,
          0.057150163 0.132691 -0.012959268,
          0.054038327 0.13478614 -0.020781171,
          0.058769401 0.12692638 -0.0054581505,
          0.059318945 0.12393555 -0.0016759018,
          0.059999641 0.14273226 0.0019282384,
          0.059702102 0.14848644 -0.0048491159,
          0.059318874 0.15124337 -0.0082380623,
          0.059318859 0.15817614 -0.00904583,
          0.05876933 0.15391611 -0.011620636,
          0.057150096 0.15899369 -0.01830736,
          0.054038297 0.14734104 -0.024180194,
          0.049351368 0.13694789 -0.028853126,
          0.059999604 0.15738013 -2.8359493e-005,
          0.059307013 0.16279927 -0.0094834641,
          0.054038268 0.15968278 -0.026114201,
          0.049351335 0.14876392 -0.032243315,
          0.049351305 0.16039385 -0.034170784,
          0.044084232 0.14992613 -0.03883056,
          0.044084202 0.16097471 -0.04075291,
          0.037261229 0.16153342 -0.047084127,
          0.059999749 0.10044863 0.01569145,
          -0.0063692657 0.14379723 -0.054466411,
          0.002032643 0.13576064 -0.050558422,
          0.0065492378 0.13564697 -0.050231613,
          0.013023988 0.12682363 -0.043258023,
          0.021907555 0.12560348 -0.040527355,
          0.029506383 0.12397634 -0.036888074,
          0.037261326 0.12162783 -0.031637102,
          0.044084333 0.10940565 -0.018125901,
          0.049351446 0.10576822 -0.011475039,
          0.054038417 0.10131557 -0.0033336997,
          0.058769461 0.10168306 0.0058315387,
          0.059319012 0.098075412 0.010132077,
          0.05970224 0.094405271 0.014437129,
          0.0020325747 0.16267633 -0.060041964,
          0.0065491688 0.16264768 -0.05971599,
          0.013023921 0.15308143 -0.056729738,
          0.021907488 0.15260315 -0.054012641,
          0.029506313 0.15196496 -0.050391413,
          0.037261255 0.15104367 -0.045166437,
          0.044084262 0.1387136 -0.035447646,
          0.029506288 0.16199411 -0.052305598,
          0.021907462 0.1623134 -0.05592474,
          0.013023898 0.16255292 -0.058640756,
          0.058769654 0.025795119 0.027107261,
          0.057150416 0.033687551 0.024711851,
          0.05715042 0.031241613 0.023622723,
          0.054038569 0.040106479 0.020486886,
          0.054038577 0.037821442 0.019802714,
          0.049351595 0.046873946 0.017076515,
          0.049351607 0.042173229 0.016421923,
          0.044084486 0.049275894 0.015070971,
          0.049351618 0.038082931 0.015479009,
          0.044084497 0.044900563 0.014891398,
          0.049351621 0.036021486 0.014737213,
          0.044084504 0.042694151 0.014515237,
          0.054038599 0.027853195 0.015009268,
          0.05715045 0.019937333 0.015273177,
          0.059168793 0.012002698 0.016335826,
          0.059319228 0.012055137 0.017722702,
          0.059319224 0.013559996 0.019679341,
          0.058769677 0.017336708 0.019805523,
          0.057150435 0.025053401 0.019678134,
          0.057150427 0.029048717 0.022444589,
          0.054038588 0.033478815 0.018075615,
          0.057150446 0.021650054 0.016895531,
          0.054038595 0.029737385 0.016198369,
          0.054038566 0.04258858 0.021079626,
          0.049351584 0.051773317 0.0173315,
          0.049351577 0.054238569 0.01730313,
          0.044084463 0.059276298 0.014269614,
          0.044084456 0.061726715 0.013857552,
          0.03726146 0.068928219 0.010543775,
          0.037261456 0.071396016 0.0096580824,
          0.029506508 0.074866079 0.0078114066,
          0.029506501 0.077290311 0.0066316742,
          0.021907674 0.078980327 0.0059181089,
          0.021907669 0.081374429 0.00453472,
          0.013024096 0.084437296 0.0029620938,
          0.013024084 0.088901415 -0.00024355404,
          0.0065493528 0.090078682 -0.00097179646,
          0.0065493435 0.093905315 -0.004212169,
          0.002032758 0.090434082 -0.0011914136,
          0.0020327484 0.094247632 -0.0044564288,
          -0.0063691391 0.09392456 -0.0042240792,
          -0.0063691493 0.097922362 -0.0080494946,
          -0.015564275 0.096201241 -0.0066384827,
          -0.015564289 0.1021161 -0.012973988,
          -0.024325924 0.099309519 -0.010191496,
          -0.024325937 0.10478496 -0.016721345,
          -0.031768411 0.10163317 -0.012950189,
          -0.03176843 0.10731553 -0.020067664,
          -0.039271481 0.097211644 -0.0076600523,
          -0.039271496 0.1035508 -0.014551342,
          -0.045216497 0.092482626 -0.0020021657,
          -0.045216516 0.099524319 -0.0086515667,
          -0.05029637 0.094953783 -0.0019548098,
          -0.050296381 0.099870622 -0.0059688082,
          -0.054746088 0.09486492 0.0022611998,
          -0.054746103 0.1004757 -0.0017967606,
          -0.057641651 0.096108221 0.0061889039,
          -0.054746132 0.11149085 -0.0090397438,
          -0.057641681 0.10793315 -0.0010930845,
          -0.057641711 0.12045027 -0.0071019283,
          -0.059529871 0.10380844 0.0081209308,
          -0.059529908 0.11721554 0.0020884669,
          -0.059973955 0.11393514 0.011409844,
          -0.059973989 0.12728181 0.0071199313,
          -0.059131935 0.12502994 0.01552489,
          -0.059131976 0.14091904 0.012091323,
          -0.056842297 0.12260303 0.024584185,
          -0.056842342 0.1393216 0.021140819,
          -0.053604539 0.1205233 0.032348912,
          -0.053604588 0.13795267 0.028897095,
          -0.049300432 0.13667248 0.036151815,
          -0.049300477 0.15436032 0.034147553,
          -0.043428656 0.1353998 0.043365374,
          -0.0434287 0.15372421 0.041355524,
          -0.037210435 0.13439867 0.049041171,
          -0.037210487 0.15322368 0.047027167,
          -0.029448159 0.13347873 0.054258537,
          -0.029448209 0.15276363 0.052241031,
          -0.021015266 0.1327861 0.058189165,
          -0.021015316 0.15241706 0.056169424,
          -0.012935175 0.15220605 0.058562849,
          -0.053604629 0.15500012 0.026898708,
          -0.056842379 0.15568414 0.019148916,
          -0.059132013 0.15648222 0.010107216,
          -0.05997403 0.14240123 0.0036954076,
          -0.059529938 0.12977634 -0.0021891023,
          -0.057641741 0.13223612 -0.011367418,
          -0.054746162 0.1232404 -0.015028103,
          -0.050296422 0.11516833 -0.017253088,
          -0.045216568 0.11819754 -0.02401798,
          -0.045216538 0.10870803 -0.016849371,
          -0.050296396 0.1049898 -0.010050725,
          -0.045216527 0.10399377 -0.012747791,
          -0.039271507 0.1076261 -0.018719966,
          -0.059529975 0.14404315 -0.0056036641,
          -0.059974063 0.1572227 0.0017187295,
          -0.059530009 0.15804286 -0.0075718998,
          0.021907657 0.085923545 0.0015993619,
          0.02950649 0.081952922 0.0040570032,
          0.037261441 0.076222621 0.007604186,
          0.044084448 0.064247288 0.013328572,
          0.049351588 0.049254026 0.017250881,
          0.044084474 0.054268941 0.014849428,
          0.037261479 0.061381049 0.01270746,
          0.037261497 0.056107182 0.013771627,
          0.029506542 0.061740279 0.012700172,
          0.029506553 0.056864616 0.013860418,
          0.021907719 0.060611535 0.013537649,
          0.025347332 0.057824597 0.013972863,
          0.023229631 0.058166999 0.014050002,
          0.024946358 0.056761425 0.014048748,
          0.022789706 0.058151256 0.014058035,
          0.024544571 0.055709627 0.013239563,
          0.021907728 0.058069732 0.014005591,
          0.020665877 0.057293769 0.013215926,
          0.02002015 0.05922867 0.014013906,
          0.019073112 0.059765626 0.013977534,
          0.017058663 0.061045732 0.013782559,
          0.021907708 0.065643959 0.011957657,
          0.013024136 0.068572268 0.011400633,
          0.013024121 0.074356452 0.0087991534,
          0.0065493896 0.075561285 0.0084360633,
          0.006549383 0.078240797 0.0069932416,
          0.0020327948 0.075925127 0.0083263144,
          0.002032788 0.07860817 0.0068627526,
          -0.0063690995 0.078259923 0.0069849109,
          -0.006369106 0.080896758 0.0054441462,
          -0.01556423 0.078937098 0.0062431875,
          -0.0063691125 0.083304353 0.0039275293,
          -0.015564237 0.081348449 0.0048271166,
          -0.0063691181 0.08566685 0.0023308289,
          -0.015564243 0.083725423 0.0033276922,
          -0.015564254 0.08821065 0.00018692166,
          -0.024325876 0.080220923 0.0051271091,
          -0.024325887 0.084804237 0.0022968671,
          -0.031768359 0.080464981 0.0049842261,
          -0.03176837 0.084659457 0.0024087282,
          -0.039271433 0.078804262 0.0065991622,
          -0.039271448 0.083575703 0.0037076361,
          -0.045216449 0.072542146 0.011080557,
          -0.045216464 0.077633046 0.0085768718,
          -0.05029631 0.070887439 0.01410384,
          -0.050296333 0.079265811 0.0096772704,
          -0.054746032 0.071873933 0.01700427,
          -0.054746054 0.080597602 0.012216866,
          -0.05764157 0.064722426 0.024092875,
          -0.057641592 0.074292332 0.01976016,
          -0.059529755 0.056430824 0.032311484,
          -0.059529781 0.066981748 0.028506089,
          -0.059973817 0.05956725 0.03737615,
          -0.059973851 0.071499147 0.03241004,
          -0.059131786 0.065799579 0.040760588,
          -0.059131805 0.07357017 0.037271783,
          -0.056842159 0.068028435 0.046382777,
          -0.059131823 0.081271909 0.033316456,
          -0.056842182 0.076274268 0.042454332,
          -0.059131861 0.095848821 0.025903709,
          -0.056842219 0.091778569 0.034998123,
          -0.05684226 0.10778201 0.0288975,
          -0.053604461 0.088290356 0.042792909,
          -0.053604502 0.10504682 0.036672745,
          -0.049300347 0.10248882 0.043945342,
          -0.049300388 0.11857831 0.039611582,
          -0.043428563 0.099945709 0.051176827,
          -0.043428611 0.11664474 0.046833113,
          -0.037210345 0.097945206 0.056866892,
          -0.03721039 0.11512374 0.052515239,
          -0.029448066 0.096106805 0.062097579,
          -0.029448111 0.11372607 0.057738505,
          -0.021015216 0.11267368 0.061673678,
          -0.059131898 0.11097367 0.019826025,
          -0.059973918 0.099625342 0.01746613,
          -0.059973884 0.085908689 0.024838287,
          -0.059529841 0.091044441 0.015447837,
          -0.059529822 0.084406771 0.019455524,
          -0.057641637 0.090021901 0.010223617,
          -0.054746073 0.08940497 0.0061753197,
          -0.050296351 0.087114632 0.0044200388,
          -0.045216482 0.085354507 0.0036419255,
          -0.039271463 0.09071862 -0.0016752842,
          -0.031768396 0.095734082 -0.0066470755,
          -0.024325907 0.093092591 -0.0040907576,
          -0.059973866 0.07871186 0.028818486,
          -0.059529807 0.077812016 0.023160839,
          -0.057641618 0.084036484 0.014041064,
          -0.031768382 0.089131899 -0.00084516464,
          -0.024325896 0.088833496 -0.00057883316,
          -0.015564264 0.092109956 -0.002924416,
          -0.0063691293 0.090097561 -0.0009822608,
          0.0020327691 0.086013407 0.0021528858,
          0.002032775 0.083653495 0.0037671938,
          0.0065493644 0.08564797 0.0023404895,
          0.00654937 0.083285414 0.0039367154,
          0.013024102 0.082065783 0.0044981008,
          0.013024108 0.079655692 0.0059518274,
          0.02190768 0.076564066 0.0072139408,
          0.029506516 0.072441652 0.0088965679,
          0.037261467 0.066492066 0.01132479,
          0.044084467 0.056726575 0.014607251,
          0.0020327813 0.08124657 0.0053019673,
          0.0065493765 0.080877751 0.00545276,
          0.013024114 0.077023625 0.007424525,
          0.029506529 0.067245342 0.010941217,
          0.037261475 0.063913129 0.012064573,
          0.029506521 0.069838688 0.0099678012,
          0.021907687 0.073944442 0.0085146958,
          0.021907693 0.071308739 0.0097172689,
          0.037261508 0.051457655 0.014326308,
          0.02950656 0.05440316 0.0141267,
          0.027870631 0.055737469 0.014157086,
          0.028332561 0.053842288 0.013267425,
          0.027045382 0.056368671 0.014131636,
          0.016224032 0.058733739 0.013194441,
          0.016641397 0.059883144 0.013945972,
          0.014623574 0.061094668 0.013917418,
          0.013024149 0.063422225 0.013295642,
          0.0065494045 0.069730528 0.011180301,
          0.0020328097 0.070080675 0.011113667,
          -0.006369093 0.075581022 0.0084295897,
          -0.015564217 0.073650368 0.0090106092,
          -0.015564224 0.076308295 0.0076740701,
          -0.024325849 0.070164666 0.010059902,
          -0.024325857 0.07278534 0.0089190537,
          -0.031768322 0.065724365 0.011396711,
          -0.031768329 0.068297826 0.01050536,
          -0.039271388 0.05949587 0.013272015,
          -0.039271392 0.062003247 0.012730812,
          -0.0452164 0.052834552 0.015277714,
          -0.045216408 0.055271368 0.015111106,
          -0.050296243 0.045273487 0.017554382,
          -0.050296251 0.047630381 0.01781307,
          -0.054745942 0.038354181 0.021093477,
          -0.05474595 0.040827699 0.021791013,
          -0.057641488 0.031816646 0.025467729,
          -0.054745957 0.043313965 0.022325873,
          -0.057641495 0.034320742 0.026463691,
          -0.057641502 0.03704321 0.027296785,
          -0.05952967 0.023893898 0.031261146,
          -0.059529677 0.026692891 0.032611128,
          -0.059973709 0.016195972 0.03800077,
          -0.059973724 0.022565668 0.040835295,
          -0.059131652 0.013352999 0.046539254,
          -0.059131667 0.020095682 0.048607711,
          -0.056841996 0.0034236456 0.052686762,
          -0.056842014 0.010542854 0.055442363,
          -0.053604223 -0.0050861794 0.05795531,
          -0.053604241 0.0023555816 0.061299834,
          -0.049300071 -0.0053018392 0.066778071,
          -0.049300093 0.0037525133 0.06910529,
          -0.046508979 -0.0046234871 0.071134008,
          -0.043428306 -0.0034740698 0.075025216,
          -0.043428279 -0.012915396 0.072224647,
          -0.040416293 -0.011261554 0.07623072,
          -0.04041627 -0.020212356 0.072345145,
          -0.037210047 -0.01890537 0.076509543,
          -0.037210029 -0.027184106 0.071635641,
          -0.034701765 -0.026562134 0.074794285,
          -0.034701753 -0.032062732 0.070609093,
          -0.029447738 -0.032906115 0.075177655,
          -0.033415817 -0.034391761 0.069934048,
          -0.032110509 -0.03663896 0.069154948,
          -0.03721001 -0.034979358 0.06427668,
          -0.037210003 -0.038234297 0.059848011,
          -0.043428238 -0.028575441 0.060988612,
          -0.043428231 -0.031783067 0.056879483,
          -0.049300026 -0.02358303 0.053106327,
          -0.043428224 -0.034417734 0.052495353,
          -0.049300022 -0.026201492 0.049142357,
          -0.049300011 -0.02840285 0.044705711,
          -0.053604186 -0.020172458 0.041794147,
          -0.049300008 -0.029967476 0.04021192,
          -0.053604178 -0.021822592 0.037759054,
          -0.053604174 -0.023781825 0.028965807,
          -0.056841951 -0.01311406 0.035136502,
          -0.056841947 -0.015417988 0.027375007,
          -0.059131611 -0.0029529922 0.032076575,
          -0.059131604 -0.0056594028 0.025518924,
          -0.059973672 0.0033946433 0.023796849,
          -0.059973668 0.00085772865 0.018692538,
          -0.059529636 0.010483718 0.017862584,
          -0.059529632 0.0089914193 0.015660349,
          -0.057641454 0.019974895 0.0170442,
          -0.05764145 0.018282073 0.015349586,
          -0.054745913 0.026295235 0.01508132,
          -0.050296217 0.034577925 0.014803765,
          -0.059973665 -0.00043100215 0.01597525,
          -0.059131596 -0.0089378562 0.016259322,
          -0.05684194 -0.018106434 0.016565237,
          -0.0591316 -0.0078330804 0.019441813,
          -0.056841943 -0.017200172 0.020249341,
          -0.053604171 -0.025964374 0.016827188,
          -0.053604171 -0.025228359 0.020941397,
          -0.0493 -0.033313654 0.017071949,
          -0.043428209 -0.040620759 0.017315013,
          -0.0493 -0.032737173 0.021588633,
          -0.043428209 -0.040203016 0.022232104,
          -0.043428212 -0.039382465 0.031933095,
          -0.037209976 -0.046076931 0.022738317,
          -0.03720998 -0.045502067 0.033097066,
          -0.029447692 -0.051476013 0.023203529,
          -0.029447692 -0.051126923 0.034166962,
          -0.021014789 -0.055543035 0.023553867,
          -0.021014789 -0.055364054 0.034972914,
          -0.012934642 -0.058019776 0.02376711,
          -0.012934642 -0.057944514 0.035463762,
          -0.0037076706 -0.059344307 0.035730049,
          -0.0082862861 -0.058825195 0.042399731,
          -0.00090380735 -0.059386186 0.044643279,
          -0.0037076718 -0.058844399 0.048909564,
          0.0046930332 -0.058765169 0.048886046,
          -0.0037076753 -0.057580963 0.055031367,
          0.0046930299 -0.057500336 0.055003878,
          0.0046930248 -0.055416938 0.061067149,
          0.013023571 -0.053992391 0.060486414,
          0.0046930178 -0.052740645 0.066524126,
          0.013023563 -0.051318903 0.065870248,
          0.010224557 -0.046095833 0.07433977,
          0.013023555 -0.047968231 0.070945673,
          0.015991574 -0.04192337 0.076361217,
          0.017475516 -0.042829044 0.074707143,
          0.021907767 -0.036831476 0.077603079,
          0.018957267 -0.043629669 0.07298702,
          0.024475018 -0.038533628 0.074382149,
          0.021907788 -0.044900738 0.069370642,
          0.025747592 -0.039248303 0.072680011,
          0.027011208 -0.039868172 0.070923917,
          0.029506763 -0.032857776 0.075142026,
          0.032167315 -0.033939436 0.071700148,
          0.033471394 -0.026083436 0.076253697,
          0.034756083 -0.026508218 0.074750602,
          0.037261698 -0.018853949 0.076461956,
          0.037261717 -0.027124323 0.071591407,
          0.040793844 -0.019825157 0.072075777,
          0.039641574 -0.027703371 0.068059817,
          0.044084679 -0.020171868 0.067286111,
          0.040793866 -0.027857171 0.06623178,
          0.041919317 -0.027918775 0.064370275,
          0.039641593 -0.034889113 0.06025267,
          0.044084698 -0.02776232 0.060570877,
          0.040793881 -0.034719456 0.058233645,
          0.041919332 -0.034446172 0.05620813,
          0.037261751 -0.040816139 0.055111472,
          0.039641608 -0.040063303 0.050784115,
          0.037261758 -0.044377614 0.044554822,
          0.040793892 -0.039517522 0.04864784,
          0.041919343 -0.038865149 0.046537586,
          0.044084717 -0.033596791 0.052166108,
          0.046838421 -0.032129329 0.046035413,
          0.04683841 -0.027315665 0.054827277,
          0.049351785 -0.026091225 0.049103819,
          0.049351774 -0.020326508 0.056752939,
          0.05403873 -0.011224695 0.052079596,
          0.051863518 -0.012408249 0.057487007,
          0.054038715 -0.0040956209 0.057331573,
          0.049351756 -0.012943556 0.062810197,
          0.054038696 0.0032997606 0.060608685,
          0.049351733 -0.0052121133 0.06669955,
          0.049351711 0.0038261325 0.069034889,
          0.044084661 -0.012165735 0.071675606,
          0.044084638 -0.0027728977 0.074441813,
          0.041919276 -0.011382964 0.074579485,
          0.040793821 -0.010899762 0.075943075,
          0.037261672 -0.009119777 0.079642318,
          0.034756061 -0.017601669 0.079247743,
          0.033471372 -0.016877072 0.080533996,
          0.032167289 -0.025583565 0.077700362,
          0.029506739 -0.024369251 0.080409266,
          0.025747571 -0.030830743 0.079423182,
          0.034756117 -0.041266292 0.059226409,
          0.029506803 -0.048888564 0.051960945,
          0.029506797 -0.046769727 0.057540305,
          0.021907808 -0.052998081 0.053413536,
          0.021907805 -0.05089609 0.059223559,
          0.013023576 -0.056081705 0.054503124,
          0.029506806 -0.050244633 0.046321265,
          0.032167353 -0.048993897 0.041883808,
          0.029506808 -0.051091257 0.034160547,
          0.033471454 -0.048191018 0.039764237,
          0.037261762 -0.045458183 0.033089194,
          0.040793903 -0.041787971 0.038179215,
          0.044084728 -0.037263095 0.042412687,
          0.049351797 -0.029866233 0.040185478,
          0.054038756 -0.020811999 0.037459143,
          0.054038744 -0.016903957 0.045355301,
          0.057150528 -0.0080013908 0.041722856,
          0.057150517 -0.0024048763 0.047551077,
          0.059283741 0.0077978582 0.042312481,
          0.059283722 0.014396354 0.045881744,
          0.059484378 0.00937369 0.041503366,
          0.059484359 0.015928252 0.044933248,
          0.059484389 0.0038877502 0.036871698,
          0.0594844 -0.00032099531 0.031288851,
          0.059484407 -0.0031521569 0.025042804,
          0.059484415 -0.0054240129 0.019229719,
          0.059484415 -0.0065636123 0.016158188,
          0.059283778 -0.0079781264 0.016205486,
          0.05715055 -0.017136337 0.016511869,
          0.054038767 -0.025053067 0.016776951,
          0.049351804 -0.03322285 0.01705078,
          0.054038763 -0.024312319 0.020858439,
          0.049351804 -0.032658074 0.021578167,
          0.054038759 -0.022829793 0.028785424,
          0.0493518 -0.031524226 0.030439062,
          0.044084731 -0.038626865 0.031789936,
          0.037261765 -0.046033286 0.0227318,
          0.044084731 -0.039475922 0.022166183,
          0.037261765 -0.046316773 0.017490491,
          0.044084735 -0.039897185 0.017274747,
          0.02950681 -0.051610656 0.017668793,
          0.029506808 -0.051440526 0.02319829,
          0.021907814 -0.055187788 0.023521649,
          0.021907814 -0.054994922 0.034902975,
          0.01302358 -0.057998963 0.023764351,
          0.01302358 -0.057923336 0.035459898,
          0.0046930346 -0.059291374 0.02387609,
          0.0046930346 -0.059269648 0.0357159,
          0.00048122444 -0.059457857 0.042555355,
          0.021907812 -0.054310873 0.047545422,
          0.017475551 -0.056586564 0.041843139,
          0.015991613 -0.056979064 0.044002376,
          0.0088318205 -0.058738191 0.04237641,
          0.0074449615 -0.058877669 0.044506986,
          0.057150539 -0.01203822 0.034817204,
          0.059283763 -0.0018886126 0.031760912,
          0.059283752 0.0022970806 0.037520736,
          0.059283771 -0.0046576052 0.025329139,
          0.059283778 -0.0068690437 0.019354317,
          0.05715055 -0.016224913 0.020161042,
          0.057150498 0.0044781528 0.052022818,
          0.057150476 0.011548049 0.054706644,
          0.059283707 0.021089844 0.047879241,
          0.057150457 0.019732131 0.056002837,
          0.059283685 0.028787922 0.048583508,
          0.059283655 0.041280691 0.047319099,
          0.059484296 0.042543121 0.0460678,
          0.059484262 0.054726224 0.043157592,
          0.059484325 0.030186603 0.04743756,
          0.059484344 0.022563614 0.046824738,
          0.054038674 0.011904113 0.062416378,
          0.057150424 0.033107281 0.055420555,
          0.054038636 0.02604188 0.06242384,
          0.05715039 0.046406832 0.05311041,
          0.054038599 0.040177483 0.060562883,
          0.057150356 0.060296107 0.048815776,
          0.054038562 0.054992247 0.056586817,
          0.055162333 0.068192586 0.049566079,
          0.052626166 0.059150405 0.057222396,
          0.051863331 0.061308529 0.057426516,
          0.049351595 0.049519025 0.064606175,
          0.051063091 0.0635112 0.057549231,
          0.044084493 0.054849766 0.068045661,
          0.049351551 0.068025894 0.057534929,
          0.044084467 0.064388432 0.06418588,
          0.049351502 0.085076489 0.050028373,
          0.044084422 0.082113005 0.056646239,
          0.049351461 0.10253437 0.043899111,
          0.044084374 0.10020997 0.050499655,
          0.04935142 0.11861667 0.039559297,
          0.044084333 0.11684903 0.046151411,
          0.049351376 0.13669801 0.036095768,
          0.044084288 0.1355345 0.04268102,
          0.049351327 0.1543666 0.034106765,
          0.044084243 0.15378571 0.040685274,
          0.054038309 0.15507764 0.026053339,
          0.057150111 0.15576667 0.018248668,
          0.059283361 0.15656377 0.0092193764,
          0.059484005 0.15668693 0.0078247087,
          0.051863372 0.044601467 0.062823258,
          0.049351636 0.033749223 0.068253472,
          0.05186341 0.029626327 0.065528728,
          0.046838284 0.023375399 0.072334565,
          0.049351677 0.018750703 0.06965103,
          0.044084597 0.012794281 0.07555531,
          0.046838325 0.0079332152 0.072513297,
          0.041919246 7.6948607e-005 0.076960042,
          0.040793791 0.0017120866 0.078116834,
          0.034756027 -0.0057443934 0.082038805,
          0.039641496 0.0034221322 0.079218909,
          0.033471342 -0.0038372257 0.083115011,
          0.037261628 0.0070652165 0.081234299,
          0.03216723 -0.0018526576 0.084124207,
          0.029506674 0.0023408472 0.085917562,
          0.025747513 -0.0080468655 0.086906448,
          0.021907676 -0.00093331432 0.089163393,
          0.018957175 -0.0077566947 0.089614406,
          0.018957147 0.0038962481 0.090359002,
          0.013023442 -0.0033897669 0.091598883,
          0.017475391 0.0064021652 0.090816401,
          0.010224435 0.0019837753 0.092377931,
          0.015991446 0.0089629367 0.091177806,
          0.0088316593 0.0047404412 0.092626512,
          0.013023396 0.014231096 0.091606326,
          0.0074447929 0.0075376807 0.092779845,
          0.01022439 0.020076269 0.09156362,
          0.0046928506 0.01323581 0.092797749,
          0.0088316137 0.023042493 0.091382667,
          0.0018734011 0.019432742 0.092387907,
          0.0074447463 0.026030727 0.091095008,
          0.0004810165 0.022561172 0.092020653,
          0.0046928031 0.032052591 0.09019994,
          -0.00090402301 0.02570245 0.091545515,
          -0.003707902 0.032005444 0.090269551,
          -0.0082864929 0.022984713 0.091460057,
          -0.0098300958 0.026280474 0.090753935,
          -0.015632089 0.020983482 0.090403639,
          -0.016981075 0.024372933 0.089621603,
          -0.02101497 0.016123554 0.089345261,
          -0.023865573 0.023167815 0.08760789,
          -0.029447872 0.019256342 0.085598171,
          -0.025278443 0.026687237 0.086556479,
          -0.026680874 0.030197652 0.085386142,
          -0.021015018 0.034510773 0.086600132,
          -0.029447915 0.037177976 0.082692951,
          -0.021015044 0.045344133 0.083676346,
          -0.029447943 0.047750253 0.079720847,
          -0.029447969 0.057986826 0.075891703,
          -0.037210248 0.060867488 0.070624664,
          -0.037210297 0.079232834 0.06303709,
          -0.043428518 0.081784479 0.057333075,
          -0.029448017 0.076887734 0.068280421,
          -0.021015171 0.094722465 0.066038512,
          -0.012935072 0.11203335 0.064070903,
          -0.012935124 0.13236463 0.060583506,
          -0.0037081561 0.13213661 0.061883204,
          -0.0037082066 0.15209149 0.059862804,
          0.0046924986 0.15209757 0.059796501,
          -0.021015121 0.075121626 0.072230637,
          -0.012935027 0.093879908 0.068439417,
          -0.0037081044 0.11168694 0.065372355,
          0.0046925489 0.13214989 0.061815545,
          0.013023046 0.15220767 0.058552068,
          0.018957281 -0.049446344 0.065008901,
          0.024475036 -0.045965616 0.065544263,
          0.029506782 -0.040812735 0.067271642,
          0.033471417 -0.034334607 0.069898441,
          0.025747612 -0.046333399 0.063576825,
          0.027011227 -0.04658987 0.061582286,
          0.03216733 -0.041266952 0.063299589,
          0.033471432 -0.041323557 0.061272025,
          0.037261736 -0.034914497 0.064243175,
          0.034756102 -0.034629785 0.068050891,
          -0.037209976 -0.04636962 0.017505948,
          -0.02944769 -0.0516534 0.017681062,
          -0.021014789 -0.055633191 0.017812481,
          -0.012934642 -0.058056448 0.01789196,
          -0.0037076706 -0.059363227 0.023882594,
          -0.0037076706 -0.059370238 0.017934158,
          0.0046930346 -0.059298746 0.017930226,
          0.01302358 -0.058032524 0.017886389,
          0.021907814 -0.055279646 0.017792776,
          -0.043428261 -0.02095844 0.067781627,
          -0.049300034 -0.020435601 0.056809209,
          -0.049300052 -0.013045188 0.062882729,
          -0.053604204 -0.012248537 0.052605573,
          -0.056841981 -0.0034948064 0.048110988,
          -0.059131633 0.0067191427 0.042866651,
          -0.053604197 -0.015335457 0.049311336,
          -0.053604189 -0.017937591 0.045770027,
          -0.056841969 -0.006517048 0.045253731,
          -0.056841962 -0.0091017308 0.04216437,
          -0.05913163 0.0037724425 0.040519327,
          -0.059131622 0.0012080175 0.037957352,
          -0.059973694 0.01077381 0.034054019,
          -0.059973691 0.0084224259 0.031679519,
          -0.059529658 0.01897487 0.027947253,
          -0.059529651 0.016917115 0.026093021,
          -0.057641484 0.029379778 0.02426731,
          -0.057641476 0.027213534 0.022992518,
          -0.054745939 0.036094222 0.020318378,
          -0.050296232 0.040653367 0.016710363,
          -0.045216385 0.047913752 0.015329484,
          -0.050296221 0.036621965 0.015608652,
          -0.045216374 0.043591168 0.01500759,
          -0.04521637 0.041400392 0.014574883,
          -0.039271358 0.047410987 0.014372963,
          -0.031768288 0.051829036 0.013297453,
          -0.039271373 0.054309893 0.014112978,
          -0.031768307 0.06029021 0.012975588,
          -0.031768296 0.055471431 0.0139828,
          -0.024325822 0.059563514 0.013629714,
          -0.031768288 0.053031094 0.014183807,
          -0.024325816 0.057037603 0.014048575,
          -0.024325812 0.055793975 0.013238337,
          -0.015564183 0.060182806 0.01394188,
          -0.01556418 0.058906812 0.013191845,
          -0.0063690548 0.060631555 0.013166115,
          -0.0021480056 0.060934596 0.013161603,
          0.0020328327 0.060939796 0.013161521,
          0.0042798314 0.060821701 0.01316328,
          0.0035288692 0.061242323 0.013509979,
          0.0065494245 0.061906997 0.013880207,
          0.0020328294 0.062235285 0.013870066,
          0.006549418 0.064533837 0.013200041,
          0.0020328227 0.064869858 0.013171236,
          0.0084044486 0.062544025 0.013807791,
          0.0089032091 0.060309269 0.013170953,
          0.010272386 0.060456771 0.013525482,
          0.012149522 0.059729017 0.013179608,
          0.013024155 0.06081976 0.01391534,
          0.01409022 0.06102144 0.013940703,
          0.011646489 0.06198217 0.013835654,
          0.00063884928 0.062726922 0.013872364,
          -5.7456487e-005 0.062941127 0.013835022,
          -0.0021480122 0.063545875 0.013635343,
          -0.0021480089 0.062230635 0.013870992,
          -0.0042486791 0.06278798 0.013842571,
          -0.0049528508 0.062522016 0.013881778,
          -0.006369058 0.061924845 0.013881983,
          -0.0063690646 0.064553872 0.013198789,
          -0.015564189 0.062775478 0.013352462,
          -0.0063690781 0.069751672 0.011176192,
          -0.015564202 0.067899145 0.011528486,
          -0.024325835 0.064553134 0.012164828,
          -0.039271362 0.049730901 0.014478016,
          -0.059529662 0.021369239 0.029730624,
          -0.059973702 0.013319351 0.036126625,
          -0.056841955 -0.011372459 0.038681239,
          -0.024325863 0.075399652 0.0076860446,
          -0.031768333 0.07089372 0.0095241768,
          -0.024325868 0.077817984 0.0064512244,
          -0.031768341 0.073320895 0.0085201152,
          -0.031768348 0.075756907 0.0074191713,
          -0.039271407 0.067012951 0.011422211,
          -0.039271411 0.069495291 0.010634198,
          -0.045216419 0.060266878 0.014525959,
          -0.045216426 0.062798798 0.014072543,
          -0.050296269 0.055197902 0.017975224,
          -0.050296281 0.060479943 0.017359763,
          -0.05474598 0.051509876 0.022914018,
          -0.054745995 0.056804646 0.022342008,
          -0.057641514 0.0428316 0.028287424,
          -0.057641529 0.048455898 0.028315933,
          -0.059529692 0.032769974 0.034517273,
          -0.059529707 0.038776115 0.035242036,
          -0.059973739 0.028958965 0.042266212,
          -0.059973758 0.036270406 0.042465512,
          -0.059131689 0.027858246 0.049357239,
          -0.059131719 0.040429328 0.048171762,
          -0.056842033 0.018791487 0.056785114,
          -0.056842066 0.032246478 0.05628226,
          -0.053604264 0.011020637 0.063151196,
          -0.053604301 0.025233295 0.063233294,
          -0.04930013 0.018673981 0.069734417,
          -0.049300168 0.033690445 0.068332076,
          -0.046509046 0.023026904 0.072725497,
          -0.043428384 0.027939726 0.075211264,
          -0.040416364 0.017534621 0.078704007,
          -0.037210159 0.023415133 0.080623545,
          -0.034701861 0.01084272 0.08303611,
          -0.033415936 0.012853709 0.083799109,
          -0.029447827 0.0023053288 0.085957192,
          -0.032110639 0.014928294 0.084482282,
          -0.025278401 0.0089466637 0.088051602,
          -0.034701902 0.027799161 0.081679709,
          -0.040416408 0.034127757 0.076701425,
          -0.0372102 0.040718742 0.07750576,
          -0.043428428 0.044570971 0.071862184,
          -0.043428451 0.054419566 0.068756439,
          -0.049300212 0.049467202 0.064689025,
          -0.049300235 0.058836482 0.061494865,
          -0.053604372 0.054391552 0.05747449,
          -0.053604394 0.063278817 0.054191452,
          -0.046509087 0.038886078 0.070398748,
          -0.053604335 0.039474215 0.061413236,
          -0.056842141 0.059656557 0.049760804,
          -0.0568421 0.045658059 0.054015715,
          -0.059131753 0.052873086 0.045384411,
          -0.059973788 0.048021521 0.040646601,
          -0.059529722 0.045587678 0.034832098,
          -0.057641543 0.054774486 0.02730546,
          -0.054746009 0.062697895 0.020813765,
          -0.050296295 0.065434068 0.016167061,
          -0.045216437 0.067868695 0.012784517,
          -0.039271422 0.074378312 0.0087535316,
          -0.033415981 0.030072309 0.082072996,
          -0.032110684 0.032394696 0.082375258,
          -0.039271399 0.06457337 0.012102684,
          -0.045216411 0.057814017 0.014860432,
          -0.050296254 0.050141759 0.017990716,
          -0.050296262 0.052609764 0.01804892,
          -0.054745968 0.045970406 0.022713095,
          -0.043428343 0.0121523 0.076198116,
          -0.04144318 -0.00038436995 0.07735914,
          -0.040416323 0.0013603214 0.078426845,
          -0.037210073 -0.0091598509 0.079682752,
          -0.034701817 -0.0057934881 0.0820788,
          -0.032110561 -0.01612905 0.081782706,
          -0.029447787 -0.014386028 0.083963603,
          -0.026680747 -0.019251592 0.084233843,
          -0.023865484 -0.011731219 0.087259836,
          -0.021014884 -0.018322825 0.087188043,
          -0.018328588 -0.013757077 0.089027591,
          -0.015631976 -0.023529217 0.08759132,
          -0.012934736 -0.020720409 0.089151479,
          -0.0098299664 -0.024818495 0.088602997,
          -0.0067505664 -0.016175894 0.091138437,
          -0.0037077654 -0.022021046 0.090216085,
          0.00048110817 -0.013606349 0.091912299,
          0.0018734923 -0.01651676 0.091436215,
          0.0074448381 -0.010212665 0.09189792,
          0.0088317059 -0.012980862 0.091349572,
          0.01022448 -0.015689922 0.090715133,
          0.015991505 -0.014430226 0.089616291,
          0.013023485 -0.020701006 0.08913292,
          0.015991528 -0.023427945 0.087508239,
          0.010224512 -0.028224699 0.087223895,
          0.013023512 -0.031059379 0.085198373,
          0.0088317646 -0.036393985 0.083138481,
          0.010224535 -0.03760609 0.081982046,
          0.0074449233 -0.043822471 0.077470236,
          0.0088317869 -0.045007035 0.075940341,
          0.0046930094 -0.049379539 0.071670316,
          0.0046928958 -0.0045195087 0.092719249,
          -0.00090393086 -0.010643944 0.092298664,
          -0.0082864016 -0.013060194 0.091419607,
          -0.0098300045 -0.0098903775 0.091597363,
          -0.015632015 -0.008705359 0.090495005,
          -0.01293478 -0.0034100174 0.091620862,
          -0.018328633 0.0037164993 0.090553209,
          -0.016981028 0.006275543 0.090958521,
          -0.015632059 0.0088810241 0.091273494,
          -0.012934824 0.014215605 0.091627046,
          -0.0067506572 0.019699721 0.092046544,
          -0.0098300492 0.0078273565 0.092456445,
          0.0018734321 0.0071750158 0.093187883,
          0.037261512 0.049111627 0.014302073,
          -0.034701787 -0.017646734 0.079290651,
          -0.033415839 -0.026134292 0.07629662,
          -0.032110535 -0.025631303 0.077742122,
          -0.026680725 -0.028906969 0.079980232,
          -0.02944776 -0.024410933 0.080447607,
          -0.025278322 -0.02164096 0.084199332,
          -0.033415861 -0.016918957 0.080574237,
          -0.023865452 -0.023991721 0.084051318,
          -0.025278298 -0.031076832 0.079594277,
          -0.026680702 -0.037388962 0.073717386,
          -0.029447719 -0.040865108 0.067298681,
          -0.02944771 -0.044163495 0.062576398,
          -0.023865409 -0.041533954 0.071839131,
          -0.021014806 -0.048629183 0.064631425,
          -0.021014815 -0.045298025 0.069574751,
          -0.015631922 -0.044761155 0.073608682,
          -0.016980905 -0.043002516 0.074807025,
          -0.012934688 -0.039839901 0.079469122,
          -0.015631944 -0.036312569 0.081142761,
          -0.0098299412 -0.034746092 0.083968811,
          -0.012934709 -0.031083049 0.085219078,
          -0.0082863672 -0.026805233 0.088162981,
          -0.01698095 -0.024869062 0.086677238,
          -0.018328557 -0.026156669 0.085675478,
          -0.029447705 -0.046822656 0.057558049,
          -0.0210148 -0.051297195 0.059384417,
          -0.029447699 -0.048940524 0.051972184,
          -0.021014795 -0.053397007 0.053549431,
          -0.021014791 -0.054702919 0.047661729,
          -0.012934643 -0.05738847 0.048470769,
          -0.015631892 -0.057090141 0.044037733,
          -0.0098298816 -0.058493026 0.04440831,
          -0.012934651 -0.054021504 0.060496576,
          -0.012934658 -0.051348012 0.065882698,
          -0.0081152413 -0.053771146 0.06360466,
          -0.0077734315 -0.050616391 0.069216132,
          -0.0037076871 -0.052821565 0.066561051,
          -0.0037076958 -0.049459789 0.071711563,
          0.0018735697 -0.047049358 0.074862994,
          0.00048118967 -0.045736708 0.076353751,
          0.0046929885 -0.041184656 0.080300026,
          -0.00090384547 -0.04433208 0.077768244,
          -0.00090386014 -0.038553562 0.082600564,
          -0.0037077165 -0.041262336 0.080348924,
          -0.0037077388 -0.032452237 0.086197414,
          -0.0067505105 -0.038148146 0.082337216,
          -0.008286342 -0.03648144 0.083199166,
          -0.0098299198 -0.043440789 0.077248588,
          -0.0067505343 -0.028742131 0.087614447,
          -0.00090389285 -0.025639554 0.08924666,
          -0.0067504891 -0.046656791 0.074647993,
          -0.0082863197 -0.045098774 0.075993091,
          -0.012934666 -0.047996968 0.070960507,
          -0.012934647 -0.05611033 0.054510094,
          -0.0084574446 -0.056141805 0.057728391,
          -0.0088000242 -0.057796508 0.051344808,
          -0.0037076804 -0.055497989 0.061099667,
          0.0074449014 -0.035115536 0.084218845,
          0.0088317394 -0.026723331 0.088098049,
          0.0074448762 -0.025172479 0.088878959,
          0.00469294 -0.021951735 0.09015847,
          0.00048114313 -0.027395427 0.088615187,
          0.0018735242 -0.029107248 0.087887347,
          0.0018735406 -0.035582032 0.08453849,
          0.00048116775 -0.037098464 0.08360979,
          0.0046929661 -0.03237823 0.086143233,
          -0.01698087 -0.05675067 0.041887362,
          -0.023865378 -0.053890333 0.043191545,
          -0.025278242 -0.053292148 0.041032504,
          -0.032110475 -0.049037676 0.041907456,
          -0.033415779 -0.048233166 0.039781667,
          -0.03720998 -0.044436626 0.044569556,
          -0.043428216 -0.038065553 0.042650748,
          -0.046508901 -0.035060752 0.036523897,
          -0.049300004 -0.031604484 0.030453697,
          -0.04342822 -0.03658583 0.04760069,
          -0.037209984 -0.043023635 0.049878467,
          -0.029447693 -0.05029238 0.046333224,
          -0.037209991 -0.040881738 0.055133365,
          -0.021014858 -0.028557837 0.083413489,
          -0.02386543 -0.033188175 0.079108715,
          -0.025278276 -0.039506428 0.072828606,
          -0.021014836 -0.037215851 0.077845201,
          -0.01832852 -0.041155804 0.075915448,
          -0.016980926 -0.034455441 0.081848115,
          -0.018328542 -0.032541256 0.082463033,
          -0.0037078545 0.013180667 0.092864431,
          -0.0082864463 0.0046733189 0.092701703,
          -0.0067506111 0.0015511761 0.092836477,
          -0.0037078094 -0.0045828945 0.092782713,
          -0.00090396096 0.0012254758 0.093179427,
          0.00048106309 0.0041846903 0.093232617,
          -0.023865527 0.0055295336 0.088640936,
          -0.021014925 -0.0012469542 0.089477472,
          -0.016980985 -0.011264876 0.089801639,
          -0.026680786 -0.0047721504 0.086836554,
          -0.032110598 -0.001900517 0.084165655,
          -0.033415891 -0.0038891814 0.083156213,
          -0.037210114 0.0070213657 0.081283376,
          -0.025278356 -0.0082702879 0.087103426,
          0.013023535 -0.03981312 0.079450004,
          0.015991561 -0.03620043 0.081065781,
          0.017475495 -0.034290042 0.081733115,
          0.018957239 -0.032315705 0.082303584,
          0.018957222 -0.0259404 0.085508294,
          0.017475471 -0.024714531 0.086554401,
          0.021907719 -0.017980231 0.086902998,
          0.017475436 -0.011114689 0.089669243,
          0.024474949 -0.011461936 0.087026849,
          0.029506715 -0.014353434 0.083930865,
          0.025747547 -0.021410994 0.084016569,
          0.032167267 -0.016090464 0.081745133,
          0.02447498 -0.023709118 0.08383292,
          0.021907745 -0.028191609 0.083145216,
          -0.037210226 0.050944407 0.074469626,
          -0.043428477 0.064001508 0.064894401,
          -0.049300257 0.067984752 0.05761119,
          -0.05360442 0.071990974 0.050286107,
          -0.049300302 0.085027993 0.050083667,
          -0.059131615 -0.0011044868 0.035049248,
          -0.059973683 0.0064747347 0.029237548,
          -0.059529644 0.01342291 0.021889489,
          -0.057641461 0.02331076 0.020008853,
          -0.05474592 0.028160926 0.016338313,
          -0.054745927 0.031838775 0.018386852,
          0.059283622 0.053613149 0.044489175,
          0.059484228 0.067379504 0.038437512,
          0.059484191 0.082555912 0.030967342,
          0.059484158 0.096912704 0.023590663,
          0.059484117 0.11181699 0.017529598,
          0.059484079 0.12567572 0.013224152,
          0.059484042 0.14134444 0.0097884629,
          0.059283402 0.14109793 0.01118442,
          0.059283443 0.12530124 0.014621599,
          0.059283476 0.1113245 0.018928887,
          0.057150234 0.10813582 0.027988154,
          0.059283514 0.096284732 0.024993543,
          0.057150275 0.092218794 0.034076117,
          0.059283555 0.081784949 0.032377042,
          0.057150312 0.076793395 0.041503947,
          0.059283592 0.06643182 0.039826021,
          0.054038521 0.07247851 0.049393449,
          0.054038476 0.088703878 0.041927028,
          0.057150152 0.13950188 0.020222178,
          0.057150196 0.12287646 0.023668973,
          0.054038398 0.12078015 0.031489421,
          0.054038435 0.10537925 0.035818804,
          0.054038353 0.13812207 0.028034363,
          0.041919202 0.016084829 0.077495664,
          0.04408456 0.028497882 0.074536182,
          0.046838243 0.039186042 0.069996819,
          0.04079375 0.017831068 0.078371227,
          0.039641455 0.019641833 0.079179168,
          0.041919161 0.032365791 0.075829729,
          0.044084515 0.045047805 0.071157463,
          0.037261546 0.040747393 0.077458605,
          0.039641414 0.036451712 0.076809861,
          0.040793706 0.034382876 0.076359473,
          0.037261587 0.023447208 0.080578975,
          0.029506629 0.019282402 0.085562043,
          0.021907631 0.016396224 0.089015439,
          0.018957101 0.021742925 0.089429677,
          0.024474861 0.023370974 0.087345198,
          0.025747424 0.026849424 0.086339116,
          0.033471253 0.030098815 0.082034521,
          0.029506586 0.037201229 0.082654744,
          0.021907587 0.03474376 0.086255804,
          0.017475344 0.024481911 0.089475527,
          0.015991401 0.027257737 0.089412726,
          0.01302335 0.032900192 0.088957533,
          0.021907557 0.045554291 0.083329067,
          0.013023322 0.043891169 0.086063758,
          0.021907533 0.056005958 0.07951308,
          0.013023295 0.054506235 0.082255371,
          0.013023245 0.074059233 0.074622348,
          0.0046927477 0.053816795 0.083516091,
          0.0046926979 0.073496424 0.075875282,
          -0.0037079575 0.053778555 0.083586097,
          -0.0037080073 0.073463984 0.075943187,
          -0.012934927 0.054495383 0.08227548,
          -0.012934976 0.074046485 0.074636936,
          0.0046927752 0.043126527 0.087321207,
          -0.0037079302 0.043084025 0.087391421,
          -0.012934871 0.032886472 0.088979371,
          -0.0129349 0.043878853 0.086085096,
          -0.02101507 0.055816919 0.079859242,
          -0.018328695 0.02775985 0.088726878,
          -0.0037080578 0.093423888 0.069743171,
          0.0046926471 0.09344992 0.069676198,
          0.013023195 0.093891934 0.068427213,
          0.021907434 0.094851576 0.065707713,
          0.021907482 0.075282112 0.071895108,
          0.029506484 0.076911606 0.0682588,
          0.029506532 0.058005136 0.07585761,
          0.037261445 0.07926248 0.063010909,
          0.037261497 0.060889982 0.070582733,
          0.0372614 0.097974122 0.056847509,
          0.029506436 0.096130006 0.062081352,
          0.021907387 0.11277357 0.061340664,
          0.013023149 0.11204349 0.064057104,
          0.004692601 0.11170705 0.06530495,
          0.013023098 0.13237134 0.060568713,
          0.021907287 0.15244712 0.055842016,
          0.021907337 0.1328519 0.057854846,
          0.029506341 0.13349198 0.054236408,
          0.029506292 0.15276639 0.052228007,
          0.037261259 0.15322703 0.047011841,
          0.037261307 0.13441519 0.049014341,
          0.037261356 0.11514857 0.052491259,
          0.029506391 0.11374598 0.057718638,
          0.029506559 0.047771249 0.079683915,
          0.03726152 0.050970256 0.074424103,
          0.057150546 -0.014404425 0.027182955,
          0.013023579 -0.0573618 0.048463792,
          -4.8675423e-007 0.19199973 -0.00071861758,
          -1.2478794e-009 0.00049219932 -0.010065665 ]
      normal [ 0.41669112 0.00072710321 0.90904784,
          0.38242546 0.00073894736 0.92398608,
          0.34757638 0.0007497734 0.93765146,
          0.27656722 0.00076823705 0.9609943,
          0.24040723 0.00077587471 0.97067189,
          0.16723098 0.00078786566 0.98591745,
          0.1302148 0.00079221913 0.9914856,
          0.055791706 0.00079758652 0.99844217,
          0.018384824 0.00079860067 0.99983066,
          -0.056349196 0.00079727726 0.99841082,
          -0.093676344 0.00079493964 0.99560249,
          -0.16778146 0.00078694167 0.98582393,
          -0.20455945 0.0007812815 0.97885382,
          -0.27710378 0.00076670985 0.96083969,
          -0.31287012 0.00075779849 0.94979566,
          -0.38294142 0.00073683634 0.92377245,
          -0.41724628 0.00072478561 0.90879315,
          -0.48396322 0.00069769658 0.8750881,
          -0.51637524 0.00068265822 0.85636216,
          -0.57889903 0.000649783 0.81539911,
          -0.60901058 0.00063194602 0.79316187,
          -0.68039024 0.00058359443 0.73284984,
          -0.74582821 0.00053014664 0.66613823,
          -0.77023667 0.00050741789 0.63775814,
          -0.81572241 0.00045992859 0.57844341,
          -0.83679986 0.00043516807 0.5475089,
          -0.87535846 0.00038392664 0.48347437,
          -0.89283979 0.0003574458 0.45037445,
          -0.93098211 0.00028921312 0.36506474,
          -0.96600264 0.00020403811 0.25853243,
          -0.98591775 0.00013106607 0.16723093,
          -0.99148589 0.00010148754 0.13021475,
          -0.99844247 4.2028994e-005 0.055791695,
          -0.99983108 1.2149007e-005 0.018384822,
          -0.99841112 -4.753664e-005 -0.056349177,
          -0.99560279 -7.7342302e-005 -0.093676314,
          -0.98582423 -0.00013650446 -0.16778141,
          -0.97885424 -0.000165861 -0.20455942,
          -0.95548534 -0.00023806648 -0.29503855,
          -0.91644359 -0.0003219299 -0.4001638,
          -0.87508833 -0.00038875465 -0.48396307,
          -0.85636252 -0.00041459437 -0.51637512,
          -0.81539935 -0.00046442752 -0.57889885,
          -0.79316211 -0.00048842089 -0.6090104,
          -0.7454561 -0.00053425989 -0.66655457,
          -0.71998727 -0.00055610534 -0.69398707,
          -0.66613841 -0.00059737364 -0.74582797,
          -0.63775831 -0.00061679649 -0.77023643,
          -0.56307495 -0.00066146889 -0.82640564,
          -0.56307489 -0.00066146889 -0.82640564,
          -0.46700633 -0.00070742803 -0.8842538,
          -0.38242546 -0.00073894736 -0.92398608,
          -0.34757638 -0.0007497734 -0.93765146,
          -0.27656722 -0.00076823705 -0.9609943,
          -0.24040723 -0.00077587471 -0.97067189,
          -0.16723098 -0.00078786566 -0.98591745,
          -0.1302148 -0.00079221913 -0.9914856,
          -0.055791706 -0.00079758652 -0.99844217,
          -0.018384824 -0.00079860067 -0.99983066,
          0.056349196 -0.00079727726 -0.99841082,
          0.093676344 -0.00079493964 -0.99560249,
          0.16778146 -0.00078694167 -0.98582393,
          0.20455945 -0.0007812815 -0.97885382,
          0.27710378 -0.00076670985 -0.96083969,
          0.31287012 -0.00075779849 -0.94979566,
          0.38294142 -0.00073683634 -0.92377245,
          0.41724628 -0.00072478561 -0.90879315,
          0.48396322 -0.00069769658 -0.8750881,
          0.51637524 -0.00068265822 -0.85636216,
          0.59405887 -0.00064097671 -0.80442137,
          0.59405881 -0.00064097671 -0.80442137,
          0.68039024 -0.00058359443 -0.73284984,
          0.74582821 -0.00053014664 -0.66613823,
          0.77023667 -0.00050741789 -0.63775814,
          0.81572241 -0.00045992859 -0.57844341,
          0.83679986 -0.00043516807 -0.5475089,
          0.87535846 -0.00038392664 -0.48347437,
          0.89283979 -0.0003574458 -0.45037445,
          0.92398643 -0.00030309666 -0.38242543,
          0.93765175 -0.00027522835 -0.34757629,
          0.9609946 -0.00021845494 -0.27656713,
          0.97067219 -0.0001895498 -0.24040715,
          0.98591775 -0.00013106607 -0.16723093,
          0.99148589 -0.00010148754 -0.13021475,
          0.99844247 -4.2028994e-005 -0.055791695,
          0.99983108 -1.2149007e-005 -0.018384822,
          0.99841112 4.753664e-005 0.056349177,
          0.99560279 7.7342302e-005 0.093676314,
          0.98251128 0.00015120921 0.18620302,
          0.98251128 0.0001512092 0.186203,
          0.96083999 0.00022375568 0.27710369,
          0.94979596 0.00025229386 0.31287003,
          0.92377263 0.00030819303 0.38294125,
          0.90879345 0.00033555401 0.41724616,
          0.87508833 0.00038875465 0.48396307,
          0.85636252 0.00041459437 0.51637512,
          0.8044216 0.0004765077 0.59405869,
          0.8044216 0.00047650764 0.59405863,
          0.7454561 0.00053425989 0.66655457,
          0.71998727 0.00055610534 0.69398707,
          0.65206254 0.00060719135 0.75816494,
          0.57844359 0.00065297505 0.81572217,
          0.54750901 0.00066973089 0.8367995,
          0.51585215 0.00068552687 0.85667741,
          -0.41168511 -0.00072890997 -0.91132587,
          -0.37394494 -0.0007416929 -0.9274506,
          -0.33550957 -0.00075324508 -0.94203651,
          -0.25713775 -0.00077248487 -0.96637446,
          -0.21720132 -0.00078017253 -0.97612661,
          -0.11604106 -0.00079358765 -0.99324411,
          -0.11604107 -0.00079358765 -0.99324411,
          0.0068965708 -0.00079865265 -0.99997592,
          0.0068965713 -0.00079865265 -0.99997592,
          0.10932101 -0.00079362502 -0.99400622,
          0.15008351 -0.00078926212 -0.98867303,
          0.23064417 -0.00077657023 -0.9730379,
          0.27044234 -0.0007682413 -0.96273595,
          0.36766395 -0.00074181583 -0.92995846,
          0.47915825 -0.00069981744 -0.87772828,
          0.47915828 -0.00069981744 -0.87772828,
          0.56657124 -0.00065669365 -0.82401252,
          0.59996039 -0.00063745398 -0.80002946,
          0.66353846 -0.00059585087 -0.748142,
          0.69372737 -0.00057348737 -0.72023755,
          0.76387388 -0.00051350985 -0.64536536,
          0.76387393 -0.00051350985 -0.64536536,
          0.83739197 -0.0004344428 -0.54660267,
          0.89821607 -0.00034879 -0.43955404,
          0.89821607 -0.00034879 -0.43955407,
          0.9454242 -0.00025784996 -0.32584232,
          0.97830057 -0.0001630011 -0.20719104,
          0.99634683 -6.5681335e-005 -0.085398987,
          0.99928963 3.2634081e-005 0.037687618,
          0.98708409 0.00013045479 0.16020292,
          0.98708409 0.00013045481 0.16020294,
          0.95991546 0.00022629797 0.28028971,
          0.91819543 0.00031871066 0.39612758,
          0.86255652 0.00040629203 0.50596052,
          0.8061744 0.00047461051 0.59167778,
          0.78117442 0.00050061225 0.62431264,
          0.72735369 0.00054995465 0.68626267,
          0.69853276 0.00057329528 0.71557784,
          0.63750708 0.00061696192 0.77044439,
          0.60530216 0.00063728774 0.79599553,
          0.52055609 0.00068326242 0.85382724,
          0.41168514 0.00072890997 0.91132587,
          0.31614095 0.0007585276 0.94871193,
          0.27688062 0.00076816586 0.96090412,
          0.19715914 0.00078351179 0.98037118,
          0.15669809 0.0007892198 0.98764628,
          0.054675944 0.00079763297 0.99850386,
          0.054675948 0.00079763297 0.99850386,
          -0.068442933 0.00079664268 0.99765474,
          -0.17030559 0.00078658952 0.98539102,
          -0.2106625 0.00078023149 0.97755855,
          -0.30971748 0.00075863121 0.95082831,
          -0.42421573 0.00072218635 0.90556085,
          -0.4242157 0.00072218641 0.90556091,
          -0.53228325 0.0006747939 0.84656614,
          -0.61622357 0.00062746234 0.78757101,
          -0.64807302 0.00060662127 0.76157796,
          -0.72269583 0.00055019482 0.6911661,
          -0.72269583 0.00055019476 0.69116604,
          -0.80215442 0.00047487702 0.59711653,
          -0.80215436 0.00047487702 0.59711653,
          -0.86945307 0.00039236058 0.49401537,
          -0.86945319 0.00039236058 0.49401537,
          -0.92357183 0.00030389635 0.38342538,
          -0.95799786 0.00022661565 0.28677526,
          -0.96897519 0.00019494601 0.2471581,
          -0.98597813 0.00013078166 0.166875,
          -0.99200374 9.8286953e-005 0.1262091,
          -0.99901193 3.2965108e-005 0.044445045,
          -0.99999446 1.3796243e-007 0.003346896,
          -0.99690163 -6.5351138e-005 -0.07865864,
          -0.99282628 -9.8013101e-005 -0.11956602,
          -0.97967941 -0.00016267675 -0.20056996,
          -0.97060794 -0.00019467843 -0.24066649,
          -0.94083989 -0.00027302216 -0.33885133,
          -0.89206797 -0.00036319022 -0.45190117,
          -0.84106958 -0.00043416474 -0.54092681,
          -0.81812614 -0.00046135136 -0.57503867,
          -0.7682212 -0.00051325606 -0.64018446,
          -0.74125957 -0.00053797412 -0.67121834,
          -0.6837272 -0.00058456691 -0.72973746,
          -0.65315628 -0.00060644175 -0.75722289,
          -0.57213116 -0.000656505 -0.82016188,
          -0.52055603 -0.00068326242 -0.85382724,
          0.99874729 0.049989235 -0.0022152425,
          0.99537605 0.087600082 -0.039407019,
          0.99876499 0.049344487 -0.0057961349,
          0.99879801 0.047061324 -0.013704887,
          0.99883789 0.043984462 -0.019703327,
          0.99734229 0.063408777 -0.035884462,
          0.99874216 0.044477865 -0.023147583,
          0.99879563 0.041934907 -0.025473984,
          0.99698204 -0.077633113 6.2006751e-005,
          0.99168217 -0.12870973 0.00053002354,
          0.99694937 -0.078048572 -0.00070937345,
          0.98351938 -0.18080109 -0.00077715231,
          0.96136713 -0.27526712 0.0010966492,
          0.94461817 -0.32811904 -0.0058828476,
          0.90693855 -0.42125997 0.0016457858,
          0.88236231 -0.47053677 -0.0056493767,
          0.83594924 -0.54877871 0.0055565503,
          0.80041748 -0.59935725 -0.01014506,
          0.74059898 -0.67192334 0.005676209,
          0.69813079 -0.71591246 -0.0090970052,
          0.63041604 -0.77619278 0.010030013,
          0.57797587 -0.81600612 -0.0088276397,
          0.50696564 -0.8619234 0.0086038122,
          0.4464924 -0.89468634 -0.01344867,
          0.36678517 -0.93026829 0.0083432393,
          0.30324906 -0.95284623 -0.011141043,
          0.22729324 -0.97377712 0.0097946981,
          0.15387893 -0.98798078 -0.014673532,
          0.078529827 -0.99689031 0.0065457472,
          0.0025607294 -0.99988371 -0.015036399,
          -0.072661974 -0.99730968 0.009680857,
          -0.15076692 -0.9885096 -0.010870933,
          -0.21700901 -0.97612935 0.0088610789,
          -0.30102602 -0.95352179 -0.013403837,
          -0.36597088 -0.93058914 0.0083177006,
          -0.443436 -0.89625907 -0.0091816895,
          -0.50180107 -0.86492199 0.010284875,
          -0.57767171 -0.81622344 -0.0086542619,
          -0.62638932 -0.77948713 0.006029564,
          -0.6968053 -0.71718389 -0.010474921,
          -0.74003404 -0.67254823 0.0053447066,
          -0.79810715 -0.60248947 -0.0056242109,
          -0.83013606 -0.55755663 0.0021787023,
          -0.89203608 -0.45191428 -0.0067211925,
          -0.89323086 -0.44959795 0.00048594642,
          -0.94142425 -0.33722326 -0.00098589913,
          -0.95761698 -0.28802612 -0.0032661825,
          -0.98046947 -0.19664291 0.0033489256,
          -0.9902457 -0.13909581 -0.0081193959,
          -0.99911213 -0.042005569 0.0032382803,
          -0.99984193 0.015892269 -0.0079775536,
          -0.99393213 0.10972919 0.0076424056,
          -0.98514116 0.17156388 -0.0079283416,
          -0.96631038 0.25729752 0.0064986013,
          -0.94737858 0.31985337 -0.01295208,
          -0.91452616 0.40448007 0.0061465469,
          -0.88666511 0.46227425 -0.011295613,
          -0.84582549 0.53339851 0.0080867391,
          -0.80557275 0.59229898 -0.015313069,
          -0.75623393 0.65428203 0.0050248066,
          -0.70661181 0.70740753 -0.016563818,
          -0.64881432 0.76089996 0.008446957,
          -0.5896793 0.80753636 -0.012784799,
          -0.53123975 0.84718204 0.0081868209,
          -0.45858923 0.88850635 -0.015891962,
          -0.39321113 0.91941655 0.0076293135,
          -0.31701225 0.94834626 -0.011944076,
          -0.25030166 0.96811569 0.010060549,
          -0.16541427 0.98615831 -0.011396722,
          -0.10178136 0.99478817 0.0061036213,
          -0.011288676 0.99984181 -0.013744957,
          0.054285608 0.99850971 0.0056077465,
          0.14160174 0.98988342 -0.0089351088,
          0.19914518 0.97996503 0.0031418819,
          0.29271251 0.95615226 -0.0096027441,
          0.34477395 0.93868375 -0.0019398248,
          0.45669794 0.88961101 -0.0044034477,
          0.45957845 0.88813716 -0.00027188353,
          0.55969399 0.82869947 0.0002244736,
          0.60436332 0.79668623 -0.0060037007,
          0.68159103 0.73173332 0.00031471346,
          0.72055626 0.693367 -0.006401943,
          0.78456515 0.62002492 0.0051536434,
          0.81982785 0.57257694 -0.0061611584,
          0.86846715 0.49572438 0.0047269124,
          0.89746761 0.44094014 -0.011127265,
          0.93503094 0.3545354 0.0046845837,
          0.95485407 0.2969141 -0.0097822985,
          0.97366762 0.22794968 0.0032089311,
          0.98778415 0.154524 -0.020120176,
          0.99586636 0.090175688 -0.010890143,
          0.99750751 0.067404985 -0.020865483,
          0.99874967 0.049991094 -3.9925337e-005,
          -0.077635661 -0.00079647533 -0.99698156,
          -0.12871261 -0.00089917734 -0.99168152,
          -0.078050524 -0.00060352264 -0.99694932,
          -0.18080297 -0.00055559503 -0.9835192,
          -0.27527046 -0.00098772952 -0.96136636,
          -0.32812241 0.00078095397 -0.94463491,
          -0.42126375 -0.0010527617 -0.90693766,
          -0.4705424 0.00080038543 -0.88237715,
          -0.54879183 -0.001948638 -0.83595687,
          -0.59938264 0.0020152426 -0.8004601,
          -0.67193788 -0.0018781202 -0.74060518,
          -0.71593809 0.0018578768 -0.69816136,
          -0.77623427 -0.0028581084 -0.63043809,
          -0.81603473 0.001906233 -0.57799989,
          -0.86195654 -0.002386011 -0.5069766,
          -0.89476067 0.0031822342 -0.4465349,
          -0.93030083 -0.002195423 -0.36679116,
          -0.95290112 0.0027310823 -0.30326906,
          -0.97382236 -0.0024383327 -0.22729759,
          -0.98807985 0.0037406681 -0.15389672,
          -0.99691087 -0.001502654 -0.078527339,
          -0.99998897 0.0039546341 -0.002561657,
          -0.99735385 -0.0021656498 0.07266894,
          -0.9885633 0.0030332149 0.15077667,
          -0.97616547 -0.0018495693 0.21701968,
          -0.95359969 0.0037797149 0.30105382,
          -0.93061966 -0.0016037148 0.3659845,
          -0.89629155 0.0028264059 0.44345653,
          -0.86496586 -0.0020000103 0.5018267,
          -0.81624782 0.0027859665 0.57769519,
          -0.77950072 -0.00085344433 0.62640077,
          -0.71721458 0.0033168334 0.69684458,
          -0.67255765 -0.00061254005 0.74004447,
          -0.60249323 0.0021623026 0.79812109,
          -0.55755687 0.00022826153 0.8301388,
          -0.45191714 0.0024819043 0.89205658,
          -0.44959599 0.00068056019 0.89323187,
          -0.33722022 0.00106486 0.9414252,
          -0.28802264 0.0016381735 0.95762229,
          -0.19664396 -1.5375161e-005 0.98047495,
          -0.13909118 0.0028482571 0.9902755,
          -0.042005807 -3.3091878e-006 0.99911737,
          0.015901634 0.0027898995 0.99986964,
          0.10972864 -0.0011384216 0.99396092,
          0.17157754 0.002735161 0.98516691,
          0.25730011 -0.00090361078 0.96633112,
          0.31989017 0.00393192 0.94744653,
          0.40448529 -0.00088597013 0.91454411,
          0.46231127 0.0034411312 0.88671112,
          0.53341216 -0.0014513353 0.84585422,
          0.59237415 0.004355351 0.80565119,
          0.65428919 -0.00078120135 0.75624418,
          0.70750725 0.0045664054 0.70669144,
          0.7609238 -0.001743607 0.648839,
          0.8076036 0.0035082132 0.58971542,
          0.84720773 -0.0017894871 0.53125882,
          0.88861591 0.0041645491 0.45863336,
          0.9194414 -0.0017745855 0.39322329,
          0.948412 0.0030524342 0.31702614,
          0.96626347 -0.0010408565 0.25755349,
          0.98578018 0.0034710378 0.16800442,
          0.99378163 0.00061886921 0.11134501,
          0.99998337 0.0013961236 -0.0056139501,
          0.99993074 -6.8705176e-006 -0.011776198,
          0.99168199 -0.00020709285 -0.12871252,
          0.98351932 8.8477551e-005 -0.18080311,
          0.96136683 -0.00043661677 -0.27527019,
          0.94463396 0.0012765817 -0.32812354,
          0.9069382 -0.00066149159 -0.42126337,
          0.88237619 0.0011327424 -0.47054347,
          0.83595812 -0.0017157708 -0.54879063,
          0.80045825 0.0021793882 -0.59938455,
          0.74060643 -0.0018196944 -0.67193663,
          0.69815964 0.0018472624 -0.71593982,
          0.63044018 -0.0029709861 -0.77623218,
          0.5779981 0.0017196496 -0.81603628,
          0.50697833 -0.0026660576 -0.86195469,
          0.44653216 0.0028276392 -0.89476311,
          0.36679274 -0.0026422024 -0.93029892,
          0.30326679 0.002215411 -0.95290321,
          0.23699431 -0.0018997387 -0.97150922,
          0.15827624 0.0041051819 -0.98738635,
          0.096506886 0.0010967647 -0.9953317,
          0.068843871 0.0037416867 -0.99762046,
          0.05503561 -0.00079733902 -0.99848408,
          0.99619496 -0.087153196 6.9610338e-005,
          0.98945153 -0.14486422 0.00011570349,
          0.97932786 -0.20227948 0.00016156044,
          0.94926411 -0.31447983 0.00025117359,
          0.92932421 -0.36926481 0.00029492975,
          0.88023394 -0.47454008 0.00037901188,
          0.85108346 -0.52503026 0.00041933777,
          0.76604611 -0.64278549 0.00051338749,
          0.66484696 -0.74697942 0.00059660582,
          0.62018585 -0.78445464 0.00062653684,
          0.52503473 -0.8510806 0.00067975,
          0.47454464 -0.8802312 0.00070303224,
          0.34202254 -0.93969154 0.0007505223,
          0.2022845 -0.97932649 0.00078217807,
          0.14486927 -0.98945051 0.00079026388,
          0.029153029 -0.99957466 0.00079834968,
          -0.029147962 -0.99957478 0.00079834968,
          -0.14486426 -0.98945123 0.00079026388,
          -0.20227954 -0.97932756 0.00078217807,
          -0.34201774 -0.93969321 0.00075052219,
          -0.47454017 -0.88023359 0.00070303224,
          -0.52503043 -0.85108322 0.00067975,
          -0.62018198 -0.78445786 0.0006265369,
          -0.66484314 -0.74698275 0.00059660582,
          -0.76604277 -0.64278936 0.00051338744,
          -0.85108083 -0.52503455 0.0004193378,
          -0.88023144 -0.4745445 0.00037901185,
          -0.9293223 -0.36926952 0.00029492975,
          -0.94926256 -0.31448466 0.00025117359,
          -0.97932678 -0.20228444 0.00016156044,
          -0.98945081 -0.14486922 0.00011570351,
          -1 -2.5351817e-006 6.4281909e-012,
          -1 -2.5351817e-006 6.4279823e-012,
          -0.98945153 0.14486422 -0.00011570349,
          -0.97932786 0.20227948 -0.00016156044,
          -0.93969351 0.34201765 -0.00027316774,
          -0.88023394 0.47454008 -0.00037901188,
          -0.85108346 0.52503026 -0.00041933777,
          -0.7844581 0.6201818 -0.0004953341,
          -0.74698299 0.66484296 -0.00053100451,
          -0.66484696 0.74697942 -0.00059660582,
          -0.62018585 0.78445464 -0.00062653684,
          -0.52503473 0.8510806 -0.00067975,
          -0.47454464 0.8802312 -0.00070303224,
          -0.34202254 0.93969154 -0.0007505223,
          -0.2022845 0.97932649 -0.00078217807,
          -0.14486927 0.98945051 -0.00079026388,
          -2.535181e-006 0.9999997 -0.00079868909,
          0.14486426 0.98945123 -0.00079026388,
          0.20227954 0.97932756 -0.00078217807,
          0.31447992 0.94926381 -0.00075816625,
          0.36926493 0.92932391 -0.00074224034,
          0.47454017 0.88023359 -0.00070303224,
          0.52503043 0.85108322 -0.00067975,
          0.62018198 0.78445786 -0.0006265369,
          0.66484314 0.74698275 -0.00059660582,
          0.74697965 0.66484678 -0.00053100451,
          0.78445488 0.62018567 -0.0004953341,
          0.85108083 0.52503455 -0.0004193378,
          0.88023144 0.4745445 -0.00037901185,
          0.9293223 0.36926952 -0.00029492975,
          0.94926256 0.31448466 -0.00025117359,
          0.97932678 0.20228444 -0.00016156044,
          0.98945081 0.14486922 -0.00011570351,
          0.99619448 0.087158248 -6.9610353e-005,
          0.99761975 0.061106596 -0.031951163,
          0.98821211 0.11877014 -0.096594729,
          0.98868674 0.11172278 -0.10008376,
          0.97085816 0.15978377 -0.17861579,
          0.99482435 0.071649283 -0.072049074,
          0.97225112 0.13428742 -0.19155894,
          0.98879367 0.093710564 -0.11621302,
          0.98728359 0.092253491 -0.12946261,
          0.99692488 0.042068638 -0.066115141,
          0.98946542 0.078690901 -0.12151563,
          0.99735397 0.036937732 -0.062616743,
          0.98828804 0.072375998 -0.13434449,
          0.98649704 0.069473185 -0.14831468,
          0.9709301 0.099948741 -0.21749699,
          0.96717244 0.082444631 -0.24037577,
          0.92842668 0.10862235 -0.35528168,
          0.92245632 0.071591713 -0.37940636,
          0.79298395 0.060349848 -0.60624629,
          0.79815531 0.0089996327 -0.60238463,
          0.52938658 -0.1169722 -0.84027821,
          0.58869028 -0.14995962 -0.79432744,
          0.30508068 -0.3040913 -0.9024713,
          0.26206529 -0.40376636 -0.87652415,
          0.093703091 -0.48873004 -0.86738843,
          0.061086655 -0.57384616 -0.8166818,
          0.013492287 -0.57271403 -0.81964433,
          0.0045244782 -0.64192265 -0.76675618,
          -0.022482334 -0.62179846 -0.78285462,
          -0.025767075 -0.68304086 -0.72992557,
          -0.024076067 -0.66020423 -0.75070018,
          -0.024761869 -0.71901393 -0.69455445,
          -0.021001576 -0.71464348 -0.69917363,
          -0.020040516 -0.76621181 -0.64227563,
          -0.00026181509 -0.73607779 -0.67689699,
          -0.00022552256 -0.79019475 -0.61285585,
          0.01644928 -0.76985246 -0.63800997,
          0.013459447 -0.8262682 -0.56311613,
          0.027800938 -0.81345242 -0.58096665,
          0.0048768003 -0.83482254 -0.55049753,
          0.0065087941 -0.82088524 -0.57105607,
          -0.035468798 -0.78112584 -0.62336546,
          -0.03645556 -0.79397005 -0.60686296,
          -0.095997825 -0.74849415 -0.65615618,
          -0.15090238 -0.72557765 -0.67139077,
          -0.21930277 -0.6632995 -0.71549994,
          -0.316957 -0.62293589 -0.71518481,
          -0.32037246 -0.56453323 -0.76069957,
          -0.43249369 -0.51689607 -0.73876089,
          -0.42159778 -0.43291759 -0.79676706,
          -0.52646476 -0.40464306 -0.74772912,
          -0.57338232 -0.30529967 -0.7602796,
          -0.64134485 -0.34012258 -0.68774521,
          -0.71057785 -0.23071176 -0.66471893,
          -0.7584973 -0.27832481 -0.5892514,
          -0.81718677 -0.17846631 -0.54804724,
          -0.89041674 -0.14285126 -0.43214759,
          -0.89127171 -0.10089158 -0.44210374,
          -0.95545477 -0.06051733 -0.28886679,
          -0.90601867 -0.049100913 -0.42038009,
          -0.9643327 -0.026532317 -0.26336011,
          -0.93549436 -0.01244143 -0.35312259,
          -0.97644883 -0.0069181081 -0.21563825,
          -0.87071335 -0.021793164 -0.49130777,
          -0.82940483 -0.062780418 -0.55510938,
          -0.82637829 -0.12416085 -0.5492568,
          -0.73622686 -0.14255507 -0.66154981,
          -0.60981727 -0.1977793 -0.7674675,
          -0.48759067 -0.30845743 -0.81676757,
          -0.35007674 -0.34540167 -0.87071466,
          -0.28585115 -0.48089591 -0.82887167,
          -0.20137453 -0.39005625 -0.89850128,
          -0.16988149 -0.52610534 -0.83327878,
          -0.078266419 -0.5192104 -0.8510552,
          -0.060936652 -0.63932514 -0.76651818,
          0.0010926069 -0.61694378 -0.7870065,
          0.00063128857 -0.70690304 -0.7073102,
          0.056883864 -0.65146577 -0.75654262,
          0.035274725 -0.7282694 -0.68438256,
          0.076250687 -0.70423681 -0.70585859,
          0.042033974 -0.77406079 -0.6317144,
          0.13732836 -0.68758994 -0.7129944,
          0.082679272 -0.75490189 -0.65060538,
          0.22139896 -0.65947425 -0.71838444,
          0.12955989 -0.73567206 -0.66483146,
          0.28725395 -0.63688624 -0.71544468,
          0.19477378 -0.70176315 -0.68526763,
          0.33593261 -0.63340467 -0.69709957,
          0.25093463 -0.67564189 -0.69320983,
          0.39361092 -0.59369892 -0.7018491,
          0.2106919 -0.66389287 -0.71753418,
          0.33191594 -0.57817763 -0.7453472,
          0.21223754 -0.59482723 -0.77532953,
          0.3955079 -0.48282877 -0.78131306,
          0.23482205 -0.50384861 -0.83126134,
          0.46050769 -0.38249475 -0.80101836,
          0.5009743 -0.2902067 -0.81535566,
          0.66905576 -0.25894558 -0.69664305,
          0.73008466 -0.14317395 -0.66818982,
          0.84799224 -0.1389636 -0.51146686,
          0.88602656 -0.046632819 -0.46128339,
          0.93894017 -0.052981064 -0.33997706,
          0.95591336 0.0081161773 -0.29353678,
          0.98105192 0.0015884888 -0.19373851,
          0.9834044 0.01853738 -0.1804776,
          0.99640244 0.013676726 -0.083637558,
          0.98518568 0.031864773 -0.16850498,
          0.99699837 0.025735069 -0.07302168,
          0.98646611 0.045609068 -0.1574942,
          0.98735619 0.054524764 -0.14884487,
          0.96405953 0.050304588 -0.26088089,
          0.99880588 0.022625213 -0.043300174,
          0.99891108 0.029262964 -0.036338687,
          0.99834287 0.043852128 -0.037263706,
          0.99861592 0.015001534 -0.050411712,
          0.99823725 0.0056010387 -0.059084646,
          0.99509591 -0.0033236279 -0.098858908,
          0.99752557 -0.0073636179 -0.069919005,
          0.99452096 -0.013661354 -0.10364055,
          0.99544406 -0.022869606 -0.092564858,
          0.96764821 -0.078721195 -0.23970795,
          0.99218446 -0.039478101 -0.11837044,
          0.96610224 -0.090447076 -0.24179722,
          0.9626354 -0.11421565 -0.24553597,
          0.91553652 -0.15570292 -0.37087661,
          0.81625152 -0.2737225 -0.50873339,
          0.83254141 -0.20728052 -0.51372153,
          0.62579429 -0.35180974 -0.69614041,
          0.59039462 -0.45074391 -0.66952533,
          0.79600155 -0.32636136 -0.50977433,
          0.9016996 -0.21599756 -0.37454367,
          0.91531193 -0.20935874 -0.34405392,
          0.98339432 -0.079087146 -0.16334313,
          0.97490406 -0.11858452 -0.18841402,
          0.99377781 -0.050718836 -0.099163167,
          0.99134392 -0.063565962 -0.11487657,
          0.99472648 -0.050870795 -0.089059226,
          0.97905773 -0.098143436 -0.17836426,
          0.95768118 -0.15577243 -0.24203672,
          0.92060429 -0.20195296 -0.33421952,
          0.86274403 -0.27522746 -0.42417285,
          0.82717788 -0.3124539 -0.46706471,
          0.70248908 -0.4171243 -0.57664239,
          0.65293932 -0.44545215 -0.61257052,
          0.5234198 -0.53448582 -0.66359383,
          0.962623 -0.12260945 -0.24150355,
          0.9911586 -0.056139976 -0.12022038,
          0.99480349 -0.036077093 -0.095207557,
          0.93077379 -0.092596658 -0.35367528,
          0.97246706 -0.042216338 -0.22918458,
          0.97792959 -0.01531318 -0.20837297,
          0.96989983 -0.05836935 -0.23640501,
          -0.21763299 -0.59735829 -0.77188015,
          -0.14915071 -0.6821115 -0.71587569,
          -0.08355733 -0.70514327 -0.70412445,
          -0.032060836 -0.72820604 -0.68460798,
          -0.012788956 -0.7938264 -0.60800993,
          0.00023040635 -0.78252107 -0.62262404,
          -2.2779646e-005 -0.83085179 -0.55649388,
          0.01319553 -0.79537249 -0.60597748,
          -0.0095304837 -0.83940268 -0.54342645,
          0.0011856282 -0.82563519 -0.5642032,
          -0.022211853 -0.81754094 -0.57544196,
          0.012298152 -0.80959606 -0.58685857,
          -0.013480888 -0.79778135 -0.60279614,
          0.046652902 -0.7814306 -0.62224573,
          0.0064585391 -0.76643431 -0.64229023,
          0.09585654 -0.74021196 -0.66550571,
          0.0534091 -0.71202874 -0.70011616,
          -0.13325402 -0.62986374 -0.76518965,
          -0.00020275779 -0.83816594 -0.54541534,
          -0.019000823 -0.82127458 -0.57021677,
          -0.027180506 -0.77522111 -0.63110507,
          -0.024499014 -0.75077176 -0.6601072,
          0.0014241015 -0.70647365 -0.70773792,
          0.05428838 -0.64301723 -0.76392514,
          0.80334002 -0.03158256 -0.59468257,
          0.90881664 0.024596838 -0.41647011,
          -0.78838527 -0.027074451 -0.61458582,
          -0.74535203 -0.068828449 -0.66310859,
          -0.64759248 -0.092418052 -0.75636172,
          -0.53318864 -0.10579847 -0.83935481,
          -0.48442465 -0.22167096 -0.8462829,
          -0.39859405 -0.12017495 -0.90921992,
          -0.36196908 -0.22957467 -0.9034788,
          -0.26114121 -0.12970369 -0.95654702,
          -0.23824076 -0.25686735 -0.93662184,
          -0.10571667 -0.1438726 -0.98393327,
          -0.10238895 -0.28940636 -0.95171458,
          0.0016679283 -0.2470994 -0.96898872,
          0.0015333091 -0.3748222 -0.92709547,
          0.11352026 -0.2892189 -0.95050806,
          0.10005012 -0.41327262 -0.90509433,
          0.20379201 -0.36202744 -0.90961808,
          0.1724188 -0.48947597 -0.85480118,
          0.30412897 -0.36605617 -0.87949336,
          0.25500804 -0.49224186 -0.83226734,
          0.43481144 -0.33421707 -0.83620453,
          0.37439331 -0.45725837 -0.80668736,
          0.5440858 -0.3163687 -0.77709812,
          0.47696567 -0.4333171 -0.76468313,
          0.63057178 -0.33961868 -0.69788146,
          0.55062991 -0.45508194 -0.69979089,
          0.74111605 -0.2926707 -0.60422754,
          0.69672662 -0.37145421 -0.61367249,
          0.84116662 -0.22591217 -0.49132726,
          0.7927351 -0.3115167 -0.52395469,
          0.91994905 -0.15767318 -0.35893306,
          0.89238721 -0.22207573 -0.39284527,
          0.95211923 -0.12974235 -0.27683192,
          0.9759084 -0.09923888 -0.19430518,
          0.97992581 -0.082362317 -0.18155402,
          0.99519622 -0.0394262 -0.089610361,
          0.98228478 -0.068765678 -0.1743215,
          0.99723291 -0.027248267 -0.069166735,
          0.99617052 -0.027751124 -0.082911819,
          0.99774957 -0.018653072 -0.064404577,
          0.98505408 -0.047660302 -0.16552089,
          0.99674594 -0.018473187 -0.078462698,
          0.98658568 -0.038398415 -0.15866432,
          0.98719484 -0.029093953 -0.15684417,
          0.96830922 -0.060382068 -0.24234527,
          0.9439851 -0.068723403 -0.32275277,
          0.93615746 -0.10679666 -0.33496815,
          0.87169278 -0.15370648 -0.46532372,
          0.9626497 -0.090623789 -0.25513303,
          0.9841888 -0.057692364 -0.16746369,
          0.99801654 -0.011957099 -0.061807439,
          0.99705911 -0.010402086 -0.075928479,
          0.98793054 -0.021577127 -0.15338765,
          0.990161 -0.002712429 -0.13990694,
          0.97162473 -0.033864427 -0.23409139,
          0.94968349 -0.031495802 -0.3116236,
          0.88644695 -0.098993793 -0.45211974,
          0.78160203 -0.20038852 -0.59071392,
          0.99764556 -0.0018368746 -0.068557814,
          0.98832965 -0.0073451321 -0.15215373,
          0.9528448 -0.0150551 -0.30308452,
          0.89085919 -0.045491364 -0.4519963,
          0.897008 -0.023680059 -0.44137952,
          0.82695264 -0.03155322 -0.56138563,
          0.82076865 -0.11894344 -0.55874085,
          0.81304222 -0.071459964 -0.57780278,
          0.71607834 -0.15432267 -0.68074697,
          0.72684062 -0.066706046 -0.68355918,
          0.60428596 -0.10362098 -0.79000074,
          0.64027077 -0.046605743 -0.76673424,
          0.49827862 -0.055197772 -0.86525816,
          0.72921425 -0.040371634 -0.68309355,
          0.98803258 -0.00483998 -0.15416951,
          0.99710202 -0.0024879423 -0.076035663,
          0.99635422 -0.038414679 -0.076174766,
          -0.080582201 -0.40581739 -0.91039491,
          0.0013940553 -0.50334144 -0.86408645,
          0.080793858 -0.53913432 -0.83833569,
          0.12995049 -0.61454165 -0.7781077,
          0.21369167 -0.59031039 -0.77837622,
          0.29754156 -0.57340813 -0.76332974,
          0.38085687 -0.55260473 -0.74133408,
          0.4265818 -0.56776679 -0.70403755,
          0.60336101 -0.47124141 -0.64334053,
          0.73987716 -0.38209203 -0.55370343,
          0.9311009 -0.18731301 -0.31299379,
          0.9713276 -0.11892712 -0.20586172,
          0.99322087 -0.056715578 -0.10146772,
          -0.69050473 -0.036339961 -0.72241443,
          -0.57280266 -0.045932259 -0.81840539,
          -0.44965944 -0.050305068 -0.8917824,
          -0.30918714 -0.058110427 -0.94922417,
          -0.16359082 -0.059924576 -0.98470664,
          -0.027215814 -0.062469993 -0.99767578,
          0.012513243 -0.12267514 -0.99236804,
          0.12931688 -0.14057674 -0.98158818,
          0.2247729 -0.23730221 -0.94507402,
          0.33359265 -0.24738725 -0.90967882,
          0.47023404 -0.22285314 -0.85394174,
          0.58597213 -0.21331809 -0.78174937,
          0.66565371 -0.24863768 -0.7036224,
          0.47702509 -0.12274362 -0.87027645,
          0.34388152 -0.11497737 -0.93194729,
          0.23498008 -0.12958072 -0.96332413,
          0.2387813 -0.064526938 -0.96892715,
          0.099590153 -0.063776881 -0.99298263,
          0.35761613 -0.061382066 -0.93184924,
          0.97037542 0.12181367 -0.20864582,
          0.92544538 0.13350247 -0.35458165,
          0.93102825 0.15680476 -0.32954314,
          0.7930162 0.1278511 -0.59563363,
          0.79127681 0.18481712 -0.58285826,
          0.5302406 0.080804594 -0.843988,
          0.60106903 0.20221592 -0.77319127,
          0.25750786 0.0031927903 -0.96627092,
          0.46921521 0.21427545 -0.85669315,
          0.182263 0.054982331 -0.98171133,
          0.74334013 0.4761976 -0.46976733,
          0.57485145 0.49864021 -0.64877099,
          0.75207949 0.57286286 -0.32589066,
          0.63575619 0.65350115 -0.41079232,
          0.85292226 0.47133526 -0.22442526,
          0.86504203 0.39101177 -0.31434396,
          0.92865014 0.34171024 -0.14437178,
          0.948286 0.28374824 -0.1422696,
          0.97061044 0.22414309 -0.087609366,
          0.97109437 0.20125365 -0.12834677,
          0.98664784 0.1389005 -0.085045367,
          0.98671514 0.12819569 -0.099795893,
          0.96509683 0.18494488 -0.18542784,
          0.92162281 0.22807647 -0.3139948,
          0.92341846 0.19276202 -0.33187532,
          0.8256883 0.24678272 -0.5072841,
          0.92026329 0.25319928 -0.29833838,
          0.77852225 0.28174403 -0.56082392,
          0.83866626 0.12380194 -0.53038853,
          0.65166384 0.055702183 -0.75645983,
          0.53412801 -0.053838134 -0.84368759,
          0.3343049 -0.12758219 -0.93378967,
          0.31976995 -0.18731704 -0.92879468,
          0.10080221 -0.31345847 -0.94423658,
          0.095565371 -0.36224979 -0.92716897,
          0.0051371716 -0.41787416 -0.90849042,
          0.016448475 -0.45522481 -0.89022458,
          -0.034174878 -0.49387762 -0.86885971,
          -0.024424084 -0.53231078 -0.84619665,
          -0.036171827 -0.56629753 -0.82340676,
          -0.027046671 -0.59887934 -0.80038255,
          -0.021048144 -0.61126828 -0.79114366,
          -0.0198761 -0.66030246 -0.75073671,
          -0.00027533155 -0.63256294 -0.77450895,
          -0.00028616728 -0.67993039 -0.73327667,
          0.016499721 -0.66146111 -0.749798,
          0.016811589 -0.7211467 -0.69257843,
          0.03087792 -0.70590234 -0.70763588,
          0.031817187 -0.75048423 -0.66012216,
          0.013482517 -0.74428308 -0.66772819,
          0.007284381 -0.79799354 -0.60262209,
          -0.0041363649 -0.74594659 -0.66599303,
          -0.05955467 -0.76492763 -0.6413573,
          -0.094749339 -0.70736337 -0.7004711,
          -0.1551604 -0.71041679 -0.68646437,
          -0.24745113 -0.64564681 -0.72243214,
          -0.31074968 -0.64699411 -0.69629973,
          -0.45034221 -0.56899929 -0.68806386,
          -0.53226185 -0.53267682 -0.65799147,
          -0.70687151 -0.41675881 -0.57152843,
          -0.73458004 -0.38844067 -0.55633265,
          -0.88302368 -0.2544407 -0.39437184,
          -0.81853187 -0.29289427 -0.49418494,
          -0.92703646 -0.18091168 -0.3284426,
          -0.93627453 -0.13987792 -0.3222177,
          -0.9851861 -0.076261006 -0.15359928,
          -0.98862737 -0.053811479 -0.14042917,
          -0.99961424 0.0079703946 0.026608838,
          -0.99960881 0.0058064163 0.027358422,
          -0.97989243 0.052257523 0.19256169,
          -0.98217243 0.034283549 0.18482952,
          -0.94030398 0.081981167 0.3303144,
          -0.94523478 0.053590212 0.32196191,
          -0.87815183 0.10400545 0.46693945,
          -0.88706344 0.065964513 0.45691052,
          -0.80385715 0.097034745 0.58685428,
          -0.81574875 0.045425672 0.57661986,
          -0.71558321 0.10240549 0.69098032,
          -0.71842712 0.049142417 0.69386429,
          -0.59966636 0.11507311 0.79193336,
          -0.60375363 0.055664212 0.79522514,
          -0.47796497 0.12298737 0.86972624,
          -0.47935286 0.059843406 0.8755796,
          -0.34879968 0.11795337 0.92974502,
          -0.3607451 0.056246389 0.93096691,
          -0.22498457 0.064856052 0.97220147,
          -0.30281162 0.035406694 0.95239252,
          -0.16372789 0.03536785 0.98587137,
          -0.43905672 0.032131329 0.89788467,
          -0.56854129 0.030952232 0.82207233,
          -0.68013191 0.029442765 0.73249835,
          -0.78361326 0.025093909 0.6207419,
          -0.86674511 0.022951828 0.49822295,
          -0.89480889 0.030299766 0.44542,
          -0.94611895 0.024971915 0.32285526,
          -0.98456514 0.015062596 0.17436901,
          -0.9996984 0.0030033239 0.024377134,
          -0.99059796 -0.036102559 -0.13195597,
          -0.95682585 -0.086117491 -0.2776117,
          -0.84510177 -0.22728547 -0.48388463,
          -0.69606709 -0.38035151 -0.60895264,
          -0.58361757 -0.43468332 -0.68588704,
          -0.4854438 -0.53706807 -0.68985665,
          -0.62322092 -0.46282601 -0.63038701,
          -0.38662794 -0.61133844 -0.69049561,
          -0.22036876 -0.68930954 -0.69013774,
          -0.99163306 -0.022362938 -0.12713766,
          -0.99997956 -0.001652017 0.0061796047,
          -0.99673706 0.0070752962 0.080407478,
          -0.97493201 0.01114532 0.22222398,
          -0.92995 0.017562144 0.36726636,
          -0.99776679 -0.0013434358 -0.06678158,
          -0.99141026 -0.013824874 -0.13005598,
          -0.015157174 -0.5635981 -0.82591015,
          0.016876128 -0.51016593 -0.85991055,
          0.10757868 -0.41154292 -0.90501893,
          0.25726739 -0.28008613 -0.92485958,
          0.48789158 -0.0059903511 -0.87288368,
          0.2812494 -0.072425239 -0.9568978,
          0.04781124 -0.20538697 -0.9775123,
          0.013959685 -0.1461523 -0.98916364,
          -0.041344572 -0.26299781 -0.96391022,
          -0.045205675 -0.18453313 -0.98178613,
          -0.070083618 -0.26767063 -0.9609583,
          -0.064283974 -0.20053491 -0.97757524,
          -0.054952126 -0.17389339 -0.98323011,
          0.16409472 0.33350858 -0.92835611,
          0.054524671 0.072876289 -0.99584949,
          0.33024132 0.7428652 -0.58231604,
          0.1795848 0.42600644 -0.88671756,
          0.23574716 0.63725781 -0.73370695,
          0.058774609 0.033691525 -0.99770266,
          0.0044979132 0.017510356 -0.99983662,
          -0.061591994 -0.30963597 -0.94885826,
          -0.055751488 -0.34484681 -0.93700182,
          -0.051597401 -0.37847579 -0.92417198,
          -0.044898435 -0.41540024 -0.90853006,
          -0.027888596 -0.43213782 -0.90137631,
          -0.026593216 -0.48173884 -0.8759113,
          -0.00020472085 -0.45303661 -0.89149195,
          -0.0001687309 -0.49756882 -0.86742455,
          0.024057124 -0.48053467 -0.87664574,
          0.019558389 -0.51640481 -0.85612124,
          0.040475309 -0.49049664 -0.87050265,
          0.021095809 -0.53820753 -0.84254831,
          0.036730606 -0.51666665 -0.85539836,
          0.019840509 -0.57578719 -0.81735891,
          0.039654672 -0.5492062 -0.83474559,
          0.030722033 -0.59459972 -0.80343473,
          0.01675473 -0.5158723 -0.85650176,
          0.008668609 -0.56098539 -0.82778031,
          -0.03936765 -0.48790321 -0.87200958,
          -0.033014029 -0.55442047 -0.83158177,
          -0.12683558 -0.46582723 -0.8757385,
          -0.082179941 -0.57669085 -0.81281865,
          -0.31405365 -0.39129883 -0.86501777,
          -0.26129887 -0.49858028 -0.82652324,
          -0.47970808 -0.36735672 -0.79682446,
          -0.43940732 -0.459838 -0.77166718,
          -0.66113347 -0.31713492 -0.67994708,
          -0.63873786 -0.39747843 -0.65880567,
          -0.87955028 -0.17417194 -0.44278148,
          -0.86587536 -0.2335704 -0.44238535,
          -0.97991973 -0.063108772 -0.18914218,
          -0.97726154 -0.08970397 -0.19212821,
          -0.99922204 0.013114458 0.037193015,
          -0.99954939 0.011726642 0.027633786,
          -0.96182936 0.09569595 0.25637233,
          -0.96758139 0.10984259 0.22742242,
          -0.90231442 0.17232835 0.39513522,
          -0.96250629 0.12251903 0.24201407,
          -0.90287209 0.18598711 0.38759619,
          -0.9662776 0.10564283 0.23483473,
          -0.90449065 0.17081991 0.39079076,
          -0.9325074 0.11840182 0.34119081,
          -0.83974379 0.19972825 0.50491482,
          -0.86300611 0.14919661 0.48266032,
          -0.76372921 0.19952384 0.61392832,
          -0.78861088 0.1439586 0.59780347,
          -0.67337328 0.21353564 0.70779306,
          -0.70082498 0.15392892 0.6965273,
          -0.55585951 0.23465943 0.79746801,
          -0.58415186 0.17135519 0.79334992,
          -0.44462618 0.23654652 0.86391741,
          -0.47904176 0.17537765 0.86009407,
          -0.34360901 0.1860155 0.92050594,
          -0.98016483 0.067709923 0.18625908,
          -0.99943572 0.012354515 0.031236887,
          -0.99875879 0.02258564 0.044395454,
          -0.98011613 -0.10082138 -0.17090197,
          -0.97670507 -0.11053881 -0.18392545,
          -0.87395924 -0.26481909 -0.40751213,
          -0.67350042 -0.42268571 -0.60641086,
          -0.42553642 -0.53825092 -0.72746462,
          -0.25089186 -0.57519412 -0.77859163,
          -0.09456069 -0.63986737 -0.76264536,
          -0.0027993086 -0.68111688 -0.73216939,
          0.015960949 -0.68479854 -0.72855765,
          -0.99919444 0.018108238 0.035813928,
          -0.97701228 -0.10164637 -0.18739043,
          -0.8866061 -0.23271365 -0.39971736,
          0.0068782903 -0.63351476 -0.77370006,
          0.011128386 -0.61878604 -0.7854808,
          0.029802142 -0.63676155 -0.77048469,
          0.015357066 -0.61798698 -0.7860384,
          -0.00024555542 -0.59368563 -0.80469704,
          -0.00020774601 -0.55410814 -0.83244479,
          -0.024121068 -0.57715768 -0.81627643,
          -0.023804763 -0.53929299 -0.84178168,
          -0.036722161 -0.53505635 -0.84401792,
          -0.037624478 -0.49152303 -0.8700515,
          -0.033247039 -0.44929758 -0.89276338,
          -0.0045068883 -0.38948929 -0.92102009,
          0.087079145 -0.28287876 -0.95519465,
          0.24209014 -0.14797378 -0.95890367,
          -0.00019286931 -0.52621353 -0.85035241,
          -0.025152601 -0.51086265 -0.8592943,
          -0.042198211 -0.47841239 -0.87712085,
          -0.030089255 -0.32345217 -0.94576603,
          0.069253318 -0.25424579 -0.96465695,
          -0.014511291 -0.36020896 -0.93275881,
          -0.044648103 -0.43717772 -0.89826632,
          -0.040941499 -0.37889484 -0.92453378,
          0.020338077 -0.053036973 -0.99838549,
          0.23907563 0.35098583 -0.90534627,
          0.11596023 0.14767106 -0.98221517,
          0.36289701 0.68295777 -0.63393569,
          0.049727853 0.089533523 -0.99474168,
          0.43109456 0.83872801 -0.33270535,
          0.30767098 0.87742805 -0.36804694,
          0.20614251 0.73598915 -0.64484513,
          0.098323949 0.28417122 -0.95371866,
          0.022660775 -0.041907866 -0.99886453,
          -0.050838001 -0.34118572 -0.93862027,
          -0.032018337 -0.38319153 -0.92311382,
          0.0011105196 -0.40411407 -0.91470796,
          0.024732612 -0.43115872 -0.90193707,
          0.047073435 -0.4091652 -0.91124535,
          0.046503857 -0.45121369 -0.89120358,
          0.04413585 -0.37931058 -0.92421621,
          0.035142913 -0.40537739 -0.91347367,
          0.031500701 -0.31964806 -0.9470126,
          -0.028920157 -0.30349198 -0.95239502,
          -0.073892519 -0.19006099 -0.97898763,
          -0.17069958 -0.18017238 -0.9687103,
          -0.30430016 -0.055706814 -0.95094591,
          -0.41042882 -0.027289543 -0.91148424,
          -0.57208258 0.091917552 -0.81502938,
          -0.67130673 0.093027689 -0.73531842,
          -0.85856831 0.1591804 -0.48736238,
          -0.81964862 0.11598769 -0.5610019,
          -0.94914168 0.11949652 -0.29129153,
          -0.85688353 0.097667806 -0.50617373,
          -0.95957237 0.10249218 -0.26213792,
          -0.95590794 0.069995552 -0.28520307,
          -0.99252582 0.053199273 -0.10982881,
          -0.994183 0.037924685 -0.10080609,
          -0.9994989 -0.015135019 0.027801055,
          -0.99970782 -0.0074063274 0.023010734,
          -0.98779172 -0.061658476 0.14305864,
          -0.98027241 -0.043526988 0.19279893,
          -0.96331364 -0.11923956 0.24043462,
          -0.94675618 -0.094507277 0.30776793,
          -0.91748399 -0.19474395 0.34683999,
          -0.89860225 -0.12070314 0.42183498,
          -0.8506273 -0.1969458 0.48748916,
          -0.79893929 -0.067692928 0.59759009,
          -0.78575003 -0.16525549 0.59606004,
          -0.73595935 -0.10159191 0.6693601,
          -0.78319144 -0.25411409 0.56748331,
          -0.69139236 -0.21404658 0.69004399,
          -0.72319585 -0.32756981 0.60801792,
          -0.67481935 -0.32631668 0.6619187,
          -0.72376698 -0.4337928 0.53664255,
          -0.64615232 -0.43134442 0.62962633,
          -0.65930122 -0.48557678 0.57405323,
          -0.57424104 -0.49657726 0.65089047,
          -0.63593644 -0.53639972 0.55485165,
          -0.62050098 -0.60072082 0.50409633,
          -0.71695757 -0.51304269 0.47197363,
          -0.6833421 -0.6100477 0.40110523,
          -0.78271335 -0.4486931 0.43131697,
          -0.78633016 -0.51567173 0.34024632,
          -0.86085165 -0.41141704 0.29945049,
          -0.80674464 -0.5210762 0.27864441,
          -0.87155622 -0.42562759 0.24337402,
          -0.85097641 -0.48733532 0.19581516,
          -0.91827691 -0.35695148 0.17132753,
          -0.86894292 -0.47972652 0.12165803,
          -0.92291588 -0.36839554 0.11185292,
          -0.91179389 -0.40210697 0.08331921,
          -0.95924604 -0.26778534 0.090211667,
          -0.95752656 -0.27827471 0.075538687,
          -0.98699659 -0.14798774 0.062749438,
          -0.98537856 -0.16044864 0.057319112,
          -0.99966872 -0.023858756 0.0096540814,
          -0.99943143 -0.031613037 0.011726048,
          -0.9915154 0.10184263 -0.08077921,
          -0.99345803 0.10223168 -0.05089014,
          -0.93995917 0.23271008 -0.24964562,
          -0.95773304 0.26085684 -0.12124901,
          -0.88592273 0.3729305 -0.27579656,
          -0.9009859 0.40303183 -0.1605918,
          -0.7755242 0.46568856 -0.42625856,
          -0.81652564 0.52256608 -0.24537879,
          -0.71751165 0.61165643 -0.33324689,
          -0.95915622 0.26879969 -0.088125288,
          -0.98795414 0.1484364 -0.043742288,
          -0.99999917 0.00042356687 -0.0012695327,
          -0.99876195 -0.048136421 0.012549942,
          -0.9837274 -0.17754976 0.027507003,
          -0.98404586 -0.17296107 0.041692462,
          -0.9569751 -0.28469864 0.056083232,
          -0.98376495 -0.17001159 0.057468895,
          -0.95466828 -0.28841099 0.073672362,
          -0.94131434 -0.33526832 0.039018884,
          -0.89439845 -0.4433814 0.058859129,
          -0.90242136 -0.42422929 0.075267434,
          -0.89237624 -0.44913298 0.044094522,
          -0.81818587 -0.57351816 0.040605567,
          -0.82101613 -0.56817561 0.055758592,
          -0.73918808 -0.67186362 0.046907227,
          -0.81997925 -0.56857413 0.0660128,
          -0.73349905 -0.67751324 0.054360971,
          -0.74918759 -0.65953398 0.061098397,
          -0.63742387 -0.76922327 0.044568565,
          -0.65382713 -0.75506198 0.048903637,
          -0.51544386 -0.85640687 0.029748887,
          -0.50512338 -0.8628161 0.019970777,
          -0.38994467 -0.92066038 0.018098526,
          -0.36512899 -0.9309119 0.0091556301,
          -0.22455336 -0.97443241 0.0075658686,
          -0.22584718 -0.97416204 0.0011562998,
          -0.073363788 -0.99730515 -0.00043799906,
          -0.1247358 -0.99157232 0.035006084,
          -0.046650924 -0.99720913 0.058289427,
          -0.06380447 -0.98771679 0.14263436,
          0.070833609 -0.98470449 0.15918437,
          -0.029413527 -0.96418256 0.26360375,
          0.12205681 -0.95659333 0.26463455,
          0.067982703 -0.92212528 0.38087189,
          0.25215718 -0.89226407 0.37454188,
          0.11334698 -0.85200602 0.5111149,
          0.22608846 -0.83338535 0.50433409,
          0.21273097 -0.7686559 0.60325259,
          0.30824924 -0.75648659 0.5768106,
          0.31570998 -0.65082371 0.69047505,
          0.3541176 -0.67156261 0.6508491,
          0.41638765 -0.5573687 0.71830457,
          0.38849401 -0.70311195 0.59557199,
          0.47381267 -0.58989847 0.65385121,
          0.44398126 -0.70084214 0.55830193,
          0.50706047 -0.61119437 0.60772622,
          0.54010767 -0.62488246 0.56374264,
          0.55492646 -0.49849939 0.66599935,
          0.60099745 -0.53107762 0.59729278,
          0.62034637 -0.40829766 0.66967422,
          0.65652132 -0.42955273 0.6200518,
          0.67411584 -0.30568737 0.67240107,
          0.68750572 -0.42333537 0.59001964,
          0.73209679 -0.33791035 0.59148198,
          0.72506934 -0.43895578 0.53065276,
          0.80758804 -0.32891998 0.48950323,
          0.74765384 -0.46688822 0.47225973,
          0.77671623 -0.44669792 0.44404179,
          0.73214102 -0.54568088 0.40767878,
          0.81739604 -0.41014016 0.4045352,
          0.75385123 -0.54654425 0.36468846,
          0.77739376 -0.53848147 0.32511023,
          0.67644989 -0.67805052 0.28751189,
          0.72778195 -0.63147217 0.26753774,
          0.66437507 -0.72908759 0.16442968,
          0.74523789 -0.62863177 0.22235709,
          0.76456791 -0.61923963 0.17882451,
          0.79927558 -0.53901988 0.26573712,
          0.8297134 -0.5147137 0.21597584,
          0.83417439 -0.45509759 0.31151134,
          0.89123052 -0.38910013 0.23304392,
          0.87273026 -0.35258621 0.33767596,
          0.92701787 -0.26561734 0.2647365,
          0.89717305 -0.271494 0.34838408,
          0.92306107 -0.18053836 0.33965316,
          0.85800231 -0.27868944 0.43146744,
          0.89976424 -0.13239034 0.41580898,
          0.83995718 -0.20452048 0.50263637,
          0.82116282 -0.095862456 0.56258518,
          0.79193676 -0.21975395 0.56968814,
          0.75598443 -0.13021921 0.64150649,
          0.73010904 -0.24638072 0.63736761,
          0.67582881 -0.17970462 0.71481586,
          0.63541245 -0.16695626 0.75390756,
          0.63123143 -0.29057148 0.71910715,
          0.58974057 -0.28505391 0.75561255,
          0.57928675 -0.3810381 0.72058088,
          0.53679419 -0.37161148 0.75746745,
          0.49114138 -0.46637693 0.73571241,
          0.66515702 -0.66322839 0.34306601,
          0.60225105 -0.75808132 0.25021267,
          0.55673558 -0.76304978 0.32833022,
          0.4446578 -0.8584609 0.25558665,
          0.41580856 -0.83815658 0.35298279,
          0.29367036 -0.91946691 0.26141605,
          0.52703321 -0.83931398 0.13337189,
          0.57637566 -0.81172895 0.094272025,
          0.51171267 -0.85831857 0.037939496,
          0.61963201 -0.78366542 0.043873083,
          0.63982773 -0.76758516 0.037864342,
          0.72390097 -0.684874 0.083156355,
          0.80020052 -0.58950382 0.11029223,
          0.86267191 -0.492165 0.11649463,
          0.92370492 -0.35604411 0.14142771,
          0.93130606 -0.29874024 0.20838283,
          0.96846598 -0.20104012 0.14716142,
          0.96568924 -0.16812047 0.19793883,
          0.98036492 -0.12272628 0.15434697,
          0.97880775 -0.085928053 0.1858813,
          0.99730164 -0.038515821 0.062498372,
          0.99736696 -0.024118112 0.068392597,
          0.99786133 -0.023453858 0.061014771,
          0.99732232 -0.011764344 0.072178528,
          0.99812037 -0.033038009 0.051617205,
          0.9976995 -0.047535256 0.04833376,
          0.99823266 -0.041944724 0.042097624,
          0.99769771 -0.056965563 0.036802091,
          0.99820262 -0.050349057 0.032506388,
          0.99747324 -0.064579636 0.029609784,
          0.997962 -0.056920484 0.028844429,
          0.99721706 -0.068702683 0.028949495,
          0.99768156 -0.061420534 0.029310869,
          0.99713492 -0.074358642 0.013889431,
          0.99758458 -0.063648537 0.02781887,
          0.99771756 -0.064832658 0.018881885,
          0.99760813 -0.06865143 0.0080646919,
          0.99704754 -0.076517314 -0.0064359414,
          0.98801398 -0.15347406 0.016560141,
          0.97531444 -0.21601894 0.045801442,
          0.96108192 -0.27335957 0.039951872,
          0.95376307 -0.29555503 0.054619629,
          0.8970899 -0.43958348 0.044678662,
          0.90509951 -0.42013961 0.065404043,
          0.83424878 -0.5485521 0.05585517,
          0.90706003 -0.41378203 0.077631287,
          0.8423624 -0.53421342 0.071005046,
          0.90951765 -0.40770373 0.080965295,
          0.83988273 -0.53776234 0.07354369,
          0.76475459 -0.64135283 0.061782479,
          0.64451873 -0.76328677 0.044597927,
          0.75015843 -0.65858454 0.059403203,
          0.64640343 -0.76194745 0.039985072,
          0.74540555 -0.66454661 0.052424949,
          0.73108083 -0.68130749 0.036618419,
          0.82602483 -0.5620349 0.042423781,
          0.60144901 -0.79853886 0.024387557,
          0.50392717 -0.86342341 0.023610918,
          0.498588 -0.8666479 0.018207753,
          0.36006629 -0.93286324 0.010887559,
          0.51862717 -0.85453266 0.028281394,
          0.37886924 -0.92529237 0.017092571,
          0.38727775 -0.92171597 0.021347383,
          0.24773584 -0.96878952 0.0085923392,
          0.22382113 -0.97462851 0.0018909995,
          0.075708158 -0.99712706 0.0024442321,
          0.084776893 -0.99639815 -0.0019508413,
          0.040155191 -0.99899882 0.01972601,
          0.42080522 -0.90045345 0.11002976,
          0.34953442 -0.93664056 0.023025263,
          0.27419403 -0.95938671 0.066294417,
          0.19551748 -0.98042822 0.023096206,
          0.11410075 -0.99166787 0.05979874,
          0.96162891 -0.25594139 0.098813117,
          0.98124915 -0.17189281 0.087195098,
          0.98255628 -0.13633247 0.12647785,
          0.98023099 -0.18347716 0.074049897,
          0.97691911 -0.20401299 0.063306831,
          0.95319808 -0.2938492 0.071177654,
          0.95900911 -0.13937788 0.2467296,
          0.95474631 -0.085782692 0.2847822,
          0.97305453 -0.03971399 0.22712918,
          0.94443619 -0.014671926 0.3283672,
          0.96433729 0.0084404182 0.26454172,
          0.95857501 0.039234471 0.2821255,
          0.99420303 0.020566544 0.1055337,
          0.99338841 0.035793513 0.10907997,
          0.99474329 0.031296786 0.097501129,
          0.99413562 0.044378303 0.098615095,
          0.99541152 0.017838782 0.09401001,
          0.99516469 0.006346466 0.098015763,
          0.99624568 0.0041022534 0.086473905,
          0.99637729 -0.012368865 0.084139191,
          0.87663931 -0.025327737 0.48048106,
          0.92510456 0.031172711 0.37843078,
          0.87571329 0.033726949 0.4816522,
          0.92427552 0.087269865 0.37161651,
          0.86229068 0.10576271 0.49524647,
          0.90738177 0.13952897 0.39647192,
          0.84596425 0.16073491 0.50843781,
          0.85472047 0.2028255 0.47782308,
          0.80287522 0.20193107 0.56090575,
          0.78315955 0.23315819 0.57645333,
          0.72877866 0.20908514 0.65204686,
          0.71558243 0.26031265 0.64821231,
          0.63774246 0.2587544 0.72548658,
          0.72733682 0.27471289 0.62889904,
          0.61647534 0.30360886 0.7264846,
          0.73382324 0.25317439 0.63040167,
          0.63824117 0.27564615 0.7187959,
          0.77425957 0.19596562 0.60176378,
          0.67333019 0.21459752 0.70751292,
          0.8073402 0.13545157 0.57432973,
          0.70100909 0.15510419 0.69608116,
          0.80605948 0.09334287 0.5844273,
          0.71603429 0.10317326 0.69039857,
          0.81972122 0.045059197 0.5709877,
          0.71412444 0.050112724 0.69822282,
          0.766518 0.027595328 0.6416297,
          0.66418672 0.028872849 0.74700904,
          0.85045248 0.022731569 0.5255605,
          0.89316154 0.029790992 0.44874814,
          0.92030227 0.019323988 0.39073077,
          0.95146781 0.025499711 0.30669013,
          0.96619099 0.01256825 0.25752091,
          0.97751254 0.014415471 0.21038432,
          0.99118602 0.0082873954 0.13221809,
          0.9972142 0.0057153557 0.074372567,
          0.99782467 0.0030765522 0.065853074,
          0.99777293 0.0068363468 0.066350661,
          0.7892949 0.14631839 0.59632593,
          0.76565146 0.10360084 0.63485807,
          0.8095336 0.062927909 0.58369136,
          0.73529321 0.053401671 0.67564207,
          0.80437028 0.002291014 0.59412408,
          0.70797139 -0.0074700797 0.70620167,
          0.7479378 -0.039286129 0.66260523,
          0.69122028 -0.085880332 0.71752292,
          0.64311916 -0.073004246 0.76227832,
          0.57982868 -0.12079202 0.80573457,
          0.62534767 -0.039919704 0.77932447,
          0.55474585 -0.081494011 0.82801926,
          0.54753274 0.0061109564 0.83676195,
          0.50134218 -0.081525631 0.86139977,
          0.4456462 -0.0059928922 0.89518923,
          0.43252042 -0.095698006 0.89653116,
          0.38135895 -0.028611971 0.92398411,
          0.31127214 -0.085583359 0.94645935,
          0.30953288 -0.029558238 0.95042932,
          0.22002955 -0.07893075 0.97229469,
          0.25796354 -0.0046753637 0.96614343,
          0.17176329 -0.040957969 0.98428649,
          0.23864794 0.041758247 0.97020793,
          0.15226693 0.0055286516 0.98832399,
          0.19889481 0.069185562 0.97757572,
          0.10733289 0.02644212 0.99387145,
          0.16126312 0.096869484 0.98214591,
          0.083740033 0.075609609 0.99361509,
          0.12936234 0.13721591 0.98205769,
          0.035181329 0.094728746 0.99488127,
          0.092379145 0.16910338 0.98125947,
          0.004855949 0.13629352 0.99065661,
          0.072468556 0.22656308 0.97129685,
          -0.029084982 0.16856955 0.98526061,
          -0.047354467 0.22659519 0.97283721,
          -0.12099867 0.13737816 0.98310047,
          -0.15260358 0.17131236 0.97332644,
          -0.22245683 0.098615512 0.96994227,
          -0.24667527 0.13989973 0.958947,
          -0.32439536 0.061966084 0.94388986,
          -0.34050259 0.10938132 0.93385959,
          -0.42872909 0.090313978 0.89890754,
          -0.35394546 0.14997627 0.92316294,
          -0.40161484 0.16300891 0.90118456,
          -0.28601691 0.22641113 0.93109202,
          -0.40864566 0.23530318 0.88183969,
          -0.30169085 0.29046214 0.90808284,
          -0.40689704 0.29259294 0.86534631,
          -0.38227704 0.33844554 0.85983658,
          -0.50143367 0.32411447 0.8021934,
          -0.52133131 0.29778236 0.79971206,
          -0.640311 0.27928558 0.71554273,
          -0.4155536 0.2994405 0.85886598,
          -0.31506193 0.25743428 0.91348982,
          -0.19217351 0.19566546 0.96165711,
          -0.20166801 0.13238046 0.97046661,
          -0.067176417 0.13544816 0.98850459,
          -0.085939087 0.066600591 0.99407184,
          0.060700122 0.066376306 0.99594671,
          -0.012757444 0.036910787 0.99923712,
          0.13211261 0.037781872 0.9905144,
          -0.279066 0.32596129 0.90325612,
          -0.18264216 0.26296669 0.94735974,
          -0.062742256 0.19926681 0.97793472,
          0.075667426 0.13488123 0.98796844,
          0.20624228 0.064980134 0.97634101,
          0.27678818 0.035640936 0.96026987,
          0.37074715 -0.79555476 0.47920698,
          0.48038244 -0.73041534 0.48551649,
          0.57660496 -0.64213979 0.50515676,
          0.6386646 -0.53853619 0.54962385,
          0.50993353 -0.73758936 0.44263962,
          0.54808778 -0.72996336 0.40835446,
          0.6084727 -0.65162909 0.4529244,
          0.64530766 -0.631809 0.42941287,
          0.7002117 -0.54931313 0.45602497,
          0.67272365 -0.53988415 0.50593281,
          -0.72847837 -0.68420029 0.03448578,
          -0.61578691 -0.7874819 0.026053794,
          -0.63243794 -0.77359527 0.039656498,
          -0.5191825 -0.85423863 0.026942976,
          -0.46966738 -0.8827312 0.014078247,
          -0.36144075 -0.93230516 0.01295014,
          -0.1970963 -0.98037642 0.0039109318,
          -0.082218081 -0.99661213 0.0021552499,
          -0.069939658 -0.99755031 0.0013934986,
          0.080043443 -0.99678975 0.0018167625,
          0.22599551 -0.9741143 0.0052368091,
          0.35029364 -0.93657154 0.011319223,
          0.2240226 -0.97457629 0.003874504,
          0.10248885 -0.9947322 0.0019954965,
          -0.044454865 -0.9990111 0.0008279208,
          -0.20930527 -0.97784245 0.0039444044,
          -0.35702655 -0.93405116 0.0089751808,
          -0.79801863 -0.36329314 0.48081639,
          -0.85866702 -0.34888807 0.37545717,
          -0.85622954 -0.28117433 0.43337294,
          -0.9138999 -0.26056674 0.31127477,
          -0.95548701 -0.18199717 0.23221067,
          -0.9847576 -0.097668298 0.14392138,
          -0.92317247 -0.29098508 0.2511583,
          -0.92346257 -0.31875566 0.21356948,
          -0.96317744 -0.19701551 0.18295962,
          -0.96520352 -0.21091774 0.15458313,
          -0.98758471 -0.108522 0.11357649,
          -0.98978192 -0.10588849 0.095496327,
          -0.99974483 -0.016207919 0.015738677,
          -0.99972171 -0.018648714 0.014446857,
          -0.99301094 0.0699865 -0.095032997,
          -0.99321765 0.081554428 -0.082871974,
          -0.96125507 0.14046574 -0.23718789,
          -0.95154428 0.16997221 -0.2562677,
          -0.80865508 0.19210014 -0.5560348,
          -0.63915604 0.19885834 -0.74292326,
          -0.31885391 0.042135049 -0.94686687,
          -0.57183105 0.23613274 -0.78565305,
          -0.23401429 0.090575531 -0.96800488,
          -0.55880255 0.44994009 -0.69663018,
          -0.44011909 0.48084301 -0.75834388,
          -0.57447696 0.71859378 -0.39191735,
          -0.4761799 0.74653184 -0.46469676,
          -0.51938456 0.81807196 -0.24697758,
          -0.38496041 0.87771821 -0.28533524,
          -0.045883596 -0.1123367 -0.99261034,
          0.026521979 -0.23663466 -0.97123671,
          0.010326042 -0.12388439 -0.99224299,
          0.055835262 -0.24348931 -0.9682951,
          -0.12170888 0.15631746 -0.98017949,
          -0.03025379 0.014045696 -0.99944359,
          -0.30543846 0.67879403 -0.66779202,
          -0.038184121 0.087917455 -0.99539572,
          -0.22241111 0.81834519 -0.52994764,
          -0.11221731 0.65830499 -0.74433994,
          -0.12149213 0.9248929 -0.36029539,
          -0.02566533 0.68452078 -0.72854149,
          0.043325137 0.91117239 -0.40974122,
          0.037177522 0.68010664 -0.73216999,
          0.060617652 0.74538749 -0.66386974,
          0.033839755 0.4894658 -0.87136573,
          -0.0027590434 0.092392318 -0.9957189,
          0.00015517003 -0.099388592 -0.9950487,
          -0.028121717 -0.32713047 -0.94456065,
          -0.012233947 -0.34388247 -0.93893301,
          -0.0045603551 -0.10527724 -0.99443245,
          0.074439339 0.73529661 -0.67364514,
          0.17293085 0.89355898 -0.41430345,
          0.12325643 0.45799372 -0.88036901,
          0.17661728 0.73568064 -0.65389633,
          0.078262329 0.3374618 -0.93808031,
          -0.044271756 -0.057125229 -0.99738503,
          0.0053297263 -0.09469486 -0.99549216,
          0.0083721383 0.16846249 -0.98567259,
          -0.02064402 -0.066829756 -0.99755085,
          0.0089899907 -0.35206527 -0.93593234,
          -0.0082943905 0.17850229 -0.98390454,
          0.021262364 -0.064515263 -0.9976902,
          -0.023334989 0.1722368 -0.98477924,
          -0.0074997591 0.0083299503 -0.99993724,
          0.039449487 -0.31111133 -0.94955432,
          0.053373832 -0.29973426 -0.95252854,
          0.029083919 -0.3828178 -0.92336595,
          0.054110654 -0.36815679 -0.92818785,
          0.051377106 -0.32908738 -0.94290078,
          -0.24539438 0.91552222 -0.31874856,
          -0.066244222 -0.0087125553 -0.99776542,
          -0.99285007 0.061979525 -0.10201649,
          -0.99972451 -0.014831706 0.018192844,
          -0.95965886 -0.24841638 0.13169742,
          0.038322229 -0.45420611 -0.89007211,
          0.010164602 -0.39259589 -0.91965491,
          0.020404493 -0.46122673 -0.88704777,
          -0.034852594 -0.3726702 -0.92730922,
          -0.048558105 -0.41725099 -0.90749311,
          -0.15122147 -0.28651437 -0.94606638,
          -0.20220695 -0.29897243 -0.93259203,
          -0.40484354 -0.12765361 -0.90543157,
          -0.40857542 -0.18053584 -0.89469159,
          -0.64190435 -0.054228295 -0.76486474,
          -0.59987044 -0.14113988 -0.78755003,
          -0.78587955 -0.032735601 -0.61751258,
          -0.76999599 -0.1077729 -0.62888104,
          -0.92243928 0.01705353 -0.3857657,
          -0.92379248 -0.034570713 -0.3813298,
          -0.98822463 0.024968255 -0.15095931,
          -0.98736256 -0.0038171893 -0.15843165,
          -0.99956805 -0.0030068988 0.029236486,
          -0.9991889 0.0038629971 0.040083468,
          -0.97853935 0.0035301913 0.20602976,
          -0.96861923 0.033408675 0.24629395,
          -0.93900025 -0.017017763 0.34349546,
          -0.9186582 0.030455347 0.39387792,
          -0.87279546 -0.027228534 0.48732606,
          -0.8577438 0.042049877 0.51235479,
          -0.79365075 0.0061471267 0.60834259,
          -0.7750771 0.095954843 0.62453836,
          -0.71716863 0.051724177 0.69497764,
          -0.66559017 0.098471649 0.73979259,
          -0.63136697 0.039900489 0.77445716,
          -0.57482111 0.082241848 0.81413573,
          -0.55187935 0.0050941035 0.8339085,
          -0.51775044 0.025680218 0.85514623,
          -0.4647491 -0.023188071 0.88513875,
          -0.48001769 0.045726098 0.87606639,
          -0.41623655 0.029404961 0.90878081,
          -0.52555579 0.122831 0.84184539,
          -0.60400343 0.14944579 0.78284472,
          -0.53473169 0.21436502 0.81737977,
          -0.63449883 0.20584607 0.74500918,
          -0.61898065 0.25598472 0.74251932,
          -0.74385804 0.18220228 0.6430223,
          -0.71422946 0.25126189 0.65325636,
          -0.82961434 0.17040476 0.53169751,
          -0.81109762 0.22684176 0.53913236,
          -0.6926145 0.15010121 0.70551747,
          -0.84095043 0.11565474 0.52860796,
          -0.90004706 0.13264021 0.41511673,
          -0.91724563 0.089420125 0.38815528,
          -0.97156721 0.066184342 0.22732517,
          -0.9993639 0.0075878906 0.034845933,
          -0.98248744 -0.038353208 -0.18233904,
          -0.88965052 -0.12025868 -0.44052219,
          -0.69932348 -0.22696041 -0.67781693,
          -0.54589617 -0.24930853 -0.79990178,
          -0.33100486 -0.30007657 -0.89464509,
          -0.12214071 -0.40870818 -0.90445524,
          -0.49045667 0.14652422 0.85905945,
          -0.45534295 0.16286986 0.87529206,
          -0.08991459 -0.29428169 -0.95147973,
          -0.2876204 -0.15840539 -0.94455403,
          -0.61332822 0.015578098 -0.78967458,
          -0.67779744 0.019295726 -0.73499554,
          -0.83959061 0.041993022 -0.54159427,
          -0.71248126 -0.020594306 0.70138896,
          -0.68380392 -0.098973468 0.72292227,
          -0.62715101 -0.060009174 0.7765826,
          -0.62721133 -0.15721887 0.76281595,
          -0.57930565 -0.11006326 0.80764538,
          -0.54923832 -0.2235986 0.80519623,
          -0.49032393 -0.1502469 0.85849196,
          -0.47119001 -0.24350989 0.84775168,
          -0.38669696 -0.14938371 0.91002756,
          -0.36650023 -0.23788099 0.89949441,
          -0.31446904 -0.15904273 0.93584973,
          -0.2702544 -0.284839 0.91968983,
          -0.21455072 -0.19104478 0.95784658,
          -0.18119915 -0.29161274 0.93921715,
          -0.10565433 -0.18999434 0.97608376,
          -0.068140596 -0.24088511 0.96815866,
          0.0063130418 -0.14474048 0.9894495,
          0.042600378 -0.1915748 0.98055315,
          0.11370549 -0.10008015 0.98846096,
          0.13225794 -0.15024145 0.97976291,
          0.18183522 -0.17160262 0.9682399,
          0.2585187 -0.16645843 0.9515565,
          0.21375562 -0.24862662 0.94471872,
          0.27989694 -0.28211841 0.91764206,
          0.20800625 -0.39081034 0.89666086,
          0.26483232 -0.44666857 0.85460591,
          0.1761966 -0.54361129 0.8206349,
          0.22055894 -0.57733208 0.78615606,
          0.1374045 -0.68377084 0.71664321,
          0.18383086 -0.68637305 0.70363218,
          0.12569802 -0.78543872 0.60604131,
          0.067057438 -0.059885513 0.9959504,
          -0.024373762 -0.10238891 0.9944458,
          -0.12258049 -0.13328609 0.98346782,
          -0.16859528 -0.10929042 0.9796077,
          -0.24471495 -0.10604925 0.96377808,
          -0.20108278 -0.046373133 0.97847599,
          -0.29520112 -0.023009818 0.95515805,
          -0.26383489 0.0032314966 0.96456254,
          -0.23142937 0.029539641 0.97240317,
          -0.17567459 0.07797052 0.98135573,
          -0.094940446 0.095152281 0.99092501,
          -0.15778542 0.028911568 0.98705012,
          0.036808107 0.025630647 0.99899364,
          0.48992053 0.71795881 -0.49448276,
          0.46326223 0.54908305 -0.69562626,
          -0.63133568 -0.27682382 0.72441977,
          -0.61866224 -0.38402957 0.68540388,
          -0.57869887 -0.39234993 0.71496099,
          -0.51674992 -0.41682979 0.74781185,
          -0.53452367 -0.33582294 0.77556908,
          -0.46292242 -0.32705149 0.82385689,
          -0.58841777 -0.28477922 0.75674653,
          -0.42221823 -0.35099411 0.83578414,
          -0.48315695 -0.46833518 0.73974431,
          -0.53645217 -0.565611 0.62634128,
          -0.55545932 -0.64333904 0.52685851,
          -0.56039673 -0.70059484 0.44172674,
          -0.47929138 -0.68322605 0.55089206,
          -0.41440535 -0.77573961 0.47591624,
          -0.40485904 -0.71613675 0.56853974,
          -0.31967592 -0.74200755 0.58926404,
          -0.34074956 -0.6519593 0.67737651,
          -0.25687402 -0.61754102 0.74341035,
          -0.29396233 -0.56230593 0.77291548,
          -0.20744883 -0.49546692 0.84349132,
          -0.25234187 -0.42612004 0.86876082,
          -0.1595569 -0.38379863 0.90952748,
          -0.30864152 -0.3329294 0.89100981,
          -0.34747246 -0.36603877 0.8632952,
          -0.58474839 -0.73417056 0.34505513,
          -0.45022321 -0.81823725 0.35747293,
          -0.55214363 -0.79502511 0.25114244,
          -0.39119536 -0.88459659 0.25388047,
          -0.41588777 -0.8949846 0.161369,
          -0.29004404 -0.94237268 0.16675797,
          -0.27655581 -0.95879757 0.064993531,
          -0.20601144 -0.97675455 0.059244812,
          -0.30678523 -0.87659782 0.37075493,
          -0.30371267 -0.81532186 0.49295941,
          -0.17154308 -0.88370168 0.43548176,
          -0.17655566 -0.81364828 0.55389941,
          -0.017943265 -0.86415917 0.50289869,
          -0.051985115 -0.79314297 0.60681278,
          0.038168866 -0.78877652 0.61349392,
          0.010578593 -0.72523117 0.68842429,
          0.083332427 -0.63129795 0.77105039,
          -0.031319838 -0.69197112 0.72124553,
          -0.029183097 -0.60218245 0.79782498,
          -0.092760913 -0.6287207 0.77207881,
          -0.064331554 -0.47886238 0.87552971,
          -0.11769526 -0.60164762 0.79004306,
          -0.16550571 -0.54516178 0.82183123,
          -0.21824518 -0.67055041 0.70903552,
          -0.11210527 -0.40080321 0.90927958,
          -0.024034783 -0.30203098 0.95299506,
          -0.1104558 -0.73793083 0.66577601,
          -0.17322835 -0.71367139 0.67872322,
          -0.24487689 -0.76442468 0.59639788,
          -0.28489161 -0.92324311 0.25779653,
          -0.16837084 -0.93299663 0.31807026,
          -0.15875226 -0.97054493 0.18121886,
          -0.046891872 -0.9236024 0.3804732,
          0.13172711 -0.50579995 0.85253412,
          0.16390575 -0.38423088 0.90857124,
          0.12770562 -0.29751825 0.94613647,
          0.081376486 -0.24026495 0.96729034,
          0.0086095361 -0.35895649 0.93331462,
          0.044744313 -0.40168551 0.91468394,
          0.046583574 -0.51240164 0.85748154,
          0.010186993 -0.55289125 0.83319122,
          0.10745975 -0.43408403 0.89444041,
          -0.34179461 -0.93933016 0.028901858,
          -0.41813195 -0.90551627 0.072153434,
          -0.48768827 -0.8722468 0.036684703,
          -0.56117183 -0.8237291 0.080972582,
          -0.61848193 -0.78461558 0.043111,
          -0.68862182 -0.71370447 0.1281641,
          -0.76406628 -0.63421458 0.1182141,
          -0.81089252 -0.57919914 0.083557792,
          -0.85009849 -0.52178478 0.071226291,
          -0.77283722 -0.59738809 0.21412626,
          -0.67065692 -0.70762044 0.22246934,
          -0.55858159 -0.81340379 0.16236033,
          -0.69647044 -0.64916545 0.30579922,
          -0.41366738 -0.42334753 0.80601257,
          -0.44891405 -0.51910138 0.72733068,
          -0.49266896 -0.59615391 0.63393843,
          -0.41809219 -0.57386732 0.70418411,
          -0.38479406 -0.62966192 0.67487735,
          -0.33723158 -0.54240072 0.76946503,
          -0.36228046 -0.46863362 0.80568939,
          -0.051622074 0.052540056 0.9972837,
          -0.12837577 -0.0029384242 0.99172127,
          -0.10037161 -0.033476274 0.99438673,
          -0.077477939 -0.082656205 0.99356192,
          -0.022994816 -0.033673905 0.9991684,
          0.0072012828 -0.0047838916 0.99996269,
          -0.36740285 -0.016915031 0.9299081,
          -0.33903539 -0.077518545 0.93757451,
          -0.27487069 -0.13000086 0.9526521,
          -0.43979856 -0.082101718 0.89433593,
          -0.51046318 -0.071847126 0.85689288,
          -0.53868991 -0.090456411 0.83763415,
          -0.60016751 -0.02935967 0.79933536,
          -0.41463408 -0.11281624 0.90296793,
          0.24787654 -0.63699758 0.72992557,
          0.31125841 -0.55848664 0.76890248,
          0.34141776 -0.51183134 0.78832912,
          0.37039804 -0.45691761 0.8087222,
          0.35623869 -0.36620298 0.85964495,
          0.31793338 -0.33172032 0.88818926,
          0.36302158 -0.22328089 0.9046331,
          0.30428913 -0.13526201 0.94292754,
          0.4004941 -0.16726612 0.90090328,
          0.48893958 -0.16239172 0.8570689,
          0.47426382 -0.25445879 0.84280759,
          0.54656023 -0.22782731 0.80583292,
          0.44214913 -0.35345852 0.82436109,
          0.42538673 -0.4417747 0.78986156,
          -0.50594127 0.27654064 0.81703657,
          -0.60541946 0.30454159 0.73533785,
          -0.70458615 0.28259999 0.65091908,
          -0.81298977 0.24179432 0.52970099,
          -0.74121976 0.2528685 0.62181264,
          -0.98628616 -0.13822347 0.090188228,
          -0.99987489 -0.013973481 0.0074262032,
          -0.99270838 0.090877153 -0.079192035,
          -0.94726598 0.20409501 -0.24704744,
          -0.8226133 0.29709491 -0.48481137,
          -0.82899851 0.24559475 -0.50243878,
          0.95296317 0.087369137 0.29022032,
          0.99214542 0.052111994 0.1137186,
          0.99436605 0.049052641 0.093968317,
          0.99374002 0.050943665 0.099426307,
          0.99547791 0.042048167 0.085180327,
          0.99410045 0.044652119 0.098845989,
          0.99661034 0.029773075 0.076691173,
          0.99609578 0.029295195 0.083277166,
          0.99723727 0.020452488 0.071411803,
          0.99610013 0.021766368 0.085503429,
          0.99758077 0.013297682 0.068234652,
          0.99677116 0.012715741 0.079281613,
          0.97289306 0.038751405 0.22798575,
          0.96885228 0.064634323 0.23905575,
          0.96781147 0.084763579 0.23697309,
          0.93891078 0.11328727 0.32498074,
          0.95737165 0.11438763 0.2652455,
          0.92590946 0.15316947 0.34529838,
          0.95012259 0.1378022 0.2797817,
          0.9092266 0.1770419 0.3767803,
          0.9455567 0.12246311 0.30153838,
          0.80776477 0.24848291 0.53457695,
          0.83741683 0.20762263 0.50559467,
          0.94535953 0.055581301 0.32125729,
          0.9459334 0.078674495 0.31467488,
          0.88904393 0.10373086 0.44591567,
          0.86761922 0.14728531 0.4749147,
          0.88505161 0.070206605 0.46016824,
          0.66470921 0.021609468 0.74678969,
          0.68422884 0.090837471 0.72358799,
          0.71036941 0.14971882 0.68772066,
          0.633421 0.039863579 0.77277994,
          0.60309047 0.067506589 0.79481113,
          0.6385926 0.127396 0.75892675,
          0.63741702 0.20499001 0.74275076,
          0.53382885 0.22328682 0.81557947,
          0.56550598 0.16404052 0.80826586,
          0.60521758 0.14984156 0.78183067,
          0.54500538 0.079731047 0.83463299,
          0.47157723 0.051825985 0.88030058,
          0.36936375 0.032871515 0.92870343,
          0.28660926 0.11475415 0.95115018,
          0.36355364 0.1034884 0.92580724,
          0.38501015 0.15603574 0.90962642,
          0.4881728 0.14674756 0.86032116,
          0.42885914 0.21855749 0.87653434,
          0.31060275 0.21602091 0.92566788,
          0.24329625 0.13088576 0.96108055,
          0.21523561 0.17129293 0.96142209,
          0.19196434 0.22720078 0.95474058,
          0.27467552 0.28084135 0.91960943,
          0.17589901 0.29236612 0.93999022,
          0.2648128 0.34403345 0.90084136,
          0.16133231 0.34720674 0.92380702,
          0.18726724 0.3306607 0.92498356,
          0.072645091 0.35440907 0.93226451,
          0.063735537 0.32932255 0.94206399,
          -0.041149929 0.35071537 0.93557763,
          -0.054421194 0.32999635 0.94241226,
          -0.15929501 0.35404721 0.9215616,
          -0.1580352 0.32007754 0.93411738,
          0.053212967 0.29937246 0.95265138,
          -0.066057831 0.28481886 0.95630258,
          -0.16257983 0.22734661 0.96014655,
          -0.17133652 0.29929262 0.9386521,
          -0.26544067 0.34293219 0.90107656,
          -0.27730444 0.17135689 0.94537771,
          -0.060825981 0.26683527 0.96182078,
          0.067904234 0.26626027 0.96150637,
          0.19578142 0.26271564 0.94480163,
          0.31098363 0.26765642 0.91194808,
          0.29934686 0.32629484 0.89661765,
          0.42210171 0.29828295 0.85607094,
          0.39512298 0.33864796 0.8539294,
          0.52832651 0.29560763 0.79591924,
          0.50851417 0.32248309 0.79838461,
          0.55672508 0.2292043 0.79845023,
          0.43725491 0.24080658 0.86649895,
          0.33109018 0.20149335 0.92183501,
          0.21017396 0.19552761 0.95791221,
          0.074309878 0.19871487 0.97723615,
          0.21679483 0.13233364 0.96720624,
          0.35248798 0.067703478 0.93336409,
          0.41947314 0.03529764 0.90708125,
          0.34491152 0.13960642 0.92819518,
          0.49483517 0.11726722 0.86103809,
          0.49181417 0.053259522 0.86906981,
          0.60359341 0.05543815 0.79536265,
          0.5447039 0.032459911 0.838,
          0.62074602 0.10685005 0.77669662,
          0.59392303 0.16011797 0.78842735,
          0.46736747 0.18192719 0.86514169,
          0.3939696 0.28983292 0.87222975,
          0.5123508 0.27607217 0.81319189,
          0.96315491 -0.2582638 0.075049832,
          0.23721403 -0.95826805 0.15953638,
          2.535181e-006 -0.9999997 0.00079868909,
          2.0183937e-009 -0.00079868909 -0.9999997,
          2.0183939e-009 -0.00079868909 -0.9999997 ]
      normalBinding PER_VERTEX_INDEXED
      materialBinding OVERALL

    }
    coordIndex [ 388, 457, 386, 456, -1, 457, 455, 456,
        454, -1, 455, 453, 454, 452, -1, 453,
        451, 452, 450, -1, 451, 449, 450, 448,
        -1, 449, 447, 448, 446, -1, 447, 445,
        446, 444, -1, 445, 443, 444, 442, -1,
        443, 440, 442, 441, -1, 441, 440, 439,
        438, 436, 437, 435, -1, 436, 435, 434,
        433, 432, 431, 430, 429, 428, 426, 427,
        425, -1, 426, 424, 425, 422, -1, 424,
        423, 422, 421, 420, 419, 418, 417, 416,
        414, 415, 413, -1, 414, 412, 413, 411,
        -1, 412, 410, 411, 408, -1, 410, 409,
        408, 407, 406, 405, 404, 403, 402, 400,
        401, 399, -1, 400, 398, 399, 397, -1,
        398, 396, 397, 394, -1, 396, 395, 394,
        393, 392, 391, 390, 389, 387, 388, 386,
        -1, 303, 305, 385, 384, 383, 382, 381,
        380, 379, 378, 377, 376, 375, 374, 373,
        372, 371, 370, 369, 368, 367, 365, 366,
        364, -1, 365, 363, 364, 362, -1, 363,
        361, 362, 360, -1, 361, 359, 360, 358,
        -1, 359, 357, 358, 356, -1, 357, 355,
        356, 354, -1, 355, 353, 354, 352, -1,
        353, 351, 352, 350, -1, 351, 349, 350,
        348, -1, 349, 347, 348, 346, -1, 347,
        345, 346, 344, -1, 345, 343, 344, 342,
        -1, 343, 341, 342, 340, -1, 341, 338,
        340, 339, -1, 339, 338, 337, 336, 335,
        334, 333, 332, 331, 330, 329, 328, 327,
        326, 325, 324, 323, 322, 321, 320, 319,
        318, 317, 316, 315, 314, 313, 312, 311,
        310, 309, 308, 307, 306, 304, 305, 303,
        -1, 214, 223, 215, 302, 301, 300, 299,
        298, 297, 296, 295, 294, 293, 292, 291,
        289, 290, 288, -1, 289, 287, 288, 286,
        -1, 287, 285, 286, 284, -1, 285, 283,
        284, 282, -1, 283, 281, 282, 280, -1,
        281, 279, 280, 278, -1, 279, 277, 278,
        276, -1, 277, 275, 276, 274, -1, 275,
        273, 274, 272, -1, 273, 271, 272, 270,
        -1, 271, 269, 270, 268, -1, 269, 267,
        268, 266, -1, 267, 265, 266, 264, -1,
        265, 263, 264, 262, -1, 263, 261, 262,
        260, -1, 261, 259, 260, 258, -1, 259,
        256, 258, 257, -1, 257, 256, 255, 254,
        253, 252, 251, 250, 249, 248, 247, 246,
        245, 244, 243, 242, 241, 240, 239, 238,
        237, 236, 235, 234, 233, 232, 231, 230,
        229, 228, 227, 226, 225, 224, 222, 223,
        214, -1, 214, 215, 216, 217, -1, 217,
        215, 218, 219, 220, 221, -1, 112, 114,
        212, 213, 211, -1, 212, 211, 210, 209,
        208, 207, 206, 204, 205, 202, -1, 204,
        203, 202, 201, 200, 199, 198, 197, 196,
        195, 194, 193, 192, 190, 191, 188, -1,
        190, 189, 188, 186, 187, 184, -1, 186,
        185, 184, 183, 182, 180, 181, 178, -1,
        180, 179, 178, 176, 177, 175, -1, 176,
        174, 175, 172, -1, 174, 173, 172, 170,
        171, 169, -1, 170, 168, 169, 167, -1,
        168, 166, 167, 164, -1, 166, 165, 164,
        162, 163, 161, -1, 162, 160, 161, 159,
        -1, 160, 158, 159, 157, -1, 158, 156,
        157, 154, -1, 156, 155, 154, 152, 153,
        150, -1, 152, 151, 150, 148, 149, 146,
        -1, 148, 147, 146, 144, 145, 142, -1,
        144, 143, 142, 140, 141, 138, -1, 140,
        139, 138, 136, 137, 134, -1, 136, 135,
        134, 133, 132, 131, 130, 128, 129, 126,
        -1, 128, 127, 126, 125, 124, 123, 122,
        120, 121, 118, -1, 120, 119, 118, 117,
        116, 115, 113, 114, 112, -1, 1, 0,
        111, 110, 108, 109, 107, -1, 108, 107,
        106, 104, 105, 103, -1, 104, 102, 103,
        101, -1, 102, 100, 101, 99, -1, 100,
        98, 99, 96, -1, 98, 97, 96, 95,
        94, 93, 92, 91, 90, 89, 88, 87,
        86, 85, 84, 83, 82, 81, 80, 78,
        79, 76, -1, 78, 77, 76, 75, 74,
        73, 72, 71, 70, 69, 68, 67, 66,
        65, 64, 63, 62, 61, 60, 59, 58,
        56, 57, 54, -1, 56, 55, 54, 53,
        52, 51, 50, 49, 48, 47, 46, 44,
        45, 42, -1, 44, 43, 42, 41, 40,
        39, 38, 37, 36, 35, 34, 32, 33,
        30, -1, 32, 31, 30, 29, 28, 27,
        26, 25, 24, 22, 23, 21, -1, 22,
        20, 21, 19, -1, 20, 18, 19, 17,
        -1, 18, 16, 17, 15, -1, 16, 14,
        15, 13, -1, 14, 12, 13, 11, -1,
        12, 10, 11, 9, -1, 10, 8, 9,
        7, -1, 8, 6, 7, 5, -1, 6,
        4, 5, 3, -1, 4, 2, 3, 1,
        -1, 2, 0, 1, -1, 221, 219, 458,
        459, 460, 461, 462, 463, 464, 465, 466,
        467, 468, 469, 470, 471, 472, 473, 474,
        475, 476, 477, 478, 479, 480, 481, 482,
        483, 484, 485, 486, 487, 488, 489, 490,
        491, 492, 493, 494, 495, 496, 497, 498,
        499, 500, 501, 502, 503, 504, 505, 506,
        507, 508, 509, 510, 511, 512, 513, 514,
        515, 516, 517, 319, 321, -1, 319, 317,
        516, 518, 519, 520, 510, 521, 508, 522,
        506, 523, 524, 525, 526, 527, 528, 529,
        530, 531, 532, 533, 534, 535, 536, 537,
        538, 539, 540, 541, 542, 543, 544, 545,
        546, 547, 548, 549, 550, 551, 552, 553,
        554, 555, 556, 557, 558, 559, 560, 561,
        562, 563, 564, 472, 474, -1, 472, 563,
        470, 468, -1, 563, 561, 468, 565, 566,
        -1, 468, 566, 466, 567, 462, 458, 460,
        -1, 221, 458, 567, -1, 466, 462, 464,
        -1, 565, 561, 568, 559, 569, 570, 571,
        572, 573, 574, 575, 576, 577, 578, 579,
        580, 581, 551, 549, -1, 549, 547, 581,
        582, 579, 583, 584, 585, 586, 587, 588,
        589, 590, 591, 592, 593, 594, 595, 596,
        597, 598, 543, 541, -1, 589, 587, 591,
        585, 593, 595, -1, 585, 583, 595, 597,
        -1, 583, 582, 597, 543, -1, 543, 582,
        545, 547, -1, 579, 584, 577, 599, 600,
        586, 588, -1, 586, 599, 584, -1, 588,
        601, 600, 577, -1, 577, 601, 575, 573,
        -1, 551, 580, 553, 602, 555, 603, 604,
        570, 557, 559, -1, 604, 557, 555, -1,
        570, 603, 572, 605, 574, 602, 580, -1,
        605, 603, 602, -1, 580, 578, 574, 576,
        -1, 562, 564, 560, 556, 558, -1, 506,
        524, 504, 606, 502, 607, 500, 608, 498,
        609, 610, 611, 612, 613, 614, 615, 616,
        617, 618, 619, 620, 621, 622, 544, 546,
        -1, 544, 621, 542, 540, -1, 621, 619,
        540, 538, -1, 619, 617, 538, 536, -1,
        536, 617, 534, 615, 613, -1, 534, 613,
        532, 611, 530, 609, 528, 608, 623, 607,
        606, -1, 528, 623, 526, 606, 524, -1,
        498, 610, 496, 612, 624, 614, 625, 616,
        626, 627, 488, 486, -1, 488, 490, 626,
        625, -1, 490, 492, 625, 624, -1, 492,
        494, 624, 496, -1, 616, 618, 627, 620,
        628, 622, 629, 546, 548, -1, 627, 628,
        486, 484, -1, 628, 629, 484, 482, -1,
        629, 548, 482, 480, -1, 548, 550, 480,
        478, -1, 550, 552, 478, 630, 476, 631,
        474, 564, -1, 564, 631, 556, 554, -1,
        631, 630, 554, 552, -1, 510, 512, 519,
        514, 516, -1, 317, 315, 518, 632, 520,
        633, 521, 634, 635, 636, 637, 638, 639,
        640, 641, 642, 643, 644, 645, 646, 647,
        648, 649, 650, 651, 652, 653, 654, 655,
        656, 657, 658, 659, 660, 661, 662, 663,
        664, 665, 666, 667, 668, 669, 670, 671,
        672, 673, 674, 675, 676, 677, 658, 656,
        -1, 658, 676, 660, 678, 666, 679, 668,
        670, -1, 679, 678, 670, 676, 674, -1,
        672, 670, 674, -1, 660, 666, 662, 664,
        -1, 669, 671, 680, 673, 681, 682, 683,
        684, 685, 675, 686, 677, 687, 656, 654,
        -1, 675, 684, 673, 682, -1, 680, 681,
        688, 683, 689, 685, 369, 690, 371, 373,
        -1, 685, 686, 690, 691, 692, 693, 694,
        695, 377, 379, -1, 377, 375, 694, 373,
        692, 690, -1, 686, 687, 691, 693, -1,
        369, 367, 689, 366, 688, -1, 667, 696,
        665, 663, -1, 521, 635, 522, 523, -1,
        635, 637, 523, 639, 525, 641, 697, 643,
        698, 645, 699, 647, 700, 649, 701, 651,
        702, 653, 703, 655, 704, 705, 598, 706,
        596, 594, -1, 598, 541, 704, 539, 703,
        537, 702, 535, 701, 700, -1, 535, 533,
        700, 531, 699, 529, 698, 527, 697, 525,
        -1, 655, 657, 705, 659, 706, 661, 594,
        707, 592, 708, 709, 663, 696, -1, 696,
        590, 709, 592, -1, 708, 707, 663, 661,
        -1, 315, 313, 632, 633, -1, 313, 311,
        633, 634, -1, 311, 309, 634, 636, -1,
        309, 307, 636, 638, -1, 307, 304, 638,
        640, -1, 304, 303, 640, 710, 642, 711,
        644, 712, 646, 713, 648, 714, 650, 715,
        652, 716, 654, 687, -1, 687, 716, 693,
        715, 695, 714, 717, 713, 718, 712, 719,
        711, 383, 385, -1, 711, 710, 385, 303,
        -1, 719, 383, 718, 381, 379, -1, 718,
        379, 717, 695, -1, 469, 467, 471, 720,
        721, 722, 723, 724, 725, 726, 727, 728,
        729, 730, 731, 295, 293, -1, 295, 730,
        297, 732, 299, 733, 301, 734, 215, 735,
        219, 736, 459, 737, 461, 738, 739, 740,
        724, 726, -1, 724, 722, 739, 463, 461,
        -1, 722, 720, 463, 465, -1, 467, 465,
        720, -1, 736, 735, 737, 734, 741, 733,
        732, -1, 737, 741, 738, 742, 740, 726,
        -1, 726, 742, 728, 732, 730, -1, 742,
        741, 732, -1, 471, 721, 473, 743, 475,
        744, 745, 746, 747, 748, 749, 750, 751,
        752, 753, 754, 755, 756, 757, 758, 759,
        760, 761, 762, 493, 763, 495, 764, 765,
        766, 767, 768, 769, 770, 771, 772, 773,
        774, 775, 776, 777, 778, 779, 780, 781,
        782, 783, 784, 785, 786, 787, 788, 789,
        790, 791, 792, 793, 794, 795, 796, 797,
        798, 799, 800, 340, 342, -1, 340, 339,
        799, 797, -1, 339, 337, 797, 795, -1,
        337, 335, 795, 793, -1, 335, 333, 793,
        791, -1, 333, 331, 791, 801, 789, 802,
        787, 803, 785, 804, 783, 805, 781, 806,
        779, 513, 807, 511, 808, 809, 810, 505,
        503, -1, 505, 809, 507, 509, -1, 509,
        809, 511, -1, 779, 807, 777, 808, 811,
        810, 812, 503, 813, 501, 767, 499, 765,
        497, 495, -1, 767, 769, 813, 771, 812,
        773, 811, 775, 777, -1, 513, 806, 515,
        805, 814, 804, 815, 803, 325, 327, -1,
        803, 802, 327, 329, -1, 802, 801, 329,
        331, -1, 325, 323, 815, 816, 814, 517,
        515, -1, 517, 816, 321, 323, -1, 493,
        491, 761, 759, -1, 491, 489, 759, 757,
        -1, 489, 487, 757, 755, -1, 487, 485,
        755, 817, 753, 818, 751, 819, 749, 820,
        747, 477, 745, 475, -1, 477, 820, 479,
        819, 481, 818, 483, 817, 485, -1, 721,
        723, 743, 744, -1, 744, 723, 821, 725,
        822, 727, 823, 824, 825, 826, 827, 828,
        829, 830, 831, 832, 833, 834, 835, 836,
        827, 837, 838, 839, 840, 841, 842, 843,
        844, 845, 846, 847, 848, 849, 850, 851,
        852, 853, 854, 855, 856, 857, 858, 859,
        860, 861, 862, 863, 864, 865, 866, 867,
        868, 869, 870, 871, 872, 873, 874, 875,
        876, 877, 878, 879, 880, 881, 882, 883,
        884, 885, 886, 887, 888, 889, 796, 798,
        -1, 796, 794, 888, 886, -1, 794, 792,
        886, 884, -1, 792, 790, 884, 882, -1,
        790, 788, 882, 880, -1, 788, 786, 880,
        878, -1, 786, 784, 878, 890, 876, 891,
        892, 893, 894, 776, 895, 774, 896, 772,
        897, 770, 898, 768, 899, 766, 900, 764,
        901, 763, 762, -1, 776, 893, 778, 780,
        -1, 893, 891, 780, 782, -1, 891, 890,
        782, 784, -1, 876, 892, 874, 902, 872,
        870, -1, 892, 894, 902, 903, 870, 868,
        -1, 894, 895, 903, 904, 868, 866, -1,
        895, 896, 904, 866, -1, 866, 896, 864,
        897, 862, 898, 860, 899, 858, 900, 905,
        901, 906, 762, 907, 760, 852, 908, 850,
        909, 910, 911, 912, 913, 914, 752, 915,
        750, 916, 748, 917, 746, 918, 821, 822,
        -1, 744, 821, 746, -1, 752, 913, 754,
        911, 756, 909, 758, 908, 760, -1, 850,
        910, 848, 919, 846, 844, -1, 910, 912,
        919, 920, 844, 842, -1, 912, 914, 920,
        921, 842, 840, -1, 852, 854, 907, 906,
        -1, 854, 856, 906, 905, -1, 905, 856,
        858, -1, 827, 838, 825, 922, 823, 923,
        822, 918, -1, 918, 923, 917, 924, 916,
        925, 915, 914, -1, 914, 925, 921, 840,
        -1, 923, 922, 924, 926, 925, 840, -1,
        840, 926, 838, 922, -1, 833, 835, 831,
        827, 829, -1, 727, 729, 824, 927, 826,
        928, 929, 930, 931, 830, 828, -1, 828,
        826, 931, 929, -1, 830, 930, 832, 290,
        288, -1, 832, 288, 834, 932, 933, 934,
        837, 935, 839, 936, 841, 937, 843, 938,
        845, 939, 940, 941, 942, 943, 944, 945,
        946, 947, 948, 949, 950, 951, 952, 953,
        954, 955, 956, 957, 958, 959, 960, 961,
        962, 963, 964, 965, 966, 967, 968, 969,
        970, 971, 972, 973, 974, 975, 976, 977,
        978, 979, 980, 981, 982, 983, 984, 985,
        986, 987, 988, 989, 990, 991, 992, 993,
        994, 995, 996, 997, 998, 999, 1000, 1001,
        1002, 1003, 268, 1004, 270, 272, -1, 268,
        266, 1002, 264, 1000, 262, 1005, 260, 1006,
        1007, 1008, 1009, 996, 994, -1, 996, 998,
        1008, 1005, 1006, -1, 998, 1000, 1005, -1,
        260, 258, 1007, 1010, 1009, 1011, 994, 992,
        -1, 258, 257, 1010, 255, 1012, 1013, 1014,
        1015, 1016, 1017, 1018, 1019, 1020, 1021, 1022,
        1023, 1024, 1025, 1026, 1027, 1028, 1029, 1030,
        1031, 1032, 1033, 1034, 1035, 1036, 1037, 1038,
        1039, 1040, 1041, 1042, 1043, 1044, 1045, 1046,
        1047, 1048, 1049, 1050, 1051, 1052, 1053, 1054,
        1055, 1056, 1057, 1058, 1059, 1060, 1061, 1062,
        1063, 1064, 1065, 1066, 1067, 1068, 1069, 1070,
        1071, 1072, 1073, 1074, 1075, 1076, 1077, 1078,
        1079, 1080, 1081, 1050, 1082, 1083, 1084, 1085,
        1086, 1046, 1087, 1042, 1040, -1, 1046, 1042,
        1044, -1, 1046, 1048, 1085, 1083, -1, 1083,
        1048, 1050, -1, 1050, 1052, 1080, 1078, -1,
        1052, 1054, 1078, 1076, -1, 1076, 1054, 1074,
        1058, 1070, 1068, -1, 1070, 1072, 1074, -1,
        1054, 1056, 1058, -1, 1058, 1060, 1068, 1066,
        -1, 1060, 1062, 1066, 1064, -1, 1059, 1057,
        1061, 1088, 1089, 1090, 1091, 1092, 1093, 1033,
        1031, -1, 1061, 1089, 1063, 1094, 1095, 1096,
        1097, 1098, 1063, 1099, 1065, 1100, 1067, 1101,
        1069, 1102, 1103, 1104, 1105, 1106, 1107, 1108,
        1109, 568, 569, -1, 1063, 1095, 1097, -1,
        568, 1108, 565, 1110, 566, 1111, 567, 1112,
        221, 1113, 220, 1114, 218, 217, -1, 217,
        1114, 216, 214, -1, 214, 1114, 222, 1115,
        225, 1116, 227, 1117, 1118, 1119, 1120, 1121,
        1122, 1101, 1123, 1100, 1099, -1, 1099, 1098,
        1123, 1124, 1125, 1126, 1127, 231, 1118, 229,
        227, -1, 1118, 1120, 1127, 1125, -1, 1120,
        1122, 1125, 1123, -1, 231, 1126, 233, 1128,
        235, 237, -1, 1126, 1124, 1128, 1129, 1130,
        1131, 1132, 1133, 1134, 1135, 1025, 1136, 1027,
        1029, -1, 1124, 1098, 1129, 1096, 1131, 1137,
        1138, 1139, 1133, 1140, 1135, 1141, 1136, 1029,
        -1, 1131, 1138, 1133, -1, 1096, 1094, 1137,
        1091, 1093, -1, 1089, 1091, 1094, -1, 1101,
        1121, 1102, 1142, 1104, 1143, 1144, 1110, 1108,
        -1, 1108, 1106, 1144, 1104, -1, 1110, 1143,
        1111, 1145, 1112, 1146, 1113, 1115, 1114, -1,
        1115, 1146, 1116, 1147, 1117, 1119, -1, 1069,
        1103, 1071, 1105, 1148, 1107, 1149, 1150, 1151,
        1152, 1153, 1154, 1155, 601, 588, -1, 601,
        1154, 573, 1156, 571, 1157, 569, 1109, -1,
        1109, 1157, 1107, 1150, -1, 1157, 1156, 1150,
        1152, -1, 1154, 1152, 1156, -1, 1071, 1148,
        1073, 1149, 1075, 1151, 1158, 1159, 1160, 1161,
        1162, 1163, 1164, 1165, 1166, 1167, 1168, 1169,
        1170, 1171, 1172, 1173, 1174, 1175, 1176, 1177,
        1178, 1179, 1180, 1181, 1182, 356, 354, -1,
        356, 1181, 358, 1183, 360, 1184, 362, 1185,
        364, 1186, 366, 688, -1, 1166, 1168, 1164,
        1187, 1162, 1188, 1189, 1190, 1191, 1192, 1193,
        1194, 1079, 1081, -1, 1081, 1194, 1082, 1195,
        1196, 1197, 1198, 1199, 1200, 1201, 1202, 1203,
        1204, 1205, 1206, 1207, 1208, 1209, 1210, 1211,
        1212, 1213, 1214, 1215, 1216, 1217, 1218, 1219,
        1220, 1221, 1222, 1223, 1224, 1225, 1226, 1227,
        1228, 1229, 1230, 1231, 1232, 1233, 1234, 1235,
        1236, 1237, 1238, 883, 881, -1, 883, 1237,
        885, 1239, 887, 1240, 889, 1241, 1242, 1243,
        1244, 1245, 344, 346, -1, 344, 342, 1244,
        800, 1242, 798, 889, -1, 1237, 1235, 1239,
        1246, 1240, 1247, 1241, 1248, 1243, 1249, 1245,
        1250, 346, 348, -1, 1194, 1192, 1195, 1197,
        -1, 1079, 1077, 1193, 1191, -1, 1162, 1189,
        1160, 1191, 1158, 1077, 1075, -1, 1151, 1153,
        1159, 1161, -1, 1039, 1037, 1041, 1251, 1043,
        1252, 1045, 1253, 1047, 1254, 1049, 1051, -1,
        1037, 1035, 1251, 1033, 1092, -1, 1251, 1092,
        1252, 1255, 1253, 1256, 1257, 1090, 1258, 1088,
        1259, 1057, 1055, -1, 1055, 1053, 1259, 1260,
        1258, 1257, -1, 1053, 1051, 1260, 1254, 1257,
        1253, -1, 1090, 1256, 1092, 1255, -1, 1012,
        1014, 1010, 1011, -1, 255, 253, 1013, 251,
        1261, 1262, 1017, 1019, -1, 1017, 1015, 1261,
        1013, -1, 251, 249, 1262, 1263, 1019, 1021,
        -1, 1021, 1263, 1023, 1264, 1265, 1266, 1134,
        1267, 1132, 1268, 1269, 237, 1128, -1, 1128,
        1130, 1269, 1132, -1, 237, 1268, 239, 241,
        -1, 1268, 1267, 241, 243, -1, 1267, 1266,
        243, 245, -1, 1266, 1264, 245, 1263, 247,
        249, -1, 1134, 1025, 1265, 1023, -1, 979,
        977, 981, 975, 983, 1270, 1271, 1272, 1273,
        965, 1274, 963, 1275, 961, 959, -1, 965,
        1272, 967, 971, 969, -1, 1272, 1270, 971,
        973, -1, 975, 973, 1270, -1, 983, 1271,
        985, 1276, 1277, 1278, 1279, 1280, 1281, 1282,
        1283, 1284, 1285, 1286, 1287, 951, 1288, 949,
        1289, 1290, 1291, 1292, 1004, 1293, 272, 1294,
        274, 1295, 276, 278, -1, 949, 947, 1290,
        945, 1296, 1297, 1298, 1299, 1300, 1301, 1302,
        1303, 1304, 1305, 282, 1306, 284, 1307, 1308,
        1309, 1310, 1311, 1312, 1313, 936, 937, -1,
        936, 935, 1312, 1314, 1310, 1315, 1308, 284,
        -1, 284, 1315, 286, 1316, 1317, 1318, 932,
        1319, 934, 935, -1, 1317, 932, 286, 288,
        -1, 1315, 1314, 1316, 1320, 1318, 1319, -1,
        1319, 1320, 935, 1314, -1, 1309, 1307, 1311,
        1321, 1313, 1322, 1323, 1324, 1325, 1306, 1326,
        1305, 1327, 1303, 1328, 1329, 1330, 1331, 938,
        939, -1, 938, 937, 1330, 1323, 1328, 1325,
        1326, -1, 1328, 1326, 1327, -1, 1313, 1323,
        937, -1, 1303, 1301, 1329, 1299, 1331, 1332,
        939, 941, -1, 941, 1332, 943, 1297, 945,
        -1, 1332, 1299, 1297, -1, 1324, 1322, 1306,
        1321, 1307, -1, 282, 280, 1304, 278, 1302,
        1295, 1300, 1294, 1298, 1333, 1296, 1292, 1290,
        -1, 1292, 1333, 1293, 1294, -1, 951, 1286,
        953, 1284, 1334, 1282, 1335, 1280, 1275, 1278,
        1274, 1276, 1273, 1271, -1, 1275, 959, 1335,
        957, 1334, 955, 953, -1, 985, 1277, 987,
        989, -1, 1277, 1279, 989, 1336, 991, 993,
        -1, 845, 940, 847, 942, 1337, 1338, 1339,
        1340, 1341, 1342, 1343, 1344, 1345, 1346, 1347,
        1348, 1349, 1350, 1351, 1352, 1353, 1354, 1355,
        1356, 1357, 1358, 1359, 1360, 1361, 1362, 1363,
        1364, 1365, 1366, 1367, 1368, 1369, 1370, 1371,
        1372, 1228, 1226, -1, 1369, 1371, 1367, 1373,
        1374, 1375, 1376, 1377, 1378, 1379, 1380, 1381,
        873, 875, -1, 1367, 1374, 1365, 1382, 1363,
        1378, 1383, 1380, 1384, 873, 871, -1, 1363,
        1383, 1361, 1385, 1359, 1357, -1, 1383, 1384,
        1385, 871, 1386, 869, 1387, 867, 1388, 865,
        1389, 863, 1390, 861, 1391, 859, 1392, 857,
        1393, 855, 1341, 853, 1339, 851, 849, -1,
        1339, 849, 1337, 847, -1, 1341, 1343, 1393,
        1392, -1, 1343, 1345, 1392, 1347, 1391, 1349,
        1390, 1351, 1389, 1353, 1388, 1355, 1387, 1357,
        1386, 1385, -1, 1378, 1382, 1376, 1374, -1,
        1371, 1228, 1373, 1394, 1375, 1395, 1232, 1230,
        -1, 1230, 1395, 1228, 1394, -1, 942, 944,
        1338, 1396, 1340, 1342, -1, 944, 946, 1396,
        1397, 1342, 1344, -1, 946, 948, 1397, 1398,
        1344, 1399, 1346, 1400, 1348, 1350, -1, 948,
        950, 1398, 952, 954, -1, 1398, 954, 1399,
        1400, -1, 954, 956, 1400, 1350, -1, 1350,
        956, 1352, 958, 960, -1, 1352, 960, 1354,
        962, 1356, 1358, -1, 962, 964, 1358, 966,
        1360, 968, 1362, 1401, 1364, 1366, -1, 968,
        970, 1401, 1402, 1403, 1404, 1405, 1406, 1407,
        1408, 1409, 1410, 1411, 1412, 1413, 1414, 1415,
        1416, 1417, 1418, 1419, 1420, 1206, 1421, 1422,
        1423, 1424, 1425, 1426, 1427, 1428, 1429, 1430,
        1431, 1036, 1034, -1, 1206, 1208, 1419, 1432,
        1417, 1433, 1415, 1434, 1413, 1435, 1436, 1437,
        1438, 1439, 1226, 1440, 1224, 1441, 1222, 1442,
        1220, 1218, -1, 1439, 1437, 1440, 1443, 1441,
        1442, -1, 1208, 1210, 1432, 1212, 1444, 1214,
        1216, -1, 970, 972, 1402, 1404, -1, 837,
        836, 933, 834, -1, 290, 930, 291, 928,
        1445, 927, 731, 729, -1, 731, 293, 1445,
        291, -1, 1404, 972, 1446, 974, 1447, 976,
        978, -1, 1447, 978, 1448, 1449, 1450, 1451,
        1408, 1410, -1, 1408, 1406, 1450, 1452, 1448,
        1446, 1447, -1, 1446, 1452, 1404, 1406, -1,
        1410, 1451, 1453, 1449, 1454, 978, 1455, 980,
        1456, 1457, 1458, 1459, 1460, 1461, 1462, 1463,
        1464, 1465, 1466, 1467, 1414, 1416, -1, 1414,
        1412, 1466, 1468, 1469, 1410, 1453, -1, 1410,
        1468, 1412, -1, 980, 982, 1457, 1470, 1471,
        1472, 1473, 1474, 1475, 1476, 1477, 1024, 1026,
        -1, 1457, 1471, 1459, 1478, 1479, 1480, 1481,
        1482, 1483, 1484, 1485, 1486, 1487, 1488, 1489,
        1490, 1491, 1492, 1493, 1463, 1461, -1, 1463,
        1492, 1465, 1494, 1467, 1416, -1, 1492, 1490,
        1494, 1495, 1416, 1418, -1, 1485, 1487, 1483,
        1496, 1481, 1497, 1498, 1493, 1461, -1, 1493,
        1497, 1491, 1489, -1, 1497, 1496, 1489, 1487,
        -1, 1481, 1498, 1479, 1461, 1459, -1, 1471,
        1473, 1478, 1499, 1500, 1501, 1030, 1028, -1,
        1028, 1501, 1026, 1477, -1, 1477, 1501, 1475,
        1499, 1473, -1, 1478, 1500, 1480, 1502, 1482,
        1032, 1034, -1, 1482, 1034, 1484, 1431, 1429,
        -1, 1484, 1429, 1486, 1427, 1503, 1425, 1504,
        1423, 1505, 1421, 1506, 1420, 1418, -1, 1418,
        1495, 1506, 1507, 1508, 1490, 1509, 1510, 1486,
        1488, -1, 1490, 1488, 1510, -1, 1507, 1495,
        1490, -1, 1486, 1503, 1509, 1511, 1508, 1505,
        1506, -1, 1505, 1511, 1504, 1503, -1, 1032,
        1502, 1030, 1500, -1, 1476, 1512, 1024, 1022,
        -1, 1476, 1474, 1512, 1513, 1022, 1514, 1020,
        1515, 1516, 1517, 1018, 1518, 1016, 1519, 1520,
        990, 992, -1, 1020, 1516, 1018, -1, 992,
        1011, 1520, 1014, 1016, -1, 1519, 1518, 990,
        988, -1, 988, 1518, 1521, 1517, 1522, 1523,
        1472, 1474, -1, 1474, 1523, 1513, 1514, -1,
        1514, 1523, 1515, 1517, -1, 988, 1521, 986,
        1524, 984, 982, -1, 982, 1524, 1470, 1472,
        -1, 1472, 1524, 1522, 1521, -1, 1469, 1453,
        1525, 1454, 1526, 1455, 1527, 1456, 1458, -1,
        1527, 1458, 1528, 1529, 1530, 1464, 1466, -1,
        1464, 1529, 1462, 1460, -1, 1529, 1458, 1460,
        -1, 1527, 1528, 1526, 1531, 1525, 1469, -1,
        1469, 1531, 1466, 1530, -1, 1530, 1531, 1528,
        -1, 1444, 1216, 1532, 1218, 1442, -1, 1442,
        1443, 1532, 1533, 1534, 1437, 1435, -1, 1437,
        1533, 1443, -1, 1534, 1435, 1535, 1434, 1433,
        -1, 1535, 1433, 1536, 1432, 1537, 1444, 1532,
        -1, 1537, 1532, 1536, 1534, 1535, -1, 1226,
        1538, 1438, 1539, 1436, 1540, 1413, 1411, -1,
        1540, 1539, 1411, 1409, -1, 1226, 1372, 1538,
        1370, 1541, 1542, 1407, 1543, 1405, 1544, 1403,
        1401, -1, 1401, 1544, 1366, 1368, -1, 1543,
        1542, 1544, 1368, -1, 1368, 1542, 1370, -1,
        1538, 1541, 1539, 1545, 1409, 1407, -1, 1407,
        1545, 1541, -1, 1430, 1036, 1546, 1038, 1547,
        1040, 1548, 1549, 1426, 1550, 1551, 1552, 1424,
        1422, -1, 1551, 1424, 1426, -1, 1548, 1426,
        1547, 1428, 1546, 1430, -1, 1422, 1552, 1553,
        1554, 1204, 1202, -1, 1204, 1206, 1553, 1422,
        -1, 1202, 1554, 1555, 1556, 1557, 1086, 1084,
        -1, 1084, 1082, 1557, 1196, 1555, 1198, 1200,
        -1, 1200, 1202, 1555, -1, 1554, 1552, 1556,
        1558, 1086, 1087, -1, 1552, 1550, 1558, 1559,
        1087, 1040, -1, 1040, 1559, 1549, 1550, -1,
        1375, 1232, 1560, 1234, 1236, -1, 1375, 1560,
        1377, 1561, 1379, 1562, 1381, 1563, 875, 877,
        -1, 877, 1563, 879, 1564, 881, 1238, -1,
        1563, 1562, 1564, 1238, -1, 1562, 1561, 1238,
        1236, -1, 1236, 1561, 1560, -1, 1336, 1565,
        993, 995, -1, 1336, 1279, 1565, 1281, 1283,
        -1, 1283, 1566, 1565, 995, -1, 995, 1566,
        997, 1567, 999, 1568, 1001, 1569, 1003, 1004,
        -1, 1004, 1569, 1291, 1570, 1289, 1288, -1,
        1288, 1570, 1287, 1568, 1567, -1, 1570, 1569,
        1568, -1, 1287, 1567, 1285, 1566, 1283, -1,
        1161, 1153, 1571, 1155, 1572, 588, 590, -1,
        1572, 590, 1573, 696, 1574, 667, 1575, 669,
        1576, 680, 1577, 688, 1186, -1, 1186, 1185,
        1577, 1578, 1576, 1579, 1580, 1581, 1582, 1583,
        1584, 1585, 1586, 1163, 1161, -1, 1161, 1571,
        1586, 1572, 1584, 1573, 1574, -1, 1584, 1574,
        1582, 1580, -1, 1574, 1575, 1580, 1576, -1,
        1163, 1585, 1165, 1587, 1167, 1169, -1, 1169,
        1587, 1171, 1588, 1173, 1175, -1, 1587, 1585,
        1588, 1583, 1581, -1, 1185, 1184, 1578, 1589,
        1590, 1591, 1592, 1177, 1175, -1, 1175, 1588,
        1592, 1581, 1590, 1579, 1578, -1, 1177, 1591,
        1593, 1589, 1184, -1, 1184, 1183, 1593, 1181,
        1179, -1, 1179, 1177, 1593, -1, 1197, 1192,
        1594, 1190, 1595, 1188, 1596, 1187, 1168, -1,
        1197, 1594, 1199, 1597, 1598, 1595, 1599, 1596,
        1600, 1168, 1170, -1, 1597, 1594, 1595, -1,
        1170, 1601, 1600, 1602, 1603, 1604, 1599, 1598,
        -1, 1603, 1599, 1600, -1, 1598, 1604, 1199,
        1605, 1201, 1606, 1203, 1205, -1, 1205, 1606,
        1207, 1209, -1, 1209, 1606, 1607, 1608, 1609,
        1605, 1610, 1604, 1602, -1, 1605, 1608, 1606,
        -1, 1602, 1601, 1610, 1611, 1609, 1612, 1607,
        1613, 1211, 1213, -1, 1211, 1209, 1607, -1,
        1213, 1613, 1614, 1612, 1615, 1616, 1617, 1618,
        1619, 1620, 1621, 1622, 1623, 1624, 1625, 1626,
        1246, 1247, -1, 1213, 1614, 1215, 1615, 1217,
        1219, -1, 1615, 1617, 1219, 1627, 1221, 1628,
        1629, 1630, 1231, 1233, -1, 1221, 1629, 1223,
        1225, -1, 1617, 1619, 1627, 1621, 1623, -1,
        1627, 1623, 1628, 1630, -1, 1623, 1625, 1630,
        1631, 1233, 1235, -1, 1235, 1631, 1246, 1625,
        -1, 1225, 1629, 1632, 1231, 1229, -1, 1229,
        1227, 1632, 1225, -1, 1247, 1626, 1633, 1624,
        1634, 1622, 1635, 1620, 1636, 1637, 1638, 1639,
        1640, 1641, 1174, 1172, -1, 1174, 1176, 1640,
        1642, 1638, 1643, 1636, 1644, 1635, 1645, 1634,
        1646, 1633, 1248, 1247, -1, 1248, 1646, 1249,
        1647, 1250, 1648, 348, 350, -1, 1646, 1645,
        1647, 1649, 1648, 1650, 1651, 1652, 352, 354,
        -1, 354, 1652, 1182, 1653, 1180, 1654, 1178,
        1642, 1176, -1, 1652, 1650, 1653, 1654, -1,
        352, 350, 1651, 1648, -1, 1645, 1644, 1649,
        1655, 1650, 1654, -1, 1654, 1655, 1642, 1643,
        -1, 1644, 1643, 1655, -1, 1620, 1618, 1637,
        1639, -1, 1639, 1618, 1656, 1616, 1612, -1,
        1612, 1611, 1656, 1657, 1641, 1172, -1, 1639,
        1656, 1641, -1, 1172, 1657, 1170, 1601, -1,
        1657, 1611, 1601, -1, 1119, 1147, 1658, 1146,
        1145, -1, 1145, 1143, 1658, 1142, 1121, -1,
        1121, 1119, 1658, -1, 1093, 1659, 1137, 1139,
        -1, 1139, 1659, 1140, 1141, -1, 1141, 1659,
        1029, 1031, -1, 1093, 1031, 1659, -1, 409,
        410, 1661, 412, 414, -1, 414, 417, 1661,
        419, 421, -1, 421, 423, 1661, 424, 426,
        -1, 426, 429, 1661, 431, 433, -1, 433,
        435, 1661, 437, 438, -1, 438, 440, 1661,
        443, 445, -1, 445, 447, 1661, 449, 451,
        -1, 451, 453, 1661, 455, 457, -1, 457,
        388, 1661, 389, 391, -1, 391, 393, 1661,
        395, 396, -1, 396, 398, 1661, 400, 403,
        -1, 403, 405, 1661, 407, 409, -1, 312,
        1660, 310, 308, -1, 308, 1660, 306, 305,
        -1, 305, 1660, 384, 382, -1, 382, 1660,
        380, 378, -1, 378, 1660, 376, 374, -1,
        374, 1660, 372, 370, -1, 370, 1660, 368,
        365, -1, 365, 1660, 363, 361, -1, 361,
        1660, 359, 357, -1, 357, 1660, 355, 353,
        -1, 353, 1660, 351, 349, -1, 349, 1660,
        347, 345, -1, 345, 1660, 343, 341, -1,
        341, 1660, 338, 336, -1, 336, 1660, 334,
        332, -1, 332, 1660, 330, 328, -1, 328,
        1660, 326, 324, -1, 324, 1660, 322, 320,
        -1, 320, 1660, 318, 316, -1, 316, 1660,
        314, 312, -1, 271, 273, 430, 432, -1,
        273, 275, 432, 434, -1, 275, 277, 434,
        436, -1, 277, 279, 436, 439, -1, 279,
        281, 439, 441, -1, 281, 283, 441, 285,
        442, 287, 444, 289, 446, 292, 448, 294,
        450, 296, 452, 298, 454, 300, 456, 302,
        386, 223, 224, -1, 386, 224, 387, 226,
        390, 228, 392, 230, 394, 232, 397, 234,
        399, 236, 401, 238, 402, 240, 404, 242,
        244, -1, 404, 244, 406, 246, 408, 248,
        411, 250, 413, 252, 415, 254, 416, 256,
        418, 259, 420, 261, 422, 263, 265, -1,
        422, 265, 425, 267, 427, 269, 428, 271,
        430, -1, 133, 21, 131, 19, 128, 17,
        127, 15, 125, 13, 123, 11, 120, 9,
        119, 7, 117, 5, 115, 3, 114, 1,
        111, -1, 114, 111, 213, 108, 211, 106,
        209, 105, 207, 103, 204, 101, 203, 99,
        201, 96, 199, 94, 197, 92, 195, 90,
        88, -1, 195, 88, 193, 86, 190, 84,
        189, 82, 186, 80, 185, 79, 183, 76,
        180, 74, 179, 72, 176, 70, 174, 68,
        66, -1, 174, 66, 173, 64, 170, 62,
        168, 60, 166, 58, 165, 57, 162, 54,
        160, 52, 158, 50, 156, 48, 155, 46,
        152, 45, 42, -1, 152, 42, 151, 40,
        148, 38, 147, 36, 144, 34, 143, 33,
        140, 30, 139, 28, 136, 26, 135, 24,
        133, 23, 21, -1, 210, 109, 212, 110,
        112, 0, 2, -1, 112, 2, 113, 4,
        116, 6, 118, 8, 121, 10, 122, 12,
        124, 14, 126, 16, 129, 18, 130, 20,
        132, 22, 25, -1, 132, 25, 134, 27,
        137, 29, 138, 31, 141, 32, 142, 35,
        145, 37, 146, 39, 149, 41, 150, 43,
        153, 44, 47, -1, 153, 47, 154, 49,
        157, 51, 159, 53, 161, 55, 163, 56,
        164, 59, 167, 61, 169, 63, 171, 65,
        172, 67, 175, 69, 71, -1, 175, 71,
        177, 73, 178, 75, 181, 77, 182, 78,
        184, 81, 187, 83, 188, 85, 191, 87,
        192, 89, 194, 91, 93, -1, 194, 93,
        196, 95, 198, 97, 200, 98, 202, 100,
        205, 102, 206, 104, 208, 107, 210, 109,
        -1, 109, 210, 107, 208, 104, 206, 102,
        205, 100, 202, 98, 200, 97, 198, 95,
        196, 93, 194, 91, 89, -1, 194, 192,
        89, 87, -1, 192, 191, 87, 85, -1,
        191, 188, 85, 83, -1, 188, 187, 83,
        81, -1, 187, 184, 81, 78, -1, 184,
        182, 78, 77, -1, 182, 181, 77, 75,
        -1, 181, 178, 75, 73, -1, 178, 177,
        73, 71, -1, 177, 175, 71, 69, -1,
        69, 175, 67, 172, 65, 171, 63, 169,
        61, 167, 59, 164, 56, 163, 55, 161,
        53, 159, 51, 157, 49, 154, 47, 153,
        44, 43, -1, 153, 150, 43, 41, -1,
        150, 149, 41, 39, -1, 149, 146, 39,
        37, -1, 146, 145, 37, 35, -1, 145,
        142, 35, 32, -1, 142, 141, 32, 31,
        -1, 141, 138, 31, 29, -1, 138, 137,
        29, 27, -1, 137, 134, 27, 25, -1,
        134, 132, 25, 22, -1, 22, 132, 20,
        130, 18, 129, 16, 126, 14, 124, 12,
        122, 10, 121, 8, 118, 6, 116, 4,
        113, 2, 112, 0, 110, -1, 112, 212,
        110, 109, -1, 210, 109, 212, -1 ]
    materialIndex 0
    normalIndex [ 430, 429, 430, 428, -1, 429, 427, 428,
        426, -1, 427, 425, 426, 424, -1, 425,
        423, 424, 422, -1, 423, 421, 422, 420,
        -1, 421, 419, 420, 418, -1, 419, 417,
        418, 416, -1, 417, 415, 416, 414, -1,
        415, 413, 414, 413, -1, 413, 413, 412,
        411, 410, 410, 409, -1, 410, 409, 408,
        407, 406, 405, 404, 403, 402, 401, 401,
        400, -1, 401, 399, 400, 397, -1, 399,
        398, 397, 396, 395, 394, 393, 392, 391,
        390, 390, 389, -1, 390, 388, 389, 387,
        -1, 388, 386, 387, 385, -1, 386, 385,
        385, 384, 383, 382, 381, 380, 379, 378,
        378, 377, -1, 378, 376, 377, 375, -1,
        376, 374, 375, 373, -1, 374, 373, 373,
        372, 371, 370, 369, 368, 367, 366, 366,
        -1, 365, 364, 363, 362, 361, 360, 359,
        358, 357, 356, 355, 354, 353, 352, 351,
        350, 349, 348, 347, 346, 345, 343, 344,
        342, -1, 343, 341, 342, 340, -1, 341,
        339, 340, 338, -1, 339, 337, 338, 336,
        -1, 337, 335, 336, 334, -1, 335, 333,
        334, 332, -1, 333, 331, 332, 330, -1,
        331, 329, 330, 328, -1, 329, 327, 328,
        326, -1, 327, 325, 326, 324, -1, 325,
        323, 324, 322, -1, 323, 321, 322, 320,
        -1, 321, 319, 320, 318, -1, 319, 316,
        318, 317, -1, 317, 316, 315, 314, 313,
        312, 311, 310, 309, 308, 307, 306, 305,
        304, 303, 302, 301, 300, 299, 298, 297,
        296, 295, 294, 293, 292, 291, 290, 289,
        288, 287, 286, 285, 284, 282, 283, 281,
        -1, 280, 279, 278, 277, 276, 275, 274,
        273, 272, 271, 270, 269, 268, 267, 266,
        264, 265, 263, -1, 264, 262, 263, 261,
        -1, 262, 260, 261, 259, -1, 260, 258,
        259, 257, -1, 258, 256, 257, 255, -1,
        256, 254, 255, 253, -1, 254, 252, 253,
        251, -1, 252, 250, 251, 249, -1, 250,
        248, 249, 247, -1, 248, 246, 247, 245,
        -1, 246, 244, 245, 243, -1, 244, 242,
        243, 241, -1, 242, 240, 241, 239, -1,
        240, 238, 239, 237, -1, 238, 236, 237,
        235, -1, 236, 234, 235, 233, -1, 234,
        231, 233, 232, -1, 232, 231, 230, 229,
        228, 227, 226, 225, 224, 223, 222, 221,
        220, 219, 218, 217, 216, 215, 214, 213,
        212, 211, 210, 209, 208, 207, 206, 205,
        204, 203, 202, 201, 200, 199, 197, 198,
        196, -1, 188, 189, 190, 191, -1, 191,
        189, 192, 193, 194, 195, -1, 187, 187,
        186, 186, 185, -1, 186, 185, 184, 183,
        182, 181, 180, 179, 179, 178, -1, 179,
        178, 178, 177, 176, 175, 174, 173, 172,
        171, 170, 169, 168, 167, 167, 165, -1,
        167, 166, 165, 163, 164, 161, -1, 163,
        162, 161, 160, 159, 158, 158, 156, -1,
        158, 157, 156, 155, 155, 154, -1, 155,
        153, 154, 152, -1, 153, 152, 152, 150,
        151, 149, -1, 150, 148, 149, 147, -1,
        148, 146, 147, 145, -1, 146, 145, 145,
        144, 144, 143, -1, 144, 142, 143, 141,
        -1, 142, 140, 141, 139, -1, 140, 138,
        139, 137, -1, 138, 137, 137, 136, 136,
        135, -1, 136, 135, 135, 133, 134, 132,
        -1, 133, 132, 132, 131, 131, 130, -1,
        131, 130, 130, 129, 129, 127, -1, 129,
        128, 127, 126, 126, 124, -1, 126, 125,
        124, 123, 122, 121, 120, 118, 119, 117,
        -1, 118, 117, 117, 116, 115, 114, 113,
        111, 112, 109, -1, 111, 110, 109, 108,
        107, 106, 105, 104, 104, -1, 103, 103,
        102, 101, 100, 100, 99, -1, 100, 99,
        98, 96, 97, 95, -1, 96, 94, 95,
        93, -1, 94, 92, 93, 91, -1, 92,
        90, 91, 88, -1, 90, 89, 88, 87,
        86, 85, 84, 83, 82, 81, 80, 79,
        78, 77, 76, 75, 74, 73, 72, 71,
        71, 69, -1, 71, 70, 69, 68, 67,
        66, 65, 64, 63, 62, 61, 60, 59,
        58, 57, 56, 55, 54, 53, 52, 51,
        50, 50, 48, -1, 50, 49, 48, 47,
        46, 45, 44, 43, 42, 41, 40, 39,
        39, 38, -1, 39, 38, 38, 37, 36,
        35, 34, 33, 32, 31, 30, 29, 29,
        28, -1, 29, 28, 28, 27, 26, 25,
        24, 23, 22, 21, 21, 20, -1, 21,
        19, 20, 18, -1, 19, 17, 18, 16,
        -1, 17, 15, 16, 14, -1, 15, 13,
        14, 12, -1, 13, 11, 12, 10, -1,
        11, 9, 10, 8, -1, 9, 7, 8,
        6, -1, 7, 5, 6, 4, -1, 5,
        3, 4, 2, -1, 3, 1, 2, 0,
        -1, 1, 0, 0, -1, 195, 193, 431,
        432, 433, 434, 435, 436, 437, 438, 439,
        440, 441, 442, 443, 444, 445, 446, 447,
        448, 449, 450, 451, 452, 453, 454, 455,
        456, 457, 458, 459, 460, 461, 462, 463,
        464, 465, 466, 467, 468, 469, 470, 471,
        472, 473, 474, 475, 476, 477, 478, 479,
        480, 481, 482, 483, 484, 485, 486, 487,
        488, 489, 490, 491, 492, -1, 491, 493,
        489, 494, 495, 496, 483, 497, 481, 498,
        479, 499, 500, 501, 502, 503, 504, 505,
        506, 507, 508, 509, 510, 511, 512, 513,
        514, 515, 516, 517, 518, 519, 520, 521,
        522, 523, 524, 525, 526, 527, 528, 529,
        530, 531, 532, 533, 534, 535, 536, 537,
        538, 539, 540, 445, 447, -1, 445, 539,
        443, 441, -1, 539, 537, 441, 541, 542,
        -1, 441, 542, 439, 543, 435, 431, 433,
        -1, 195, 431, 543, -1, 439, 435, 437,
        -1, 541, 537, 544, 535, 545, 546, 547,
        548, 549, 550, 551, 552, 553, 554, 555,
        556, 557, 527, 525, -1, 525, 523, 557,
        558, 555, 559, 560, 561, 562, 563, 564,
        565, 566, 567, 568, 569, 570, 571, 572,
        573, 574, 519, 517, -1, 565, 563, 567,
        561, 569, 571, -1, 561, 559, 571, 573,
        -1, 559, 558, 573, 519, -1, 519, 558,
        521, 523, -1, 555, 560, 553, 575, 576,
        562, 564, -1, 562, 575, 560, -1, 564,
        577, 576, 553, -1, 553, 577, 551, 549,
        -1, 527, 556, 529, 578, 531, 579, 580,
        546, 533, 535, -1, 580, 533, 531, -1,
        546, 579, 548, 581, 550, 578, 556, -1,
        581, 579, 578, -1, 556, 554, 550, 552,
        -1, 538, 540, 536, 532, 534, -1, 479,
        500, 477, 582, 475, 583, 473, 584, 471,
        585, 586, 587, 588, 589, 590, 591, 592,
        593, 594, 595, 596, 597, 598, 520, 522,
        -1, 520, 597, 518, 516, -1, 597, 595,
        516, 514, -1, 595, 593, 514, 512, -1,
        512, 593, 510, 591, 589, -1, 510, 589,
        508, 587, 506, 585, 504, 584, 599, 583,
        582, -1, 504, 599, 502, 582, 500, -1,
        471, 586, 469, 588, 600, 590, 601, 592,
        602, 603, 461, 459, -1, 461, 463, 602,
        601, -1, 463, 465, 601, 600, -1, 465,
        467, 600, 469, -1, 592, 594, 603, 596,
        604, 598, 605, 522, 524, -1, 603, 604,
        459, 457, -1, 604, 605, 457, 455, -1,
        605, 524, 455, 453, -1, 524, 526, 453,
        451, -1, 526, 528, 451, 606, 449, 607,
        447, 540, -1, 540, 607, 532, 530, -1,
        607, 606, 530, 528, -1, 483, 485, 495,
        487, 489, -1, 493, 608, 494, 609, 496,
        610, 497, 611, 612, 613, 614, 615, 616,
        617, 618, 619, 620, 621, 622, 623, 624,
        625, 626, 627, 628, 629, 630, 631, 632,
        633, 634, 635, 636, 637, 638, 639, 640,
        641, 642, 643, 644, 645, 646, 647, 648,
        649, 650, 651, 652, 653, 654, 635, 633,
        -1, 635, 653, 637, 655, 643, 656, 645,
        647, -1, 656, 655, 647, 653, 651, -1,
        649, 647, 651, -1, 637, 643, 639, 641,
        -1, 646, 648, 657, 650, 658, 659, 660,
        661, 662, 652, 663, 654, 664, 633, 631,
        -1, 652, 661, 650, 659, -1, 657, 658,
        665, 660, 666, 662, 667, 668, 669, 670,
        -1, 662, 663, 668, 671, 672, 673, 674,
        675, 676, 677, -1, 676, 678, 674, 670,
        672, 668, -1, 663, 664, 671, 673, -1,
        667, 679, 666, 680, 665, -1, 644, 681,
        642, 640, -1, 497, 612, 498, 499, -1,
        612, 614, 499, 616, 501, 618, 682, 620,
        683, 622, 684, 624, 685, 626, 686, 628,
        687, 630, 688, 632, 689, 690, 574, 691,
        572, 570, -1, 574, 517, 689, 515, 688,
        513, 687, 511, 686, 685, -1, 511, 509,
        685, 507, 684, 505, 683, 503, 682, 501,
        -1, 632, 634, 690, 636, 691, 638, 570,
        692, 568, 693, 694, 640, 681, -1, 681,
        566, 694, 568, -1, 693, 692, 640, 638,
        -1, 608, 695, 609, 610, -1, 695, 696,
        610, 611, -1, 696, 697, 611, 613, -1,
        697, 698, 613, 615, -1, 698, 699, 615,
        617, -1, 699, 700, 617, 701, 619, 702,
        621, 703, 623, 704, 625, 705, 627, 706,
        629, 707, 631, 664, -1, 664, 707, 673,
        706, 675, 705, 708, 704, 709, 703, 710,
        702, 711, 712, -1, 702, 701, 712, 700,
        -1, 710, 711, 709, 713, 677, -1, 709,
        677, 708, 675, -1, 442, 440, 444, 714,
        715, 716, 717, 718, 719, 720, 721, 722,
        723, 724, 725, 726, 727, -1, 726, 724,
        728, 729, 730, 731, 732, 733, 189, 734,
        193, 735, 432, 736, 434, 737, 738, 739,
        718, 720, -1, 718, 716, 738, 436, 434,
        -1, 716, 714, 436, 438, -1, 440, 438,
        714, -1, 735, 734, 736, 733, 740, 731,
        729, -1, 736, 740, 737, 741, 739, 720,
        -1, 720, 741, 722, 729, 724, -1, 741,
        740, 729, -1, 444, 715, 446, 742, 448,
        743, 744, 745, 746, 747, 748, 749, 750,
        751, 752, 753, 754, 755, 756, 757, 758,
        759, 760, 761, 466, 762, 468, 763, 764,
        765, 766, 767, 768, 769, 770, 771, 772,
        773, 774, 775, 776, 777, 778, 779, 780,
        781, 782, 783, 784, 785, 786, 787, 788,
        789, 790, 791, 792, 793, 794, 795, 796,
        797, 798, 799, 800, 801, -1, 800, 802,
        798, 796, -1, 802, 803, 796, 794, -1,
        803, 804, 794, 792, -1, 804, 805, 792,
        790, -1, 805, 806, 790, 807, 788, 808,
        786, 809, 784, 810, 782, 811, 780, 812,
        778, 486, 813, 484, 814, 815, 816, 478,
        476, -1, 478, 815, 480, 482, -1, 482,
        815, 484, -1, 778, 813, 776, 814, 817,
        816, 818, 476, 819, 474, 766, 472, 764,
        470, 468, -1, 766, 768, 819, 770, 818,
        772, 817, 774, 776, -1, 486, 812, 488,
        811, 820, 810, 821, 809, 822, 823, -1,
        809, 808, 823, 824, -1, 808, 807, 824,
        806, -1, 822, 825, 821, 826, 820, 490,
        488, -1, 490, 826, 492, 825, -1, 466,
        464, 760, 758, -1, 464, 462, 758, 756,
        -1, 462, 460, 756, 754, -1, 460, 458,
        754, 827, 752, 828, 750, 829, 748, 830,
        746, 450, 744, 448, -1, 450, 830, 452,
        829, 454, 828, 456, 827, 458, -1, 715,
        717, 742, 743, -1, 743, 717, 831, 719,
        832, 721, 833, 834, 835, 836, 837, 838,
        839, 840, 841, 842, 843, 844, 845, 846,
        837, 847, 848, 849, 850, 851, 852, 853,
        854, 855, 856, 857, 858, 859, 860, 861,
        862, 863, 864, 865, 866, 867, 868, 869,
        870, 871, 872, 873, 874, 875, 876, 877,
        878, 879, 880, 881, 882, 883, 884, 885,
        886, 887, 888, 889, 890, 891, 892, 893,
        894, 895, 896, 897, 898, 899, 795, 797,
        -1, 795, 793, 898, 896, -1, 793, 791,
        896, 894, -1, 791, 789, 894, 892, -1,
        789, 787, 892, 890, -1, 787, 785, 890,
        888, -1, 785, 783, 888, 900, 886, 901,
        902, 903, 904, 775, 905, 773, 906, 771,
        907, 769, 908, 767, 909, 765, 910, 763,
        911, 762, 761, -1, 775, 903, 777, 779,
        -1, 903, 901, 779, 781, -1, 901, 900,
        781, 783, -1, 886, 902, 884, 912, 882,
        880, -1, 902, 904, 912, 913, 880, 878,
        -1, 904, 905, 913, 914, 878, 876, -1,
        905, 906, 914, 876, -1, 876, 906, 874,
        907, 872, 908, 870, 909, 868, 910, 915,
        911, 916, 761, 917, 759, 862, 918, 860,
        919, 920, 921, 922, 923, 924, 751, 925,
        749, 926, 747, 927, 745, 928, 831, 832,
        -1, 743, 831, 745, -1, 751, 923, 753,
        921, 755, 919, 757, 918, 759, -1, 860,
        920, 858, 929, 856, 854, -1, 920, 922,
        929, 930, 854, 852, -1, 922, 924, 930,
        931, 852, 850, -1, 862, 864, 917, 916,
        -1, 864, 866, 916, 915, -1, 915, 866,
        868, -1, 837, 848, 835, 932, 833, 933,
        832, 928, -1, 928, 933, 927, 934, 926,
        935, 925, 924, -1, 924, 935, 931, 850,
        -1, 933, 932, 934, 936, 935, 850, -1,
        850, 936, 848, 932, -1, 843, 845, 841,
        837, 839, -1, 721, 723, 834, 937, 836,
        938, 939, 940, 941, 840, 838, -1, 838,
        836, 941, 939, -1, 840, 940, 842, 942,
        943, -1, 842, 943, 844, 944, 945, 946,
        847, 947, 849, 948, 851, 949, 853, 950,
        855, 951, 952, 953, 954, 955, 956, 957,
        958, 959, 960, 961, 962, 963, 964, 965,
        966, 967, 968, 969, 970, 971, 972, 973,
        974, 975, 976, 977, 978, 979, 980, 981,
        982, 983, 984, 985, 986, 987, 988, 989,
        990, 991, 992, 993, 994, 995, 996, 997,
        998, 999, 1000, 1001, 1002, 1003, 1004, 1005,
        1006, 1007, 1008, 1009, 1010, 1011, 1012, 1013,
        1014, 1015, 1016, 1017, 1018, 1019, -1, 1016,
        1020, 1014, 1021, 1012, 1022, 1023, 1024, 1025,
        1026, 1027, 1028, 1008, 1006, -1, 1008, 1010,
        1027, 1023, 1025, -1, 1010, 1012, 1023, -1,
        1024, 1029, 1026, 1030, 1028, 1031, 1006, 1004,
        -1, 1029, 1032, 1030, 1033, 1034, 1035, 1036,
        1037, 1038, 1039, 1040, 1041, 1042, 1043, 1044,
        1045, 1046, 1047, 1048, 1049, 1050, 1051, 1052,
        1053, 1054, 1055, 1056, 1057, 1058, 1059, 1060,
        1061, 1062, 1063, 1064, 1065, 1066, 1067, 1068,
        1069, 1070, 1071, 1072, 1073, 1074, 1075, 1076,
        1077, 1078, 1079, 1080, 1081, 1082, 1083, 1084,
        1085, 1086, 1087, 1088, 1089, 1090, 1091, 1092,
        1093, 1094, 1095, 1096, 1097, 1098, 1099, 1100,
        1101, 1102, 1103, 1072, 1104, 1105, 1106, 1107,
        1108, 1068, 1109, 1064, 1062, -1, 1068, 1064,
        1066, -1, 1068, 1070, 1107, 1105, -1, 1105,
        1070, 1072, -1, 1072, 1074, 1102, 1100, -1,
        1074, 1076, 1100, 1098, -1, 1098, 1076, 1096,
        1080, 1092, 1090, -1, 1092, 1094, 1096, -1,
        1076, 1078, 1080, -1, 1080, 1082, 1090, 1088,
        -1, 1082, 1084, 1088, 1086, -1, 1081, 1079,
        1083, 1110, 1111, 1112, 1113, 1114, 1115, 1055,
        1053, -1, 1083, 1111, 1085, 1116, 1117, 1118,
        1119, 1120, 1085, 1121, 1087, 1122, 1089, 1123,
        1091, 1124, 1125, 1126, 1127, 1128, 1129, 1130,
        1131, 1132, 1133, -1, 1085, 1117, 1119, -1,
        1132, 1130, 1134, 1135, 1136, 1137, 1138, 1139,
        1140, 1141, 1142, 1143, 1144, 1145, -1, 1145,
        1143, 1146, 1147, -1, 1147, 1143, 1148, 1149,
        1150, 1151, 1152, 1153, 1154, 1155, 1156, 1157,
        1158, 1123, 1159, 1122, 1121, -1, 1121, 1120,
        1159, 1160, 1161, 1162, 1163, 1164, 1154, 1165,
        1152, -1, 1154, 1156, 1163, 1161, -1, 1156,
        1158, 1161, 1159, -1, 1164, 1162, 1166, 1167,
        1168, 1169, -1, 1162, 1160, 1167, 1170, 1171,
        1172, 1173, 1174, 1175, 1176, 1047, 1177, 1049,
        1051, -1, 1160, 1120, 1170, 1118, 1172, 1178,
        1179, 1180, 1174, 1181, 1176, 1182, 1177, 1051,
        -1, 1172, 1179, 1174, -1, 1118, 1116, 1178,
        1113, 1115, -1, 1111, 1113, 1116, -1, 1123,
        1157, 1124, 1183, 1126, 1184, 1185, 1135, 1130,
        -1, 1130, 1128, 1185, 1126, -1, 1135, 1184,
        1137, 1186, 1139, 1187, 1141, 1149, 1143, -1,
        1149, 1187, 1151, 1188, 1153, 1155, -1, 1091,
        1125, 1093, 1127, 1189, 1129, 1190, 1191, 1192,
        1193, 1194, 1195, 1196, 1197, 1198, -1, 1197,
        1195, 1199, 1200, 1201, 1202, 1133, 1131, -1,
        1131, 1202, 1129, 1191, -1, 1202, 1200, 1191,
        1193, -1, 1195, 1193, 1200, -1, 1093, 1189,
        1095, 1190, 1097, 1192, 1203, 1204, 1205, 1206,
        1207, 1208, 1209, 1210, 1211, 1212, 1213, 1214,
        1215, 1216, 1217, 1218, 1219, 1220, 1221, 1222,
        1223, 1224, 1225, 1226, 1227, 1228, 1229, -1,
        1228, 1226, 1230, 1231, 1232, 1233, 1234, 1235,
        1236, 1237, 1238, 1239, -1, 1211, 1213, 1209,
        1240, 1207, 1241, 1242, 1243, 1244, 1245, 1246,
        1247, 1101, 1103, -1, 1103, 1247, 1104, 1248,
        1249, 1250, 1251, 1252, 1253, 1254, 1255, 1256,
        1257, 1258, 1259, 1260, 1261, 1262, 1263, 1264,
        1265, 1266, 1267, 1268, 1269, 1270, 1271, 1272,
        1273, 1274, 1275, 1276, 1277, 1278, 1279, 1280,
        1281, 1282, 1283, 1284, 1285, 1286, 1287, 1288,
        1289, 1290, 1291, 893, 891, -1, 893, 1290,
        895, 1292, 897, 1293, 899, 1294, 1295, 1296,
        1297, 1298, 1299, 1300, -1, 1299, 801, 1297,
        799, 1295, 797, 899, -1, 1290, 1288, 1292,
        1301, 1293, 1302, 1294, 1303, 1296, 1304, 1298,
        1305, 1300, 1306, -1, 1247, 1245, 1248, 1250,
        -1, 1101, 1099, 1246, 1244, -1, 1207, 1242,
        1205, 1244, 1203, 1099, 1097, -1, 1192, 1194,
        1204, 1206, -1, 1061, 1059, 1063, 1307, 1065,
        1308, 1067, 1309, 1069, 1310, 1071, 1073, -1,
        1059, 1057, 1307, 1055, 1114, -1, 1307, 1114,
        1308, 1311, 1309, 1312, 1313, 1112, 1314, 1110,
        1315, 1079, 1077, -1, 1077, 1075, 1315, 1316,
        1314, 1313, -1, 1075, 1073, 1316, 1310, 1313,
        1309, -1, 1112, 1312, 1114, 1311, -1, 1034,
        1036, 1030, 1031, -1, 1033, 1317, 1035, 1318,
        1319, 1320, 1039, 1041, -1, 1039, 1037, 1319,
        1035, -1, 1318, 1321, 1320, 1322, 1041, 1043,
        -1, 1043, 1322, 1045, 1323, 1324, 1325, 1175,
        1326, 1173, 1327, 1328, 1169, 1167, -1, 1167,
        1171, 1328, 1173, -1, 1169, 1327, 1329, 1330,
        -1, 1327, 1326, 1330, 1331, -1, 1326, 1325,
        1331, 1332, -1, 1325, 1323, 1332, 1322, 1333,
        1321, -1, 1175, 1047, 1324, 1045, -1, 991,
        989, 993, 987, 995, 1334, 1335, 1336, 1337,
        977, 1338, 975, 1339, 973, 971, -1, 977,
        1336, 979, 983, 981, -1, 1336, 1334, 983,
        985, -1, 987, 985, 1334, -1, 995, 1335,
        997, 1340, 1341, 1342, 1343, 1344, 1345, 1346,
        1347, 1348, 1349, 1350, 1351, 963, 1352, 961,
        1353, 1354, 1355, 1356, 1017, 1357, 1019, 1358,
        1359, 1360, 1361, 1362, -1, 961, 959, 1354,
        957, 1363, 1364, 1365, 1366, 1367, 1368, 1369,
        1370, 1371, 1372, 1373, 1374, 1375, 1376, 1377,
        1378, 1379, 1380, 1381, 1382, 948, 949, -1,
        948, 947, 1381, 1383, 1379, 1384, 1377, 1375,
        -1, 1375, 1384, 1385, 1386, 1387, 1388, 944,
        1389, 946, 947, -1, 1387, 944, 1385, 943,
        -1, 1384, 1383, 1386, 1390, 1388, 1389, -1,
        1389, 1390, 947, 1383, -1, 1378, 1376, 1380,
        1391, 1382, 1392, 1393, 1394, 1395, 1374, 1396,
        1372, 1397, 1370, 1398, 1399, 1400, 1401, 950,
        951, -1, 950, 949, 1400, 1393, 1398, 1395,
        1396, -1, 1398, 1396, 1397, -1, 1382, 1393,
        949, -1, 1370, 1368, 1399, 1366, 1401, 1402,
        951, 953, -1, 953, 1402, 955, 1364, 957,
        -1, 1402, 1366, 1364, -1, 1394, 1392, 1374,
        1391, 1376, -1, 1373, 1403, 1371, 1362, 1369,
        1360, 1367, 1358, 1365, 1404, 1363, 1356, 1354,
        -1, 1356, 1404, 1357, 1358, -1, 963, 1350,
        965, 1348, 1405, 1346, 1406, 1344, 1339, 1342,
        1338, 1340, 1337, 1335, -1, 1339, 971, 1406,
        969, 1405, 967, 965, -1, 997, 1341, 999,
        1001, -1, 1341, 1343, 1001, 1407, 1003, 1005,
        -1, 855, 952, 857, 954, 1408, 1409, 1410,
        1411, 1412, 1413, 1414, 1415, 1416, 1417, 1418,
        1419, 1420, 1421, 1422, 1423, 1424, 1425, 1426,
        1427, 1428, 1429, 1430, 1431, 1432, 1433, 1434,
        1435, 1436, 1437, 1438, 1439, 1440, 1441, 1442,
        1443, 1281, 1279, -1, 1440, 1442, 1438, 1444,
        1445, 1446, 1447, 1448, 1449, 1450, 1451, 1452,
        883, 885, -1, 1438, 1445, 1436, 1453, 1434,
        1449, 1454, 1451, 1455, 883, 881, -1, 1434,
        1454, 1432, 1456, 1430, 1428, -1, 1454, 1455,
        1456, 881, 1457, 879, 1458, 877, 1459, 875,
        1460, 873, 1461, 871, 1462, 869, 1463, 867,
        1464, 865, 1412, 863, 1410, 861, 859, -1,
        1410, 859, 1408, 857, -1, 1412, 1414, 1464,
        1463, -1, 1414, 1416, 1463, 1418, 1462, 1420,
        1461, 1422, 1460, 1424, 1459, 1426, 1458, 1428,
        1457, 1456, -1, 1449, 1453, 1447, 1445, -1,
        1442, 1281, 1444, 1465, 1446, 1466, 1285, 1283,
        -1, 1283, 1466, 1281, 1465, -1, 954, 956,
        1409, 1467, 1411, 1413, -1, 956, 958, 1467,
        1468, 1413, 1415, -1, 958, 960, 1468, 1469,
        1415, 1470, 1417, 1471, 1419, 1421, -1, 960,
        962, 1469, 964, 966, -1, 1469, 966, 1470,
        1471, -1, 966, 968, 1471, 1421, -1, 1421,
        968, 1423, 970, 972, -1, 1423, 972, 1425,
        974, 1427, 1429, -1, 974, 976, 1429, 978,
        1431, 980, 1433, 1472, 1435, 1437, -1, 980,
        982, 1472, 1473, 1474, 1475, 1476, 1477, 1478,
        1479, 1480, 1481, 1482, 1483, 1484, 1485, 1486,
        1487, 1488, 1489, 1490, 1491, 1259, 1492, 1493,
        1494, 1495, 1496, 1497, 1498, 1499, 1500, 1501,
        1502, 1058, 1056, -1, 1259, 1261, 1490, 1503,
        1488, 1504, 1486, 1505, 1484, 1506, 1507, 1508,
        1509, 1510, 1279, 1511, 1277, 1512, 1275, 1513,
        1273, 1271, -1, 1510, 1508, 1511, 1514, 1512,
        1513, -1, 1261, 1263, 1503, 1265, 1515, 1267,
        1269, -1, 982, 984, 1473, 1475, -1, 847,
        846, 945, 844, -1, 942, 940, 1516, 938,
        1517, 937, 725, 723, -1, 725, 727, 1517,
        1516, -1, 1475, 984, 1518, 986, 1519, 988,
        990, -1, 1519, 990, 1520, 1521, 1522, 1523,
        1479, 1481, -1, 1479, 1477, 1522, 1524, 1520,
        1518, 1519, -1, 1518, 1524, 1475, 1477, -1,
        1481, 1523, 1525, 1521, 1526, 990, 1527, 992,
        1528, 1529, 1530, 1531, 1532, 1533, 1534, 1535,
        1536, 1537, 1538, 1539, 1485, 1487, -1, 1485,
        1483, 1538, 1540, 1541, 1481, 1525, -1, 1481,
        1540, 1483, -1, 992, 994, 1529, 1542, 1543,
        1544, 1545, 1546, 1547, 1548, 1549, 1046, 1048,
        -1, 1529, 1543, 1531, 1550, 1551, 1552, 1553,
        1554, 1555, 1556, 1557, 1558, 1559, 1560, 1561,
        1562, 1563, 1564, 1565, 1535, 1533, -1, 1535,
        1564, 1537, 1566, 1539, 1487, -1, 1564, 1562,
        1566, 1567, 1487, 1489, -1, 1557, 1559, 1555,
        1568, 1553, 1569, 1570, 1565, 1533, -1, 1565,
        1569, 1563, 1561, -1, 1569, 1568, 1561, 1559,
        -1, 1553, 1570, 1551, 1533, 1531, -1, 1543,
        1545, 1550, 1571, 1572, 1573, 1052, 1050, -1,
        1050, 1573, 1048, 1549, -1, 1549, 1573, 1547,
        1571, 1545, -1, 1550, 1572, 1552, 1574, 1554,
        1054, 1056, -1, 1554, 1056, 1556, 1502, 1500,
        -1, 1556, 1500, 1558, 1498, 1575, 1496, 1576,
        1494, 1577, 1492, 1578, 1491, 1489, -1, 1489,
        1567, 1578, 1579, 1580, 1562, 1581, 1582, 1558,
        1560, -1, 1562, 1560, 1582, -1, 1579, 1567,
        1562, -1, 1558, 1575, 1581, 1583, 1580, 1577,
        1578, -1, 1577, 1583, 1576, 1575, -1, 1054,
        1574, 1052, 1572, -1, 1548, 1584, 1046, 1044,
        -1, 1548, 1546, 1584, 1585, 1044, 1586, 1042,
        1587, 1588, 1589, 1040, 1590, 1038, 1591, 1592,
        1002, 1004, -1, 1042, 1588, 1040, -1, 1004,
        1031, 1592, 1036, 1038, -1, 1591, 1590, 1002,
        1000, -1, 1000, 1590, 1593, 1589, 1594, 1595,
        1544, 1546, -1, 1546, 1595, 1585, 1586, -1,
        1586, 1595, 1587, 1589, -1, 1000, 1593, 998,
        1596, 996, 994, -1, 994, 1596, 1542, 1544,
        -1, 1544, 1596, 1594, 1593, -1, 1541, 1525,
        1597, 1526, 1598, 1527, 1599, 1528, 1530, -1,
        1599, 1530, 1600, 1601, 1602, 1536, 1538, -1,
        1536, 1601, 1534, 1532, -1, 1601, 1530, 1532,
        -1, 1599, 1600, 1598, 1603, 1597, 1541, -1,
        1541, 1603, 1538, 1602, -1, 1602, 1603, 1600,
        -1, 1515, 1269, 1604, 1271, 1513, -1, 1513,
        1514, 1604, 1605, 1606, 1508, 1506, -1, 1508,
        1605, 1514, -1, 1606, 1506, 1607, 1505, 1504,
        -1, 1607, 1504, 1608, 1503, 1609, 1515, 1604,
        -1, 1609, 1604, 1608, 1606, 1607, -1, 1279,
        1610, 1509, 1611, 1507, 1612, 1484, 1482, -1,
        1612, 1611, 1482, 1480, -1, 1279, 1443, 1610,
        1441, 1613, 1614, 1478, 1615, 1476, 1616, 1474,
        1472, -1, 1472, 1616, 1437, 1439, -1, 1615,
        1614, 1616, 1439, -1, 1439, 1614, 1441, -1,
        1610, 1613, 1611, 1617, 1480, 1478, -1, 1478,
        1617, 1613, -1, 1501, 1058, 1618, 1060, 1619,
        1062, 1620, 1621, 1497, 1622, 1623, 1624, 1495,
        1493, -1, 1623, 1495, 1497, -1, 1620, 1497,
        1619, 1499, 1618, 1501, -1, 1493, 1624, 1625,
        1626, 1257, 1255, -1, 1257, 1259, 1625, 1493,
        -1, 1255, 1626, 1627, 1628, 1629, 1108, 1106,
        -1, 1106, 1104, 1629, 1249, 1627, 1251, 1253,
        -1, 1253, 1255, 1627, -1, 1626, 1624, 1628,
        1630, 1108, 1109, -1, 1624, 1622, 1630, 1631,
        1109, 1062, -1, 1062, 1631, 1621, 1622, -1,
        1446, 1285, 1632, 1287, 1289, -1, 1446, 1632,
        1448, 1633, 1450, 1634, 1452, 1635, 885, 887,
        -1, 887, 1635, 889, 1636, 891, 1291, -1,
        1635, 1634, 1636, 1291, -1, 1634, 1633, 1291,
        1289, -1, 1289, 1633, 1632, -1, 1407, 1637,
        1005, 1007, -1, 1407, 1343, 1637, 1345, 1347,
        -1, 1347, 1638, 1637, 1007, -1, 1007, 1638,
        1009, 1639, 1011, 1640, 1013, 1641, 1015, 1017,
        -1, 1017, 1641, 1355, 1642, 1353, 1352, -1,
        1352, 1642, 1351, 1640, 1639, -1, 1642, 1641,
        1640, -1, 1351, 1639, 1349, 1638, 1347, -1,
        1206, 1194, 1643, 1196, 1644, 1198, 1645, -1,
        1644, 1645, 1646, 1647, 1648, 1649, 1650, 1651,
        1652, 1653, 1654, 1239, 1237, -1, 1237, 1235,
        1654, 1655, 1652, 1656, 1657, 1658, 1659, 1660,
        1661, 1662, 1663, 1208, 1206, -1, 1206, 1643,
        1663, 1644, 1661, 1646, 1648, -1, 1661, 1648,
        1659, 1657, -1, 1648, 1650, 1657, 1652, -1,
        1208, 1662, 1210, 1664, 1212, 1214, -1, 1214,
        1664, 1216, 1665, 1218, 1220, -1, 1664, 1662,
        1665, 1660, 1658, -1, 1235, 1233, 1655, 1666,
        1667, 1668, 1669, 1222, 1220, -1, 1220, 1665,
        1669, 1658, 1667, 1656, 1655, -1, 1222, 1668,
        1670, 1666, 1233, -1, 1233, 1231, 1670, 1226,
        1224, -1, 1224, 1222, 1670, -1, 1250, 1245,
        1671, 1243, 1672, 1241, 1673, 1240, 1213, -1,
        1250, 1671, 1252, 1674, 1675, 1672, 1676, 1673,
        1677, 1213, 1215, -1, 1674, 1671, 1672, -1,
        1215, 1678, 1677, 1679, 1680, 1681, 1676, 1675,
        -1, 1680, 1676, 1677, -1, 1675, 1681, 1252,
        1682, 1254, 1683, 1256, 1258, -1, 1258, 1683,
        1260, 1262, -1, 1262, 1683, 1684, 1685, 1686,
        1682, 1687, 1681, 1679, -1, 1682, 1685, 1683,
        -1, 1679, 1678, 1687, 1688, 1686, 1689, 1684,
        1690, 1264, 1266, -1, 1264, 1262, 1684, -1,
        1266, 1690, 1691, 1689, 1692, 1693, 1694, 1695,
        1696, 1697, 1698, 1699, 1700, 1701, 1702, 1703,
        1301, 1302, -1, 1266, 1691, 1268, 1692, 1270,
        1272, -1, 1692, 1694, 1272, 1704, 1274, 1705,
        1706, 1707, 1284, 1286, -1, 1274, 1706, 1276,
        1278, -1, 1694, 1696, 1704, 1698, 1700, -1,
        1704, 1700, 1705, 1707, -1, 1700, 1702, 1707,
        1708, 1286, 1288, -1, 1288, 1708, 1301, 1702,
        -1, 1278, 1706, 1709, 1284, 1282, -1, 1282,
        1280, 1709, 1278, -1, 1302, 1703, 1710, 1701,
        1711, 1699, 1712, 1697, 1713, 1714, 1715, 1716,
        1717, 1718, 1219, 1217, -1, 1219, 1221, 1717,
        1719, 1715, 1720, 1713, 1721, 1712, 1722, 1711,
        1723, 1710, 1303, 1302, -1, 1303, 1723, 1304,
        1724, 1305, 1725, 1306, 1726, -1, 1723, 1722,
        1724, 1727, 1725, 1728, 1729, 1730, 1731, 1229,
        -1, 1229, 1730, 1227, 1732, 1225, 1733, 1223,
        1719, 1221, -1, 1730, 1728, 1732, 1733, -1,
        1731, 1726, 1729, 1725, -1, 1722, 1721, 1727,
        1734, 1728, 1733, -1, 1733, 1734, 1719, 1720,
        -1, 1721, 1720, 1734, -1, 1697, 1695, 1714,
        1716, -1, 1716, 1695, 1735, 1693, 1689, -1,
        1689, 1688, 1735, 1736, 1718, 1217, -1, 1716,
        1735, 1718, -1, 1217, 1736, 1215, 1678, -1,
        1736, 1688, 1678, -1, 1155, 1188, 1737, 1187,
        1186, -1, 1186, 1184, 1737, 1183, 1157, -1,
        1157, 1155, 1737, -1, 1115, 1738, 1178, 1180,
        -1, 1180, 1738, 1181, 1182, -1, 1182, 1738,
        1051, 1053, -1, 1115, 1053, 1738, -1, 1741,
        1741, 1741, 1741, 1741, -1, 1741, 1741, 1741,
        1741, 1741, -1, 1741, 1741, 1741, 1741, 1741,
        -1, 1741, 1740, 1741, 1741, 1741, -1, 1741,
        1740, 1741, 1741, 1741, -1, 1741, 1741, 1741,
        1741, 1741, -1, 1741, 1741, 1741, 1741, 1741,
        -1, 1741, 1741, 1741, 1741, 1741, -1, 1741,
        1741, 1741, 1741, 1741, -1, 1741, 1740, 1741,
        1741, 1741, -1, 1741, 1740, 1741, 1741, 1741,
        -1, 1741, 1741, 1741, 1741, 1741, -1, 413,
        413, 413, 413, -1, 413, 413, 413, 413,
        -1, 413, 413, 413, 413, -1, 413, 413,
        413, 413, -1, 413, 413, 413, 413, -1,
        413, 413, 413, 413, -1, 413, 413, 413,
        413, -1, 413, 413, 413, 413, -1, 413,
        413, 413, 413, -1, 413, 413, 413, 413,
        -1, 413, 413, 413, 413, -1, 413, 413,
        413, 413, -1, 413, 413, 413, 413, -1,
        413, 413, 413, 413, -1, 413, 413, 413,
        413, -1, 413, 413, 413, 413, -1, 413,
        413, 413, 413, -1, 413, 413, 413, 413,
        -1, 413, 413, 413, 413, -1, 413, 413,
        413, 413, -1, 1740, 1741, 1740, 1741, -1,
        1741, 1741, 1741, 1741, -1, 1741, 1741, 1741,
        1741, -1, 1741, 1741, 1741, 1741, -1, 1741,
        1741, 1741, 1741, -1, 1741, 1741, 1741, 1741,
        1741, 1741, 1741, 1741, 1741, 1740, 1740, 1740,
        1740, 1741, 1741, 1741, 1741, 1741, 1741, 1740,
        1740, 1740, 1741, -1, 1740, 1741, 1741, 1741,
        1741, 1741, 1740, 1740, 1740, 1741, 1741, 1741,
        1741, 1741, 1741, 1741, 1741, 1741, 1741, 1741,
        1741, -1, 1741, 1741, 1741, 1741, 1741, 1741,
        1741, 1740, 1740, 1740, 1740, 1741, 1741, 1741,
        1741, 1741, 1741, 1741, 1741, 1741, 1741, -1,
        1741, 1741, 1741, 1741, 1741, 1741, 1740, 1740,
        1740, -1, 413, 413, 413, 413, 413, 413,
        413, 413, 413, 413, 413, 413, 413, 413,
        413, 413, 413, 413, 413, 413, 413, 413,
        413, -1, 413, 413, 413, 413, 413, 413,
        413, 413, 413, 413, 413, 413, 413, 413,
        413, 413, 413, 413, 413, 413, 413, 413,
        413, -1, 413, 413, 413, 413, 413, 413,
        413, 413, 413, 413, 413, 413, 413, 413,
        413, 413, 413, 413, 413, 413, 413, 413,
        413, -1, 413, 413, 413, 413, 413, 413,
        413, 413, 413, 413, 413, 413, 413, 413,
        413, 413, 413, 413, 413, 413, 413, 413,
        413, 413, 413, -1, 413, 413, 413, 413,
        413, 413, 413, 413, 413, 413, 413, 413,
        413, 413, 413, 413, 413, 413, 413, 413,
        413, 413, 413, -1, 1739, 1739, 1739, 1739,
        1739, 1739, 1739, -1, 1739, 1739, 1739, 1739,
        1739, 1739, 1739, 1739, 1739, 1739, 1739, 1739,
        1739, 1739, 1739, 1739, 1739, 1739, 1739, 1739,
        1739, 1739, 1739, -1, 1739, 1739, 1739, 1739,
        1739, 1739, 1739, 1739, 1739, 1739, 1739, 1739,
        1739, 1739, 1739, 1739, 1739, 1739, 1739, 1739,
        1739, 1739, 1739, -1, 1739, 1739, 1739, 1739,
        1739, 1739, 1739, 1739, 1739, 1739, 1739, 1739,
        1739, 1739, 1739, 1739, 1739, 1739, 1739, 1739,
        1739, 1739, 1739, 1739, 1739, -1, 1739, 1739,
        1739, 1739, 1739, 1739, 1739, 1739, 1739, 1739,
        1739, 1739, 1739, 1739, 1739, 1739, 1739, 1739,
        1739, 1739, 1739, 1739, 1739, -1, 1739, 1739,
        1739, 1739, 1739, 1739, 1739, 1739, 1739, 1739,
        1739, 1739, 1739, 1739, 1739, 1739, 1739, 1739,
        -1, 1739, 1739, 1739, 1739, 1739, 1739, 1739,
        1739, 1739, 1739, 1739, 1739, 1739, 1739, 1739,
        1739, 1739, 1739, 1739, 1739, -1, 1739, 1739,
        1739, 1739, -1, 1739, 1739, 1739, 1739, -1,
        1739, 1739, 1739, 1739, -1, 1739, 1739, 1739,
        1739, -1, 1739, 1739, 1739, 1739, -1, 1739,
        1739, 1739, 1739, -1, 1739, 1739, 1739, 1739,
        -1, 1739, 1739, 1739, 1739, -1, 1739, 1739,
        1739, 1739, -1, 1739, 1739, 1739, 1739, -1,
        1739, 1739, 1739, 1739, 1739, 1739, 1739, 1739,
        1739, 1739, 1739, 1739, 1739, 1739, 1739, 1739,
        1739, 1739, 1739, 1739, 1739, 1739, 1739, 1739,
        1739, 1739, -1, 1739, 1739, 1739, 1739, -1,
        1739, 1739, 1739, 1739, -1, 1739, 1739, 1739,
        1739, -1, 1739, 1739, 1739, 1739, -1, 1739,
        1739, 1739, 1739, -1, 1739, 1739, 1739, 1739,
        -1, 1739, 1739, 1739, 1739, -1, 1739, 1739,
        1739, 1739, -1, 1739, 1739, 1739, 1739, -1,
        1739, 1739, 1739, 1739, -1, 1739, 1739, 1739,
        1739, 1739, 1739, 1739, 1739, 1739, 1739, 1739,
        1739, 1739, 1739, 1739, 1739, 1739, 1739, 1739,
        1739, 1739, 1739, 1739, 1739, -1, 1739, 1739,
        1739, 1739, -1, 1739, 1739, 1739, -1 ]

  }
}

