#Inventor V2.1 ascii


DEF root Separator {

  DEF material VRMLAppearance {
    material 
    DEF color VRMLMaterial {
      diffuseColor 1 0.40000001 0

    }

  }
  USE color
  USE color
  IndexedTriangleStripSet {
    vertexProperty 
    VertexProperty {
      vertex [ 8.6736174e-019 -0.050000001 -0.19100001,
          8.6736174e-019 -0.050000001 -0.208,
          0.0086824093 -0.049240388 -0.19100001,
          0.0086824093 -0.049240388 -0.208,
          0.017101008 -0.046984632 -0.208,
          0.017101008 -0.046984632 -0.19100001,
          0.025 -0.043301273 -0.208,
          0.025 -0.043301273 -0.19100001,
          0.032139383 -0.038302224 -0.208,
          0.032139383 -0.038302224 -0.19100001,
          0.038302224 -0.032139383 -0.208,
          0.038302224 -0.032139383 -0.19100001,
          0.043301273 -0.025 -0.208,
          0.043301273 -0.025 -0.19100001,
          0.046984632 -0.017101008 -0.208,
          0.046984632 -0.017101008 -0.19100001,
          0.049240388 -0.0086824093 -0.208,
          0.049240388 -0.0086824093 -0.19100001,
          0.050000001 1.4241132e-016 -0.19100001,
          0.050000001 1.4241132e-016 -0.208,
          0.049240388 0.0086824093 -0.208,
          0.049240388 0.0086824093 -0.19100001,
          0.046984632 0.017101008 -0.208,
          0.046984632 0.017101008 -0.19100001,
          0.043301273 0.025 -0.208,
          0.043301273 0.025 -0.19100001,
          0.038302224 0.032139383 -0.19100001,
          0.038302224 0.032139383 -0.208,
          0.032139383 0.038302224 -0.19100001,
          0.032139383 0.038302224 -0.208,
          0.025 0.043301273 -0.208,
          0.025 0.043301273 -0.19100001,
          0.017101008 0.046984632 -0.208,
          0.017101008 0.046984632 -0.19100001,
          0.0086824093 0.049240388 -0.208,
          0.0086824093 0.049240388 -0.19100001,
          -7.1869058e-017 0.050000001 -0.208,
          -7.1869058e-017 0.050000001 -0.19100001,
          -0.0086824093 0.049240388 -0.208,
          -0.0086824093 0.049240388 -0.19100001,
          -0.017101008 0.046984632 -0.208,
          -0.017101008 0.046984632 -0.19100001,
          -0.025 0.043301273 -0.208,
          -0.025 0.043301273 -0.19100001,
          -0.032139383 0.038302224 -0.208,
          -0.032139383 0.038302224 -0.19100001,
          -0.038302224 0.032139383 -0.208,
          -0.038302224 0.032139383 -0.19100001,
          -0.043301273 0.025 -0.208,
          -0.043301273 0.025 -0.19100001,
          -0.046984632 0.017101008 -0.208,
          -0.046984632 0.017101008 -0.19100001,
          -0.049240388 0.0086824093 -0.208,
          -0.049240388 0.0086824093 -0.19100001,
          -0.050000001 -3.061516e-018 -0.208,
          -0.050000001 -3.061516e-018 -0.19100001,
          -0.049240388 -0.0086824093 -0.208,
          -0.049240388 -0.0086824093 -0.19100001,
          -0.046984632 -0.017101008 -0.208,
          -0.046984632 -0.017101008 -0.19100001,
          -0.043301273 -0.025 -0.208,
          -0.043301273 -0.025 -0.19100001,
          -0.038302224 -0.032139383 -0.208,
          -0.038302224 -0.032139383 -0.19100001,
          -0.032139383 -0.038302224 -0.19100001,
          -0.032139383 -0.038302224 -0.208,
          -0.025 -0.043301273 -0.208,
          -0.025 -0.043301273 -0.19100001,
          -0.017101008 -0.046984632 -0.19100001,
          -0.017101008 -0.046984632 -0.208,
          -0.0086824093 -0.049240388 -0.208,
          -0.0086824093 -0.049240388 -0.19100001,
          -1.1015795e-016 -0.060000002 -0.171,
          4.3368087e-018 -0.060000002 -0.19100001,
          0.005923775 -0.059704755 -0.171,
          0.0096246768 -0.059223019 -0.19100001,
          0.011789672 -0.058826517 -0.171,
          0.019000081 -0.056912187 -0.19100001,
          0.020877689 -0.056250073 -0.171,
          0.027883392 -0.053127363 -0.19100001,
          0.028650358 -0.05271513 -0.171,
          0.036044538 -0.047966566 -0.19100001,
          0.03660756 -0.04753463 -0.171,
          0.043272149 -0.041563462 -0.19100001,
          0.043611635 -0.041206721 -0.171,
          0.049026351 -0.034583047 -0.171,
          0.049379036 -0.034083888 -0.19100001,
          0.05385685 -0.026444459 -0.171,
          0.054207031 -0.025721556 -0.19100001,
          0.057061303 -0.018542562 -0.171,
          0.05763109 -0.01669305 -0.19100001,
          0.059257794 -0.0093863998 -0.171,
          0.059562538 -0.0072322008 -0.19100001,
          0.060000002 -5.0150744e-014 -0.171,
          0.059951343 0.0024159567 -0.19100001,
          0.05976091 0.0053307014 -0.171,
          0.058787439 0.012001542 -0.19100001,
          0.059049107 0.01061917 -0.171,
          0.056648605 0.019769354 -0.171,
          0.056100979 0.021276293 -0.19100001,
          0.053271785 0.02760276 -0.171,
          0.051961526 0.030000001 -0.19100001,
          0.048245631 0.035664625 -0.171,
          0.046476301 0.037946727 -0.19100001,
          0.042068895 0.042780899 -0.171,
          0.039787363 0.044910647 -0.19100001,
          0.03555708 0.048324902 -0.171,
          0.032067955 0.050711408 -0.19100001,
          0.02750613 0.053321797 -0.171,
          0.023517996 0.055198766 -0.19100001,
          0.019679898 0.0566797 -0.171,
          0.014358941 0.058256511 -0.19100001,
          0.011416349 0.05890011 -0.171,
          0.0048279944 0.059805442 -0.19100001,
          0.0020329761 0.059965186 -0.171,
          -0.0048279944 0.059805442 -0.19100001,
          -0.0065010549 0.059644386 -0.171,
          -0.014358941 0.058256511 -0.19100001,
          -0.015827967 0.057871748 -0.171,
          -0.023517996 0.055198766 -0.19100001,
          -0.02471198 0.054674305 -0.171,
          -0.032067955 0.050711408 -0.19100001,
          -0.03223557 0.050600737 -0.171,
          -0.039787363 0.044910647 -0.19100001,
          -0.039791632 0.044905532 -0.171,
          -0.045756195 0.038809508 -0.171,
          -0.046476301 0.037946727 -0.19100001,
          -0.05130747 0.031098926 -0.171,
          -0.051961526 0.030000001 -0.19100001,
          -0.055545803 0.022686193 -0.171,
          -0.056100979 0.021276293 -0.19100001,
          -0.058203667 0.014558246 -0.171,
          -0.058787439 0.012001542 -0.19100001,
          -0.059771486 0.0052114446 -0.171,
          -0.059951343 0.0024159567 -0.19100001,
          -0.059908237 -0.003301623 -0.171,
          -0.059562538 -0.0072322008 -0.19100001,
          -0.058826517 -0.011789672 -0.171,
          -0.05763109 -0.01669305 -0.19100001,
          -0.056250073 -0.020877689 -0.171,
          -0.054207031 -0.025721556 -0.19100001,
          -0.05271513 -0.028650358 -0.171,
          -0.049379036 -0.034083888 -0.19100001,
          -0.04753463 -0.03660756 -0.171,
          -0.043272149 -0.041563462 -0.19100001,
          -0.041206721 -0.043611635 -0.171,
          -0.036044538 -0.047966566 -0.19100001,
          -0.034583047 -0.049026351 -0.171,
          -0.027883392 -0.053127363 -0.19100001,
          -0.026444459 -0.05385685 -0.171,
          -0.019000081 -0.056912187 -0.19100001,
          -0.018542562 -0.057061303 -0.171,
          -0.0096246768 -0.059223019 -0.19100001,
          -0.0093863998 -0.059257794 -0.171,
          0.060000002 0.0125 0.00050000002,
          0.060000002 0.0075000003 0.00050000002,
          0.059539504 0.0125 -0.0068970951,
          0.059223019 0.0075000003 -0.0091246646,
          0.058172695 0.0125 -0.014181672,
          0.056912187 0.0075000003 -0.018500092,
          0.055158321 0.0125 -0.02311258,
          0.053127363 0.0075000003 -0.027383395,
          0.051237617 0.0125 -0.030713808,
          0.047966566 0.0075000003 -0.035544526,
          0.045686882 0.0125 -0.038391147,
          0.041563462 0.0075000003 -0.042772159,
          0.039719272 0.0125 -0.044469483,
          0.034083888 0.0075000003 -0.048879031,
          0.032916881 0.0125 -0.049660098,
          0.025721556 0.0075000003 -0.053707033,
          0.024642197 0.0125 -0.054205813,
          0.01669305 0.0075000003 -0.057131089,
          0.016623829 0.0125 -0.057148531,
          0.0073232274 0.0125 -0.059048664,
          0.0072322008 0.0075000003 -0.059062533,
          -0.0021121469 0.0125 -0.059462421,
          -0.0024159567 0.0075000003 -0.059451342,
          -0.01061917 0.0125 -0.058549106,
          -0.012001542 0.0075000003 -0.058287449,
          -0.019769354 0.0125 -0.056148607,
          -0.021276293 0.0075000003 -0.055600971,
          -0.02760276 0.0125 -0.052771792,
          -0.030000001 0.0075000003 -0.051461522,
          -0.035664625 0.0125 -0.047745638,
          -0.037946727 0.0075000003 -0.045976289,
          -0.042780899 0.0125 -0.041568909,
          -0.044910647 0.0075000003 -0.039287355,
          -0.048324902 0.0125 -0.035057068,
          -0.050711408 0.0075000003 -0.031567965,
          -0.053321797 0.0125 -0.027006134,
          -0.055198766 0.0075000003 -0.023018006,
          -0.0566797 0.0125 -0.019179901,
          -0.058256511 0.0075000003 -0.013858949,
          -0.05890011 0.0125 -0.010916352,
          -0.059805442 0.0075000003 -0.0043280032,
          -0.059965186 0.0125 -0.0015329896,
          -0.059805442 0.0075000003 0.0053280033,
          -0.059644386 0.0125 0.0070010684,
          -0.058256511 0.0075000003 0.014858948,
          -0.057871748 0.0125 0.016327973,
          -0.055198766 0.0075000003 0.024018006,
          -0.054674305 0.0125 0.025211977,
          -0.050711408 0.0075000003 0.032567963,
          -0.050600737 0.0125 0.032735568,
          -0.044910647 0.0075000003 0.040287357,
          -0.044905532 0.0125 0.04029163,
          -0.038809508 0.0125 0.046256196,
          -0.037946727 0.0075000003 0.046976291,
          -0.031098926 0.0125 0.051807467,
          -0.030000001 0.0075000003 0.05246152,
          -0.022686193 0.0125 0.056045808,
          -0.021276293 0.0075000003 0.056600984,
          -0.014558246 0.0125 0.058703676,
          -0.012001542 0.0075000003 0.059287447,
          -0.0052114446 0.0125 0.060271487,
          -0.0024159567 0.0075000003 0.060451359,
          0.003301623 0.0125 0.060408238,
          0.0072322008 0.0075000003 0.060062535,
          0.011789672 0.0125 0.059326511,
          0.01669305 0.0075000003 0.058131076,
          0.020877689 0.0125 0.056750063,
          0.025721556 0.0075000003 0.054707035,
          0.028650358 0.0125 0.05321512,
          0.034083888 0.0075000003 0.049879029,
          0.03660756 0.0125 0.048034638,
          0.041563462 0.0075000003 0.043772157,
          0.043611635 0.0125 0.04170673,
          0.047966566 0.0075000003 0.036544528,
          0.049026351 0.0125 0.035083041,
          0.053127363 0.0075000003 0.028383393,
          0.05385685 0.0125 0.026944458,
          0.056912187 0.0075000003 0.019500092,
          0.057061303 0.0125 0.019042572,
          0.059223019 0.0075000003 0.010124665,
          0.059257794 0.0125 0.0098864138,
          0.060000002 0.013955648 0.00039401246,
          0.060000002 0.015355093 4.1900636e-005,
          0.059603639 0.018879073 0.0057713627,
          0.058353838 0.022793168 0.012020081,
          0.059826113 0.02217656 0.001861786,
          0.059603639 0.025754515 0.0029920961,
          0.060000002 0.027468231 -0.0062600099,
          0.05926146 0.030209605 0.0041728211,
          0.060000002 0.032362122 -0.010261719,
          0.05926146 0.036340967 0.00043020633,
          0.060000002 0.036454167 -0.015403901,
          0.05926146 0.041566353 -0.0047354433,
          0.060000002 0.039517127 -0.021569397,
          0.05926146 0.04563183 -0.011146272,
          0.060000002 0.041307867 -0.02853772,
          0.05926146 0.048267834 -0.018525057,
          0.060000002 0.041655239 -0.035937991,
          0.05926146 0.049280807 -0.026436219,
          0.060000002 0.04029306 -0.045513764,
          0.05926146 0.048536599 -0.036748841,
          0.060000002 0.037236989 -0.057175923,
          0.05926146 0.046076551 -0.049419619,
          0.060000002 0.033719487 -0.06631095,
          0.05926146 0.042914845 -0.059412066,
          0.060000002 0.027010703 -0.079952277,
          0.05926146 0.036479656 -0.074285969,
          0.060000002 0.017545385 -0.096981309,
          0.05926146 0.026993118 -0.092579119,
          0.060000002 0.011188529 -0.11126797,
          0.05926146 0.020609448 -0.10780078,
          0.060000002 0.0062127896 -0.12610276,
          0.05926146 0.015619627 -0.12353432,
          0.060000002 0.0026891648 -0.14127859,
          0.05926146 0.012086397 -0.13958591,
          0.060000002 0.00068266079 -0.1561529,
          0.05926146 0.010071823 -0.15530363,
          0.057062458 0.032884561 0.014351868,
          0.055612549 0.02392089 0.021039033,
          0.053857118 0.035193056 0.023135439,
          0.052425809 0.028582357 0.027433686,
          0.050504562 0.03115554 0.03060727,
          0.051653739 0.024974737 0.02946686,
          0.046442755 0.025957009 0.037321962,
          0.052425809 0.020977467 0.028664002,
          0.057062458 0.040222976 0.010862305,
          0.053857118 0.043572769 0.019864503,
          0.053857118 0.050858498 0.01465619,
          0.04902897 0.055292774 0.023910096,
          0.053857118 0.05674652 0.0077992864,
          0.04902897 0.0620507 0.016840301,
          0.051615909 0.061965737 0.0083801579,
          0.04902897 0.066956431 0.0083588259,
          0.051615909 0.065516055 -0.00039437867,
          0.04902897 0.069755428 -0.00092517096,
          0.053857118 0.063141227 -0.0091661382,
          0.04902897 0.070670821 -0.013214539,
          0.053857118 0.063520432 -0.020817231,
          0.04902897 0.069810554 -0.028594881,
          0.053857118 0.062143471 -0.035321992,
          0.04902897 0.067603514 -0.040889591,
          0.053857118 0.059628148 -0.046872988,
          0.04902897 0.061903022 -0.059072558,
          0.053857118 0.053690296 -0.063987046,
          0.04902897 0.052357763 -0.080758683,
          0.053857118 0.044164326 -0.084577307,
          0.04902897 0.045901082 -0.098490134,
          0.053857118 0.03773142 -0.1014981,
          0.04902897 0.040873915 -0.11663687,
          0.053857118 0.032716233 -0.11886527,
          0.04902897 0.037315272 -0.13504024,
          0.053857118 0.02916573 -0.13650884,
          0.04902897 0.035277758 -0.1530235,
          0.053857118 0.027135862 -0.15376005,
          0.043611676 0.041900519 -0.15242431,
          0.043611676 0.043944482 -0.13384537,
          0.036608804 0.050280537 -0.13270305,
          0.043611676 0.047509681 -0.11482383,
          0.036608804 0.053851917 -0.11309054,
          0.043611676 0.052546509 -0.096042946,
          0.036608804 0.058897875 -0.093703493,
          0.043611676 0.059022713 -0.077652119,
          0.036608804 0.065392971 -0.074682541,
          0.043611676 0.06858398 -0.055074725,
          0.036608804 0.074969925 -0.051253449,
          0.036608804 0.078026593 -0.041412722,
          0.028651169 0.083200529 -0.037958466,
          0.028651169 0.085368112 -0.02756241,
          0.020877682 0.088830806 -0.024964815,
          0.020877682 0.09021847 -0.01069043,
          0.016338199 0.091151364 -0.016686585,
          0.017854646 0.09127336 -0.00387027,
          0.01178967 0.092649035 -0.0085585946,
          0.016338199 0.091622464 -0.00049536134,
          0.0089332946 0.093165837 -0.0021008302,
          0.014820746 0.091854289 0.0028500063,
          0.0075137164 0.093261771 0.0010871277,
          0.01178967 0.091971658 0.0094342353,
          0.0061013368 0.093251631 0.0042427978,
          0.0075137164 0.091569111 0.017416505,
          0.0033025348 0.092920385 0.010443116,
          0.0061013368 0.091277897 0.019951051,
          0.00046878363 0.092355013 0.015440948,
          0.0033025348 0.090335377 0.024712281,
          -0.00093465694 0.091963992 0.01787143,
          -0.0023495962 0.091500215 0.020213166,
          -0.0052138688 0.092802279 0.01031772,
          -0.0083015282 0.091862686 0.014889802,
          -0.011420714 0.09254621 0.0035376283,
          -0.014559033 0.091427952 0.0088566598,
          -0.0186355 0.090989456 -0.0011108094,
          -0.019990187 0.090446286 0.0014425354,
          -0.025538851 0.088522002 -0.0064494633,
          -0.02694976 0.087865189 -0.0041296389,
          -0.031100454 0.085570924 -0.01477353,
          -0.033755127 0.084197499 -0.010496216,
          -0.038809992 0.08034151 -0.019362886,
          -0.03505281 0.0833866 -0.0084566651,
          -0.036328796 0.082497314 -0.0064866948,
          -0.031100454 0.085373625 0.0024197388,
          -0.038809992 0.080497339 -0.0027648013,
          -0.038809992 0.078841947 0.010385102,
          -0.041963954 0.077473395 0.0011903687,
          -0.044905782 0.073996373 0.0043464359,
          -0.044905782 0.075259358 -0.008333954,
          -0.050603684 0.067859285 -0.0033014833,
          -0.050603684 0.068625189 -0.015387574,
          -0.054674167 0.061745454 -0.010920197,
          -0.054674167 0.062016085 -0.022414582,
          -0.057873961 0.054528378 -0.019913483,
          -0.057873961 0.05421431 -0.030709749,
          -0.059646849 0.046950921 -0.029355623,
          -0.059646849 0.046022885 -0.039419193,
          -0.05996592 0.038527563 -0.047388554,
          -0.05996592 0.0353355 -0.058856066,
          -0.05890375 0.030284612 -0.056152865,
          -0.05890375 0.026496591 -0.066611774,
          -0.056680404 0.018713973 -0.073440522,
          -0.056680404 0.014441815 -0.08077912,
          -0.053322528 0.0067741168 -0.086531743,
          -0.053322528 0.0030934243 -0.091449372,
          -0.048327059 -0.0049482775 -0.096818544,
          -0.048327059 -0.0088582961 -0.10141925,
          -0.042780917 -0.011450246 -0.10115962,
          -0.042780917 -0.015426598 -0.10534967,
          -0.035666183 -0.021660604 -0.10907999,
          -0.04567359 -0.017068386 -0.10912646,
          -0.031716242 -0.029210389 -0.11555231,
          -0.035666183 -0.031037956 -0.11959849,
          -0.027603256 -0.036094759 -0.1219563,
          -0.035666183 -0.037269291 -0.12907259,
          -0.027603256 -0.042310786 -0.13093032,
          -0.035666183 -0.042167097 -0.13928773,
          -0.027603256 -0.047201488 -0.1406642,
          -0.035666183 -0.045636784 -0.14996749,
          -0.027603256 -0.050666381 -0.15087467,
          -0.035666183 -0.047617201 -0.16051909,
          -0.027603256 -0.052641291 -0.16097373,
          -0.042780917 -0.041438304 -0.15996003,
          -0.048327059 -0.034927305 -0.15937096,
          -0.053322528 -0.02687363 -0.15864237,
          -0.056680404 -0.019045345 -0.15793422,
          -0.05890375 -0.010779557 -0.15718652,
          -0.05996592 -0.0013912357 -0.15633732,
          -0.059646849 0.0071462467 -0.1555651,
          -0.057873961 0.016477367 -0.15472116,
          -0.054674167 0.025365423 -0.1539173,
          -0.050603684 0.032895453 -0.15323633,
          -0.044905782 0.040454891 -0.15255272,
          -0.038809992 0.046424255 -0.15201296,
          -0.031100454 0.051982474 -0.15151043,
          -0.022685967 0.056222774 -0.15112711,
          -0.014559033 0.058887158 -0.15088633,
          -0.0052138688 0.060457449 -0.15074454,
          0.0033025348 0.060596444 -0.1507322,
          0.01178967 0.059520282 -0.15082976,
          0.020877682 0.056942601 -0.15106314,
          0.028651169 0.053409718 -0.15138291,
          0.036608804 0.048230127 -0.15185161,
          0.028651169 0.05546575 -0.13176785,
          0.028651169 0.059042081 -0.11167154,
          0.020877682 0.062582441 -0.11070302,
          0.020877682 0.067640632 -0.0904814,
          0.01178967 0.065165952 -0.10999541,
          0.01178967 0.070227519 -0.089526705,
          0.0033025348 0.066245049 -0.10969868,
          0.0033025348 0.071307771 -0.089126639,
          -0.0052138688 0.066106729 -0.10973434,
          -0.0052138688 0.071168773 -0.089175269,
          -0.014559033 0.064534515 -0.11016127,
          -0.014559033 0.069593683 -0.089752138,
          -0.022685967 0.061866034 -0.11088781,
          -0.022685967 0.066920742 -0.090733401,
          -0.031100454 0.06266658 -0.092296481,
          -0.022685967 0.073445983 -0.070918187,
          -0.031100454 0.069180794 -0.072903767,
          -0.022685967 0.083053499 -0.046417546,
          -0.031100454 0.078780599 -0.048974704,
          -0.031100454 0.081801586 -0.038895328,
          -0.038809992 0.076256447 -0.042598147,
          -0.031100454 0.083992168 -0.028597262,
          -0.038809992 0.07855165 -0.032679383,
          -0.044905782 0.072707891 -0.037063967,
          -0.044905782 0.074724354 -0.024292329,
          -0.050603684 0.067610085 -0.030535402,
          -0.054674167 0.060522806 -0.036754608,
          -0.041963954 0.078086078 -0.013577485,
          -0.044905782 0.070300184 -0.046575382,
          -0.050603684 0.06530679 -0.042616945,
          -0.050603684 0.062756471 -0.051612552,
          -0.054674167 0.057933886 -0.048148714,
          -0.054674167 0.055241406 -0.056630511,
          -0.057873961 0.04923071 -0.054678485,
          -0.057873961 0.046370324 -0.062553838,
          -0.059646849 0.040093113 -0.061534122,
          -0.059646849 0.037056345 -0.068772815,
          -0.05996592 0.028533977 -0.074463166,
          -0.05996592 0.02496629 -0.081178471,
          -0.05890375 0.01916167 -0.080720954,
          -0.05890375 0.015498061 -0.086844347,
          -0.056680404 0.010909421 -0.086230837,
          -0.056680404 0.0071614119 -0.09183304,
          -0.053322528 -0.00073447038 -0.09655796,
          -0.053322528 -0.010162119 -0.10986803,
          -0.049847476 -0.013849298 -0.10935147,
          -0.048327059 -0.018266812 -0.11364534,
          -0.042780917 -0.024819328 -0.11669955,
          -0.057873961 0.052156676 -0.044095889,
          -0.059646849 0.043372821 -0.051803593,
          -0.05996592 0.031732216 -0.067806982,
          -0.05890375 0.022537563 -0.07470531,
          -0.022685967 0.088141754 -0.025483644,
          -0.022685967 0.086030811 -0.036071107,
          -0.014559033 0.090748094 -0.023527864,
          -0.014559033 0.08868701 -0.034297183,
          -0.0052138688 0.092282526 -0.022376252,
          -0.0052138688 0.090250514 -0.033252809,
          0.0033025348 0.090385586 -0.033162232,
          0.0033025348 0.087454014 -0.043783631,
          0.01178967 0.086365417 -0.044434845,
          0.0033025348 0.077842213 -0.068875141,
          0.01178967 0.076757841 -0.069382131,
          -0.0052138688 0.077703886 -0.068937853,
          -0.0052138688 0.087317184 -0.043865696,
          -0.014559033 0.076125488 -0.069671363,
          -0.014559033 0.085737258 -0.044811372,
          0.028651169 0.0640954 -0.091788396,
          0.028651169 0.070606217 -0.072251864,
          0.028651169 0.0801965 -0.048126008,
          0.020877682 0.074162483 -0.070593268,
          0.020877682 0.08376234 -0.045992341,
          0.020877682 0.08673057 -0.035601839,
          0.01178967 0.089307651 -0.033881564,
          0.01178967 0.091358528 -0.023068758,
          0.0033025348 0.092415541 -0.022276094,
          0.0033025348 0.093665779 -0.0076672672,
          0.00046878363 0.093531415 0.0045213015,
          -0.0052138688 0.093538538 -0.0077797244,
          -0.0023495962 0.093741827 -0.0015632935,
          -0.00093465694 0.093687363 0.0014972535,
          0.020877682 0.059002832 -0.13112953,
          0.01178967 0.061584108 -0.13066317,
          0.0033025348 0.062662497 -0.13046759,
          -0.0052138688 0.062524706 -0.13049105,
          -0.014559033 0.060954534 -0.13077238,
          -0.022685967 0.058289148 -0.13125116,
          -0.031100454 0.054046564 -0.13201395,
          -0.031100454 0.057618711 -0.11204533,
          -0.038809992 0.048484828 -0.13301446,
          -0.038809992 0.052050918 -0.11356355,
          -0.044905782 0.046071038 -0.11519466,
          -0.044905782 0.051100805 -0.096548714,
          -0.050603684 0.04351614 -0.099338263,
          -0.050603684 0.049978472 -0.081846848,
          -0.054674167 0.042402305 -0.085376024,
          -0.054674167 0.051947426 -0.065032534,
          -0.057873961 0.042985369 -0.070395604,
          -0.050603684 0.05953962 -0.060489185,
          -0.044905782 0.057583936 -0.078304343,
          -0.038809992 0.063589357 -0.075507432,
          -0.038809992 0.057089999 -0.094346441,
          -0.038809992 0.073178343 -0.052327335,
          -0.044905782 0.067160822 -0.055928424,
          -0.044905782 0.042511351 -0.1340894,
          -0.050603684 0.034946397 -0.13545102,
          -0.050603684 0.038498059 -0.11726081,
          -0.054674167 0.030954367 -0.11931939,
          -0.054674167 0.035960898 -0.10211746,
          -0.057873961 0.027042991 -0.10539839,
          -0.057873961 0.033459499 -0.089542165,
          -0.059646849 0.024070626 -0.093916431,
          -0.059646849 0.033575937 -0.076026358,
          -0.05996592 0.015480064 -0.097919025,
          -0.05890375 0.0060331216 -0.10232092,
          -0.054674167 0.027410615 -0.13680767,
          -0.057873961 0.018515527 -0.13840927,
          -0.057873961 0.022050006 -0.12174965,
          -0.059646849 0.0091767777 -0.14009103,
          -0.059646849 0.012701595 -0.12430152,
          -0.05996592 0.00063211098 -0.14162998,
          -0.05996592 0.0041481499 -0.12663671,
          -0.05890375 -0.0052578798 -0.129205,
          -0.05996592 0.0091141444 -0.11199579,
          -0.05890375 -0.00030594721 -0.11546279,
          -0.059646849 0.017680449 -0.10884339,
          -0.05890375 -0.0087643284 -0.14332257,
          -0.056680404 -0.017037466 -0.14481303,
          -0.056680404 -0.013539403 -0.13146657,
          -0.053322528 -0.024872901 -0.14622483,
          -0.053322528 -0.021382721 -0.1336088,
          -0.048327059 -0.032934174 -0.14767756,
          -0.048327059 -0.029452037 -0.13581312,
          -0.042780917 -0.035975844 -0.13759562,
          -0.048327059 -0.02453584 -0.12438279,
          -0.042780917 -0.031069133 -0.12678877,
          -0.053322528 -0.016454687 -0.12140736,
          -0.056680404 -0.0085997796 -0.11851568,
          -0.056680404 -0.0022845117 -0.10619687,
          -0.042780917 -0.039451547 -0.14885232,
          0.043611676 0.071705066 -0.045633242,
          0.043611676 0.07409136 -0.036022279,
          0.043611676 0.076047726 -0.023122529,
          0.040231608 0.078429036 -0.027012544,
          0.036608804 0.082009591 -0.017891876,
          0.032716323 0.083994292 -0.022495393,
          0.031378374 0.085605972 -0.0091707772,
          0.028651169 0.0868892 -0.013610994,
          0.024802068 0.088794194 -0.0032263491,
          0.023500627 0.089357696 -0.0056618047,
          0.020877682 0.089704402 0.0070234071,
          0.017854646 0.090022214 0.012824067,
          0.024802068 0.087420829 0.012640168,
          0.020877682 0.087361149 0.021008637,
          0.026095144 0.086541764 0.01435492,
          0.023500627 0.085383832 0.023471437,
          0.028651169 0.084488951 0.017430818,
          0.024802068 0.08426445 0.024622438,
          0.026095144 0.083060391 0.025714174,
          0.020877682 0.083029009 0.031475373,
          0.023500627 0.080270559 0.033637423,
          0.017854646 0.079431549 0.039056949,
          0.020877682 0.076171085 0.040906679,
          0.016338199 0.072753027 0.046677493,
          0.017854646 0.070920505 0.047419008,
          0.016843876 0.065412141 0.05151923,
          0.020877682 0.067096353 0.048543796,
          0.020877682 0.061768059 0.051550783,
          0.028651169 0.065170631 0.044524752,
          0.028651169 0.054710086 0.049798615,
          0.031378374 0.057558227 0.046557009,
          0.034035023 0.047592968 0.047743503,
          0.036608804 0.052514073 0.043895539,
          0.039049156 0.048039157 0.042887788,
          0.043611676 0.049830858 0.036683563,
          0.040231608 0.045842342 0.04220926,
          0.041387074 0.043679308 0.041422457,
          0.036608804 0.041356701 0.046581239,
          0.043611676 0.03950667 0.039545231,
          0.038919229 0.031629525 0.045118015,
          0.040040866 0.026838936 0.044374269,
          0.041798018 0.019787975 0.04315915,
          0.038919229 0.02227892 0.045691866,
          0.032716323 0.027577868 0.050282717,
          0.026908848 0.020346588 0.053982057,
          0.020877682 0.04390505 0.056268711,
          0.01178967 0.044660348 0.059136752,
          0.01178967 0.050957296 0.05838263,
          0.0033025348 0.051342364 0.059602328,
          0.0033025348 0.057759073 0.057998233,
          -0.0052138688 0.057701368 0.057845369,
          0.0033025348 0.063543059 0.05573044,
          -0.0052138688 0.063477561 0.055577364,
          -0.0052138688 0.069017507 0.052554172,
          -0.014559033 0.068165228 0.050776035,
          -0.0093383184 0.076217547 0.046180941,
          -0.014559033 0.073042087 0.047219086,
          -0.014559033 0.077452317 0.043086458,
          -0.017277926 0.079560086 0.039257541,
          -0.011420714 0.082917213 0.037646729,
          -0.014559033 0.084487736 0.033566438,
          -0.0098578949 0.087819032 0.029360292,
          -0.011420714 0.088314228 0.027285647,
          -0.0052138688 0.090225793 0.024574585,
          -0.011420714 0.090622149 0.019174684,
          -0.0098578949 0.091280386 0.017084718,
          0.028651169 0.042871282 0.052339878,
          0.028651169 0.048773356 0.051475465,
          0.020877682 0.050035864 0.055467747,
          0.01178967 0.057301853 0.056767426,
          0.01178967 0.063019544 0.054497287,
          0.0033025348 0.069090739 0.052706607,
          0.0033025348 0.07406044 0.049132176,
          -0.0052138688 0.073980138 0.048981052,
          0.00046878363 0.081292473 0.042042118,
          -0.0052138688 0.078470998 0.044824008,
          -0.00093465694 0.082525693 0.04045099,
          -0.0023495962 0.083664916 0.038783174,
          0.00046878363 0.087648131 0.031982485,
          -0.00093465694 0.088447258 0.030200288,
          -0.0023495962 0.089144088 0.028368806,
          -0.0083015282 0.080901228 0.041412476,
          -0.0052138688 0.085647121 0.035236359,
          0.017854646 0.085559502 0.029129853,
          0.016338199 0.080941908 0.037982911,
          0.014820746 0.082366593 0.036816407,
          0.01178967 0.077853546 0.043773532,
          0.0089332946 0.080834731 0.041308533,
          0.0089332946 0.073713191 0.048480317,
          0.0033025348 0.078557923 0.04497321,
          0.01178967 0.068502389 0.051478427,
          0.014820746 0.074523307 0.045820039,
          0.016338199 0.086681791 0.027847139,
          0.01178967 0.084944136 0.034228638,
          0.0075137164 0.082198702 0.039942324,
          0.0061013368 0.083473749 0.038494755,
          0.0033025348 0.085745983 0.035380371,
          0.016338199 0.090047069 0.01566394,
          0.014820746 0.089982189 0.018420288,
          0.014820746 0.087706581 0.026497742,
          0.01178967 0.089458093 0.023620332,
          0.0089332946 0.087134562 0.031281862,
          0.0075137164 0.088083118 0.029715791,
          0.0061013368 0.088933051 0.028095063,
          0.036608804 0.080292679 -0.031369966,
          0.046442755 0.073604472 -0.017896364,
          0.043611676 0.076487757 -0.0070296023,
          0.043611676 0.07513611 0.0057787173,
          0.041387074 0.077687152 0.0038908082,
          0.039049156 0.077744797 0.013516358,
          0.036608804 0.080279328 0.012186494,
          0.034035023 0.079516917 0.020870361,
          0.032716323 0.08088132 0.020108735,
          0.031378374 0.077367686 0.029233949,
          0.028651169 0.080406502 0.027704194,
          0.026095144 0.077205382 0.035483766,
          0.024802068 0.078774326 0.034602325,
          0.046442755 0.071282901 0.0073011173,
          0.046442755 0.067135714 0.016446106,
          0.046442755 0.06090625 0.02443146,
          0.043611676 0.058900114 0.031438354,
          0.04902897 0.047023647 0.029138764,
          0.046442755 0.043510616 0.034838684,
          0.036608804 0.082048051 -0.0011174927,
          0.034035023 0.083983667 -0.0049977726,
          0.031378374 0.084752634 0.0069150394,
          0.028651169 0.086599134 0.0037215883,
          0.026095144 0.08814498 -0.00084832771,
          0.032716323 0.083744958 0.0084080203,
          0.034035023 0.08268176 0.0097933663,
          0.040231608 0.078844786 0.002766388,
          0.031378374 0.082166553 0.019278932,
          -2.8631789e-016 -0.0095000006 -0.049500003,
          -2.8631789e-016 0.0075000003 -0.049500003,
          -0.0061444147 -0.0095000006 -0.049121033,
          -0.0061444147 0.0075000003 -0.049121033,
          -0.012195687 0.0075000003 -0.047989842,
          -0.012195687 -0.0095000006 -0.047989842,
          -0.018062085 0.0075000003 -0.046123628,
          -0.018062085 -0.0095000006 -0.046123628,
          -0.023654679 0.0075000003 -0.043550599,
          -0.023654679 -0.0095000006 -0.043550599,
          -0.028888693 0.0075000003 -0.040309846,
          -0.028888693 -0.0095000006 -0.040309846,
          -0.033684786 -0.0095000006 -0.036450442,
          -0.033684786 0.0075000003 -0.036450442,
          -0.037970249 0.0075000003 -0.032030914,
          -0.037970249 -0.0095000006 -0.032030914,
          -0.04168012 0.0075000003 -0.027118256,
          -0.04168012 -0.0095000006 -0.027118256,
          -0.044758167 0.0075000003 -0.021786928,
          -0.044758167 -0.0095000006 -0.021786928,
          -0.047157723 0.0075000003 -0.016117737,
          -0.047157723 -0.0095000006 -0.016117737,
          -0.048842419 0.0075000003 -0.010196656,
          -0.048842419 -0.0095000006 -0.010196656,
          -0.049786713 0.0075000003 -0.0041134036,
          -0.049786713 -0.0095000006 -0.0041134036,
          -0.049976289 -0.0095000006 0.0020397645,
          -0.049976289 0.0075000003 0.0020397645,
          -0.049408276 0.0075000003 0.0081695868,
          -0.049408276 -0.0095000006 0.0081695868,
          -0.048091285 -0.0095000006 0.014183137,
          -0.048091285 0.0075000003 0.014183137,
          -0.046045277 0.0075000003 0.019989289,
          -0.046045277 -0.0095000006 0.019989289,
          -0.043301273 0.0075000003 0.025500001,
          -0.043301273 -0.0095000006 0.025500001,
          -0.039900862 -0.0095000006 0.030631745,
          -0.039900862 0.0075000003 0.030631745,
          -0.035895597 0.0075000003 0.035306703,
          -0.035895597 -0.0095000006 0.035306703,
          -0.031346191 -0.0095000006 0.039454043,
          -0.031346191 0.0075000003 0.039454043,
          -0.026321609 -0.0095000006 0.043010868,
          -0.026321609 0.0075000003 0.043010868,
          -0.020898018 0.0075000003 0.045923281,
          -0.020898018 -0.0095000006 0.045923281,
          -0.015157634 -0.0095000006 0.048147097,
          -0.015157634 0.0075000003 0.048147097,
          -0.0091874767 -0.0095000006 0.049648654,
          -0.0091874767 0.0075000003 0.049648654,
          -0.0030780456 -0.0095000006 0.050405152,
          -0.0030780456 0.0075000003 0.050405152,
          0.0030780456 0.0075000003 0.050405152,
          0.0030780456 -0.0095000006 0.050405152,
          0.0091874767 -0.0095000006 0.049648654,
          0.0091874767 0.0075000003 0.049648654,
          0.015157634 -0.0095000006 0.048147097,
          0.015157634 0.0075000003 0.048147097,
          0.020898018 -0.0095000006 0.045923281,
          0.020898018 0.0075000003 0.045923281,
          0.026321609 -0.0095000006 0.043010868,
          0.026321609 0.0075000003 0.043010868,
          0.031346191 0.0075000003 0.039454043,
          0.031346191 -0.0095000006 0.039454043,
          0.035895597 -0.0095000006 0.035306703,
          0.035895597 0.0075000003 0.035306703,
          0.039900862 0.0075000003 0.030631745,
          0.039900862 -0.0095000006 0.030631745,
          0.043301273 -0.0095000006 0.025500001,
          0.043301273 0.0075000003 0.025500001,
          0.046045277 0.0075000003 0.019989289,
          0.046045277 -0.0095000006 0.019989289,
          0.048091285 -0.0095000006 0.014183137,
          0.048091285 0.0075000003 0.014183137,
          0.049408276 0.0075000003 0.0081695868,
          0.049408276 -0.0095000006 0.0081695868,
          0.049976289 -0.0095000006 0.0020397645,
          0.049976289 0.0075000003 0.0020397645,
          0.049786713 0.0075000003 -0.0041134036,
          0.049786713 -0.0095000006 -0.0041134036,
          0.048842419 -0.0095000006 -0.010196656,
          0.048842419 0.0075000003 -0.010196656,
          0.047157723 0.0075000003 -0.016117737,
          0.047157723 -0.0095000006 -0.016117737,
          0.044758167 0.0075000003 -0.021786928,
          0.044758167 -0.0095000006 -0.021786928,
          0.04168012 0.0075000003 -0.027118256,
          0.04168012 -0.0095000006 -0.027118256,
          0.037970249 -0.0095000006 -0.032030914,
          0.037970249 0.0075000003 -0.032030914,
          0.033684786 0.0075000003 -0.036450442,
          0.033684786 -0.0095000006 -0.036450442,
          0.028888693 -0.0095000006 -0.040309846,
          0.028888693 0.0075000003 -0.040309846,
          0.023654679 0.0075000003 -0.043550599,
          0.023654679 -0.0095000006 -0.043550599,
          0.018062085 -0.0095000006 -0.046123628,
          0.018062085 0.0075000003 -0.046123628,
          0.012195687 -0.0095000006 -0.047989842,
          0.012195687 0.0075000003 -0.047989842,
          0.0061444147 -0.0095000006 -0.049121033,
          0.0061444147 0.0075000003 -0.049121033,
          -2.8631789e-016 -0.0095000006 -0.059500001,
          -0.0067178686 -0.0095000006 -0.05912273,
          -2.8631789e-016 0.0075000003 -0.059500001,
          -0.0067178686 0.0075000003 -0.05912273,
          -0.013351257 -0.0095000006 -0.057995684,
          -0.013351257 0.0075000003 -0.057995684,
          -0.019816745 -0.0095000006 -0.056132998,
          -0.019816745 0.0075000003 -0.056132998,
          -0.026033025 -0.0095000006 -0.053558137,
          -0.026033025 0.0075000003 -0.053558137,
          -0.031921927 -0.0095000006 -0.05030347,
          -0.031921927 0.0075000003 -0.05030347,
          -0.037409391 -0.0095000006 -0.046409883,
          -0.037409391 0.0075000003 -0.046409883,
          -0.042426407 -0.0095000006 -0.041926425,
          -0.042426407 0.0075000003 -0.041926425,
          -0.046909891 -0.0095000006 -0.036909394,
          -0.046909891 0.0075000003 -0.036909394,
          -0.050803453 -0.0095000006 -0.031421937,
          -0.050803453 0.0075000003 -0.031421937,
          -0.054058135 0.0075000003 -0.02553302,
          -0.054058135 -0.0095000006 -0.02553302,
          -0.056633003 0.0075000003 -0.019316742,
          -0.056633003 -0.0095000006 -0.019316742,
          -0.058495678 0.0075000003 -0.012851258,
          -0.058495678 -0.0095000006 -0.012851258,
          -0.059622739 -0.0095000006 -0.0062178653,
          -0.059622739 0.0075000003 -0.0062178653,
          -0.060000002 -0.0095000006 0.00050000002,
          -0.060000002 0.0075000003 0.00050000002,
          -0.059622739 -0.0095000006 0.0072178654,
          -0.059622739 0.0075000003 0.0072178654,
          -0.058495678 -0.0095000006 0.013851258,
          -0.058495678 0.0075000003 0.013851258,
          -0.056633003 -0.0095000006 0.020316742,
          -0.056633003 0.0075000003 0.020316742,
          -0.054058135 -0.0095000006 0.026533021,
          -0.054058135 0.0075000003 0.026533021,
          -0.050803453 -0.0095000006 0.032421939,
          -0.050803453 0.0075000003 0.032421939,
          -0.046909891 -0.0095000006 0.037909396,
          -0.046909891 0.0075000003 0.037909396,
          -0.042426407 -0.0095000006 0.042926423,
          -0.042426407 0.0075000003 0.042926423,
          -0.037409391 -0.0095000006 0.047409885,
          -0.037409391 0.0075000003 0.047409885,
          -0.031921927 0.0075000003 0.051303469,
          -0.031921927 -0.0095000006 0.051303469,
          -0.026033025 -0.0095000006 0.054558139,
          -0.026033025 0.0075000003 0.054558139,
          -0.019816745 -0.0095000006 0.057132997,
          -0.019816745 0.0075000003 0.057132997,
          -0.013351257 -0.0095000006 0.058995668,
          -0.013351257 0.0075000003 0.058995668,
          -0.0067178686 -0.0095000006 0.060122743,
          -0.0067178686 0.0075000003 0.060122743,
          -2.8631789e-016 -0.0095000006 0.060500003,
          -2.7897025e-016 0.0075000003 0.060500003,
          0.0067178686 -0.0095000006 0.060122743,
          0.0067178686 0.0075000003 0.060122743,
          0.013351257 -0.0095000006 0.058995668,
          0.013351257 0.0075000003 0.058995668,
          0.019816745 -0.0095000006 0.057132997,
          0.019816745 0.0075000003 0.057132997,
          0.026033025 -0.0095000006 0.054558139,
          0.026033025 0.0075000003 0.054558139,
          0.031921927 0.0075000003 0.051303469,
          0.031921927 -0.0095000006 0.051303469,
          0.037409391 -0.0095000006 0.047409885,
          0.037409391 0.0075000003 0.047409885,
          0.042426407 -0.0095000006 0.042926423,
          0.042426407 0.0075000003 0.042926423,
          0.046909891 -0.0095000006 0.037909396,
          0.046909891 0.0075000003 0.037909396,
          0.050803453 -0.0095000006 0.032421939,
          0.050803453 0.0075000003 0.032421939,
          0.054058135 -0.0095000006 0.026533021,
          0.054058135 0.0075000003 0.026533021,
          0.056633003 -0.0095000006 0.020316742,
          0.056633003 0.0075000003 0.020316742,
          0.058495678 0.0075000003 0.013851258,
          0.058495678 -0.0095000006 0.013851258,
          0.059622739 -0.0095000006 0.0072178654,
          0.059622739 0.0075000003 0.0072178654,
          0.060000002 -0.0095000006 0.00050000002,
          0.059622739 -0.0095000006 -0.0062178653,
          0.059622739 0.0075000003 -0.0062178653,
          0.058495678 -0.0095000006 -0.012851258,
          0.058495678 0.0075000003 -0.012851258,
          0.056633003 0.0075000003 -0.019316742,
          0.056633003 -0.0095000006 -0.019316742,
          0.054058135 -0.0095000006 -0.02553302,
          0.054058135 0.0075000003 -0.02553302,
          0.050803453 -0.0095000006 -0.031421937,
          0.050803453 0.0075000003 -0.031421937,
          0.046909891 0.0075000003 -0.036909394,
          0.046909891 -0.0095000006 -0.036909394,
          0.042426407 -0.0095000006 -0.041926425,
          0.042426407 0.0075000003 -0.041926425,
          0.037409391 -0.0095000006 -0.046409883,
          0.037409391 0.0075000003 -0.046409883,
          0.031921927 0.0075000003 -0.05030347,
          0.031921927 -0.0095000006 -0.05030347,
          0.026033025 0.0075000003 -0.053558137,
          0.026033025 -0.0095000006 -0.053558137,
          0.019816745 -0.0095000006 -0.056132998,
          0.019816745 0.0075000003 -0.056132998,
          0.013351257 0.0075000003 -0.057995684,
          0.013351257 -0.0095000006 -0.057995684,
          0.0067178686 0.0075000003 -0.05912273,
          0.0067178686 -0.0095000006 -0.05912273,
          0.032716323 0.084835738 -0.0070491033,
          0.04902897 0.037571527 0.032184176,
          0.036608804 0.062348302 0.038634583,
          0.034035023 0.060122851 0.042826571,
          0.032716323 0.058879629 0.044751465,
          0.034035023 0.066340923 0.038520325,
          0.032716323 0.068290532 0.038297944,
          0.036608804 0.07049074 0.031225801,
          0.034035023 0.074049063 0.030417023,
          0.039049156 0.073378354 0.023181703,
          0.036608804 0.076563299 0.022176942,
          0.040231608 0.07637167 0.014091493,
          0.032716323 0.07574103 0.029870821,
          0.031378374 0.070199057 0.0379657,
          0.028651169 0.073867135 0.036980286,
          0.026095144 0.0690265 0.043738741,
          0.023500627 0.072710223 0.042526979,
          0.024802068 0.070893258 0.043185364,
          0.039049156 0.066747904 0.031696841,
          0.040231608 0.071697906 0.02356354,
          0.041387074 0.074932277 0.014602753,
          0.043611676 0.071868129 0.015423798,
          0.041387074 0.069965452 0.023861207,
          0.043611676 0.066365838 0.024195284,
          0.040231608 0.064821146 0.031783052,
          0.041387074 0.062866181 0.031768434,
          0.020877682 0.056208264 0.053826448,
          -0.0083015282 0.08720848 0.03137961,
          -0.0098578949 0.081963137 0.039571565,
          0.0033025348 0.044977099 0.060336184,
          -0.0052138688 0.051293399 0.059450503,
          -0.0052138688 0.044939093 0.060185429,
          -0.014559033 0.050733265 0.057683598,
          -0.014559033 0.044483472 0.058444705,
          -0.022685967 0.049782243 0.054681033,
          -0.022685967 0.043708071 0.055487767,
          -0.031100454 0.042472664 0.050779909,
          -0.029020427 0.035415612 0.052392185,
          -0.03505281 0.027369075 0.048597354,
          -0.026935134 0.028016305 0.05377588,
          -0.029020427 0.020291898 0.052844148,
          -0.020798938 0.020489749 0.056695774,
          -0.014559033 0.057037253 0.056063205,
          -0.022685967 0.055909336 0.053034395,
          -0.031100454 0.048268355 0.049899843,
          -0.038809992 0.040852282 0.044607364,
          -0.040219732 0.033723369 0.043740481,
          -0.041840091 0.026620068 0.042605318,
          -0.046546612 0.032312103 0.036525149,
          -0.047974963 0.025702305 0.03526352,
          -0.0516591 0.030757358 0.028576143,
          -0.052739639 0.024725089 0.027446749,
          -0.05570576 0.02901529 0.019669373,
          -0.056516737 0.023611074 0.018535919,
          -0.058507413 0.027111139 0.0099338079,
          -0.058979496 0.022409653 0.0089263618,
          -0.059837539 0.025230713 0.00031948855,
          -0.014559033 0.062718444 0.053792026,
          -0.022685967 0.061428722 0.050757725,
          -0.031100454 0.054113645 0.048211306,
          -0.031100454 0.059375163 0.045925815,
          -0.038809992 0.051759377 0.041887026,
          -0.038809992 0.056682613 0.039589968,
          -0.044905782 0.049230661 0.035093538,
          -0.044905782 0.053790413 0.03278406,
          -0.050603684 0.046028081 0.026489198,
          -0.050603684 0.050127368 0.024163911,
          -0.054674167 0.042837732 0.017917329,
          -0.054674167 0.046478216 0.015576295,
          -0.057873961 0.039071787 0.0077984929,
          -0.057873961 0.042170595 0.0054388428,
          -0.059646849 0.035117887 -0.0028257447,
          -0.059646849 0.037647896 -0.0052049565,
          -0.05996592 0.033509571 -0.014944307,
          -0.05996592 0.035359383 -0.017683046,
          -0.05890375 0.030247563 -0.028350741,
          -0.05996592 0.036921944 -0.020613251,
          -0.05890375 0.031293366 -0.031183198,
          -0.05890375 0.032102738 -0.03422229,
          -0.056680404 0.02671897 -0.043399263,
          -0.05890375 0.03286982 -0.040702119,
          -0.056680404 0.026741818 -0.049517609,
          -0.05890375 0.032392435 -0.047496159,
          -0.056680404 0.025678625 -0.055861622,
          -0.056680404 0.023026651 -0.063869894,
          -0.053322528 0.016152276 -0.071179114,
          -0.053322528 0.011342756 -0.079908162,
          -0.048327059 0.0037586533 -0.08656244,
          -0.048327059 -0.0011149123 -0.092450351,
          -0.042780917 -0.0074933516 -0.097235598,
          -0.05996592 0.040017448 -0.037995148,
          -0.05996592 0.039829321 -0.030690188,
          -0.05996592 0.03821703 -0.023799928,
          -0.059646849 0.042039961 -0.011002045,
          -0.059646849 0.040007561 -0.0079829711,
          -0.057873961 0.047633242 -0.00049829105,
          -0.057873961 0.045087427 0.0026179201,
          -0.054674167 0.052960403 0.009505799,
          -0.054674167 0.049925655 0.012714447,
          -0.050603684 0.057473131 0.017980469,
          -0.050603684 0.054024249 0.021267457,
          -0.044905782 0.062002908 0.026487244,
          -0.044905782 0.058138385 0.029852815,
          -0.038809992 0.065579318 0.033203676,
          -0.038809992 0.061386686 0.03663129,
          -0.031100454 0.068908669 0.039456241,
          -0.031100454 0.064410679 0.042941559,
          -0.022685967 0.0714477 0.044224642,
          -0.022685967 0.066716924 0.047753971,
          -0.022685967 0.075720645 0.04013364,
          -0.025538851 0.07739827 0.035784975,
          -0.019990187 0.081255734 0.035123751,
          -0.022685967 0.082516767 0.030729249,
          -0.017277926 0.085702285 0.029318331,
          -0.0186355 0.086142674 0.027121462,
          -0.014559033 0.088954128 0.02298874,
          -0.019990187 0.086471424 0.024882173,
          -0.019990187 0.088673323 0.016870728,
          -0.022685967 0.08679343 0.020295288,
          -0.025538851 0.087463871 0.009959748,
          -0.02694976 0.086555853 0.011646119,
          -0.028348103 0.085586503 0.013221802,
          -0.031100454 0.08335299 0.016007172,
          -0.028348103 0.083552077 0.021075441,
          -0.033755127 0.079678118 0.021077698,
          -0.031100454 0.079377823 0.026211672,
          -0.03505281 0.074638642 0.028138215,
          -0.033755127 0.074195288 0.030640597,
          -0.038809992 0.069346458 0.029266175,
          -0.044905782 0.065461658 0.022643372,
          -0.031100454 0.072962828 0.035431612,
          -0.028348103 0.078623153 0.031127168,
          -0.02694976 0.078068562 0.033491548,
          -0.025538851 0.0832747 0.025997255,
          -0.02694976 0.083473258 0.023557404,
          -0.03505281 0.079646491 0.018448792,
          -0.036328796 0.074964695 0.025573915,
          -0.059646849 0.046157472 -0.021586243,
          -0.057873961 0.053073183 -0.011636719,
          -0.054674167 0.059659783 -0.0021603394,
          -0.050603684 0.06523934 0.0058674626,
          -0.044905782 0.070839882 0.013925781,
          -0.038809992 0.075261623 0.020288331,
          -0.050603684 0.060541213 0.01425525,
          -0.054674167 0.05563923 0.0058987737,
          -0.057873961 0.049852517 -0.0039656986,
          -0.059646849 0.043776661 -0.014322877,
          -0.038809992 0.04628367 0.043630678,
          -0.044905782 0.044152007 0.036896456,
          -0.044905782 0.03911138 0.037977297,
          -0.050603684 0.036906138 0.029580293,
          -0.050603684 0.041452359 0.028367249,
          -0.054674167 0.038763091 0.019870302,
          -0.054674167 0.034708992 0.021215271,
          -0.057873961 0.032115102 0.011340912,
          -0.057873961 0.035588682 0.009839966,
          -0.059646849 0.029391436 0.00097366335,
          -0.059646849 0.03225591 -0.00069131475,
          -0.05996592 0.029206492 -0.010327668,
          -0.05996592 0.026899029 -0.0085124215,
          -0.05890375 0.02585306 -0.020925172,
          -0.05890375 0.024157802 -0.018944459,
          -0.056680404 0.021743946 -0.028129732,
          -0.057378266 0.019747062 -0.02244748,
          -0.053322528 0.017631022 -0.03228943,
          -0.055152342 0.016481554 -0.025349062,
          -0.053322528 0.016239142 -0.029332917,
          -0.0545757 0.015713606 -0.02572635,
          -0.05996592 0.031500094 -0.012547212,
          -0.05890375 0.02752156 -0.023238404,
          -0.056680404 0.022900483 -0.03025635,
          -0.053322528 0.020104084 -0.039094362,
          -0.053322528 0.019457476 -0.036829378,
          -0.048327059 0.01722705 -0.048187777,
          -0.048327059 0.01710471 -0.045780186,
          -0.042780917 0.014900989 -0.055540208,
          -0.042780917 0.015202158 -0.053017091,
          -0.035666183 0.012693423 -0.062518738,
          -0.035666183 0.013396088 -0.059885714,
          -0.027603256 0.011926876 -0.06547159,
          -0.035666183 0.01448973 -0.054282609,
          -0.027603256 0.013728605 -0.059610706,
          -0.027603256 0.014444591 -0.056638505,
          -0.019769603 0.01416725 -0.060130801,
          -0.022408614 0.014509013 -0.05644878,
          -0.019769603 0.014590957 -0.058595493,
          -0.019769603 0.01414119 -0.056895647,
          -0.016721232 0.014455567 -0.05843636,
          -0.01519399 0.014114832 -0.058300722,
          -0.013667038 0.013622319 -0.058248509,
          -0.012904216 0.014508951 -0.060532685,
          -0.010620981 0.014095683 -0.059317537,
          -0.010620981 0.01447529 -0.061049044,
          -0.0084651252 0.01447094 -0.061353412,
          -0.010620981 0.013969718 -0.062616318,
          -0.00211262 0.013894655 -0.063558213,
          -0.010620981 0.012852858 -0.065739565,
          -0.00211262 0.012714722 -0.0667051,
          -0.00211262 0.0099675953 -0.072910115,
          0.0059235748 0.010040748 -0.072625935,
          0.0059235748 0.008600398 -0.075467169,
          0.011790598 0.010295714 -0.071651354,
          0.011790598 0.0089140339 -0.07447803,
          0.020877788 0.011047284 -0.068784446,
          0.020877788 0.0098361727 -0.071567066,
          0.028651111 0.01207788 -0.064856522,
          0.028651111 0.011099304 -0.067578085,
          0.036608774 0.01295067 -0.061730288,
          0.036608774 0.012209956 -0.06440755,
          0.043611638 0.014893221 -0.057199024,
          0.036608774 0.011438081 -0.06690114,
          0.043611638 0.014507012 -0.059679415,
          0.036608774 0.010564731 -0.069430411,
          0.043611638 0.014011501 -0.06223781,
          0.036608774 0.0096171349 -0.071885504,
          0.043611638 0.013412036 -0.064758733,
          0.036608774 0.0085527804 -0.074354388,
          0.043611638 0.012674892 -0.067326941,
          0.036608774 0.0060634837 -0.079246387,
          0.043611638 0.01075533 -0.072495058,
          0.036608774 0.0030362981 -0.084062412,
          0.043611638 0.0081779547 -0.077654682,
          0.036608774 -0.001454407 -0.089901112,
          0.043611638 0.0041036136 -0.083991706,
          0.036608774 -0.0075307926 -0.096460268,
          0.043611638 -0.0015703943 -0.091229558,
          0.043611638 -0.0066514085 -0.096600272,
          0.049028952 -0.00016388751 -0.091732718,
          0.043611638 -0.010597215 -0.10058604,
          0.049028952 -0.0039847144 -0.096170656,
          0.043611638 -0.014561037 -0.10482968,
          0.049028952 -0.007880589 -0.10083189,
          0.043611638 -0.023937358 -0.11630633,
          0.049028952 -0.017270621 -0.11320115,
          0.043611638 -0.030178923 -0.12648679,
          0.049028952 -0.02353037 -0.12404166,
          0.049028952 -0.02845346 -0.13556463,
          0.053857077 -0.015357981 -0.12103556,
          0.053857077 -0.020293588 -0.13333802,
          0.057062443 -0.0074253506 -0.11811722,
          0.057062443 -0.012373026 -0.13117634,
          0.059261132 -0.0031964655 -0.1286715,
          0.059261132 -0.0067104148 -0.14297147,
          0.059261132 0.0017651081 -0.11473568,
          0.057062443 -0.0011209241 -0.10567804,
          0.053857077 -0.0090756537 -0.10938379,
          0.059261132 0.0080953278 -0.1013843,
          0.057062443 0.0083034029 -0.09114702,
          0.053857077 0.00033162176 -0.095917501,
          0.059261132 0.017539734 -0.08561983,
          0.057062443 0.012034892 -0.085474081,
          0.053857077 0.0041440492 -0.090742908,
          0.053857077 0.007811131 -0.085749179,
          0.053857077 0.012331705 -0.079029985,
          0.057062443 0.01977339 -0.072499864,
          0.057062443 0.024007265 -0.062829502,
          0.059261132 0.028395627 -0.064933963,
          0.059261132 0.032047942 -0.054280337,
          0.059261132 0.024522148 -0.07321135,
          0.059261132 0.02117751 -0.079369508,
          0.057062443 0.015552641 -0.079940908,
          -0.019769603 0.013217038 -0.063191302,
          -0.010620981 0.010235279 -0.071897447,
          -0.00211262 0.0085085714 -0.075754628,
          0.0059235748 0.0070502087 -0.078264639,
          0.011790598 0.0074220402 -0.077266984,
          0.020877788 0.0085156485 -0.074330643,
          0.028651111 0.010013868 -0.070306703,
          -0.0077500045 0.013609324 -0.059327763,
          -0.0063262796 0.014083991 -0.059936192,
          -0.0049126241 0.014395479 -0.060640462,
          -0.00211262 0.014078197 -0.060236972,
          0.00055504078 0.014389311 -0.060842685,
          -0.00211262 0.014430886 -0.061978657,
          -0.023719577 0.014170188 -0.0553472,
          -0.027603256 0.014752909 -0.055147938,
          -0.025023183 0.013669292 -0.054345414,
          -0.027603256 0.014204841 -0.053494327,
          -0.030361213 0.013702826 -0.051555086,
          -0.031716242 0.014248868 -0.051137179,
          -0.034370255 0.014003368 -0.049142182,
          -0.033053122 0.014859625 -0.051333193,
          -0.035666183 0.014822192 -0.049178895,
          -0.035666183 0.014857127 -0.051441927,
          -0.039340027 0.014912714 -0.046193361,
          -0.0405147 0.015178709 -0.045882814,
          -0.042780917 0.015011941 -0.042916566,
          -0.042780917 0.015364289 -0.045051944,
          -0.04567359 0.015108846 -0.039712925,
          -0.046585545 0.015635332 -0.040158357,
          -0.04747026 0.014965744 -0.037202455,
          -0.048327059 0.015736077 -0.037599549,
          -0.048327059 0.014868882 -0.035927277,
          -0.050143756 0.01543603 -0.033870056,
          -0.051542886 0.015184934 -0.031219758,
          -0.044735055 0.014419069 -0.040086884,
          -0.03813947 0.014303041 -0.046461549,
          -0.042780917 0.015425578 -0.047730837,
          -0.048327059 0.016411569 -0.04082761,
          -0.050995938 0.015982585 -0.033548981,
          -0.05890375 0.028958518 -0.025655214,
          -0.056680404 0.02574658 -0.037743747,
          -0.056680404 0.026337322 -0.040490143,
          -0.053322528 0.021619638 -0.052091248,
          -0.053322528 0.020937555 -0.057867099,
          -0.053322528 0.019319689 -0.063784733,
          -0.048327059 0.0090792645 -0.078699559,
          -0.042780917 -0.0023733592 -0.091942526,
          -0.035666183 -0.013547127 -0.1017772,
          -0.035666183 -0.017621376 -0.10527972,
          -0.027603256 -0.01847031 -0.10547052,
          -0.027603256 -0.02264013 -0.10863034,
          -0.019769603 -0.026013087 -0.11088209,
          -0.027603256 -0.026730394 -0.11211362,
          -0.019769603 -0.030137544 -0.11415232,
          -0.023719577 -0.033431709 -0.11778639,
          -0.01519399 -0.036392216 -0.11935324,
          -0.019769603 -0.039492667 -0.12354113,
          -0.010620981 -0.041910339 -0.12466948,
          -0.019769603 -0.045698114 -0.1321792,
          -0.010620981 -0.04810781 -0.13306871,
          -0.019769603 -0.050584167 -0.1415897,
          -0.010620981 -0.052990757 -0.14224902,
          -0.010620981 -0.05645049 -0.15191917,
          -0.00211262 -0.05390146 -0.14249976,
          -0.00211262 -0.057360653 -0.15208445,
          0.0059235748 -0.057102792 -0.15203929,
          -0.00211262 -0.059325948 -0.16157903,
          0.0059235748 -0.059067063 -0.16155584,
          0.011790598 -0.05818766 -0.16147645,
          0.011790598 -0.056223556 -0.15188186,
          0.0059235748 -0.05364297 -0.14243117,
          0.011790598 -0.052762564 -0.14219227,
          0.011790598 -0.047878031 -0.13299081,
          0.020877788 -0.045286063 -0.13203964,
          0.020877788 -0.039084513 -0.12335929,
          0.028651111 -0.035525769 -0.12170273,
          0.024802089 -0.032949131 -0.11753166,
          0.032716278 -0.028569037 -0.11521379,
          0.028651111 -0.026172101 -0.11177822,
          0.036608774 -0.020946292 -0.10865086,
          0.028651111 -0.022089943 -0.10826039,
          0.036608774 -0.016917447 -0.10480636,
          0.028651111 -0.017927242 -0.1050607,
          0.036608774 -0.012852291 -0.10125285,
          0.028651111 -0.012408761 -0.10074127,
          0.028651111 -0.0060029281 -0.094737157,
          0.028651111 -0.0011715688 -0.08930672,
          0.028651111 0.0022240374 -0.084771626,
          0.028651111 0.0051795426 -0.080105394,
          0.028651111 0.0065115904 -0.077717774,
          0.028651111 0.0077439966 -0.075316519,
          0.028651111 0.0089264829 -0.072811097,
          0.038418643 -0.026634851 -0.11572271,
          0.036608774 -0.030309897 -0.11927409,
          0.036608774 -0.036534306 -0.12882355,
          0.028651111 -0.04173642 -0.13073564,
          0.028651111 -0.04663109 -0.14052244,
          0.020877788 -0.050174981 -0.14148806,
          0.028651111 -0.050099134 -0.15078145,
          0.020877788 -0.053639039 -0.15141781,
          0.020877788 -0.055603925 -0.16124299,
          0.028651111 -0.052065812 -0.16092318,
          0.036608774 -0.046880782 -0.16045439,
          0.043611638 -0.040546414 -0.15988165,
          0.043611638 -0.038572297 -0.1487077,
          0.049028952 -0.033919949 -0.15928242,
          0.049028952 -0.03194106 -0.14751419,
          0.053857077 -0.023789769 -0.14604682,
          0.057062443 -0.015877472 -0.14462224,
          0.059261132 -0.0087090768 -0.15700237,
          0.057062443 -0.017868714 -0.1578308,
          0.053857077 -0.025774812 -0.15854581,
          0.043611638 -0.03509175 -0.13737567,
          0.036608774 -0.04143722 -0.13910638,
          0.036608774 -0.044910949 -0.14984827,
          -0.00211262 -0.049019411 -0.13340671,
          -0.010620981 -0.058417875 -0.16149668,
          -0.019769603 -0.056016788 -0.16127926,
          -0.019769603 -0.054045953 -0.15148461,
          -0.00211262 -0.042825587 -0.12509768,
          -0.00211262 -0.033481646 -0.11615306,
          -0.010620981 -0.03256255 -0.11560326,
          -0.00211262 -0.029324062 -0.11309198,
          -0.010620981 -0.02841391 -0.11248469,
          -0.00211262 -0.025026094 -0.11038797,
          -0.010620981 -0.024133688 -0.10971881,
          -0.00211262 -0.019230617 -0.10673019,
          -0.010620981 -0.018372117 -0.10597771,
          -0.00211262 -0.012362777 -0.10149863,
          -0.010620981 -0.011561616 -0.10064663,
          -0.00211262 -0.007055867 -0.096643068,
          -0.010620981 -0.0063150916 -0.095721193,
          -0.00211262 -0.0031423967 -0.092498466,
          -0.010620981 -0.0024651357 -0.091525927,
          -0.00211262 0.00046455063 -0.088146321,
          -0.010620981 0.001059483 -0.087133214,
          -0.00211262 0.0021701402 -0.085871875,
          -0.010620981 0.0027175415 -0.084844239,
          -0.00211262 0.0037999924 -0.083545692,
          -0.010620981 0.0042968327 -0.08250846,
          -0.00211262 0.0054140319 -0.081073612,
          -0.010620981 0.0058560758 -0.080032185,
          -0.00211262 0.0069416282 -0.07855434,
          -0.010620981 0.0073276241 -0.077514924,
          -0.010620981 0.0088336002 -0.07472463,
          -0.019769603 0.0096919611 -0.07200902,
          -0.019769603 0.010939037 -0.069225572,
          0.0059235748 0.0055377549 -0.080783449,
          0.0059235748 0.0039386437 -0.083256699,
          0.0059235748 0.0023224868 -0.085585453,
          0.0059235748 0.00062976254 -0.087863728,
          0.0059235748 -0.0029544316 -0.092226356,
          0.0059235748 -0.0068487297 -0.09638387,
          0.0059235748 -0.012139189 -0.10126105,
          0.011790598 -0.0061368104 -0.095495977,
          0.011790598 -0.011369826 -0.10044315,
          0.020877788 -0.004041987 -0.092884481,
          0.020877788 -0.0091056274 -0.098035924,
          0.020877788 -0.00039474296 -0.088540733,
          0.020877788 0.0028787283 -0.084028326,
          0.020877788 0.0043932889 -0.081696063,
          0.011790598 0.0011999758 -0.08689104,
          0.011790598 0.0028475942 -0.084599108,
          0.011790598 -0.0023054581 -0.09129148,
          0.020877788 0.0058198804 -0.079331517,
          0.020877788 0.0072131562 -0.076842368,
          0.011790598 0.0044157566 -0.082261309,
          0.011790598 0.0059627369 -0.079784013,
          0.0059235748 -0.018990304 -0.10651854,
          0.011790598 -0.018164901 -0.10579372,
          0.020877788 -0.015736353 -0.10366188,
          0.020877788 -0.021389389 -0.10765854,
          0.0059235748 -0.024775486 -0.11019963,
          0.011790598 -0.023916405 -0.10955484,
          0.0059235748 -0.029069098 -0.11292138,
          0.011790598 -0.028193772 -0.11233665,
          0.020877788 -0.025618494 -0.11061674,
          0.020877788 -0.029737124 -0.11391176,
          0.0059235748 -0.033223718 -0.11599853,
          0.0059235748 -0.042566523 -0.12497862,
          0.0059235748 -0.048760086 -0.13331367,
          0.011790598 -0.041682702 -0.12456802,
          0.011790598 -0.032339174 -0.11546907,
          -0.019769603 -0.021778893 -0.10795248,
          -0.019769603 -0.016107773 -0.10399173,
          -0.027603256 -0.012926647 -0.10120116,
          -0.027603256 -0.0064822482 -0.095245674,
          -0.035666183 -0.0081933886 -0.097048692,
          -0.035666183 -0.0020676423 -0.090551704,
          -0.042780917 0.0033603886 -0.084780231,
          -0.042780917 0.0074871024 -0.078527316,
          -0.048327059 0.012777071 -0.071936496,
          -0.042780917 0.010136506 -0.073403612,
          -0.048327059 0.014965419 -0.066457748,
          -0.042780917 0.012130421 -0.068265416,
          -0.048327059 0.016372833 -0.061034411,
          -0.042780917 0.012908041 -0.065708637,
          -0.048327059 0.016813286 -0.058375139,
          -0.042780917 0.01355065 -0.063195571,
          -0.048327059 0.017097183 -0.055794206,
          -0.042780917 0.014093694 -0.060641117,
          -0.048327059 0.017251004 -0.053209782,
          -0.042780917 0.014527378 -0.058159839,
          -0.048327059 0.017287249 -0.05074222,
          -0.035666183 0.011908018 -0.065200277,
          -0.027603256 0.010898259 -0.068194352,
          -0.053322528 0.021643154 -0.049305271,
          -0.053322528 0.021483473 -0.046640415,
          -0.056680404 0.024951335 -0.035086244,
          -0.056680404 0.024018545 -0.032652102,
          -0.053322528 0.021155978 -0.044018924,
          -0.053322528 0.020700768 -0.041568302,
          -0.019769603 -0.0094493711 -0.098400608,
          -0.019769603 -0.004361535 -0.093288213,
          -0.027603256 -0.0016171339 -0.089869604,
          -0.019769603 -0.00068088138 -0.08896099,
          -0.027603256 0.0018249995 -0.085357592,
          -0.019769603 0.0026269637 -0.08446236,
          -0.027603256 0.0048284451 -0.080710635,
          -0.027603256 0.0061865761 -0.078330353,
          -0.035666183 0.0081036165 -0.075128697,
          -0.035666183 0.0092013283 -0.072669238,
          -0.035666183 0.0055529908 -0.079996094,
          -0.035666183 0.0024662369 -0.084782615,
          -0.019769603 0.0041602179 -0.082135379,
          -0.019769603 0.0056067365 -0.079774447,
          -0.027603256 0.0074467855 -0.075934179,
          -0.027603256 0.0086599085 -0.073431291,
          -0.035666183 0.010184483 -0.070220612,
          -0.035666183 0.01109702 -0.067694597,
          -0.027603256 0.009777884 -0.070926331,
          -0.019769603 0.0083463881 -0.074774995,
          -0.019769603 0.0070219724 -0.077287115,
          0.0059235748 0.013915313 -0.063293613,
          0.0059235748 0.012753261 -0.066433549,
          0.011790598 0.0128859 -0.06550353,
          0.020877788 0.013276259 -0.062768161,
          0.028651111 0.013811181 -0.059020754,
          0.036608774 0.013589235 -0.059098758,
          0.043611638 0.015212636 -0.054584645,
          0.049028952 0.017579062 -0.047108341,
          0.049028952 0.017700486 -0.049656864,
          0.053857077 0.021151388 -0.040385041,
          0.049028952 0.017717879 -0.052123446,
          0.053857077 0.021665026 -0.042834565,
          0.049028952 0.017617758 -0.054712314,
          0.053857077 0.022051034 -0.04546091,
          0.049028952 0.017382607 -0.05730211,
          0.053857077 0.022263817 -0.048135441,
          0.049028952 0.016987888 -0.059974305,
          0.053857077 0.02229012 -0.050935488,
          0.049028952 0.015664466 -0.065431476,
          0.053857077 0.021699591 -0.056748126,
          0.049028952 0.013557449 -0.070950791,
          0.053857077 0.020170541 -0.062709875,
          0.053857077 0.017067596 -0.070208013,
          0.057062443 0.026590129 -0.054710299,
          0.049028952 0.0046656667 -0.085757114,
          0.049028952 0.0099188117 -0.077808842,
          0.059261132 0.03402815 -0.045441836,
          0.057062443 0.027558321 -0.048318882,
          0.059261132 0.034346715 -0.03855243,
          0.059261132 0.033401366 -0.031994477,
          0.059261132 0.032492626 -0.028926393,
          0.059261132 0.031341005 -0.026074311,
          0.059261132 0.029936144 -0.023369446,
          0.057062443 0.025496658 -0.033817355,
          0.057062443 0.024501218 -0.031384371,
          0.057062443 0.02635463 -0.036480073,
          0.057062443 0.027002303 -0.039236818,
          0.057062443 0.027437367 -0.042161044,
          0.059261132 0.028382391 -0.020955659,
          0.057062443 0.023311645 -0.028995577,
          0.053857077 0.020487979 -0.037917513,
          0.049028952 0.017369375 -0.044703037,
          0.043611638 0.015436426 -0.05206354,
          0.036608774 0.014595378 -0.053527772,
          0.028651111 0.014487792 -0.056064747,
          0.020877788 0.014198224 -0.059719272,
          0.024748776 0.014528421 -0.055449221,
          0.020877788 0.014605329 -0.058187824,
          0.02276657 0.014160215 -0.055766467,
          0.020728655 0.013647597 -0.056132678,
          0.026659016 0.014192997 -0.053994875,
          0.028781546 0.013691667 -0.05246387,
          0.028651111 0.014772994 -0.054579578,
          0.030806009 0.014235229 -0.051717807,
          0.032783829 0.014645091 -0.050996006,
          0.034785628 0.014283725 -0.049101688,
          0.036471955 0.013751916 -0.04744745,
          0.036608774 0.015019151 -0.04929059,
          0.038184393 0.014332311 -0.046479311,
          0.038875204 0.015002615 -0.046897404,
          0.041707948 0.014391065 -0.043312989,
          0.039217502 0.01511665 -0.04707358,
          0.043611638 0.015320228 -0.04282834,
          0.043611638 0.015431299 -0.044162415,
          0.049028952 0.015635438 -0.036067415,
          0.049028952 0.015974272 -0.037314456,
          0.053857077 0.016023129 -0.02775641,
          0.053857077 0.016641816 -0.028896395,
          0.057062443 0.016399635 -0.019688813,
          0.057062443 0.017289871 -0.020724824,
          0.059261132 0.018040789 -0.01125708,
          0.059261132 0.020371452 -0.013076203,
          0.036608774 0.014912389 -0.050707798,
          0.044664845 0.014448418 -0.040223666,
          0.059261132 0.016836034 -0.010341553,
          0.011790598 0.013987007 -0.062386751,
          0.016433863 0.01444818 -0.058528736,
          0.011790598 0.014483337 -0.060821626,
          0.014205593 0.014108615 -0.05856235,
          0.011899599 0.013617524 -0.058640398,
          0.018754655 0.014132727 -0.057255067,
          0.0083344551 0.014403594 -0.060259204,
          0.0059235748 0.014442178 -0.061717134,
          0.0066216048 0.014083917 -0.059908375,
          0.0036859862 0.013604566 -0.059720844,
          0.0095486976 0.01409122 -0.059508547,
          0.0018891899 0.014077845 -0.060245808,
          0.043611638 0.015553622 -0.046816226,
          0.049028952 0.016556207 -0.039794527,
          0.053857077 0.019745873 -0.03565488,
          0.057062443 0.022053076 -0.026871614,
          0.059261132 0.026583135 -0.018658081,
          0.059261132 0.024726553 -0.016695069,
          0.057062443 0.018985171 -0.02278409,
          0.053857077 0.017788714 -0.031162905,
          -0.028348103 0.087119699 -0.0018759156,
          -0.022685967 0.089092501 0.0063736574,
          -0.0186355 0.089457698 0.014986634,
          -0.017277926 0.090178192 0.013002076,
          -0.0186355 0.080460973 0.037226044,
          -0.058507413 0.018227536 0.012732239,
          -0.05570576 0.018701172 0.02192978,
          -0.029717891 0.017729687 0.052530367,
          0.042411439 0.017433407 0.042710725,
          -0.0083015282 0.09325283 -0.0020214845,
          -0.0098578949 0.092951678 0.00078558351,
          -0.017277926 0.091441192 -0.0037174379,
          -0.022685967 0.089559302 -0.011273072,
          -0.014559033 0.092064179 -0.0090743415,
          0.057062458 0.019231983 -0.15447505,
          0.057062458 0.021254655 -0.13793424,
          0.057062458 0.02479719 -0.12102813,
          0.057062458 0.029800668 -0.10441764,
          0.057062458 0.036210679 -0.088283867,
          0.057062458 0.045718234 -0.068757541,
          0.057062458 0.051886469 -0.052681126,
          0.057062458 0.054701149 -0.041852053,
          0.057062458 0.056579757 -0.028196963,
          0.057062458 0.056720953 -0.017165711,
          0.053857118 0.060918991 -0.00032583618,
          0.057062458 0.055058762 -0.0087558599,
          0.057062458 0.051598016 -0.0009765015,
          0.057062458 0.046554275 0.0056737368,
          8.6736174e-019 -5.2963078e-034 -0.208,
          9.7280761e-005 0.0075000003 0.00050000002 ]
      normal [ 0.087155744 -0.99619472 0,
          0.17364818 -0.98480779 0,
          0.17364819 -0.98480779 0,
          0.31448233 -0.94926333 0,
          0.36926728 -0.92932326 0,
          0.47454241 -0.88023263 0,
          0.52503258 -0.85108215 0,
          0.62018389 -0.78445643 0,
          0.66484505 -0.74698132 0,
          0.74698132 -0.66484505 0,
          0.78445643 -0.62018389 0,
          0.85108215 -0.52503258 0,
          0.88023263 -0.47454241 0,
          0.92932326 -0.36926728 0,
          0.94926333 -0.31448233 0,
          0.98480779 -0.17364819 0,
          1 0 0,
          0.98945117 0.14486676 0,
          0.97932732 0.20228201 0,
          0.94926333 0.31448233 0,
          0.92932326 0.36926728 0,
          0.86602539 0.5 0,
          0.78445643 0.62018389 0,
          0.74698132 0.66484505 0,
          0.64278764 0.7660445 0,
          0.52503258 0.85108215 0,
          0.47454241 0.88023263 0,
          0.36926728 0.92932326 0,
          0.31448233 0.94926333 0,
          0.20228203 0.97932732 0,
          0.14486676 0.98945117 0,
          0.029150495 0.99957502 0,
          -0.029150495 0.99957502 0,
          -0.14486676 0.98945117 0,
          -0.20228201 0.97932732 0,
          -0.31448233 0.94926333 0,
          -0.36926728 0.92932326 0,
          -0.47454241 0.88023263 0,
          -0.52503258 0.85108215 0,
          -0.62018389 0.78445643 0,
          -0.66484505 0.74698132 0,
          -0.74698132 0.66484505 0,
          -0.78445643 0.62018389 0,
          -0.85108215 0.52503258 0,
          -0.88023263 0.47454241 0,
          -0.92932326 0.36926728 0,
          -0.94926333 0.31448233 0,
          -0.97932732 0.20228203 0,
          -0.98945117 0.14486676 0,
          -0.99957502 0.029150495 0,
          -0.99957502 -0.029150495 0,
          -0.98945117 -0.14486676 0,
          -0.97932732 -0.20228201 0,
          -0.94926333 -0.31448233 0,
          -0.92932326 -0.36926728 0,
          -0.88023263 -0.47454241 0,
          -0.85108215 -0.52503258 0,
          -0.7660445 -0.64278764 0,
          -0.64278764 -0.7660445 0,
          -0.5 -0.86602545 0,
          -0.5 -0.86602539 0,
          -0.34202012 -0.93969262 0,
          -0.17364819 -0.98480779 0,
          -0.087155744 -0.99619472 0,
          0.049779885 -0.99876022 2.8497677e-016,
          0.068796411 -0.9976148 -0.0056493897,
          0.090706415 -0.99587286 -0.0031077566,
          0.15750396 -0.98750466 -0.0052066101,
          0.23059151 -0.97305042 0.00063725095,
          0.30228072 -0.95321614 -0.0023186563,
          0.35881093 -0.93340993 0.00081251643,
          0.44928464 -0.89338547 -0.0023856831,
          0.50224459 -0.86472529 0.00075914571,
          0.58282059 -0.81260031 -0.00096886966,
          0.62811863 -0.77811724 0.00067946955,
          0.72148895 -0.69242501 -0.0011563881,
          0.72179717 -0.6921047 9.3074967e-005,
          0.80568886 -0.59233874 -0.00048587026,
          0.83559692 -0.54934227 -0.00089397229,
          0.88462865 -0.46629584 0.00063050981,
          0.9109084 -0.41260195 -0.0023406413,
          0.94726306 -0.32045621 0.00075644226,
          0.96465218 -0.26351646 -0.0022882316,
          0.98520988 -0.17134035 0.0020028183,
          0.99427134 -0.10685647 -0.0024858534,
          0.99933058 -0.036581844 0.00035063917,
          0.99913424 0.041251022 -0.0054048337,
          0.99455869 0.10409888 -0.0040575927,
          0.97882664 0.2046683 -0.0030475392,
          0.97754627 0.21071374 0.0017749098,
          0.95177823 0.30678427 0.0012545919,
          0.93007749 0.36735001 -0.0031304741,
          0.89102864 0.45394486 0.0014072491,
          0.86036998 0.50966287 -0.0027200212,
          0.8108958 0.58518499 0.0025389616,
          0.76830143 0.64008147 -0.0029305478,
          0.71156406 0.70261854 0.0019614636,
          0.65857142 0.75250751 -0.0040289541,
          0.59139526 0.80637896 0.0021376132,
          0.53211796 0.84666383 -0.0032838166,
          0.46534154 0.88512838 0.0022257268,
          0.39267784 0.91966617 -0.0042828647,
          0.32363015 0.94618285 0.0012838742,
          0.24553491 0.96937984 -0.0039361613,
          0.17513114 0.98454309 0.0020233344,
          0.091112785 0.99583656 -0.0028595135,
          0.026982583 0.99963492 0.0014015922,
          -0.067295007 0.99772811 -0.0031693962,
          -0.13181211 0.99127376 0.0013858785,
          -0.22201215 0.97504222 -0.0018091004,
          -0.28145057 0.95957464 0.0015048403,
          -0.37455422 0.92720336 -0.0017429987,
          -0.42620173 0.9046281 0.0002135812,
          -0.51676643 0.85612512 -0.0015145631,
          -0.56394786 0.82581049 8.3573454e-005,
          -0.66030031 0.75100082 -0.001150275,
          -0.65726256 0.75366175 5.2378022e-005,
          -0.75202805 0.65913117 1.9963545e-005,
          -0.78713471 0.61677957 -0.0014330571,
          -0.84433472 0.5358144 0.0013635834,
          -0.87522167 0.48371908 -0.0017070314,
          -0.91639006 0.40028501 0.0011188632,
          -0.9399823 0.34120974 -0.0030257183,
          -0.96819711 0.25018495 0.0013736573,
          -0.98204333 0.18863644 -0.002673358,
          -0.99458081 0.10394908 0.0019337133,
          -0.99945277 0.032845084 -0.0039405217,
          -0.99874914 -0.049986579 0.0012351512,
          -0.99247867 -0.12234583 -0.0041876859,
          -0.97928834 -0.20245814 0.0022592458,
          -0.96103185 -0.27641729 -0.0033626424,
          -0.93837255 -0.34561935 0.0020881444,
          -0.90556741 -0.42418253 -0.0041051996,
          -0.8717038 -0.49002841 0.0021363208,
          -0.82802176 -0.56068838 -0.0029198139,
          -0.78660184 -0.61745512 0.00261454,
          -0.72812241 -0.68544084 -0.0029437677,
          -0.68208474 -0.73127162 0.0014883436,
          -0.61074609 -0.79181993 -0.0032211652,
          -0.55779731 -0.8299759 0.0014502143,
          -0.47992247 -0.87730873 -0.0019629817,
          -0.42849395 -0.90354449 0.00048479205,
          -0.33496302 -0.94222933 -0.0019577134,
          -0.28006744 -0.95998031 0.00027599526,
          -0.18445735 -0.98284048 -0.00049807073,
          -0.13078204 -0.99141121 9.7497941e-005,
          -0.079657018 -0.99682224 -0.00039211003,
          -0.078826755 -0.99688834 -4.5126252e-016,
          0.99806792 0 -0.062133454,
          0.99724936 -0.015411752 -0.072499916,
          0.99429792 -0.0047132387 -0.10653365,
          0.98577929 -0.018112279 -0.16706631,
          0.96745616 0.0049935058 -0.25298974,
          0.9481042 -0.013642015 -0.31766722,
          0.92135906 0.0086229658 -0.38861701,
          0.8863461 -0.01679967 -0.46271858,
          0.84824997 0.008995085 -0.52951962,
          0.80301607 -0.012634069 -0.59582353,
          0.7603842 0.007473107 -0.64943051,
          0.69910473 -0.015147657 -0.71485889,
          0.65120006 0.0029362687 -0.7589004,
          0.58003253 -0.011410212 -0.81451339,
          0.52776861 0.0045383018 -0.84937608,
          0.44622782 -0.0064549986 -0.89489609,
          0.395769 0.00025701165 -0.91835004,
          0.27390912 -0.0043997397 -0.9617455,
          0.26929685 0.00036762355 -0.96305716,
          0.14888266 0.00012501718 -0.98885489,
          0.095344551 -0.001230769 -0.99544358,
          -0.0040142615 0.00037235618 -0.99999195,
          -0.060750127 -0.0067719263 -0.99813002,
          -0.16218711 0.001507555 -0.98675895,
          -0.21779843 -0.0070094978 -0.9759686,
          -0.30678067 0.0050183092 -0.95176703,
          -0.36732301 -0.012520975 -0.93000913,
          -0.45393813 0.0056289132 -0.89101547,
          -0.50963455 -0.01087948 -0.86032218,
          -0.58515674 0.010155356 -0.81085664,
          -0.64004028 -0.011721436 -0.76825196,
          -0.70259827 0.0078456271 -0.7115435,
          -0.7524159 -0.016113855 -0.65849125,
          -0.80635136 0.0085501606 -0.59137499,
          -0.84659541 -0.013134205 -0.53207493,
          -0.88509548 0.0089025758 -0.46532425,
          -0.91953963 -0.017129103 -0.39262381,
          -0.94617116 0.0051354333 -0.32362616,
          -0.96926719 -0.015742814 -0.24550638,
          -0.98451281 0.0080930879 -0.17512575,
          -0.9957754 -0.011437352 -0.091107197,
          -0.9996202 0.0056062862 -0.026982186,
          -0.99765295 -0.012676629 0.067289934,
          -0.99125946 0.0055434336 0.1318102,
          -0.97501826 -0.0072362241 0.22200669,
          -0.95955831 0.0060192579 0.28144577,
          -0.92718226 -0.0069718366 0.37454569,
          -0.9046278 0.00085432449 0.42620161,
          -0.85611033 -0.0060581476 0.51675755,
          -0.82581037 0.00033429379 0.5639478,
          -0.75099337 -0.0046010544 0.66029376,
          -0.75366175 0.0002095121 0.65726256,
          -0.65913117 7.9854181e-005 0.75202805,
          -0.61677003 -0.00573214 0.78712249,
          -0.53580695 0.0054542576 0.84432292,
          -0.4837085 -0.0068279766 0.8752026,
          -0.40028125 0.004475411 0.91638148,
          -0.34118634 -0.012102044 0.93991786,
          -0.25018144 0.0054945513 0.9681834,
          -0.18862635 -0.010692859 0.98199069,
          -0.10394616 0.0077346358 0.99455291,
          -0.032841258 -0.01576025 0.99933636,
          0.049986005 0.004940548 0.99873769,
          0.12232975 -0.016748542 0.99234819,
          0.20245039 0.0090366378 0.97925085,
          0.27639383 -0.013449428 0.96095031,
          0.34560806 0.0083523039 0.9383418,
          0.42412892 -0.016418722 0.90545297,
          0.49001172 0.0085449917 0.87167406,
          0.56065255 -0.011678509 0.82796884,
          0.61742342 0.010457623 0.78656143,
          0.68539631 -0.011774305 0.72807509,
          0.73125952 0.0059532756 0.68207341,
          0.79175836 -0.012883659 0.61069864,
          0.82996285 0.0058007664 0.55778861,
          0.87728333 -0.0078517003 0.47990859,
          0.90354294 0.0019391647 0.4284932,
          0.94220215 -0.0078306282 0.3349534,
          0.95997977 0.0011039806 0.28006729,
          0.98283857 -0.0019922792 0.184457,
          0.99141109 0.00038999171 0.13078201,
          0.99682117 -0.0015684384 0.079656929,
          0.99688834 0 0.078826755,
          0.99805766 -0.0045239963 -0.062132817,
          0.99386233 -0.027205504 -0.10722723,
          0.99808466 -0.009800273 -0.061081138,
          0.99700034 -0.030751372 -0.07102707,
          0.99687189 0.0057394155 0.078825444,
          0.99714643 -0.0001348013 0.075492449,
          0.9853586 0.028968947 0.16801593,
          0.9931156 0.035132799 0.11174569,
          0.97421414 0.058588278 0.21788608,
          0.99630862 0.03449275 0.078608841,
          0.99413472 0.041100044 0.10003524,
          0.9980216 0.04062954 0.047982186,
          0.99030936 0.06533061 0.12255336,
          0.99749035 0.045931287 0.053882483,
          0.98913568 0.087309159 0.11826979,
          0.99739814 0.057629656 0.043311082,
          0.9920249 0.10003807 0.07667464,
          0.99707651 0.069513224 0.031722255,
          0.98900366 0.13053577 0.06951391,
          0.99642724 0.082491837 0.018109109,
          0.9866305 0.15712354 0.043271385,
          0.99510151 0.098859243 -7.2881958e-006,
          0.98268813 0.18509263 0.0080465069,
          0.99361372 0.1113547 -0.018220387,
          0.97844315 0.20506138 -0.024472373,
          0.9930321 0.11377229 -0.030709254,
          0.97482729 0.21752788 -0.048921976,
          0.99178451 0.1184178 -0.048380639,
          0.97341216 0.21497747 -0.079079255,
          0.99178386 0.11458298 -0.0568818,
          0.97212321 0.21275781 -0.098542511,
          0.99299532 0.10524897 -0.05369436,
          0.97431767 0.20337239 -0.096668035,
          0.99498373 0.092896976 -0.037114851,
          0.97896367 0.19212054 -0.068701237,
          0.99597532 0.085969061 -0.025350828,
          0.98772895 0.15099341 -0.039906323,
          0.99652165 0.081768923 -0.016075343,
          0.98616952 0.16309799 -0.029474562,
          0.9972716 0.07372088 -0.0038430751,
          0.98528934 0.17039876 -0.01300515,
          0.99642766 0.084445328 0.00094997272,
          0.97534752 0.22043699 -0.010236363,
          0.99899358 0.044806987 -0.0020601978,
          0.96304554 0.095499195 0.25183982,
          0.93442959 0.067829102 0.34962922,
          0.91313481 0.11497098 0.39110932,
          0.90117377 0.070663832 0.42765921,
          0.8615486 0.074726552 0.50214535,
          0.86967415 0.061333187 0.48980111,
          0.79184294 0.059078004 0.60786068,
          0.8674053 0.06474977 0.49337155,
          0.81477624 0.053812485 0.57727277,
          0.90189505 0.054452967 0.42850929,
          0.95331967 0.054255467 0.29704878,
          0.96319151 0.14714389 0.22496842,
          0.92233539 0.18680637 0.3382318,
          0.93062681 0.25176263 0.26561114,
          0.88239729 0.29921365 0.36310637,
          0.9209103 0.3159439 0.22826216,
          0.87454903 0.38227662 0.29837656,
          0.88529694 0.41171873 0.21618767,
          0.84438241 0.49175629 0.21258892,
          0.86787236 0.47619438 0.14155038,
          0.80503947 0.58699793 0.085702263,
          0.87379819 0.4837828 0.04930478,
          0.79196167 0.61025935 0.019497963,
          0.8583951 0.51258993 -0.020234184,
          0.78045768 0.62123972 -0.070335776,
          0.85314387 0.51479053 -0.084476098,
          0.74263459 0.65147763 -0.15514755,
          0.81796163 0.55100667 -0.16531965,
          0.72690344 0.64362454 -0.23949723,
          0.81963795 0.52766603 -0.22307441,
          0.72304267 0.63727301 -0.26663175,
          0.82504755 0.52248031 -0.2151996,
          0.7639935 0.61183542 -0.20486896,
          0.86437196 0.47801471 -0.15608658,
          0.7906335 0.59414548 -0.14795212,
          0.86985141 0.48051411 -0.1116453,
          0.80747926 0.58182156 -0.097267352,
          0.8915717 0.44768029 -0.068427496,
          0.82176083 0.56798112 -0.045898192,
          0.89744163 0.44005516 -0.030822353,
          0.8752718 0.48319337 -0.02057874,
          0.9400928 0.3405481 -0.015893171,
          0.79426801 0.60700864 -0.026055777,
          0.71516693 0.69707984 -0.051147208,
          0.72042179 0.68655354 -0.098167121,
          0.6020655 0.78945333 -0.11950152,
          0.69480491 0.70329034 -0.15042885,
          0.57100213 0.79933995 -0.18711565,
          0.66929519 0.71254659 -0.21052638,
          0.54054958 0.80263424 -0.25215977,
          0.63232356 0.72444922 -0.27448192,
          0.49893248 0.80754751 -0.31453687,
          0.60020721 0.74317008 -0.29571888,
          0.48374301 0.82137334 -0.30222255,
          0.51924276 0.82589924 -0.21972117,
          0.40634537 0.88605642 -0.22313127,
          0.41367379 0.89933825 -0.14164977,
          0.3039411 0.94036388 -0.15275989,
          0.34548274 0.93543047 -0.074910715,
          0.24464142 0.96622622 -0.080978185,
          0.28386942 0.95886064 -0.0020974169,
          0.15420371 0.98623896 -0.05961575,
          0.24098183 0.97017211 0.026340662,
          0.15723611 0.98754025 0.0064121047,
          0.230445 0.97047341 0.071249701,
          0.13591464 0.98962218 0.046639062,
          0.18534333 0.97657233 0.1093358,
          0.091939956 0.9930712 0.073188789,
          0.14885038 0.97785443 0.14712037,
          0.068063274 0.99066222 0.11813486,
          0.094105497 0.97219419 0.21443595,
          0.012194175 0.9893778 0.14485496,
          0.035395477 0.96093827 0.27449,
          -0.0064510033 0.98496777 0.17261791,
          -0.053441107 0.97522366 0.21466911,
          -0.079766102 0.99230868 0.094661787,
          -0.13422817 0.98082966 0.14126578,
          -0.19045788 0.9788956 0.074088916,
          -0.2302821 0.96788001 0.10088901,
          -0.29251382 0.9557761 0.030458726,
          -0.32990405 0.94193006 0.062698163,
          -0.38253152 0.92389745 -0.0091135716,
          -0.42443645 0.90527219 0.018334236,
          -0.45015284 0.88959765 -0.077320971,
          -0.5082289 0.86094415 -0.021877483,
          -0.58373392 0.80749977 -0.084846899,
          -0.53500766 0.84479034 0.0098080216,
          -0.58933061 0.80778658 0.013050118,
          -0.54064709 0.83622485 0.091808744,
          -0.61637926 0.78487682 0.063600138,
          -0.64446312 0.74683911 0.16400796,
          -0.68052351 0.72809392 0.082262143,
          -0.76928174 0.62338775 0.13997616,
          -0.73746574 0.67496151 0.023901585,
          -0.82759595 0.55473977 0.085725032,
          -0.80716681 0.59017223 -0.013357666,
          -0.89983428 0.43353507 0.048431937,
          -0.88748103 0.46038869 -0.020484135,
          -0.95275557 0.30328566 0.016576871,
          -0.94281143 0.33170441 -0.032844823,
          -0.99064422 0.13644247 -0.0027691121,
          -0.98706472 0.15822305 -0.02585936,
          -0.99917167 -0.039395593 0.010202592,
          -0.9979232 -0.060443752 0.022270167,
          -0.9591732 -0.2694118 0.086047672,
          -0.94906229 -0.2876716 0.12855297,
          -0.80502999 -0.52794796 0.27055064,
          -0.7982986 -0.51388174 0.31407791,
          -0.57728094 -0.66367286 0.47569436,
          -0.60637426 -0.63532645 0.47819516,
          -0.38763434 -0.69692773 0.6033501,
          -0.48035192 -0.67529875 0.55967283,
          -0.26366919 -0.69185889 0.67216802,
          -0.3386263 -0.70664829 0.62127328,
          -0.23314075 -0.69813359 0.67694527,
          -0.3971304 -0.7046141 0.58805311,
          -0.26408839 -0.71178669 0.65085876,
          -0.36005795 -0.74051332 0.56744897,
          -0.28172347 -0.76851821 0.57446641,
          -0.43725249 -0.77293062 0.45976999,
          -0.3391059 -0.80969745 0.47895423,
          -0.51017773 -0.79123026 0.3371549,
          -0.39352825 -0.85118949 0.34729227,
          -0.55704665 -0.7998597 0.22343551,
          -0.45456409 -0.86388981 0.21694672,
          -0.5905425 -0.79960477 0.10904981,
          -0.45683926 -0.88209832 0.11489312,
          -0.55529499 -0.83024746 0.048338987,
          -0.43050313 -0.90096158 0.054178536,
          -0.67921525 -0.73283166 0.040303912,
          -0.71059102 -0.69959241 0.075038999,
          -0.78291553 -0.62141764 0.029721931,
          -0.80939353 -0.58297592 0.070860766,
          -0.86626762 -0.49900404 0.023988033,
          -0.8924585 -0.44855699 0.048109207,
          -0.93376935 -0.35755104 0.015239232,
          -0.9507283 -0.30853057 0.030407881,
          -0.97519392 -0.22120903 0.0079670409,
          -0.98483431 -0.17271674 0.016439507,
          -0.99717402 -0.075062811 0.0030920696,
          -0.99946469 -0.032390986 0.0046018898,
          -0.99697995 0.077469304 -0.0054272288,
          -0.99175805 0.12784171 -0.0085180989,
          -0.97555321 0.21951042 -0.010548003,
          -0.96518987 0.26083994 -0.019263539,
          -0.9288497 0.37011713 -0.015861295,
          -0.90873587 0.41598055 -0.034047902,
          -0.86193281 0.50654185 -0.022073638,
          -0.83163011 0.55413032 -0.036481671,
          -0.77772284 0.62813687 -0.024315378,
          -0.74383855 0.66634691 -0.051827237,
          -0.67011678 0.74172789 -0.027988249,
          -0.6300205 0.77505481 -0.048623417,
          -0.55701947 0.82995033 -0.030194569,
          -0.51993823 0.85217816 -0.058794145,
          -0.41979501 0.90704054 -0.03239847,
          -0.37416974 0.92489445 -0.067581266,
          -0.27771953 0.9600147 -0.035266966,
          -0.21316515 0.97478759 -0.065952681,
          -0.13308986 0.99049187 -0.034827948,
          -0.072655648 0.99511331 -0.066864043,
          0.022904668 0.99910927 -0.03544201,
          0.076367654 0.99482042 -0.067084156,
          0.16430612 0.98577863 -0.03527059,
          0.22244146 0.97267765 -0.066468686,
          0.30756113 0.95095503 -0.033026859,
          0.34884349 0.93540007 -0.057748903,
          0.44824708 0.89330101 -0.032985501,
          0.47742668 0.87657219 -0.060705323,
          0.57137138 0.82011479 -0.030764254,
          0.6009413 0.79727852 -0.056715488,
          0.69312227 0.7202794 -0.027914304,
          0.47092065 0.87343293 -0.12389006,
          0.45453113 0.8706553 -0.1880448,
          0.32026574 0.92891192 -0.18588297,
          0.30231953 0.91888034 -0.25349918,
          0.18740462 0.96116269 -0.20259777,
          0.17498901 0.94657022 -0.27089423,
          0.050061252 0.97756749 -0.20458676,
          0.046388756 0.96084774 -0.27316609,
          -0.088740967 0.97501272 -0.20365481,
          -0.083399303 0.95861262 -0.27222514,
          -0.218615 0.9546743 -0.20200098,
          -0.20510568 0.94068009 -0.27028242,
          -0.36632118 0.90892488 -0.19915903,
          -0.32260653 0.90742004 -0.26928404,
          -0.4402267 0.86156416 -0.25279951,
          -0.30861613 0.8938095 -0.32536227,
          -0.42428538 0.84865373 -0.315862,
          -0.31724373 0.89101452 -0.32473004,
          -0.43034184 0.84506094 -0.31729779,
          -0.42500925 0.87553614 -0.22979039,
          -0.54040813 0.81326348 -0.21578124,
          -0.46601498 0.87262917 -0.14611079,
          -0.57282495 0.80729586 -0.14193358,
          -0.67323887 0.72635025 -0.13843715,
          -0.71346915 0.69788814 -0.062562481,
          -0.78206456 0.6180284 -0.080100007,
          -0.8669371 0.49318495 -0.072032072,
          -0.65335101 0.75691581 -0.014522255,
          -0.65923595 0.72093409 -0.21368672,
          -0.77167922 0.61930269 -0.14482869,
          -0.75304908 0.62581432 -0.2031589,
          -0.86139804 0.49031594 -0.13260351,
          -0.84878492 0.49791217 -0.17789766,
          -0.93330902 0.342262 -0.10858656,
          -0.92671555 0.34906098 -0.13912186,
          -0.98439384 0.16481584 -0.061681639,
          -0.98336452 0.16576444 -0.074272513,
          -0.99906749 -0.038115166 0.020284278,
          -0.99548435 -0.081681438 0.048363965,
          -0.96036398 -0.24315888 0.13628988,
          -0.94008821 -0.2901549 0.17900948,
          -0.82237256 -0.47632343 0.311158,
          -0.84295887 -0.448369 0.29729712,
          -0.67135662 -0.59765261 0.43828258,
          -0.7575286 -0.55423576 0.34492475,
          -0.6104449 -0.63544279 0.47283137,
          -0.62680048 -0.66024929 0.41375363,
          -0.49218646 -0.72170639 0.48671591,
          -0.93920916 0.33583742 -0.071409516,
          -0.98579609 0.16188949 -0.044697523,
          -0.99655116 -0.07414563 0.037259284,
          -0.9340843 -0.31332839 0.17120747,
          -0.33723706 0.93381625 -0.1194086,
          -0.31159779 0.92469633 -0.21873197,
          -0.21702696 0.96611875 -0.1396919,
          -0.17417558 0.95883548 -0.22427094,
          -0.093094416 0.98640066 -0.13545159,
          -0.065631181 0.97037184 -0.23253183,
          0.053746037 0.97416037 -0.21936925,
          0.034818478 0.94575602 -0.32300651,
          0.13606825 0.93427193 -0.32957759,
          0.035366796 0.94009829 -0.33906418,
          0.16150178 0.92886746 -0.3333503,
          -0.087493658 0.94007945 -0.32953829,
          -0.076876968 0.93861997 -0.33627743,
          -0.18520504 0.92462695 -0.33281255,
          -0.19931152 0.9228881 -0.32947326,
          0.42970303 0.86639565 -0.25438923,
          0.39426318 0.86224657 -0.31794238,
          0.38969761 0.86408854 -0.3185699,
          0.27887583 0.9058876 -0.31874114,
          0.25950143 0.90747821 -0.33036685,
          0.29418358 0.92700326 -0.23263927,
          0.18767658 0.95593327 -0.22576369,
          0.15542446 0.97718871 -0.14472574,
          0.048345592 0.99243653 -0.11283798,
          0.049833171 0.99796158 -0.039867956,
          0.016345881 0.99755466 0.067951992,
          -0.067459755 0.99542129 -0.067717612,
          -0.054747425 0.99825454 0.022151541,
          -0.014324667 0.99904901 0.041183047,
          0.33220232 0.93560404 -0.11952754,
          0.19648662 0.97119111 -0.13483641,
          0.053051416 0.98924798 -0.13628639,
          -0.092018403 0.98649395 -0.13550784,
          -0.22754787 0.96441764 -0.1346128,
          -0.35848817 0.92361271 -0.13574141,
          -0.48276734 0.86706012 -0.12305498,
          -0.50907403 0.84083432 -0.18395977,
          -0.62555689 0.77197343 -0.11285199,
          -0.61628574 0.76734537 -0.17712432,
          -0.7225672 0.6739226 -0.15402952,
          -0.68444598 0.69500989 -0.22021586,
          -0.79126197 0.5822168 -0.18689074,
          -0.7564382 0.60511804 -0.24826114,
          -0.85584319 0.47511798 -0.20443916,
          -0.83159107 0.50727397 -0.22611834,
          -0.91749972 0.35917532 -0.17084299,
          -0.72784972 0.63182086 -0.26652801,
          -0.66040796 0.69575983 -0.28245303,
          -0.54030609 0.78415132 -0.30524749,
          -0.56071782 0.79301071 -0.23817949,
          -0.5252037 0.7956329 -0.3018764,
          -0.62800008 0.72241157 -0.28937423,
          -0.74876469 0.6546244 -0.10401156,
          -0.835437 0.54356205 -0.081149802,
          -0.81442976 0.56494045 -0.1324628,
          -0.89766896 0.42805201 -0.10469921,
          -0.8815763 0.44756436 -0.15003133,
          -0.94838595 0.29950681 -0.10421055,
          -0.93479043 0.32389811 -0.14579734,
          -0.98696595 0.14615791 -0.067351691,
          -0.98325014 0.1622079 -0.083112709,
          -0.9984768 -0.049409159 0.024553124,
          -0.95557934 -0.25638151 0.14538455,
          -0.91291887 0.40234226 -0.068555668,
          -0.95733172 0.28551033 -0.044718891,
          -0.96041512 0.27026886 -0.067510478,
          -0.99093956 0.13235903 -0.022803122,
          -0.99362808 0.10882401 -0.029335903,
          -0.99908775 -0.041797228 0.008764701,
          -0.9995743 -0.028125213 0.0077590221,
          -0.98138338 -0.18436234 0.05382555,
          -0.99873412 -0.047122661 0.017597547,
          -0.97306651 -0.21290044 0.088402197,
          -0.99000466 0.13303515 -0.046824154,
          -0.98189026 -0.18641981 0.033751648,
          -0.93895596 -0.3370347 0.069059759,
          -0.92922074 -0.35216653 0.11192679,
          -0.87304211 -0.47661948 0.10310831,
          -0.85372865 -0.49354258 0.16602135,
          -0.7861498 -0.59921074 0.15137699,
          -0.76686585 -0.60209352 0.22226153,
          -0.65701878 -0.70792007 0.25918251,
          -0.70902908 -0.6300661 0.31669319,
          -0.57999581 -0.71934986 0.38228342,
          -0.81882256 -0.51952064 0.24418834,
          -0.91124982 -0.37663463 0.16664366,
          -0.87141919 -0.42408803 0.24653192,
          -0.687729 -0.70857841 0.15794174,
          0.64087421 0.73844308 -0.20971912,
          0.6545105 0.74125886 -0.14883329,
          0.6763438 0.73315066 -0.071057476,
          0.59435427 0.79680043 -0.10886739,
          0.59715605 0.80151463 -0.03128735,
          0.5014686 0.85982943 -0.096034177,
          0.48082361 0.87641168 -0.026668943,
          0.40840152 0.91043061 -0.065759294,
          0.4038201 0.91474319 0.013197593,
          0.35276681 0.93567985 0.0076666735,
          0.34589928 0.93523759 0.075394765,
          0.3054595 0.94331586 0.12980647,
          0.37848765 0.91587484 0.13386726,
          0.34846225 0.90711427 0.23604606,
          0.44959426 0.87636977 0.17274584,
          0.41153267 0.86068565 0.29976836,
          0.49609989 0.84124184 0.2149352,
          0.45077291 0.82719666 0.33548394,
          0.48949149 0.79164243 0.36565056,
          0.39424434 0.80304164 0.44687313,
          0.44185156 0.75209546 0.48899859,
          0.37046221 0.71782631 0.58947712,
          0.41304854 0.66780019 0.61922038,
          0.33194199 0.60519069 0.72357368,
          0.3904427 0.57219142 0.72121537,
          0.33052903 0.42973602 0.84028417,
          0.4496845 0.49120799 0.74598831,
          0.47844097 0.38799503 0.78775251,
          0.54777253 0.43271971 0.71603,
          0.52353787 0.30365786 0.79605281,
          0.59664845 0.30424199 0.74259508,
          0.62298381 0.1841003 0.76026195,
          0.70194745 0.29122087 0.6499694,
          0.70543599 0.1984791 0.68041611,
          0.77607852 0.27747658 0.56631178,
          0.73040366 0.16927315 0.6617077,
          0.75973439 0.14212449 0.63451111,
          0.64774662 0.071254805 0.75851637,
          0.76356155 0.07169053 0.64174318,
          0.69672185 0.046830434 0.71581119,
          0.69349396 0.058823772 0.7180571,
          0.70771736 0.048644502 0.70481908,
          0.63916725 0.0429742 0.76786619,
          0.60613859 0.023745667 0.79500455,
          0.57502997 0.033287622 0.81745487,
          0.50630486 0.016057156 0.86220503,
          0.45333287 0.020811461 0.89109832,
          0.32458279 0.010504808 0.94579899,
          0.37782159 0.04340563 0.92486042,
          0.21301614 0.021036712 0.9768222,
          0.23613924 0.17968376 0.95496178,
          0.063817941 0.18047233 0.98150754,
          0.095799357 0.30244705 0.94833976,
          -0.084057502 0.30172384 0.94968259,
          0.039410017 0.42293656 0.90530193,
          -0.14676316 0.42085955 0.89517474,
          -0.10571205 0.53873616 0.83581603,
          -0.25801769 0.52005792 0.8142277,
          -0.20732054 0.64097595 0.73903185,
          -0.34688896 0.60541129 0.71634156,
          -0.27336055 0.71158218 0.6472441,
          -0.34695077 0.69947654 0.6247862,
          -0.24115571 0.80983132 0.53480577,
          -0.27731666 0.83445579 0.47621313,
          -0.19080295 0.88767552 0.41907793,
          -0.21470647 0.91946787 0.3293629,
          -0.1197092 0.95509732 0.27103305,
          -0.20459715 0.95647669 0.20806825,
          -0.15678014 0.97329938 0.16765511,
          0.20376334 0.0057764067 0.97900319,
          0.083723515 0.0034233541 0.99648315,
          0.52249593 0.052583933 0.85101873,
          0.509036 0.1647204 0.84483701,
          0.39523026 0.19851358 0.89687538,
          0.27522057 0.30094463 0.91306406,
          0.19355462 0.41744772 0.88784802,
          0.091826484 0.52291554 0.84742385,
          0.012059084 0.63822597 0.76975465,
          -0.049771294 0.6535449 0.7552495,
          0.0081072431 0.73761415 0.67517376,
          -0.08205688 0.73031849 0.67816055,
          -0.018825809 0.82322943 0.56739664,
          -0.063768104 0.82858914 0.55621368,
          0.022212707 0.89618975 0.44311461,
          -0.018519014 0.90218294 0.43095586,
          -0.053491775 0.93758541 0.34361634,
          -0.13819999 0.77795964 0.61292702,
          -0.10503473 0.8613959 0.49695554,
          0.34954104 0.84382761 0.4071562,
          0.32460284 0.76100343 0.56169987,
          0.27657938 0.80178177 0.52976406,
          0.25048891 0.71304464 0.6548456,
          0.19070373 0.74666262 0.63728106,
          0.17518453 0.63573736 0.75176352,
          0.10525611 0.72281617 0.68297726,
          0.23114572 0.53261405 0.81418294,
          0.2906425 0.64907491 0.70301402,
          0.30454427 0.86339134 0.40225384,
          0.23147434 0.84454757 0.48286542,
          0.15073942 0.81506479 0.55941671,
          0.10770854 0.82620174 0.55298251,
          0.0644743 0.86418563 0.49902534,
          0.2791419 0.94714433 0.15810557,
          0.23717336 0.95029205 0.201727,
          0.2629762 0.90830308 0.32531399,
          0.18683562 0.94281614 0.27602583,
          0.18591233 0.88241333 0.43218428,
          0.14314333 0.89392799 0.42473835,
          0.10432245 0.93432498 0.34081349,
          0.54291457 0.82264912 -0.16879641,
          0.72970659 0.68317765 -0.028224999,
          0.67763245 0.73523843 0.015449311,
          0.74303681 0.66103798 0.1045233,
          0.68495983 0.71882069 0.11885706,
          0.66604334 0.71382713 0.21641894,
          0.61942577 0.76289535 0.18520902,
          0.62469161 0.71447885 0.31508794,
          0.58529204 0.74503291 0.31993631,
          0.57392734 0.69514894 0.43286884,
          0.53446847 0.74241477 0.40393543,
          0.51559234 0.67144632 0.53228223,
          0.4792555 0.71351963 0.51108116,
          0.79081273 0.57826185 0.20057032,
          0.81443113 0.49581429 0.30144659,
          0.82576275 0.40716884 0.39029405,
          0.80305332 0.32338905 0.50052458,
          0.86810189 0.21720414 0.44634238,
          0.81776035 0.16279911 0.5520547,
          0.60276568 0.79716885 0.034574982,
          0.5463686 0.83691376 0.032506596,
          0.50678647 0.85647786 0.098047175,
          0.45177099 0.88892907 0.075551599,
          0.43257031 0.90043819 0.04576005,
          0.5291056 0.84053653 0.11638614,
          0.57844085 0.80345452 0.14095055,
          0.62732238 0.7744745 0.081583798,
          0.54574704 0.79630935 0.26086694,
          0.9989152 0.014105119 0.044379003,
          0.061560906 0 0.99810332,
          0.12288828 0 0.99242049,
          0.22392806 0 0.97460568,
          0.26379633 0 0.96457839,
          0.34199843 0 0.93970054,
          0.38033229 0 0.92484993,
          0.45488447 0 0.89055043,
          0.49110278 0 0.87110162,
          0.57777381 0 0.81619692,
          0.57777387 0 0.81619692,
          0.67369568 0 0.7390089,
          0.74587107 0 0.66609037,
          0.77261794 0 0.6348713,
          0.82207245 0 0.56938297,
          0.84478009 0 0.53511363,
          0.8858121 0 0.46404427,
          0.9041363 0 0.42724413,
          0.93612367 0 0.35167107,
          0.94978678 0 0.31289813,
          0.97224456 0 0.23396695,
          0.98103935 0 0.19380881,
          0.99573416 0 0.092268355,
          0.99573416 0 0.092268363,
          0.99952573 0 -0.030795058,
          0.99952573 0 -0.030795064,
          0.9881655 0 -0.15339166,
          0.96182567 0 -0.27366301,
          0.92872298 0 -0.37077436,
          0.91269898 0 -0.4086327,
          0.86602539 0 -0.5,
          0.7980172 0 -0.60263461,
          0.7179119 0 -0.69613403,
          0.64280534 0 -0.76602966,
          0.61077738 0 -0.79180235,
          0.52643216 0 -0.8502171,
          0.41796032 0 -0.90846527,
          0.32267633 0 -0.94650942,
          0.28350094 0 -0.95897198,
          0.20391569 0 -0.97898853,
          0.16350575 0 -0.98654246,
          0.061560903 0 -0.99810332,
          0.061560906 0 -0.99810332,
          -0.061560906 0 -0.99810332,
          -0.16350575 0 -0.98654246,
          -0.20391566 0 -0.97898853,
          -0.28350097 0 -0.95897198,
          -0.32267633 0 -0.94650942,
          -0.39919856 0 -0.91686445,
          -0.43654546 0 -0.89968216,
          -0.52643216 0 -0.8502171,
          -0.6269238 0 -0.77908069,
          -0.7179119 0 -0.69613403,
          -0.7980172 0 -0.60263461,
          -0.86602539 0 -0.5,
          -0.92090553 0 -0.38978589,
          -0.96182567 0 -0.27366298,
          -0.96182567 0 -0.27366301,
          -0.9881655 0 -0.15339166,
          -0.99952573 0 -0.030795064,
          -0.99573416 0 0.092268363,
          -0.9768483 0 0.21393308,
          -0.9768483 0 0.21393307,
          -0.94978678 0 0.31289813,
          -0.93612367 0 0.35167107,
          -0.9041363 0 0.42724419,
          -0.8858121 0 0.46404427,
          -0.83360237 0 0.55236495,
          -0.83360237 0 0.55236501,
          -0.7594049 0 0.65061831,
          -0.67369568 0 0.7390089,
          -0.57777387 0 0.81619686,
          -0.57777387 0 0.81619692,
          -0.47309357 0 0.8810122,
          -0.38033229 0 0.92484987,
          -0.34199843 0 0.93970054,
          -0.2637963 0 0.96457845,
          -0.22392805 0 0.97460568,
          -0.14326149 0 0.98968494,
          -0.10246318 0 0.99473679,
          -0.061560906 0 0.99810332,
          -0.056070447 0 -0.9984268,
          -0.093346238 -9.3578374e-017 -0.99563378,
          -0.056070447 -3.5153336e-017 -0.9984268,
          -0.1305435 3.8649544e-016 -0.99144262,
          -0.2042349 8.303518e-016 -0.97892189,
          -0.24072903 7.845919e-016 -0.97059238,
          -0.31255519 1.4434531e-016 -0.94989961,
          -0.34788722 -4.0951997e-016 -0.93753642,
          -0.41694489 -4.6236781e-016 -0.90893173,
          -0.45067057 -5.0465635e-016 -0.89269036,
          -0.51609135 -6.1338277e-016 -0.85653359,
          -0.54778647 -6.8686886e-016 -0.83661819,
          -0.6087476 -7.6330787e-016 -0.79336399,
          -0.6380136 -6.1407093e-016 -0.77002519,
          -0.69374847 -4.758971e-016 -0.72021735,
          -0.72021735 3.3867787e-016 -0.69374847,
          -0.77002513 8.4995188e-016 -0.63801354,
          -0.79336399 8.4019702e-016 -0.6087476,
          -0.84672415 -4.6361372e-017 -0.53203207,
          -0.84672415 -3.5390217e-016 -0.53203207,
          -0.89269036 -6.2412093e-016 -0.45067054,
          -0.90893173 -6.3090984e-016 -0.41694489,
          -0.93753642 -5.2075628e-016 -0.34788722,
          -0.94989961 4.6023697e-017 -0.31255519,
          -0.9749279 4.1170312e-016 -0.22252093,
          -0.9749279 7.4404909e-016 -0.22252093,
          -0.99144262 4.3650236e-016 -0.13054352,
          -0.99563378 2.4954234e-016 -0.093346238,
          -0.99982482 6.2582328e-017 -0.01871632,
          -0.99982482 -6.2582328e-017 0.01871632,
          -0.99563378 -2.4954234e-016 0.093346238,
          -0.99144262 -4.3650236e-016 0.13054352,
          -0.97892189 -6.8290644e-016 0.2042349,
          -0.97059238 -3.6188202e-016 0.24072903,
          -0.94989961 -4.6024941e-017 0.31255519,
          -0.93753642 5.2075564e-016 0.34788722,
          -0.90893173 6.3090863e-016 0.41694489,
          -0.89269036 6.2412029e-016 0.45067054,
          -0.85653359 4.8011087e-016 0.51609135,
          -0.83661819 -1.8241373e-016 0.54778647,
          -0.79336399 -8.4019697e-016 0.6087476,
          -0.77002519 -8.4995193e-016 0.6380136,
          -0.72021735 -3.3867787e-016 0.69374847,
          -0.69374847 4.758971e-016 0.72021735,
          -0.6234898 6.4231816e-016 0.7818315,
          -0.6234898 7.8179315e-016 0.7818315,
          -0.53203207 6.4180189e-016 0.84672415,
          -0.53203207 6.6711362e-016 0.84672415,
          -0.45067054 5.046563e-016 0.89269036,
          -0.41694489 4.6236781e-016 0.90893173,
          -0.34788722 4.0951997e-016 0.93753642,
          -0.31255519 3.9191259e-016 0.94989961,
          -0.24072903 3.0184985e-016 0.97059238,
          -0.2042349 2.5608993e-016 0.97892189,
          -0.13054352 1.6368836e-016 0.99144262,
          -0.093346238 1.0166784e-016 0.99563378,
          -0.01871632 2.3468373e-017 0.99982482,
          0.01871632 -7.822791e-018 0.99982482,
          0.093346238 -3.9282248e-017 0.99563378,
          0.1305435 -4.8720286e-017 0.99144262,
          0.2042349 -6.9864978e-017 0.97892189,
          0.24072903 -6.5806632e-017 0.97059238,
          0.31255519 -7.4974599e-017 0.94989961,
          0.34788722 -9.9398033e-017 0.93753642,
          0.43388373 -1.6132302e-016 0.90096885,
          0.4338837 -1.8134877e-016 0.90096885,
          0.53203207 -2.2237084e-016 0.84672415,
          0.53203207 -2.2237018e-016 0.84672415,
          0.6087476 -2.5443597e-016 0.79336399,
          0.6380136 -2.6666818e-016 0.77002519,
          0.69374847 -2.8996347e-016 0.72021735,
          0.72021735 4.4270778e-016 0.69374847,
          0.77002513 1.0677666e-015 0.63801354,
          0.79336399 1.0580117e-015 0.6087476,
          0.83661819 2.9619853e-016 0.54778647,
          0.85653359 -2.3589346e-016 0.51609135,
          0.89269036 -1.2210871e-016 0.45067054,
          0.90893173 0 0.41694489,
          0.9438833 0 0.33027905,
          0.9749279 0 0.22252093,
          0.99144262 0 0.13054352,
          0.99563378 0 0.093346238,
          0.99982482 0 0.01871632,
          0.99982482 0 -0.01871632,
          0.99563378 0 -0.093346238,
          0.99144262 0 -0.13054352,
          0.9749279 0 -0.22252096,
          0.9749279 0 -0.22252093,
          0.9438833 0 -0.33027905,
          0.90893173 0 -0.41694489,
          0.89269036 1.2210871e-016 -0.45067054,
          0.84672415 -2.2218542e-016 -0.53203213,
          0.84672415 3.5390217e-016 -0.53203207,
          0.7818315 -7.1560933e-016 -0.62348986,
          0.7818315 -1.7579979e-015 -0.6234898,
          0.72021735 -4.4270783e-016 -0.69374847,
          0.69374847 2.8996347e-016 -0.72021735,
          0.6234898 2.605976e-016 -0.7818315,
          0.6234898 2.6059773e-016 -0.7818315,
          0.54778647 2.289561e-016 -0.83661819,
          0.51609135 2.1570777e-016 -0.85653359,
          0.43388373 1.6132304e-016 -0.90096885,
          0.4338837 1.8134749e-016 -0.90096885,
          0.33027905 9.629048e-017 -0.9438833,
          0.33027905 6.9022763e-017 -0.9438833,
          0.24072903 6.5805943e-017 -0.97059238,
          0.2042349 6.9863377e-017 -0.97892189,
          0.11196449 3.6545941e-017 -0.99371225,
          0.11196449 4.6796023e-017 -0.99371225,
          0.056070447 1.1717779e-017 -0.9984268,
          0.056070447 0 -0.9984268,
          0.50060731 0.8655405 0.015231973,
          0.85191524 0.10270091 0.51351058,
          0.72999537 0.36154431 0.57999349,
          0.65608609 0.39511949 0.6429866,
          0.62577111 0.35901996 0.69247037,
          0.65667385 0.47256503 0.58776009,
          0.6304487 0.53616065 0.56130773,
          0.68368202 0.55228359 0.47703433,
          0.65221041 0.60244584 0.46008772,
          0.69478077 0.61897314 0.36626756,
          0.66100955 0.66777474 0.34226215,
          0.70185339 0.66168576 0.26376858,
          0.61387855 0.64879066 0.4496932,
          0.59189856 0.56289709 0.57689077,
          0.55634546 0.61480623 0.55901074,
          0.53366011 0.52866954 0.66008741,
          0.45752072 0.60801053 0.64884365,
          0.4927496 0.56480861 0.66195863,
          0.71275258 0.50144881 0.49044153,
          0.72972804 0.57188773 0.37475511,
          0.73859245 0.62515229 0.25232095,
          0.7728917 0.56766462 0.28354058,
          0.76438481 0.52507079 0.3741878,
          0.7919594 0.46643418 0.3940044,
          0.74608314 0.47227633 0.46937728,
          0.77581996 0.41633311 0.47409925,
          0.38713104 0.30534118 0.86999786,
          -0.1444703 0.88748318 0.43760929,
          -0.20086557 0.78722507 0.58303493,
          0.035822179 0.020869059 0.99914026,
          -0.070150428 0.0025014856 0.99753332,
          -0.11232507 0.18101396 0.97704506,
          -0.12782533 0.022838857 0.9915337,
          -0.27411756 0.17796019 0.94508719,
          -0.26909193 0.031955905 0.96258426,
          -0.43625817 0.15918736 0.8856287,
          -0.41111776 0.042718943 0.91058081,
          -0.56805164 0.074479409 0.81961596,
          -0.51545149 0.02897151 0.85642892,
          -0.60551959 0.03521917 0.79505074,
          -0.46959814 0.019256502 0.88267028,
          -0.46960968 0.026063303 0.88248938,
          -0.35699275 0.012847479 0.93401879,
          -0.39679742 0.0078498889 0.91787261,
          -0.21419202 0.0051473379 0.97677803,
          -0.25318679 0.29676384 0.92077559,
          -0.43838966 0.27889425 0.85441941,
          -0.58027148 0.17755778 0.79483229,
          -0.67828387 0.085869268 0.72976542,
          -0.71751046 0.049896952 0.6947583,
          -0.71917236 0.049545269 0.69306314,
          -0.80196267 0.063901715 0.59394652,
          -0.81291479 0.060055375 0.57927787,
          -0.88094378 0.072027594 0.46770728,
          -0.88858932 0.070115611 0.4533132,
          -0.93945372 0.073521182 0.33469582,
          -0.95084536 0.075283282 0.30037594,
          -0.97798097 0.06229081 0.1991809,
          -0.98454589 0.057867296 0.16529034,
          -0.9976458 0.025737442 0.06356442,
          -0.9940362 0.022082588 0.1067915,
          -0.99864256 -0.029033707 -0.043244217,
          -0.31553242 0.41014689 0.85569787,
          -0.48261097 0.38926935 0.78457373,
          -0.59262073 0.27355605 0.75760657,
          -0.61162394 0.3557114 0.70667219,
          -0.70244956 0.263567 0.66113323,
          -0.72412682 0.33886224 0.60067689,
          -0.80370337 0.22699553 0.55003083,
          -0.82174355 0.28756249 0.491981,
          -0.87574965 0.21231519 0.43357226,
          -0.88225979 0.25827983 0.39358506,
          -0.9336341 0.1689816 0.31586823,
          -0.93773174 0.20652704 0.2792953,
          -0.97375655 0.1267527 0.18902874,
          -0.97559613 0.14580356 0.16417557,
          -0.99462581 0.065951638 0.079811789,
          -0.99589401 0.066366382 0.061567616,
          -0.99889886 -0.040514506 -0.023657558,
          -0.99971956 -0.020873236 -0.011187955,
          -0.98720723 -0.14446124 -0.067474678,
          -0.99877232 -0.046741616 -0.016402368,
          -0.9719739 -0.22757269 -0.058970302,
          -0.98397022 -0.17497174 -0.034460831,
          -0.92200208 -0.38593516 -0.031083779,
          -0.9721992 -0.23411551 -0.0043325829,
          -0.88248605 -0.46852741 0.041236188,
          -0.94449693 -0.32197556 0.06524843,
          -0.80351007 -0.57098192 0.16837806,
          -0.80842888 -0.54515302 0.22192539,
          -0.58071107 -0.72570169 0.36896044,
          -0.57905537 -0.69374448 0.42826805,
          -0.3493118 -0.75547618 0.55428976,
          -0.37235597 -0.72060442 0.5848763,
          -0.20001538 -0.7038976 0.68155861,
          -0.99576885 -0.091140665 0.011742939,
          -0.99896723 -0.045074999 -0.0057262313,
          -0.99988514 -0.014849594 -0.0030583895,
          -0.995511 0.081832483 0.047553655,
          -0.99336022 0.088907897 0.073013857,
          -0.97406572 0.18523003 0.12994535,
          -0.97076446 0.17605805 0.16315617,
          -0.93551219 0.27152425 0.22603473,
          -0.93739295 0.23905236 0.25327569,
          -0.87997568 0.34867811 0.32259324,
          -0.88238549 0.30394357 0.35918552,
          -0.82067454 0.39965194 0.4083769,
          -0.80883634 0.35234508 0.47078311,
          -0.71969199 0.48106113 0.50062323,
          -0.70926321 0.41578615 0.56926936,
          -0.60543239 0.53757435 0.58691186,
          -0.59151596 0.44595981 0.67173564,
          -0.4651798 0.58673042 0.66283882,
          -0.43520623 0.48902133 0.7559455,
          -0.43074882 0.6734125 0.6008088,
          -0.50304711 0.64947438 0.57019889,
          -0.39862379 0.76799631 0.50127906,
          -0.43090627 0.79031909 0.4355635,
          -0.31472594 0.85668117 0.40871128,
          -0.34360757 0.86719131 0.36043468,
          -0.27387869 0.92698342 0.25630486,
          -0.3685101 0.87756616 0.30672121,
          -0.34999576 0.91738808 0.18947843,
          -0.4175005 0.87863815 0.23170747,
          -0.41386941 0.90314156 0.11422558,
          -0.4372167 0.8891378 0.1351871,
          -0.48412094 0.85741776 0.17453298,
          -0.5617705 0.80953884 0.17047216,
          -0.50714028 0.81843817 0.27012539,
          -0.59423703 0.73517179 0.32619759,
          -0.57291245 0.72403914 0.38410774,
          -0.64285415 0.64959937 0.40590546,
          -0.64002842 0.58782601 0.49479723,
          -0.73181313 0.54133195 0.41401604,
          -0.79549223 0.48979574 0.35678038,
          -0.57708907 0.61831731 0.53352791,
          -0.54970723 0.7084673 0.44260156,
          -0.50967079 0.72001612 0.47096974,
          -0.45879531 0.80463254 0.37692639,
          -0.49699301 0.79336417 0.35152712,
          -0.63824987 0.72336447 0.26340261,
          -0.6763041 0.63864952 0.36706904,
          -0.99209231 0.12303893 0.024787843,
          -0.96457708 0.25376207 0.072082229,
          -0.92151654 0.36596799 0.12990266,
          -0.8593725 0.47332451 0.19350132,
          -0.78815222 0.55900508 0.25754508,
          -0.72780979 0.60875386 0.31577161,
          -0.86832142 0.41725156 0.2681773,
          -0.92734307 0.3242448 0.18681589,
          -0.96509105 0.23503627 0.11557344,
          -0.99069506 0.12476444 0.054380968,
          -0.70440722 0.18609452 0.68496674,
          -0.80123985 0.15209147 0.57869065,
          -0.78642201 0.08661449 0.61158669,
          -0.86761391 0.10155629 0.48675722,
          -0.87812704 0.161906 0.45019922,
          -0.93434101 0.12660715 0.33313283,
          -0.92864472 0.091680609 0.35946298,
          -0.96810144 0.083708555 0.23616202,
          -0.97291607 0.10481754 0.20602819,
          -0.99369532 0.051142901 0.099769965,
          -0.99456364 0.056748409 0.087308869,
          -0.99932396 -0.027754406 -0.024109114,
          -0.99898523 -0.020794487 -0.039951533,
          -0.98259979 -0.14687058 -0.1136958,
          -0.98690969 -0.09398187 -0.13105994,
          -0.90987295 -0.36255625 -0.20170356,
          -0.93415356 -0.24346362 -0.26092675,
          -0.76608241 -0.59300554 -0.24791603,
          -0.86833125 -0.3493605 -0.35206252,
          -0.79675239 -0.46112758 -0.39057261,
          -0.88876772 -0.24825664 -0.38530582,
          -0.86118054 -0.24262959 -0.4466531,
          -0.91591901 -0.22958851 -0.32921353,
          -0.97378951 -0.13434315 -0.18353739,
          -0.99974084 -0.017509533 -0.01454745,
          -0.98539919 -0.14146452 -0.094743051,
          -0.92545658 -0.34210622 -0.1627681,
          -0.76771009 -0.62240112 -0.15244034,
          -0.75603831 -0.62538296 -0.19313766,
          -0.49364343 -0.86898881 -0.034272801,
          -0.45119321 -0.88771564 -0.091573276,
          -0.20482539 -0.96962041 0.13372657,
          -0.18679655 -0.97762114 0.096767418,
          -0.025473375 -0.96416634 0.26407257,
          -0.048906896 -0.98344278 0.17449476,
          0.044215102 -0.95141959 0.3047061,
          0.022268552 -0.98215693 0.1867402,
          0.079565078 -0.95770568 0.27653092,
          0.042313065 -0.98462939 0.16945425,
          0.058397047 -0.97349662 0.22112018,
          -0.074478455 -0.98718822 -0.14111145,
          -0.012211169 -0.99989301 -0.008054438,
          -0.22800525 -0.74022132 -0.63252354,
          -0.095288694 -0.95534319 -0.27971318,
          -0.28680483 -0.47880068 -0.82975471,
          -0.17103614 -0.76648945 -0.61906421,
          -0.18728234 -0.63202101 -0.75198054,
          0.032127533 -0.98284876 0.18159372,
          -0.10262617 -0.83618647 -0.53875792,
          -0.0015019155 -0.99927062 0.038157482,
          -0.01254853 -0.99946249 0.030285764,
          0.038703442 -0.94304049 0.33041897,
          0.0054209665 -0.95170248 0.3069742,
          0.041166138 -0.92711294 0.37251455,
          0.0066447207 -0.92053235 0.39060986,
          0.011418675 -0.90849304 0.41774398,
          -0.014369551 -0.91015607 0.41401628,
          -0.017786138 -0.88666648 0.46206728,
          -0.046317302 -0.91767144 0.3946313,
          -0.043730736 -0.89290011 0.44812605,
          -0.053055983 -0.93253624 0.35715717,
          -0.050092995 -0.90871412 0.41440243,
          -0.025197109 -0.95140731 0.30690274,
          -0.021768395 -0.93507034 0.35379308,
          0.05755911 -0.96696723 0.24831721,
          0.039512757 -0.95289117 0.30072761,
          0.2316587 -0.95981252 0.1584112,
          0.079223752 -0.94945729 0.30373418,
          0.28318223 -0.94369489 0.17101988,
          0.091773771 -0.93784332 0.33470505,
          0.29513198 -0.93307632 0.2055864,
          0.098759897 -0.92412794 0.36909899,
          0.32715598 -0.9163273 0.23089696,
          0.085256413 -0.902233 0.42273751,
          0.23111688 -0.90738326 0.35105667,
          0.086611696 -0.87413269 0.4779022,
          0.25938764 -0.88409889 0.38869935,
          0.062265918 -0.82525665 0.56131488,
          0.23247474 -0.84167236 0.48738402,
          0.044437122 -0.77090877 0.63539356,
          0.16031396 -0.78483886 0.59860462,
          0.063949689 -0.7162239 0.69493443,
          0.22089837 -0.75745958 0.61437684,
          0.15386447 -0.69233048 0.70498526,
          0.37733218 -0.71342272 0.59046465,
          0.26117635 -0.69611454 0.66873872,
          0.41787559 -0.68708682 0.5943836,
          0.37545115 -0.70148385 0.60576969,
          0.52283621 -0.67059964 0.52624941,
          0.49615607 -0.7074976 0.50326568,
          0.63427329 -0.64249438 0.42999813,
          0.62006956 -0.69602871 0.362019,
          0.7301293 -0.60926688 0.30936241,
          0.77579743 -0.5940882 0.2125971,
          0.83286482 -0.50173575 0.23366125,
          0.87058586 -0.46521235 0.16018078,
          0.92939496 -0.34015605 0.1432445,
          0.94255942 -0.31995708 0.095964447,
          0.9844653 -0.16759388 0.052348956,
          0.98646611 -0.16062313 0.032936879,
          0.99649906 -0.081918038 0.016705101,
          0.99679887 -0.079496063 0.0085175792,
          0.9959172 -0.086313002 0.026437961,
          0.98061764 -0.18012457 0.077098861,
          0.9032678 -0.37431154 0.20975749,
          0.77092642 -0.54129291 0.33567017,
          0.99484491 -0.093634978 0.038939193,
          0.97145152 -0.2069521 0.11598609,
          0.86738217 -0.41677824 0.27192664,
          0.68602729 -0.59096277 0.42441693,
          0.9925698 -0.10721305 0.057538178,
          0.96953321 -0.21026559 0.12567352,
          0.84150684 -0.45224404 0.29553604,
          0.60581821 -0.63413221 0.4804796,
          0.63016868 -0.64434981 0.43324459,
          0.61165816 -0.67768168 0.40819353,
          0.8389008 -0.48297614 0.25095701,
          0.84944504 -0.48888716 0.19857608,
          0.96166539 -0.25401455 0.10332609,
          0.96786821 -0.24135147 0.070573576,
          0.99171954 -0.12212928 0.039709006,
          0.99254054 -0.11924659 0.025368501,
          0.99060142 -0.12384715 0.058057766,
          0.94746101 -0.2839424 0.14729036,
          0.96611154 -0.22466996 0.1270902,
          0.83284116 -0.47225088 0.28871223,
          0.9910388 -0.11769918 0.063158087,
          0.057668183 -0.93923569 0.33839428,
          0.039474372 -0.91534054 0.40074131,
          0.00913567 -0.88277549 0.46970639,
          -0.015097039 -0.86760801 0.49701962,
          -0.040990885 -0.87725377 0.47827357,
          -0.044497278 -0.89512324 0.4435927,
          -0.011195679 -0.92370659 0.38293695,
          -0.16776173 -0.4045909 -0.89897847,
          -0.093377165 -0.64321399 -0.75997138,
          -0.06342648 -0.78978848 -0.61009121,
          -0.019569855 -0.97452372 -0.22342896,
          -0.027578672 -0.51809752 -0.85487682,
          -0.023405662 -0.79312021 -0.60861522,
          -0.0027978029 -0.99908286 -0.042727292,
          0.00091444229 -0.99847609 0.055178974,
          -0.28667563 -0.71226221 -0.64070249,
          -0.15159117 -0.95900071 -0.23945311,
          -0.34146556 -0.56208104 -0.75330347,
          -0.3422043 -0.68189991 -0.64645869,
          -0.43898749 -0.34256679 -0.83062506,
          -0.43921354 -0.53401625 -0.72243911,
          -0.55034554 -0.37250549 -0.74723458,
          -0.42711443 -0.655967 -0.62231869,
          -0.42781296 -0.58022606 -0.69304681,
          -0.10404751 -0.98819321 -0.11246467,
          -0.34692955 -0.82900435 -0.43862477,
          0.0022087982 -0.9977659 0.066771187,
          -0.43903008 -0.76046395 -0.47848421,
          -0.093408309 -0.99559355 -0.0082673207,
          -0.55893588 -0.65192497 -0.51243013,
          -0.18381193 -0.97618806 -0.11519545,
          -0.41421172 -0.85234648 -0.31927139,
          -0.32116294 -0.93120509 -0.17237005,
          -0.67064333 -0.51572841 -0.53316212,
          -0.46661982 -0.84175307 -0.27151039,
          -0.73639292 -0.41827813 -0.53176022,
          -0.74849582 -0.45972481 -0.47791961,
          -0.78280246 -0.26818806 -0.5615117,
          -0.80024838 -0.33943921 -0.49435157,
          -0.72337759 -0.3297697 -0.60661095,
          -0.65891522 -0.35580775 -0.66274554,
          -0.58096194 -0.44767362 -0.67975849,
          -0.17796434 -0.98381031 0.021117974,
          -0.42500386 -0.88914788 -0.16966939,
          -0.60976392 -0.73569721 -0.29485187,
          -0.97494495 -0.20245923 -0.092155173,
          -0.9289785 -0.35805526 -0.093784392,
          -0.90196633 -0.42816481 -0.055960644,
          -0.78428769 -0.61978287 0.027606532,
          -0.70097148 -0.69878393 0.14261827,
          -0.56963992 -0.76244313 0.30690518,
          -0.34594631 -0.79809111 0.49332717,
          -0.16441947 -0.74321336 0.64853692,
          -0.048734166 -0.65926987 0.75032544,
          -0.10870136 -0.66012329 0.74325055,
          -0.0066848858 -0.60320705 0.79755658,
          -0.077118158 -0.63739753 0.76666629,
          -0.027764196 -0.6055057 0.79535651,
          -0.12024187 -0.66643423 0.7358039,
          -0.06618014 -0.64719462 0.75944674,
          -0.14942832 -0.70838434 0.6898281,
          -0.060277563 -0.69807458 0.71348339,
          -0.18146561 -0.77469355 0.60573941,
          -0.10621031 -0.77992135 0.61679983,
          -0.22146897 -0.83007467 0.51178861,
          -0.1244375 -0.84055507 0.52724057,
          -0.24524042 -0.88869721 0.38739431,
          -0.13511039 -0.9000361 0.41434318,
          -0.16894874 -0.94889307 0.26656762,
          -0.032630201 -0.92256278 0.38446504,
          -0.035915039 -0.96125865 0.27329826,
          0.067946471 -0.96209985 0.26409701,
          -0.044490561 -0.98852247 0.14437449,
          0.085579321 -0.98938799 0.11742096,
          -0.0080709932 -0.99780506 0.065726385,
          0.098822691 -0.99284416 0.067041129,
          0.22471102 -0.97225291 0.065033913,
          0.21897115 -0.96370608 0.15271622,
          0.20303324 -0.93643641 0.28611949,
          0.071764685 -0.9062795 0.41654208,
          0.18774091 -0.89253712 0.41003761,
          0.1381643 -0.83220088 0.53698438,
          0.2466868 -0.8334794 0.49442673,
          0.17555633 -0.77818131 0.60300404,
          0.2911036 -0.77028269 0.56738281,
          0.12652287 -0.70752245 0.69527262,
          0.24158022 -0.71633947 0.65459663,
          0.14220148 -0.67595232 0.7230956,
          0.224354 -0.69315141 0.68498641,
          0.069066644 -0.63056892 0.77305418,
          0.12019362 -0.66498572 0.73712116,
          0.027629901 -0.62146711 0.78295285,
          0.0497723 -0.65287697 0.75582695,
          -0.005563294 -0.64591444 0.76338959,
          -0.0033506562 -0.71708357 0.69697922,
          0.010692435 -0.77601457 0.63062435,
          0.015861327 -0.81812614 0.5748201,
          0.0082657607 -0.85258073 0.52253026,
          0.019330051 -0.88925809 0.45699725,
          0.0062563131 -0.89730144 0.44137418,
          -0.0016176669 -0.91117197 0.41202316,
          0.35152578 -0.71154511 0.6083858,
          0.38348889 -0.75466585 0.532368,
          0.47532383 -0.7644791 0.4354755,
          0.37470931 -0.80701745 0.45641619,
          0.41588929 -0.83971864 0.34915429,
          0.29140896 -0.88728899 0.35749006,
          0.44856101 -0.86572099 0.22208163,
          0.30552995 -0.92148292 0.23983493,
          0.3460485 -0.93128306 0.11385239,
          0.34011096 -0.93833023 0.06213605,
          0.46140897 -0.88532019 0.057532787,
          0.49243566 -0.86462194 0.099679768,
          0.60963255 -0.79116893 0.048988435,
          0.60003203 -0.79174846 0.11443738,
          0.718696 -0.69196463 0.068272099,
          0.69667798 -0.69709581 0.16940264,
          0.81570768 -0.57357365 0.075062104,
          0.80306071 -0.58067381 0.133834,
          0.87644434 -0.46958187 0.10648096,
          0.94959831 -0.30806077 0.057979289,
          0.98755509 -0.15643597 0.016211959,
          0.99688476 -0.0787898 0.0035995282,
          0.98334163 -0.18155386 0.008806535,
          0.95701933 -0.28882006 0.026400309,
          0.94542241 -0.32540914 0.016892748,
          0.89733642 -0.43929747 0.042486273,
          0.89384019 -0.44773981 0.024057962,
          0.8217265 -0.56897724 0.032100607,
          0.72118825 -0.69152075 0.041068368,
          0.6408276 -0.71321285 0.28402025,
          0.5396232 -0.7817297 0.31257901,
          0.56308329 -0.79744822 0.21682611,
          -0.020696433 -0.84978408 0.52672464,
          -0.14050554 -0.98821133 0.060800456,
          -0.19149359 -0.97414988 0.11984242,
          -0.28470278 -0.95671844 0.06028479,
          -0.31289494 -0.94103968 0.12861231,
          -0.32040244 -0.91376716 0.24974383,
          -0.019234661 -0.73710304 0.67550665,
          -0.010340269 -0.66403627 0.74762887,
          -0.029372394 -0.6323778 0.77410311,
          -0.0031393149 -0.57119519 0.82080829,
          -0.0054995879 -0.57412785 0.81874722,
          0.002889001 -0.53499949 0.84484744,
          0.01686828 -0.54155219 0.84049785,
          0.0046097678 -0.5642795 0.82557094,
          0.023659859 -0.59613305 0.80253696,
          0.004983379 -0.62912822 0.77728564,
          0.025725937 -0.65265721 0.75721639,
          0.0036692007 -0.69700098 0.71706086,
          0.022137195 -0.71075189 0.70309436,
          0.004473547 -0.75068325 0.66064709,
          0.021714568 -0.76084161 0.64857417,
          0.0063833436 -0.78262496 0.62246078,
          0.025614465 -0.79881513 0.60103106,
          0.0058836183 -0.81159174 0.58419549,
          0.027665144 -0.8188678 0.57331508,
          0.0062370063 -0.83031309 0.5572623,
          0.029350039 -0.84418488 0.53524804,
          0.0068021086 -0.84808153 0.52982217,
          0.031668123 -0.85447717 0.51852286,
          0.012425115 -0.86693698 0.49826294,
          0.035782121 -0.87851471 0.47637329,
          0.036924854 -0.88935328 0.45572731,
          0.050850522 -0.90496498 0.42243642,
          0.04790527 -0.92291665 0.38200778,
          -0.016282633 -0.84865409 0.52869749,
          -0.012455612 -0.82825857 0.56020761,
          -0.013890069 -0.8124271 0.58289731,
          -0.012924822 -0.78237945 0.62266791,
          -0.012488354 -0.75124401 0.65990639,
          -0.01452206 -0.70727473 0.70678961,
          -0.013274288 -0.65323061 0.75704265,
          -0.029134823 -0.71584725 0.69764882,
          -0.030066358 -0.65633088 0.75387383,
          -0.021346193 -0.73776335 0.6747219,
          -0.021954356 -0.66768676 0.74411857,
          -0.024885705 -0.78840446 0.61465371,
          -0.033779327 -0.80933672 0.58637279,
          -0.024556689 -0.85129482 0.52411282,
          -0.032616775 -0.79513395 0.60555601,
          -0.032739904 -0.82572711 0.56311882,
          -0.028874062 -0.76677436 0.641267,
          -0.034169763 -0.86481941 0.50091904,
          -0.039387647 -0.87991405 0.47349742,
          -0.034840267 -0.84325898 0.53637731,
          -0.040361729 -0.86341625 0.50287503,
          -0.012559031 -0.58969337 0.80752957,
          -0.028444296 -0.59539694 0.80292803,
          -0.024814498 -0.60352242 0.79695982,
          -0.0093060713 -0.58209407 0.81306815,
          -0.010343354 -0.53738499 0.8432737,
          -0.021346584 -0.55230075 0.83337158,
          -0.00070625747 -0.56266242 0.82668644,
          0.004214427 -0.57706594 0.81668669,
          0.026152581 -0.60003686 0.79954475,
          0.076550141 -0.6596998 0.74762046,
          0.01571626 -0.66821098 0.74380589,
          0.039812829 -0.75386536 0.65582162,
          0.053207945 -0.84311628 0.53509229,
          0.095685504 -0.7364381 0.6697039,
          0.057622436 -0.67574936 0.7348758,
          0.019873336 -0.56151813 0.8272258,
          0.023622248 -0.62401104 0.78105837,
          -0.0038823995 -0.65138602 0.75873655,
          0.0087906402 -0.70170879 0.71240968,
          -0.036909617 -0.70973611 0.70350015,
          -0.033384725 -0.76498723 0.6431796,
          -0.15802804 -0.79182076 0.58995515,
          -0.14083749 -0.83428788 0.53303719,
          -0.32773373 -0.83872354 0.43489474,
          -0.22882687 -0.88541806 0.40456524,
          -0.46166101 -0.84243083 0.27781186,
          -0.29141569 -0.90666199 0.30502614,
          -0.54039747 -0.8262918 0.15878421,
          -0.27514157 -0.92267197 0.27013609,
          -0.52434874 -0.84481323 0.10653189,
          -0.27418971 -0.93385559 0.22963832,
          -0.52848911 -0.84666824 0.062065277,
          -0.26510283 -0.94453961 0.19381803,
          -0.5233081 -0.8518346 0.022944791,
          -0.27170303 -0.95256531 0.13710141,
          -0.55784261 -0.82893121 -0.041043852,
          -0.047518253 -0.95640284 0.28815904,
          0.028820647 -0.93045402 0.36527348,
          -0.76695323 -0.64164424 -0.0086836033,
          -0.77662098 -0.62792867 -0.050650142,
          -0.91095322 -0.39632756 -0.11440632,
          -0.92605019 -0.350568 -0.13976091,
          -0.77884078 -0.62113887 -0.087141261,
          -0.77946132 -0.61417252 -0.12341865,
          0.032951906 -0.66432697 0.74671537,
          0.026692297 -0.73459625 0.67797929,
          0.0044586649 -0.76909512 0.63911891,
          0.024912894 -0.78475654 0.61930323,
          -0.0024222441 -0.81982201 0.57261324,
          0.02363353 -0.82641459 0.56256592,
          -0.012786279 -0.85910809 0.51163447,
          0.0040845685 -0.87355 0.48671725,
          -0.10739902 -0.90160906 0.41900674,
          -0.082668334 -0.9205693 0.38173041,
          -0.079894148 -0.86095786 0.50236285,
          -0.032985266 -0.80742985 0.58904076,
          0.035921533 -0.8348493 0.54930532,
          0.02929277 -0.87097394 0.49045515,
          -0.0056532891 -0.9001146 0.43561658,
          0.016961772 -0.90368813 0.42785516,
          -0.075347573 -0.93441993 0.34811226,
          -0.063180625 -0.94618148 0.31740952,
          0.012121656 -0.92598951 0.37735465,
          0.040276017 -0.9003585 0.43328094,
          0.043582708 -0.86846912 0.49382383,
          -0.019566186 -0.95753473 0.28765336,
          -0.020623388 -0.92472601 0.38007444,
          -0.05722731 -0.93288112 0.35560915,
          -0.066614427 -0.93659198 0.34403217,
          -0.04974883 -0.96222275 0.26767963,
          0.029650109 -0.97744149 0.20911485,
          0.22761719 -0.9683398 0.10251048,
          0.55414051 -0.83075929 -0.052605148,
          0.51324856 -0.85819417 0.0088705355,
          0.78030652 -0.61380076 -0.11987669,
          0.56820554 -0.82281083 0.011171689,
          0.80382574 -0.58714789 -0.09550748,
          0.57223302 -0.8185848 0.049683157,
          0.80132031 -0.59520811 -0.060108662,
          0.59731477 -0.79937607 0.06490726,
          0.79189014 -0.61035478 -0.019419745,
          0.49194586 -0.84852201 0.19493483,
          0.74909306 -0.65974957 0.059917245,
          0.5010339 -0.82698953 0.25505564,
          0.73524523 -0.66586465 0.12664412,
          0.4842703 -0.80564231 0.34120792,
          0.69275868 -0.68815607 0.21570033,
          0.58624667 -0.72476536 0.36198089,
          0.87000346 -0.475425 0.13063289,
          0.39936972 -0.75774258 0.51607168,
          0.31990442 -0.79839814 0.51011914,
          0.97436464 -0.22258694 0.032689057,
          0.90455008 -0.42426276 0.042312767,
          0.99429303 -0.1065176 0.0059511811,
          0.98086184 -0.19454637 -0.0078598261,
          0.99586827 -0.089839377 -0.013237563,
          0.9861564 -0.16278718 -0.031557333,
          0.99667281 -0.076794863 -0.027313124,
          0.98865598 -0.14186482 -0.049333263,
          0.99707699 -0.066210993 -0.038127676,
          0.9834612 -0.16676925 -0.070654877,
          0.98988205 -0.12301454 -0.070717268,
          0.93916112 -0.32496935 -0.11122692,
          0.94061416 -0.31184557 -0.13415438,
          0.93644595 -0.33975363 -0.08738675,
          0.93199319 -0.35729569 -0.06106272,
          0.92096674 -0.38934752 -0.015124478,
          0.99726403 -0.055204358 -0.049162861,
          0.98449546 -0.14687698 -0.095895104,
          0.94068354 -0.30137765 -0.15583946,
          0.79177958 -0.58670425 -0.16989182,
          0.54951984 -0.82860112 -0.10699597,
          0.20322919 -0.9782514 0.041497458,
          0.032076236 -0.99138653 0.12698039,
          -0.027441125 -0.99012423 0.13748085,
          -0.052849256 -0.96941996 0.23964962,
          0.094380878 -0.98279083 -0.15879111,
          0.055371139 -0.99070013 -0.12428694,
          0.26679337 -0.72466987 -0.63535422,
          0.27780876 -0.60394949 -0.74703902,
          0.37885243 -0.42386445 -0.82268447,
          0.24183536 -0.46495488 -0.8516646,
          0.33194208 -0.69103366 -0.64209574,
          0.40235221 -0.55710655 -0.72646058,
          0.12474483 -0.97148561 -0.20162933,
          0.39259359 -0.65673947 -0.64386612,
          0.19973291 -0.94587153 -0.25580043,
          0.50579584 -0.38094401 -0.77398461,
          0.47415519 -0.60043699 -0.64393508,
          0.53860247 -0.47273919 -0.69744188,
          0.26863953 -0.9168002 -0.29548326,
          0.57003975 -0.52515113 -0.63187891,
          0.38600826 -0.82346958 -0.41580704,
          0.61816287 -0.48157907 -0.62125379,
          0.12713464 -0.99064565 -0.04957968,
          0.42173162 -0.83912092 -0.34353843,
          0.17900427 -0.97989529 -0.088105969,
          0.72417277 -0.48170084 -0.49349597,
          0.49172837 -0.84068203 -0.22684106,
          0.85779667 -0.3041209 -0.41436142,
          0.76233292 -0.56582725 -0.31414679,
          0.94362092 -0.16447438 -0.28727645,
          0.9243263 -0.29601344 -0.24082547,
          0.97882271 -0.13124318 -0.15710312,
          0.99044538 -0.084713474 -0.108819,
          0.99708474 -0.043085139 -0.062974438,
          0.0084254062 -0.99805605 0.061750494,
          0.63174677 -0.30032334 -0.71463418,
          0.71853846 -0.33126098 -0.61152977,
          0.66624475 -0.44787124 -0.59626275,
          0.81976008 -0.29648793 -0.48998809,
          0.90899795 -0.19202532 -0.36993107,
          0.96420032 -0.10163154 -0.24492623,
          0.9861961 -0.050019186 -0.15784635,
          -0.044313289 -0.96437395 0.26080495,
          0.040871486 -0.99474287 -0.09389504,
          0.023537051 -0.9955278 -0.09148968,
          0.15608315 -0.76860005 -0.62039679,
          0.15326791 -0.64955723 -0.74470419,
          0.11215264 -0.4688642 -0.8761211,
          0.21399461 -0.74454546 -0.63234353,
          0.012874426 -0.99847901 -0.053608477,
          0.0073183137 -0.99674475 -0.080289245,
          0.065256074 -0.79020566 -0.6093576,
          0.041236598 -0.66017872 -0.74997574,
          0.10508258 -0.78381467 -0.61203939,
          0.020173056 -0.79193896 -0.61026698,
          0.15968269 -0.98708248 -0.013027067,
          0.51086146 -0.84551996 -0.15529543,
          0.78404266 -0.57843643 -0.22514112,
          0.94180286 -0.28041968 -0.18539755,
          0.99021357 -0.10633288 -0.090390228,
          0.98350769 -0.12888256 -0.12689349,
          0.93536878 -0.28315905 -0.21191075,
          0.75061959 -0.6013304 -0.27381015,
          -0.45928755 0.88702977 0.047257926,
          -0.36802092 0.92574263 0.086955369,
          -0.30094072 0.94095623 0.15503591,
          -0.27770618 0.95149231 0.13244507,
          -0.36684188 0.75115514 0.54881066,
          -0.97093248 0.052211337 0.23358953,
          -0.96125126 0.035428774 0.27338779,
          -0.93719268 0.062703468 0.3431302,
          -0.90439856 0.048708651 0.42389953,
          -0.8433668 0.055872686 0.53442556,
          -0.75794208 0.047609307 0.65058219,
          -0.63749367 0.034354877 0.76968926,
          -0.54183507 0.018979508 0.84027052,
          -0.5189029 0.018897619 0.85462427,
          0.74097002 0.040206764 0.67033339,
          0.72136182 0.034727264 0.69168723,
          -0.11615031 0.99305677 0.018638097,
          -0.17011534 0.98497385 0.029787038,
          -0.25036949 0.96814728 0.0024427562,
          -0.33948523 0.93843025 -0.064019598,
          -0.2087408 0.97549736 -0.069514021,
          0.95086932 0.30856669 -0.025183555,
          0.95431077 0.2950514 -0.047283381,
          0.94277453 0.32314432 -0.082183354,
          0.93370527 0.33809254 -0.11784708,
          0.91144449 0.37706676 -0.1645893,
          0.91494417 0.3675046 -0.16678621,
          0.90796846 0.39762548 -0.13223927,
          0.92895615 0.36232758 -0.075889029,
          0.92976832 0.36632478 -0.036565643,
          0.93833107 0.34471393 0.026593205,
          0.92028075 0.36974218 0.12796092,
          0.95513827 0.28119102 0.092965171,
          0.96210706 0.23299767 0.14164087,
          0.970101 0.1789875 0.16391307,
          0 0 -1,
          -1.0119064e-015 -1 -8.6396207e-016,
          -1.0082369e-015 -1 -8.3053243e-016,
          -1.0041126e-015 -1 -8.5804056e-016,
          -1.0010371e-015 -1 -8.6387493e-016,
          -1.0062397e-015 -1 -8.7101711e-016,
          -1.0131408e-015 -1 -8.4439439e-016,
          -9.9909527e-016 -1 -8.6620342e-016,
          -1.0136086e-015 -1 -8.5545558e-016,
          -9.8990115e-016 -1 -8.6554893e-016,
          -9.7959074e-016 -1 -8.8050081e-016,
          -1.0184464e-015 -1 -8.6258108e-016,
          -1.0340513e-015 -1 -8.6030421e-016,
          -1.0275251e-015 -1 -8.5789953e-016,
          -1.0025585e-015 -1 -8.559899e-016,
          -1.006787e-015 -1 -8.5852321e-016,
          -9.996181e-016 -1 -8.5248927e-016,
          -9.8101249e-016 -1 -8.4124607e-016,
          -9.8847686e-016 -1 -8.5029895e-016,
          -1.0144018e-015 -1 -8.8710952e-016,
          -1.0134515e-015 -1 -8.7221381e-016,
          -9.9978348e-016 -1 -8.465719e-016,
          -1.0021992e-015 -1 -8.4490997e-016,
          -9.9762842e-016 -1 -8.6748038e-016,
          -1.0046961e-015 -1 -8.6541594e-016,
          -1.0113732e-015 -1 -8.3213814e-016,
          -1.0009826e-015 -1 -8.5135128e-016,
          -9.8494124e-016 -1 -8.7258179e-016,
          -1.0015395e-015 -1 -8.6188308e-016,
          -1.0204877e-015 -1 -8.4472282e-016,
          -1.0128479e-015 -1 -8.4900013e-016,
          -9.7549163e-016 -1 -8.5681898e-016,
          -1.0044624e-015 -1 -8.6160588e-016,
          -1.0120694e-015 -1 -8.5190762e-016,
          -1.0003619e-015 -1 -8.582933e-016,
          -1.0219572e-015 -1 -8.5994411e-016,
          -9.8847411e-016 -1 -8.4222974e-016,
          -9.8412692e-016 -1 -8.4042731e-016,
          -1.0022701e-015 -1 -8.6289258e-016,
          -1.0129492e-015 -1 -8.7532014e-016,
          -1.0127328e-015 -1 -8.7800217e-016,
          0 1 0,
          0 -1 0 ]
      normalBinding PER_VERTEX_INDEXED
      materialBinding OVERALL

    }
    coordIndex [ 789, 896, 787, 897, -1, 897, 896, 895,
        894, 892, 893, 890, -1, 892, 890, 891,
        889, -1, 890, 888, 889, 886, -1, 888,
        887, 886, 885, 884, 882, 883, 880, -1,
        882, 881, 880, 879, 878, 876, 877, 874,
        -1, 876, 875, 874, 873, 872, 155, 871,
        870, 869, 867, 868, 865, -1, 867, 866,
        865, 864, 863, 862, 861, 860, 859, 858,
        857, 856, 855, 853, 854, 851, -1, 853,
        852, 851, 850, 849, 848, 847, 846, 845,
        844, 843, 842, 841, 840, 839, 838, 837,
        836, 835, 833, 834, 831, -1, 833, 832,
        831, 830, 829, 828, 827, 826, 825, 824,
        823, 822, 821, 820, 819, 818, 817, 816,
        815, 814, 813, 811, 812, 810, -1, 811,
        809, 810, 808, -1, 809, 807, 808, 805,
        -1, 807, 806, 805, 804, 803, 802, 801,
        800, 799, 798, 797, 796, 795, 794, 793,
        792, 791, 790, 788, 789, 787, -1, 686,
        685, 786, 785, 784, 783, 782, 781, 779,
        780, 777, -1, 779, 777, 778, 775, -1,
        777, 776, 775, 773, 774, 771, -1, 773,
        772, 771, 770, 769, 768, 767, 765, 766,
        763, -1, 765, 764, 763, 761, 762, 759,
        -1, 761, 760, 759, 757, 758, 755, -1,
        757, 756, 755, 753, 754, 751, -1, 753,
        752, 751, 749, 750, 747, -1, 749, 748,
        747, 745, 746, 744, -1, 745, 743, 744,
        742, -1, 743, 741, 742, 740, -1, 741,
        739, 740, 737, -1, 739, 738, 737, 735,
        736, 734, -1, 735, 733, 734, 732, -1,
        733, 731, 732, 729, -1, 731, 730, 729,
        727, 728, 726, -1, 727, 725, 726, 723,
        -1, 725, 724, 723, 721, 722, 719, -1,
        721, 720, 719, 718, 717, 715, 716, 713,
        -1, 715, 714, 713, 711, 712, 709, -1,
        711, 710, 709, 708, 707, 706, 705, 704,
        703, 702, 701, 700, 699, 697, 698, 695,
        -1, 697, 696, 695, 694, 693, 692, 691,
        690, 689, 687, 688, 686, -1, 687, 685,
        686, -1, 93, 95, 269, 270, 268, 1502,
        1503, 305, 303, 304, 302, 311, 313, 312,
        314, 480, 481, 483, 484, 475, 473, 474,
        472, 477, 470, 468, 469, 467, 1500, 465,
        1499, 348, 346, 347, 345, 1488, 1490, 1489,
        1013, 1015, 1014, 1016, 1031, 1032, 1029, 1023,
        1025, 1024, 1026, 1034, 1040, 1033, 355, 1020,
        353, 1019, 1018, 1016, 1017, 1015, 1488, 1489,
        -1, 1018, 1017, 353, 1487, 351, 349, 350,
        348, 434, 465, 466, 467, 468, -1, 348,
        349, 347, 1487, 1488, 1017, -1, 269, 268,
        267, 266, 265, 264, 263, 262, 261, 260,
        259, 258, 257, 256, 255, 254, 253, 252,
        251, 250, 249, 248, 247, 246, 245, 244,
        243, 242, 241, 240, 239, 238, 237, 234,
        235, 154, -1, 235, 236, 237, 239, -1,
        236, 241, 239, -1, 234, 238, 232, 272,
        230, 278, 228, 277, 1495, 594, 224, 595,
        596, 593, 592, 277, 591, 899, 675, 674,
        587, 673, 900, 923, 922, 921, 920, 671,
        919, 670, 918, 660, 909, 662, 908, 664,
        910, 666, 912, 668, 914, 575, 577, 576,
        578, 643, 623, 624, 604, 606, 605, 607,
        955, 1006, 956, 1004, 958, 960, 959, 961,
        1045, 1046, 943, 1047, 944, 946, 945, 947,
        205, 203, -1, 205, 206, 945, 936, 944,
        943, -1, 277, 593, 594, 595, -1, 224,
        596, 222, 597, 220, 598, 599, 600, 601,
        602, 603, 604, 605, -1, 604, 602, 623,
        622, 578, 924, 580, 582, 581, 583, 902,
        585, 901, 900, 903, 916, 905, 917, 907,
        918, 909, -1, 909, 908, 907, 906, 905,
        904, 903, 581, 901, 902, -1, 908, 910,
        906, 911, 904, 581, -1, 910, 912, 911,
        913, 581, 579, 580, 578, -1, 578, 579,
        577, 914, -1, 918, 917, 919, 920, -1,
        917, 916, 920, 922, -1, 916, 900, 922,
        -1, 900, 585, 587, 586, 588, 590, 589,
        591, 675, -1, 675, 587, 589, 588, -1,
        591, 590, 592, 596, -1, 602, 600, 622,
        621, 924, 582, -1, 600, 598, 621, 620,
        582, 584, 583, 585, -1, 585, 584, 586,
        590, -1, 220, 599, 218, 216, -1, 224,
        226, 1495, 228, -1, 240, 242, 238, 271,
        272, 273, 274, 275, 276, 277, 278, -1,
        278, 272, 276, 274, -1, 277, 275, 899,
        273, 674, 280, 282, 281, 283, 1513, 1512,
        250, 252, -1, 250, 1513, 248, 1514, 246,
        244, -1, 1513, 281, 1514, 279, 244, 271,
        242, -1, 281, 280, 279, 271, -1, 271,
        280, 273, -1, 674, 282, 673, 672, 923,
        921, -1, 921, 672, 671, 284, 286, 285,
        287, 1511, 289, 1510, 291, 1509, 293, 1508,
        1507, 258, 260, -1, 258, 1508, 256, 1509,
        254, 1510, 252, 1512, -1, 1510, 1511, 1512,
        283, -1, 1511, 285, 283, 284, 282, 672,
        -1, 671, 286, 670, 288, 660, 290, 659,
        658, 555, 292, 294, 293, 295, 1507, 297,
        1506, 1505, 262, 264, -1, 262, 1506, 260,
        1507, -1, 293, 292, 291, 290, 289, 288,
        287, 286, -1, 290, 292, 658, -1, 268,
        1503, 266, 264, -1, 95, 97, 270, 1501,
        1502, 305, -1, 97, 98, 1501, 307, 305,
        306, 304, 309, 311, 310, 312, 414, 480,
        416, 483, 418, 475, 420, 474, 422, 476,
        424, 478, 426, 428, 427, 429, 514, 513,
        505, 512, 507, 511, 509, 445, 447, 446,
        448, 462, 463, 368, 370, 369, 371, 982,
        984, 983, 985, 1204, 1205, 1348, 1346, 1347,
        1345, 1373, 1372, 1374, 1292, 1294, 1293, 1295,
        1308, 1307, 1325, 1306, 1326, 1163, 1164, 1102,
        1104, 1103, 1105, 1397, 1398, 1434, 1433, 1480,
        1481, 1486, 1485, 1461, 1463, 1462, 236, 1466,
        156, 158, -1, 236, 235, 156, 154, -1,
        236, 1463, 241, 1484, 1483, 1482, 1431, 1432,
        1401, 1399, 1400, 1107, 1109, 1108, 1110, 1250,
        1249, 1323, 1319, 1321, 1320, 1309, 1310, 1291,
        1289, 1290, 1288, 1371, 1286, 1343, 1342, 1208,
        1210, 1209, 1211, 379, 381, 380, 382, 460,
        384, 548, 386, 546, 388, 552, 390, 392,
        145, 143, -1, 145, 147, 390, 391, 389,
        1277, 387, 1219, 1217, 1218, 1216, 1278, 1214,
        1279, 1280, 1281, 1282, 1283, 1284, 1285, 1286,
        1287, 1288, 1289, -1, 1286, 1342, 1284, 1282,
        -1, 1342, 1210, 1282, 1212, 1280, 1214, -1,
        1210, 1211, 1212, 1213, 1214, 1215, 1216, 1217,
        -1, 1211, 381, 1213, 383, 1215, 385, 1217,
        387, -1, 381, 382, 383, 384, 385, 386,
        387, 388, 389, 390, -1, 147, 149, 391,
        1276, 1277, 1221, 1219, 1220, 1218, 1274, 1278,
        1338, 1337, 1341, 1334, 1335, 1330, 1239, 1241,
        1240, 1242, 1124, 1122, 1123, 1121, 1417, 1119,
        1412, 1410, 1411, 1409, 1429, 1428, 1421, 1422,
        247, 245, -1, 247, 1421, 249, 1420, 251,
        1418, 253, 1155, 255, 1154, 257, 1156, 1157,
        1158, 1148, 1149, 1146, 1129, 1131, 1130, 1132,
        1253, 1271, 1272, 1263, 1273, 1261, 1257, 1260,
        1259, 80, 78, -1, 78, 1259, 76, 1227,
        1226, 1224, 1225, 1223, 1221, 1222, 1220, 1274,
        -1, 1223, 1224, 1222, 1229, 1274, 1339, 1338,
        1231, 1340, 1233, 1235, 1234, 1236, 1252, 1251,
        1130, 1128, 1129, 1127, 1149, 1125, 1150, 1151,
        1152, 1153, 1154, 1155, -1, 1154, 1152, 1156,
        1158, -1, 1152, 1150, 1158, 1149, -1, 1130,
        1252, 1253, 1234, 1254, 1232, 1255, 1256, 1257,
        1258, 1259, 1227, -1, 1257, 1273, 1255, 1272,
        1254, 1253, -1, 1234, 1233, 1232, 1231, 1230,
        1229, 1228, 1224, 1227, -1, 1231, 1339, 1229,
        -1, 1227, 1258, 1228, 1256, 1230, 1232, -1,
        1338, 1340, 1341, 1235, 1336, 1237, 1239, 1238,
        1240, 1126, 1124, 1125, 1123, 1416, 1417, 1414,
        1412, 1413, 1411, 1419, 1429, 1420, 1421, -1,
        1420, 1419, 1418, 1415, 1155, 1153, -1, 1419,
        1413, 1415, 1414, 1153, 1151, -1, 1414, 1416,
        1151, 1125, -1, 1125, 1126, 1127, 1128, -1,
        1126, 1238, 1128, 1251, -1, 1251, 1238, 1236,
        1237, 1235, -1, 1239, 1335, 1336, 1341, -1,
        76, 1226, 74, 72, -1, 1226, 1225, 72,
        153, -1, 80, 82, 1260, 1261, -1, 257,
        1157, 259, 1147, 261, 1144, 263, 1141, 265,
        1139, 267, 1140, 269, 1268, 93, 91, -1,
        1157, 1148, 1147, 1145, 1144, 1142, 1141, 1137,
        1139, 1138, 1140, 1267, 1268, 1269, 91, 89,
        -1, 1148, 1146, 1145, 1143, 1142, 1135, 1137,
        1136, 1138, 1266, 1267, 1270, 1269, 89, -1,
        89, 1270, 87, 85, -1, 1146, 1131, 1143,
        1133, 1135, 1134, 1136, 1266, -1, 1131, 1132,
        1133, 1134, -1, 1132, 1271, 1134, 1263, 1265,
        1264, 1266, 1270, -1, 1134, 1265, 1266, -1,
        1270, 1264, 85, 1262, 84, 82, -1, 82,
        1262, 1261, 1263, -1, 1264, 1263, 1262, -1,
        1278, 1337, 1279, 1333, 1281, 1283, -1, 1337,
        1334, 1333, 1332, 1331, 1328, 1327, 1314, 1312,
        1313, 1311, 1322, 1310, 1320, -1, 1310, 1289,
        1311, 1312, -1, 1289, 1287, 1312, 1327, -1,
        1287, 1285, 1327, 1331, -1, 1285, 1283, 1331,
        1333, -1, 1334, 1330, 1332, 1329, 1328, 1316,
        1314, 1315, 1313, 1317, 1322, 1318, 1320, 1319,
        -1, 149, 151, 1276, 1275, 1221, 1225, -1,
        1225, 1275, 153, 151, -1, 241, 1483, 243,
        1430, 1424, 1426, 1425, 1403, 1405, 1404, 1406,
        1113, 1408, 1115, 1117, 1116, 1118, 1246, 1245,
        1315, 1244, 1316, 1243, 1329, 1330, -1, 1330,
        1241, 1243, 1242, 1122, -1, 1243, 1122, 1244,
        1120, 1245, 1118, -1, 1122, 1121, 1120, 1119,
        1118, 1117, -1, 1119, 1410, 1117, 1408, -1,
        1410, 1409, 1408, 1407, 1406, 1405, -1, 1409,
        1428, 1407, 1427, 1405, 1425, -1, 1428, 1422,
        1427, 1423, 1425, 1424, -1, 1422, 245, 1423,
        1424, -1, 1424, 245, 243, -1, 1315, 1246,
        1317, 1247, 1318, 1319, -1, 1246, 1116, 1247,
        1114, 1248, 1112, 1249, 1110, -1, 1249, 1319,
        1248, 1247, -1, 1116, 1115, 1114, 1113, 1112,
        1111, 1110, 1109, -1, 1113, 1404, 1111, 1402,
        1109, 1400, -1, 1400, 1402, 1401, 1403, 1426,
        -1, 1404, 1403, 1402, -1, 1401, 1426, 1431,
        1430, 1483, -1, 1463, 1485, 1484, 1482, -1,
        1485, 1481, 1482, 1432, -1, 1481, 1433, 1432,
        1399, -1, 1433, 1398, 1399, 1107, -1, 1398,
        1105, 1107, 1106, 1108, 1165, 1250, 1324, 1323,
        1325, 1321, 1308, 1309, 1293, 1291, 1292, 1290,
        1372, 1371, 1345, 1343, 1344, 1208, 1206, 1207,
        987, 377, 375, 376, 374, 456, 454, 455,
        453, 527, 451, 526, 525, 524, 523, 522,
        521, 520, 519, 518, 517, 402, 502, 403,
        404, 122, 120, -1, 122, 124, 403, 402,
        -1, 124, 125, 402, 401, 518, 400, 528,
        529, 530, 531, 532, 533, 534, 535, 536,
        537, 526, 527, -1, 526, 524, 536, 538,
        534, 532, -1, 532, 538, 530, 522, 520,
        -1, 524, 522, 538, -1, 530, 520, 528,
        518, -1, 125, 127, 401, 400, -1, 127,
        129, 400, 399, 529, 531, -1, 129, 131,
        399, 398, 531, 397, 533, 539, 535, 540,
        541, 542, 543, 544, 545, 546, 547, 548,
        459, 460, 380, -1, 546, 544, 552, 393,
        392, 143, -1, 143, 393, 141, 394, 139,
        395, 137, 396, 135, 397, 133, 398, 131,
        -1, 397, 396, 539, 395, 540, 394, 542,
        393, 544, -1, 535, 541, 537, 550, 527,
        551, 455, 457, 456, 458, 376, 380, 378,
        379, 377, 1207, -1, 378, 377, 376, -1,
        379, 1209, 1207, 1208, -1, 380, 458, 459,
        457, 547, 549, 545, 543, -1, 457, 551,
        549, 550, 543, 541, -1, 1345, 1346, 1344,
        1206, -1, 1346, 1205, 1206, 987, -1, 1205,
        985, 987, 986, 375, 373, 374, 372, 454,
        464, 452, 463, 450, 448, 449, 447, 510,
        509, 508, 507, 506, 505, 504, 503, 502,
        501, 500, 425, 499, 423, 498, 421, 497,
        419, 496, 417, 495, 415, 494, 413, 411,
        412, 106, 104, -1, 106, 108, 411, 410,
        494, 409, 495, 408, 496, 407, 497, 406,
        498, 405, 499, 500, -1, 108, 110, 410,
        409, -1, 110, 112, 409, 408, -1, 112,
        114, 408, 407, -1, 114, 116, 407, 406,
        -1, 116, 118, 406, 405, -1, 118, 120,
        405, 404, 500, 502, -1, 502, 517, 504,
        519, 506, 521, 508, 523, 510, 525, 449,
        451, 450, 452, -1, 451, 453, 452, 454,
        -1, 505, 514, 503, 501, -1, 514, 427,
        501, 425, -1, 427, 426, 425, 424, 423,
        422, 421, 420, 419, 418, 417, 416, 415,
        414, 413, 310, 412, 308, 104, 102, -1,
        310, 309, 308, 306, 102, 100, -1, 306,
        307, 100, 98, -1, 463, 464, 370, 372,
        371, 373, 984, 986, 985, -1, 1325, 1324,
        1326, 1164, -1, 1324, 1165, 1164, 1104, -1,
        1165, 1106, 1104, 1105, -1, 474, 476, 477,
        478, 479, 428, 430, 429, 431, 513, 515,
        516, 441, 443, 442, 444, 439, 461, 364,
        366, 365, 367, 988, 369, 980, 982, 981,
        983, 1203, 1204, 1350, 1348, 1349, 1347, 1382,
        1373, 1375, 1374, 1376, 1294, 1383, 1296, 1298,
        1297, 1299, 1306, 1162, 1163, 1100, 1102, 1101,
        1103, 1396, 1397, 1435, 1434, 1479, 1480, 1457,
        1486, 1459, 1461, 1460, 1462, 1466, -1, 1466,
        158, 1460, 160, 1458, 162, 1456, 164, 1465,
        1452, 1454, 1453, 1455, 1479, 1457, -1, 1479,
        1453, 1435, 1464, 1436, 1446, 1444, 1445, 1443,
        168, 170, -1, 1445, 1446, 168, 1447, 1448,
        1449, 1450, 1451, 1452, 1453, -1, 1451, 1449,
        1453, 1464, -1, 1464, 1449, 1446, 1447, -1,
        168, 1448, 166, 1450, 1452, -1, 164, 166,
        1452, -1, 1435, 1436, 1396, 1437, 1395, 1394,
        1099, 1393, 1097, 1095, 1096, 1094, 1160, 1159,
        1305, 1077, 1304, 1364, 1390, 1389, 1386, 1388,
        1387, 1359, 1357, 1358, 1356, 1366, 1365, 1199,
        1200, 975, 977, 976, 978, 989, 988, 365,
        -1, 988, 980, 978, 979, 977, 1201, 1200,
        1365, -1, 980, 981, 979, 1202, 1201, 1354,
        1365, 1356, -1, 981, 1203, 1202, 1352, 1354,
        1353, 1355, 1379, 1380, 1378, 1385, 1384, 1386,
        1391, 1390, 1302, 1304, 1303, 1305, 1160, -1,
        1386, 1387, 1385, 1380, -1, 1387, 1357, 1380,
        1355, -1, 1357, 1356, 1355, 1354, -1, 1203,
        1350, 1352, 1351, 1353, 1379, -1, 1350, 1349,
        1351, 1381, 1379, 1377, 1378, 1376, 1383, -1,
        1378, 1383, 1384, 1298, 1391, 1300, 1302, 1301,
        1303, 1161, 1160, 1096, -1, 1298, 1299, 1300,
        1301, -1, 1299, 1162, 1301, 1161, -1, 1376,
        1377, 1375, 1381, 1382, 1349, -1, 1396, 1395,
        1101, 1099, 1100, 1098, 1162, 1161, -1, 1161,
        1098, 1096, 1097, -1, 1099, 1097, 1098, -1,
        1465, 1454, 1456, 1455, 1457, -1, 1456, 1457,
        1458, 1459, 1460, -1, 1306, 1297, 1307, 1295,
        -1, 1297, 1296, 1295, 1294, -1, 369, 367,
        368, 366, 462, 461, 446, 444, 445, 443,
        511, 516, 512, 513, -1, 477, 479, 468,
        466, -1, 479, 430, 466, 432, 434, 433,
        435, 436, 350, 437, 440, 358, 354, 356,
        355, 357, 1039, 1038, 1041, 1042, 995, 993,
        994, 992, 968, 970, 969, 971, 1066, 1067,
        1056, 1058, 1057, 1059, 195, 193, -1, 350,
        434, 435, -1, 355, 1039, 1040, 1027, 1026,
        1001, 1025, 1003, 1028, 1008, 1030, 1010, 1031,
        1014, -1, 1031, 1029, 1030, 1028, -1, 1029,
        1025, 1028, -1, 1039, 1041, 1027, 997, 999,
        998, 1000, 964, 962, 963, 961, 1049, 1046,
        1048, 1047, 946, -1, 961, 960, 962, 1000,
        -1, 1027, 999, 1001, 1000, 1002, 960, 1004,
        -1, 1001, 1002, 1003, 1004, 1005, 1006, 609,
        607, 608, 606, 626, 625, 627, 642, 648,
        647, 654, 646, 652, 645, 566, 636, 568,
        572, 570, 571, 569, 684, 682, 663, 683,
        661, 659, 660, -1, 660, 661, 662, 663,
        664, 665, 666, 667, 668, 669, 575, 573,
        574, 572, 637, 636, 638, 645, 646, -1,
        572, 573, 571, 667, 684, 665, 663, -1,
        573, 669, 667, -1, 575, 574, 576, 644,
        643, 641, 624, 625, 606, -1, 625, 641,
        642, 640, 647, 646, -1, 646, 640, 638,
        639, 637, 644, 574, -1, 644, 639, 641,
        640, -1, 570, 569, 568, 567, 566, 565,
        564, 563, 329, 327, 328, 326, 489, 488,
        491, 469, 1500, -1, 1003, 1005, 1008, 1007,
        1009, 1491, 613, 611, 612, 610, 926, 608,
        634, 628, 630, 629, 631, 649, 656, 655,
        653, 654, 652, -1, 654, 655, 648, 649,
        627, 629, 628, -1, 627, 628, 626, 608,
        -1, 608, 610, 609, 611, 1005, 1007, -1,
        1007, 611, 1491, -1, 1008, 1009, 1010, 1011,
        1012, 1013, 1014, -1, 1012, 1014, 1010, -1,
        1009, 613, 1011, 615, 1013, 617, 1490, 343,
        345, 344, 346, 1499, -1, 1041, 995, 997,
        996, 998, 966, 964, 965, 963, 1049, -1,
        995, 994, 996, 968, 966, 967, 965, 1053,
        1050, 1052, 1051, 950, 948, 949, 947, 203,
        -1, 203, 949, 201, 1493, 199, 1492, 197,
        953, 954, 952, 1054, 1052, 1053, -1, 1052,
        952, 950, 951, 949, 1493, -1, 1493, 951,
        1492, 953, -1, 953, 951, 952, -1, 197,
        954, 195, 1057, -1, 954, 1054, 1057, 1056,
        -1, 947, 946, 948, 1048, 1051, 1050, -1,
        1048, 1049, 1050, 965, -1, 968, 969, 967,
        1055, 1053, 1054, -1, 1054, 1055, 1056, 1066,
        -1, 1066, 1055, 969, -1, 356, 358, 357,
        359, 1038, 1037, 1042, 1043, 993, 1044, 991,
        990, 974, 976, 975, -1, 976, 990, 989,
        1035, 365, 363, 364, 362, 439, 360, 438,
        437, 436, -1, 437, 360, 358, 359, -1,
        439, 438, 442, 436, 441, 433, 515, 431,
        -1, 433, 432, 431, 430, -1, 990, 1044,
        1035, 1036, 363, 361, 362, 360, -1, 360,
        361, 359, 1037, -1, 361, 1036, 1037, 1043,
        -1, 1044, 1043, 1036, -1, 993, 991, 992,
        974, 972, 973, 971, 1198, 1067, 1368, 1068,
        1370, 1069, 1362, 1071, 1361, 1073, 1363, 1075,
        1364, 1077, -1, 1364, 1363, 1389, 1388, -1,
        1363, 1361, 1388, 1359, -1, 1067, 1068, 1058,
        1060, 1059, 1061, 193, 191, -1, 1068, 1069,
        1060, 1070, 1062, 1072, 1196, 1195, 1187, 1185,
        1186, 1184, 1193, 185, 187, -1, 1060, 1062,
        1061, 1063, 191, 1065, 189, 1064, 1192, 1197,
        1191, 1189, 1190, 1188, 187, 1193, -1, 1193,
        1188, 1186, 1187, -1, 1188, 1189, 1187, 1196,
        -1, 1189, 1197, 1196, 1062, -1, 1197, 1064,
        1062, 1063, -1, 1065, 1063, 1064, -1, 1190,
        187, 1191, 1192, -1, 189, 1192, 187, -1,
        1069, 1071, 1070, 1072, -1, 1071, 1073, 1072,
        1074, 1195, 1076, 1078, 1077, 1079, 1159, 1081,
        1088, 1085, 1086, 179, 1087, 177, 1089, 1166,
        1091, 1167, 1168, 175, 1169, 1170, 1171, 1093,
        1168, 1091, -1, 1169, 1168, 1171, -1, 1167,
        175, 1166, 177, -1, 1086, 1088, 1087, 1089,
        -1, 1159, 1094, 1088, 1092, 1090, 1091, 1089,
        -1, 1090, 1089, 1088, -1, 1091, 1092, 1093,
        1094, 1095, -1, 1095, 1393, 1093, 1392, 1170,
        1474, 1478, 1476, 175, 173, -1, 175, 1170,
        1478, -1, 1393, 1394, 1392, 1467, 1473, 1469,
        1477, 1471, 173, 172, -1, 1477, 173, 1473,
        1475, 1474, 1476, -1, 173, 1476, 1475, -1,
        1474, 1392, 1473, -1, 1394, 1437, 1467, 1468,
        1469, 1470, 1471, 172, -1, 1470, 1468, 172,
        1472, 1441, 1439, 1440, 1438, 170, 1442, 1443,
        1444, -1, 1442, 1438, 1444, 1436, -1, 1436,
        1438, 1437, 1439, 1468, 1472, -1, 1440, 170,
        1441, 172, -1, 1077, 1076, 1075, 1074, 1073,
        -1, 971, 970, 972, 992, -1, 974, 975,
        973, 1199, 1198, 1367, 1368, 1369, 1370, 1360,
        1362, 1361, -1, 1361, 1360, 1359, 1358, -1,
        1360, 1369, 1358, 1366, -1, 1369, 1367, 1366,
        1199, -1, 355, 353, 354, 352, 440, 350,
        -1, 350, 352, 351, 353, -1, 154, 234,
        155, 233, -1, 234, 232, 233, 231, -1,
        232, 230, 231, 229, -1, 230, 228, 229,
        227, -1, 228, 226, 227, 225, -1, 226,
        224, 225, 223, -1, 224, 222, 223, 221,
        -1, 222, 220, 221, 219, -1, 220, 218,
        219, 217, -1, 218, 216, 217, 215, -1,
        216, 214, 215, 213, -1, 214, 212, 213,
        211, -1, 212, 210, 211, 209, -1, 210,
        208, 209, 207, -1, 208, 206, 207, 204,
        -1, 206, 205, 204, 203, 202, 201, 200,
        199, 198, 197, 196, 195, 194, 193, 192,
        191, 190, 189, 188, 187, 186, 185, 184,
        183, 182, 181, 180, 179, 178, 177, 176,
        175, 174, 173, 171, 172, 170, -1, 171,
        170, 169, 168, 167, 166, 165, 164, 163,
        162, 161, 160, 159, 158, 157, 156, 155,
        154, -1, 72, 153, 73, 152, -1, 153,
        151, 152, 150, -1, 151, 149, 150, 148,
        -1, 149, 147, 148, 146, -1, 147, 145,
        146, 144, -1, 145, 143, 144, 142, -1,
        143, 141, 142, 140, -1, 141, 139, 140,
        138, -1, 139, 137, 138, 136, -1, 137,
        135, 136, 134, -1, 135, 133, 134, 132,
        -1, 133, 131, 132, 130, -1, 131, 129,
        130, 128, -1, 129, 127, 128, 126, -1,
        127, 125, 126, 123, -1, 125, 124, 123,
        122, 121, 120, 119, 118, 117, 116, 115,
        114, 113, 112, 111, 110, 109, 108, 107,
        106, 105, 104, 103, 102, 101, 100, 99,
        98, 96, 97, 95, -1, 96, 95, 94,
        93, 92, 91, 90, 89, 88, 87, 86,
        85, 83, 84, 82, -1, 83, 82, 81,
        80, 79, 78, 77, 76, 75, 74, 73,
        72, -1, 1, 0, 70, 71, 68, -1,
        70, 68, 69, 66, -1, 68, 67, 66,
        64, 65, 62, -1, 64, 63, 62, 61,
        60, 59, 58, 57, 56, 55, 54, 53,
        52, 51, 50, 49, 48, 47, 46, 45,
        44, 43, 42, 41, 40, 39, 38, 37,
        36, 35, 34, 33, 32, 31, 30, 28,
        29, 27, -1, 28, 26, 27, 24, -1,
        26, 25, 24, 23, 22, 21, 20, 18,
        19, 16, -1, 18, 17, 16, 15, 14,
        13, 12, 11, 10, 9, 8, 7, 6,
        5, 4, 2, 3, 1, -1, 2, 0,
        1, -1, 1085, 179, 1084, 1082, 1083, 1081,
        1085, -1, 1085, 1084, 1083, -1, 1081, 1082,
        1080, 1173, 1179, 1177, 1178, 183, 1180, 1194,
        1182, 185, 1184, -1, 1194, 183, 185, -1,
        1178, 1180, 1179, 1181, 1080, 1078, 1079, -1,
        1081, 1080, 1079, -1, 1180, 1182, 1181, 1183,
        1078, 1195, -1, 1195, 1183, 1185, 1184, -1,
        1184, 1183, 1182, -1, 183, 1177, 1176, 1173,
        1175, 1174, 181, 179, -1, 1175, 181, 1176,
        183, -1, 179, 1174, 1172, 1173, 1082, -1,
        1172, 1082, 179, -1, 344, 1498, 1499, 1500,
        -1, 1500, 1498, 1497, 342, 340, 341, 339,
        616, 633, 925, 635, 926, 634, -1, 634,
        630, 635, 632, 633, 337, 339, 338, 340,
        336, 490, 334, 332, 333, 331, 651, 650,
        566, 564, -1, 650, 564, 331, 329, 330,
        328, 489, -1, 331, 330, 332, 489, 490,
        493, 340, 492, 1496, 491, 1500, -1, 1500,
        1497, 1496, 340, -1, 491, 492, 489, 493,
        -1, 566, 651, 652, 653, -1, 651, 333,
        653, 335, 656, 337, 631, 632, 630, -1,
        333, 334, 335, 336, 337, 338, -1, 926,
        925, 612, 614, 613, 615, -1, 925, 616,
        614, 615, -1, 615, 616, 617, 618, 343,
        341, 342, -1, 341, 618, 616, -1, 343,
        342, 344, 1498, -1, 469, 488, 471, 487,
        486, 322, 485, 320, 482, 318, 316, 317,
        315, 298, 300, 299, 301, 1505, 1504, 264,
        1503, -1, 1504, 1503, 301, 303, 302, -1,
        301, 302, 300, 313, 315, 314, 316, 481,
        482, 484, 485, 486, -1, 484, 473, 486,
        471, -1, 473, 472, 471, 470, 469, -1,
        1505, 299, 297, 298, 296, 317, 553, 319,
        657, 321, 558, 560, 559, 561, 680, 563,
        679, 565, 567, -1, 317, 318, 319, 320,
        321, 322, 323, 324, 325, 326, 327, -1,
        327, 563, 325, 562, 323, 560, 321, -1,
        560, 562, 561, 563, -1, 322, 487, 324,
        326, -1, 326, 487, 488, -1, 297, 296,
        295, 294, -1, 296, 553, 294, 554, 555,
        556, 557, 558, 559, -1, 558, 556, 657,
        554, 553, -1, 555, 557, 659, 676, 683,
        682, -1, 676, 681, 682, 569, -1, 569,
        681, 678, 676, 677, 557, 898, 559, 680,
        -1, 680, 679, 898, 677, -1, 677, 679,
        678, 567, 569, -1, 599, 927, 216, 214,
        -1, 599, 601, 927, 928, 929, 930, 931,
        932, 933, 934, 935, 936, 937, 938, 939,
        210, 212, -1, 935, 937, 933, 939, 931,
        212, 929, 214, 927, -1, 936, 934, 943,
        942, 1045, 957, 959, 958, -1, 958, 957,
        956, 941, 955, 940, 605, 603, -1, 957,
        942, 941, 932, 930, -1, 934, 932, 942,
        -1, 941, 930, 940, 928, 603, 601, -1,
        938, 1494, 210, 208, -1, 208, 1494, 206,
        936, -1, 938, 936, 1494, -1, 590, 584,
        619, 620, 598, -1, 598, 597, 619, 596,
        590, -1, 914, 579, 915, 913, 912, -1,
        915, 912, 914, -1, 1016, 1019, 1021, 1020,
        1022, 1033, 1034, -1, 1034, 1024, 1022, 1023,
        1021, 1032, 1016, -1, 884, 883, 773, 772,
        -1, 883, 880, 772, 770, -1, 880, 878,
        770, 768, -1, 878, 877, 768, 874, 765,
        872, 764, 871, 761, 869, 760, 868, 757,
        865, 756, 863, 753, 861, 752, 859, 749,
        857, 748, 855, 854, -1, 748, 854, 745,
        851, 743, 849, 741, 847, 739, 845, 738,
        843, 735, 841, 733, 839, 731, 837, 730,
        835, 727, 834, 725, 831, 829, -1, 725,
        829, 724, 827, 721, 825, 720, 823, 718,
        821, 715, 819, 714, 817, 711, 815, 710,
        813, 708, 812, 706, 810, 808, -1, 706,
        808, 704, 805, 702, 803, 700, 801, 697,
        799, 696, 797, 694, 795, 692, 793, 690,
        791, 687, 788, 685, 787, 897, -1, 685,
        897, 785, 895, 783, 892, 781, 891, 780,
        889, 777, 886, 776, 884, 773, -1, 776,
        884, 773, 883, 772, 880, 770, 878, 768,
        877, 874, -1, 768, 874, 765, 872, 764,
        871, 761, 869, 760, 868, 757, 865, 756,
        863, 753, 861, 752, 859, 749, 857, 748,
        855, 854, -1, 748, 854, 745, 851, 743,
        849, 741, 847, 739, 845, 738, 843, 735,
        841, 733, 839, 731, 837, 730, 835, 727,
        834, 725, 831, 829, -1, 725, 829, 724,
        827, 721, 825, 720, 823, 718, 821, 715,
        819, 714, 817, 711, 815, 710, 813, 708,
        812, 706, 810, 808, -1, 706, 808, 704,
        805, 702, 803, 700, 801, 697, 799, 696,
        797, 694, 795, 692, 793, 690, 791, 687,
        788, 685, 787, 897, -1, 685, 897, 785,
        895, 783, 892, 781, 891, 780, 889, 777,
        886, 776, 884, -1, 860, 750, 858, 747,
        856, 853, -1, 747, 746, 853, 852, -1,
        746, 744, 852, 850, -1, 744, 742, 850,
        848, -1, 742, 740, 848, 846, -1, 740,
        737, 846, 844, -1, 737, 736, 844, 842,
        -1, 736, 734, 842, 840, -1, 734, 732,
        840, 838, -1, 732, 729, 838, 836, -1,
        729, 728, 836, 833, -1, 728, 726, 833,
        832, -1, 832, 726, 830, 723, 828, 722,
        826, 719, 824, 717, 822, 716, 820, 713,
        818, 712, 816, 709, 814, 707, 811, 705,
        809, 807, -1, 705, 703, 807, 806, -1,
        703, 701, 806, 804, -1, 701, 699, 804,
        802, -1, 699, 698, 802, 800, -1, 698,
        695, 800, 798, -1, 695, 693, 798, 796,
        -1, 693, 691, 796, 794, -1, 691, 689,
        794, 792, -1, 689, 688, 792, 790, -1,
        688, 686, 790, 789, -1, 789, 686, 896,
        786, 894, 784, 893, 782, 890, 779, 888,
        778, 887, 775, 885, 774, 882, 771, 881,
        769, 879, 767, 876, 875, -1, 767, 766,
        875, 873, -1, 766, 763, 873, 155, -1,
        763, 762, 155, 870, -1, 762, 759, 870,
        867, -1, 759, 758, 867, 866, -1, 758,
        755, 866, 864, -1, 755, 754, 864, 862,
        -1, 754, 751, 862, 860, -1, 750, 860,
        751, -1, 159, 157, 1516, 155, 233, -1,
        233, 231, 1516, 229, 227, -1, 227, 225,
        1516, 223, 221, -1, 221, 219, 1516, 217,
        215, -1, 215, 213, 1516, 211, 209, -1,
        209, 207, 1516, 204, 202, -1, 202, 200,
        1516, 198, 196, -1, 196, 194, 1516, 192,
        190, -1, 190, 188, 1516, 186, 184, -1,
        184, 182, 1516, 180, 178, -1, 178, 176,
        1516, 174, 171, -1, 171, 169, 1516, 167,
        165, -1, 165, 163, 1516, 161, 159, -1,
        28, 105, 26, 103, 25, 101, 99, -1,
        25, 99, 23, 96, 21, 94, 18, 92,
        17, 90, 15, 88, 13, 86, 11, 83,
        9, 81, 7, 79, 5, 77, 2, 75,
        0, 73, 152, -1, 0, 152, 71, 150,
        68, 148, 67, 146, 64, 144, 63, 142,
        61, 140, 59, 138, 57, 136, 55, 134,
        53, 132, 51, 130, 49, 128, 126, -1,
        49, 126, 47, 123, 45, 121, 43, 119,
        41, 117, 39, 115, 37, 113, 35, 111,
        33, 109, 31, 107, 28, 105, -1, 38,
        36, 1515, 34, 32, -1, 32, 30, 1515,
        29, 27, -1, 27, 24, 1515, 22, 20,
        -1, 20, 19, 1515, 16, 14, -1, 14,
        12, 1515, 10, 8, -1, 8, 6, 1515,
        4, 3, -1, 3, 1, 1515, 70, 69,
        -1, 69, 66, 1515, 65, 62, -1, 62,
        60, 1515, 58, 56, -1, 56, 54, 1515,
        52, 50, -1, 50, 48, 1515, 46, 44,
        -1, 44, 42, 1515, 40, 38, -1 ]
    materialIndex 0
    normalIndex [ 915, 912, 914, 913, -1, 913, 912, 911,
        910, 908, 909, 906, -1, 908, 906, 907,
        905, -1, 906, 904, 905, 902, -1, 904,
        903, 902, 901, 900, 898, 899, 896, -1,
        898, 897, 896, 895, 894, 893, 893, 891,
        -1, 893, 892, 891, 890, 889, 888, 887,
        886, 885, 884, 884, 883, -1, 884, 883,
        883, 882, 881, 880, 879, 878, 877, 876,
        875, 874, 873, 871, 872, 869, -1, 871,
        870, 869, 868, 867, 866, 865, 864, 863,
        862, 861, 860, 859, 858, 857, 856, 855,
        854, 853, 851, 852, 849, -1, 851, 850,
        849, 848, 847, 846, 845, 844, 843, 842,
        841, 840, 839, 838, 837, 836, 835, 834,
        833, 832, 831, 829, 830, 828, -1, 829,
        827, 828, 826, -1, 827, 825, 826, 823,
        -1, 825, 824, 823, 822, 821, 820, 819,
        818, 817, 816, 815, 814, 813, 812, 811,
        810, 809, 808, 806, 807, 805, -1, 804,
        804, 803, 802, 801, 800, 799, 798, 797,
        797, 795, -1, 797, 795, 796, 794, -1,
        795, 794, 794, 793, 793, 791, -1, 793,
        792, 791, 790, 789, 788, 787, 785, 786,
        784, -1, 785, 784, 784, 783, 783, 782,
        -1, 783, 782, 782, 780, 781, 779, -1,
        780, 779, 779, 778, 778, 777, -1, 778,
        777, 777, 776, 776, 775, -1, 776, 775,
        775, 774, 774, 773, -1, 774, 772, 773,
        771, -1, 772, 770, 771, 769, -1, 770,
        768, 769, 767, -1, 768, 767, 767, 765,
        766, 764, -1, 765, 763, 764, 762, -1,
        763, 761, 762, 760, -1, 761, 760, 760,
        759, 759, 758, -1, 759, 757, 758, 756,
        -1, 757, 756, 756, 755, 755, 754, -1,
        755, 754, 754, 753, 752, 751, 751, 750,
        -1, 751, 750, 750, 748, 749, 746, -1,
        748, 747, 746, 745, 744, 743, 742, 741,
        740, 739, 738, 737, 736, 735, 735, 733,
        -1, 735, 734, 733, 732, 731, 730, 729,
        728, 727, 726, 726, 725, -1, 726, 725,
        725, -1, 274, 272, 270, 271, 269, 1580,
        1581, 312, 310, 311, 309, 321, 323, 322,
        324, 514, 515, 517, 518, 509, 507, 508,
        506, 511, 504, 502, 503, 501, 1578, 499,
        1577, 358, 356, 357, 355, 1559, 1561, 1560,
        1036, 1038, 1037, 1039, 1054, 1055, 1052, 1046,
        1048, 1047, 1049, 1057, 1063, 1056, 365, 1043,
        363, 1042, 1041, 1039, 1040, 1038, 1559, 1560,
        -1, 1041, 1040, 363, 1558, 361, 359, 360,
        358, 468, 499, 500, 501, 502, -1, 358,
        359, 357, 1558, 1559, 1040, -1, 270, 269,
        268, 267, 266, 265, 264, 263, 262, 261,
        260, 259, 258, 257, 256, 255, 254, 253,
        252, 251, 250, 249, 248, 247, 246, 245,
        244, 243, 242, 241, 240, 239, 238, 237,
        236, 235, -1, 236, 724, 238, 240, -1,
        724, 242, 240, -1, 237, 239, 285, 276,
        284, 282, 283, 281, 1572, 628, 630, 629,
        631, 627, 626, 281, 625, 917, 714, 713,
        621, 712, 918, 941, 940, 939, 938, 710,
        937, 709, 936, 699, 927, 701, 926, 703,
        928, 705, 930, 707, 932, 609, 611, 610,
        612, 682, 662, 663, 641, 643, 642, 644,
        978, 1029, 979, 1027, 981, 983, 982, 984,
        1068, 1069, 964, 1070, 965, 967, 966, 968,
        1568, 1567, -1, 1568, 1569, 966, 955, 965,
        964, -1, 281, 627, 628, 629, -1, 630,
        631, 632, 633, 634, 635, 636, 637, 638,
        639, 640, 641, 642, -1, 641, 639, 662,
        661, 612, 942, 614, 616, 615, 617, 920,
        619, 919, 918, 921, 934, 923, 935, 925,
        936, 927, -1, 927, 926, 925, 924, 923,
        922, 921, 615, 919, 920, -1, 926, 928,
        924, 929, 922, 615, -1, 928, 930, 929,
        931, 615, 613, 614, 612, -1, 612, 613,
        611, 932, -1, 936, 935, 937, 938, -1,
        935, 934, 938, 940, -1, 934, 918, 940,
        -1, 918, 619, 621, 620, 622, 624, 623,
        625, 714, -1, 714, 621, 623, 622, -1,
        625, 624, 626, 631, -1, 639, 637, 661,
        660, 942, 616, -1, 637, 635, 660, 659,
        616, 618, 617, 619, -1, 619, 618, 620,
        624, -1, 634, 636, 656, 657, -1, 630,
        1573, 1572, 283, -1, 241, 243, 239, 275,
        276, 277, 278, 279, 280, 281, 282, -1,
        282, 276, 280, 278, -1, 281, 279, 917,
        277, 713, 287, 289, 288, 290, 1591, 1590,
        251, 253, -1, 251, 1591, 249, 1592, 247,
        245, -1, 1591, 288, 1592, 286, 245, 275,
        243, -1, 288, 287, 286, 275, -1, 275,
        287, 277, -1, 713, 289, 712, 711, 941,
        939, -1, 939, 711, 710, 291, 293, 292,
        294, 1589, 296, 1588, 298, 1587, 300, 1586,
        1585, 259, 261, -1, 259, 1586, 257, 1587,
        255, 1588, 253, 1590, -1, 1588, 1589, 1590,
        290, -1, 1589, 292, 290, 291, 289, 711,
        -1, 710, 293, 709, 295, 699, 297, 698,
        697, 589, 299, 301, 300, 302, 1585, 304,
        1584, 1583, 263, 265, -1, 263, 1584, 261,
        1585, -1, 300, 299, 298, 297, 296, 295,
        294, 293, -1, 297, 299, 697, -1, 269,
        1581, 267, 265, -1, 272, 273, 271, 1579,
        1580, 312, -1, 273, 316, 1579, 314, 312,
        313, 311, 319, 321, 320, 322, 448, 514,
        450, 517, 452, 509, 454, 508, 456, 510,
        458, 512, 460, 462, 461, 463, 548, 547,
        539, 546, 541, 545, 543, 479, 481, 480,
        482, 496, 497, 378, 380, 379, 381, 1005,
        1007, 1006, 1008, 1246, 1247, 1404, 1402, 1403,
        1401, 1429, 1428, 1430, 1348, 1350, 1349, 1351,
        1364, 1363, 1381, 1362, 1382, 1199, 1200, 1129,
        1131, 1130, 1132, 1453, 1454, 1495, 1494, 1551,
        1552, 1557, 1556, 1525, 1527, 1526, 234, 1536,
        232, 1535, -1, 234, 233, 232, 231, -1,
        234, 1527, 1528, 1555, 1554, 1553, 1492, 1493,
        1457, 1455, 1456, 1134, 1136, 1135, 1137, 1295,
        1294, 1379, 1375, 1377, 1376, 1365, 1366, 1347,
        1345, 1346, 1344, 1427, 1342, 1399, 1398, 1250,
        1252, 1251, 1253, 389, 391, 390, 392, 494,
        394, 582, 396, 580, 398, 586, 400, 405,
        404, 406, -1, 404, 402, 400, 401, 399,
        1333, 397, 1261, 1259, 1260, 1258, 1334, 1256,
        1335, 1336, 1337, 1338, 1339, 1340, 1341, 1342,
        1343, 1344, 1345, -1, 1342, 1398, 1340, 1338,
        -1, 1398, 1252, 1338, 1254, 1336, 1256, -1,
        1252, 1253, 1254, 1255, 1256, 1257, 1258, 1259,
        -1, 1253, 391, 1255, 393, 1257, 395, 1259,
        397, -1, 391, 392, 393, 394, 395, 396,
        397, 398, 399, 400, -1, 402, 403, 401,
        1332, 1333, 1263, 1261, 1262, 1260, 1328, 1334,
        1394, 1393, 1397, 1390, 1391, 1386, 1284, 1286,
        1285, 1287, 1151, 1149, 1150, 1148, 1473, 1146,
        1468, 1466, 1467, 1465, 1489, 1488, 1479, 1481,
        1480, 1482, -1, 1480, 1479, 1478, 1477, 1476,
        1474, 1189, 1187, 1188, 1186, 1190, 1191, 1192,
        1193, 1180, 1181, 1177, 1156, 1158, 1157, 1159,
        1298, 1325, 1326, 1311, 1327, 1309, 1302, 1307,
        1304, 1306, 1305, -1, 1305, 1304, 1271, 1272,
        1268, 1266, 1267, 1265, 1263, 1264, 1262, 1328,
        -1, 1265, 1266, 1264, 1274, 1328, 1395, 1394,
        1276, 1396, 1278, 1280, 1279, 1281, 1297, 1296,
        1157, 1155, 1156, 1154, 1181, 1152, 1182, 1183,
        1184, 1185, 1186, 1187, -1, 1186, 1184, 1191,
        1193, -1, 1184, 1182, 1193, 1181, -1, 1157,
        1297, 1298, 1279, 1299, 1277, 1300, 1301, 1302,
        1303, 1304, 1272, -1, 1302, 1327, 1300, 1326,
        1299, 1298, -1, 1279, 1278, 1277, 1276, 1275,
        1274, 1273, 1266, 1272, -1, 1276, 1395, 1274,
        -1, 1272, 1303, 1273, 1301, 1275, 1277, -1,
        1394, 1396, 1397, 1280, 1392, 1282, 1284, 1283,
        1285, 1153, 1151, 1152, 1150, 1472, 1473, 1470,
        1468, 1469, 1467, 1475, 1489, 1477, 1479, -1,
        1477, 1475, 1474, 1471, 1187, 1185, -1, 1475,
        1469, 1471, 1470, 1185, 1183, -1, 1470, 1472,
        1183, 1152, -1, 1152, 1153, 1154, 1155, -1,
        1153, 1283, 1155, 1296, -1, 1296, 1283, 1281,
        1282, 1280, -1, 1284, 1391, 1392, 1397, -1,
        1271, 1268, 1270, 1269, -1, 1268, 1267, 1269,
        1329, -1, 1306, 1308, 1307, 1309, -1, 1190,
        1192, 1194, 1179, 1178, 1175, 1174, 1171, 1170,
        1166, 1168, 1167, 1169, 1316, 1317, 1318, -1,
        1192, 1180, 1179, 1176, 1175, 1172, 1171, 1164,
        1166, 1165, 1167, 1315, 1316, 1319, 1318, 1320,
        -1, 1180, 1177, 1176, 1173, 1172, 1162, 1164,
        1163, 1165, 1314, 1315, 1321, 1319, 1320, -1,
        1320, 1321, 1322, 1323, -1, 1177, 1158, 1173,
        1160, 1162, 1161, 1163, 1314, -1, 1158, 1159,
        1160, 1161, -1, 1159, 1325, 1161, 1311, 1313,
        1312, 1314, 1321, -1, 1161, 1313, 1314, -1,
        1321, 1312, 1323, 1310, 1324, 1308, -1, 1308,
        1310, 1309, 1311, -1, 1312, 1311, 1310, -1,
        1334, 1393, 1335, 1389, 1337, 1339, -1, 1393,
        1390, 1389, 1388, 1387, 1384, 1383, 1370, 1368,
        1369, 1367, 1378, 1366, 1376, -1, 1366, 1345,
        1367, 1368, -1, 1345, 1343, 1368, 1383, -1,
        1343, 1341, 1383, 1387, -1, 1341, 1339, 1387,
        1389, -1, 1390, 1386, 1388, 1385, 1384, 1372,
        1370, 1371, 1369, 1373, 1378, 1374, 1376, 1375,
        -1, 403, 1331, 1332, 1330, 1263, 1267, -1,
        1267, 1330, 1329, 1331, -1, 1528, 1554, 1490,
        1491, 1484, 1486, 1485, 1459, 1461, 1460, 1462,
        1140, 1464, 1142, 1144, 1143, 1145, 1291, 1290,
        1371, 1289, 1372, 1288, 1385, 1386, -1, 1386,
        1286, 1288, 1287, 1149, -1, 1288, 1149, 1289,
        1147, 1290, 1145, -1, 1149, 1148, 1147, 1146,
        1145, 1144, -1, 1146, 1466, 1144, 1464, -1,
        1466, 1465, 1464, 1463, 1462, 1461, -1, 1465,
        1488, 1463, 1487, 1461, 1485, -1, 1488, 1481,
        1487, 1483, 1485, 1484, -1, 1481, 1482, 1483,
        1484, -1, 1484, 1482, 1490, -1, 1371, 1291,
        1373, 1292, 1374, 1375, -1, 1291, 1143, 1292,
        1141, 1293, 1139, 1294, 1137, -1, 1294, 1375,
        1293, 1292, -1, 1143, 1142, 1141, 1140, 1139,
        1138, 1137, 1136, -1, 1140, 1460, 1138, 1458,
        1136, 1456, -1, 1456, 1458, 1457, 1459, 1486,
        -1, 1460, 1459, 1458, -1, 1457, 1486, 1492,
        1491, 1554, -1, 1527, 1556, 1555, 1553, -1,
        1556, 1552, 1553, 1493, -1, 1552, 1494, 1493,
        1455, -1, 1494, 1454, 1455, 1134, -1, 1454,
        1132, 1134, 1133, 1135, 1201, 1295, 1380, 1379,
        1381, 1377, 1364, 1365, 1349, 1347, 1348, 1346,
        1428, 1427, 1401, 1399, 1400, 1250, 1248, 1249,
        1010, 387, 385, 386, 384, 490, 488, 489,
        487, 561, 485, 560, 559, 558, 557, 556,
        555, 554, 553, 552, 551, 425, 536, 427,
        429, 428, 430, -1, 428, 426, 427, 425,
        -1, 426, 424, 425, 423, 552, 421, 562,
        563, 564, 565, 566, 567, 568, 569, 570,
        571, 560, 561, -1, 560, 558, 570, 572,
        568, 566, -1, 566, 572, 564, 556, 554,
        -1, 558, 556, 572, -1, 564, 554, 562,
        552, -1, 424, 422, 423, 421, -1, 422,
        420, 421, 419, 563, 565, -1, 420, 418,
        419, 417, 565, 415, 567, 573, 569, 574,
        575, 576, 577, 578, 579, 580, 581, 582,
        493, 494, 390, -1, 580, 578, 586, 407,
        405, 406, -1, 406, 407, 408, 409, 410,
        411, 412, 413, 414, 415, 416, 417, 418,
        -1, 415, 413, 573, 411, 574, 409, 576,
        407, 578, -1, 569, 575, 571, 584, 561,
        585, 489, 491, 490, 492, 386, 390, 388,
        389, 387, 1249, -1, 388, 387, 386, -1,
        389, 1251, 1249, 1250, -1, 390, 492, 493,
        491, 581, 583, 579, 577, -1, 491, 585,
        583, 584, 577, 575, -1, 1401, 1402, 1400,
        1248, -1, 1402, 1247, 1248, 1010, -1, 1247,
        1008, 1010, 1009, 385, 383, 384, 382, 488,
        498, 486, 497, 484, 482, 483, 481, 544,
        543, 542, 541, 540, 539, 538, 537, 536,
        535, 534, 459, 533, 457, 532, 455, 531,
        453, 530, 451, 529, 449, 528, 447, 443,
        445, 444, 446, -1, 444, 442, 443, 441,
        528, 439, 529, 437, 530, 435, 531, 433,
        532, 431, 533, 534, -1, 442, 440, 441,
        439, -1, 440, 438, 439, 437, -1, 438,
        436, 437, 435, -1, 436, 434, 435, 433,
        -1, 434, 432, 433, 431, -1, 432, 430,
        431, 429, 534, 536, -1, 536, 551, 538,
        553, 540, 555, 542, 557, 544, 559, 483,
        485, 484, 486, -1, 485, 487, 486, 488,
        -1, 539, 548, 537, 535, -1, 548, 461,
        535, 459, -1, 461, 460, 459, 458, 457,
        456, 455, 454, 453, 452, 451, 450, 449,
        448, 447, 320, 445, 318, 446, 317, -1,
        320, 319, 318, 313, 317, 315, -1, 313,
        314, 315, 316, -1, 497, 498, 380, 382,
        381, 383, 1007, 1009, 1008, -1, 1381, 1380,
        1382, 1200, -1, 1380, 1201, 1200, 1131, -1,
        1201, 1133, 1131, 1132, -1, 508, 510, 511,
        512, 513, 462, 464, 463, 465, 547, 549,
        550, 475, 477, 476, 478, 473, 495, 374,
        376, 375, 377, 1011, 379, 1003, 1005, 1004,
        1006, 1245, 1246, 1406, 1404, 1405, 1403, 1438,
        1429, 1431, 1430, 1432, 1350, 1439, 1352, 1354,
        1353, 1355, 1362, 1198, 1199, 1127, 1129, 1128,
        1130, 1452, 1453, 1496, 1495, 1550, 1551, 1521,
        1557, 1523, 1525, 1524, 1526, 1536, -1, 1536,
        1535, 1524, 1534, 1522, 1533, 1520, 1531, 1532,
        1516, 1518, 1517, 1519, 1550, 1521, -1, 1550,
        1517, 1496, 1529, 1497, 1509, 1507, 1508, 1506,
        1510, 1503, -1, 1508, 1509, 1510, 1511, 1512,
        1513, 1514, 1515, 1516, 1517, -1, 1515, 1513,
        1517, 1529, -1, 1529, 1513, 1509, 1511, -1,
        1510, 1512, 1530, 1514, 1516, -1, 1531, 1530,
        1516, -1, 1496, 1497, 1452, 1498, 1451, 1450,
        1126, 1449, 1124, 1122, 1123, 1121, 1196, 1195,
        1361, 1103, 1360, 1420, 1446, 1445, 1442, 1444,
        1443, 1415, 1413, 1414, 1412, 1422, 1421, 1241,
        1242, 998, 1000, 999, 1001, 1012, 1011, 375,
        -1, 1011, 1003, 1001, 1002, 1000, 1243, 1242,
        1421, -1, 1003, 1004, 1002, 1244, 1243, 1410,
        1421, 1412, -1, 1004, 1245, 1244, 1408, 1410,
        1409, 1411, 1435, 1436, 1434, 1441, 1440, 1442,
        1447, 1446, 1358, 1360, 1359, 1361, 1196, -1,
        1442, 1443, 1441, 1436, -1, 1443, 1413, 1436,
        1411, -1, 1413, 1412, 1411, 1410, -1, 1245,
        1406, 1408, 1407, 1409, 1435, -1, 1406, 1405,
        1407, 1437, 1435, 1433, 1434, 1432, 1439, -1,
        1434, 1439, 1440, 1354, 1447, 1356, 1358, 1357,
        1359, 1197, 1196, 1123, -1, 1354, 1355, 1356,
        1357, -1, 1355, 1198, 1357, 1197, -1, 1432,
        1433, 1431, 1437, 1438, 1405, -1, 1452, 1451,
        1128, 1126, 1127, 1125, 1198, 1197, -1, 1197,
        1125, 1123, 1124, -1, 1126, 1124, 1125, -1,
        1532, 1518, 1520, 1519, 1521, -1, 1520, 1521,
        1522, 1523, 1524, -1, 1362, 1353, 1363, 1351,
        -1, 1353, 1352, 1351, 1350, -1, 379, 377,
        378, 376, 496, 495, 480, 478, 479, 477,
        545, 550, 546, 547, -1, 511, 513, 502,
        500, -1, 513, 464, 500, 466, 468, 467,
        469, 470, 360, 471, 474, 368, 364, 366,
        365, 367, 1062, 1061, 1064, 1065, 1018, 1016,
        1017, 1015, 991, 993, 992, 994, 1092, 1093,
        1079, 1081, 1080, 1082, 977, 1091, -1, 360,
        468, 469, -1, 365, 1062, 1063, 1050, 1049,
        1024, 1048, 1026, 1051, 1031, 1053, 1033, 1054,
        1037, -1, 1054, 1052, 1053, 1051, -1, 1052,
        1048, 1051, -1, 1062, 1064, 1050, 1020, 1022,
        1021, 1023, 987, 985, 986, 984, 1072, 1069,
        1071, 1070, 967, -1, 984, 983, 985, 1023,
        -1, 1050, 1022, 1024, 1023, 1025, 983, 1027,
        -1, 1024, 1025, 1026, 1027, 1028, 1029, 646,
        644, 645, 643, 665, 664, 666, 681, 687,
        686, 693, 685, 691, 684, 600, 675, 602,
        606, 604, 605, 603, 723, 721, 702, 722,
        700, 698, 699, -1, 699, 700, 701, 702,
        703, 704, 705, 706, 707, 708, 609, 607,
        608, 606, 676, 675, 677, 684, 685, -1,
        606, 607, 605, 706, 723, 704, 702, -1,
        607, 708, 706, -1, 609, 608, 610, 683,
        682, 680, 663, 664, 643, -1, 664, 680,
        681, 679, 686, 685, -1, 685, 679, 677,
        678, 676, 683, 608, -1, 683, 678, 680,
        679, -1, 604, 603, 602, 601, 600, 599,
        598, 597, 339, 337, 338, 336, 523, 522,
        525, 503, 1578, -1, 1026, 1028, 1031, 1030,
        1032, 1562, 650, 648, 649, 647, 944, 645,
        673, 667, 669, 668, 670, 688, 695, 694,
        692, 693, 691, -1, 693, 694, 687, 688,
        666, 668, 667, -1, 666, 667, 665, 645,
        -1, 645, 647, 646, 648, 1028, 1030, -1,
        1030, 648, 1562, -1, 1031, 1032, 1033, 1034,
        1035, 1036, 1037, -1, 1035, 1037, 1033, -1,
        1032, 650, 1034, 652, 1036, 654, 1561, 353,
        355, 354, 356, 1577, -1, 1064, 1018, 1020,
        1019, 1021, 989, 987, 988, 986, 1072, -1,
        1018, 1017, 1019, 991, 989, 990, 988, 1076,
        1073, 1075, 1074, 971, 969, 970, 968, 1567,
        -1, 1567, 970, 1566, 1565, 1564, 1563, 976,
        974, 975, 973, 1077, 1075, 1076, -1, 1075,
        973, 971, 972, 970, 1565, -1, 1565, 972,
        1563, 974, -1, 974, 972, 973, -1, 976,
        975, 977, 1080, -1, 975, 1077, 1080, 1079,
        -1, 968, 967, 969, 1071, 1074, 1073, -1,
        1071, 1072, 1073, 988, -1, 991, 992, 990,
        1078, 1076, 1077, -1, 1077, 1078, 1079, 1092,
        -1, 1092, 1078, 992, -1, 366, 368, 367,
        369, 1061, 1060, 1065, 1066, 1016, 1067, 1014,
        1013, 997, 999, 998, -1, 999, 1013, 1012,
        1058, 375, 373, 374, 372, 473, 370, 472,
        471, 470, -1, 471, 370, 368, 369, -1,
        473, 472, 476, 470, 475, 467, 549, 465,
        -1, 467, 466, 465, 464, -1, 1013, 1067,
        1058, 1059, 373, 371, 372, 370, -1, 370,
        371, 369, 1060, -1, 371, 1059, 1060, 1066,
        -1, 1067, 1066, 1059, -1, 1016, 1014, 1015,
        997, 995, 996, 994, 1240, 1093, 1424, 1094,
        1426, 1095, 1418, 1097, 1417, 1099, 1419, 1101,
        1420, 1103, -1, 1420, 1419, 1445, 1444, -1,
        1419, 1417, 1444, 1415, -1, 1093, 1094, 1081,
        1083, 1082, 1084, 1091, 1090, -1, 1094, 1095,
        1083, 1096, 1085, 1098, 1238, 1237, 1227, 1225,
        1226, 1224, 1234, 1235, 1232, -1, 1083, 1085,
        1084, 1086, 1090, 1088, 1089, 1087, 1233, 1239,
        1231, 1229, 1230, 1228, 1232, 1234, -1, 1234,
        1228, 1226, 1227, -1, 1228, 1229, 1227, 1238,
        -1, 1229, 1239, 1238, 1085, -1, 1239, 1087,
        1085, 1086, -1, 1088, 1086, 1087, -1, 1230,
        1232, 1231, 1233, -1, 1089, 1233, 1232, -1,
        1095, 1097, 1096, 1098, -1, 1097, 1099, 1098,
        1100, 1237, 1102, 1104, 1103, 1105, 1195, 1107,
        1115, 1111, 1113, 1112, 1114, 1202, 1116, 1203,
        1118, 1204, 1205, 1206, 1207, 1208, 1209, 1120,
        1205, 1118, -1, 1207, 1205, 1209, -1, 1204,
        1206, 1203, 1202, -1, 1113, 1115, 1114, 1116,
        -1, 1195, 1121, 1115, 1119, 1117, 1118, 1116,
        -1, 1117, 1116, 1115, -1, 1118, 1119, 1120,
        1121, 1122, -1, 1122, 1449, 1120, 1448, 1208,
        1545, 1549, 1547, 1206, 1542, -1, 1206, 1208,
        1549, -1, 1449, 1450, 1448, 1537, 1544, 1539,
        1548, 1541, 1542, 1504, -1, 1548, 1542, 1544,
        1546, 1545, 1547, -1, 1542, 1547, 1546, -1,
        1545, 1448, 1544, -1, 1450, 1498, 1537, 1538,
        1539, 1540, 1541, 1504, -1, 1540, 1538, 1504,
        1543, 1502, 1500, 1501, 1499, 1503, 1505, 1506,
        1507, -1, 1505, 1499, 1507, 1497, -1, 1497,
        1499, 1498, 1500, 1538, 1543, -1, 1501, 1503,
        1502, 1504, -1, 1103, 1102, 1101, 1100, 1099,
        -1, 994, 993, 995, 1015, -1, 997, 998,
        996, 1241, 1240, 1423, 1424, 1425, 1426, 1416,
        1418, 1417, -1, 1417, 1416, 1415, 1414, -1,
        1416, 1425, 1414, 1422, -1, 1425, 1423, 1422,
        1241, -1, 365, 363, 364, 362, 474, 360,
        -1, 360, 362, 361, 363, -1, 230, 228,
        229, 227, -1, 228, 226, 227, 225, -1,
        226, 224, 225, 223, -1, 224, 222, 223,
        221, -1, 222, 220, 221, 219, -1, 220,
        218, 219, 217, -1, 218, 216, 217, 215,
        -1, 216, 214, 215, 213, -1, 214, 212,
        213, 211, -1, 212, 210, 211, 209, -1,
        210, 208, 209, 207, -1, 208, 206, 207,
        205, -1, 206, 204, 205, 203, -1, 204,
        202, 203, 201, -1, 202, 200, 201, 198,
        -1, 200, 199, 198, 197, 196, 195, 194,
        193, 192, 191, 190, 189, 188, 187, 186,
        185, 184, 183, 182, 181, 180, 179, 178,
        177, 176, 175, 174, 173, 172, 171, 170,
        169, 168, 167, 165, 166, 164, -1, 165,
        164, 163, 162, 161, 160, 159, 158, 157,
        156, 155, 154, 153, 152, 151, 150, 149,
        148, -1, 147, 145, 146, 144, -1, 145,
        143, 144, 142, -1, 143, 141, 142, 140,
        -1, 141, 139, 140, 138, -1, 139, 137,
        138, 136, -1, 137, 135, 136, 134, -1,
        135, 133, 134, 132, -1, 133, 131, 132,
        130, -1, 131, 129, 130, 128, -1, 129,
        127, 128, 126, -1, 127, 125, 126, 124,
        -1, 125, 123, 124, 122, -1, 123, 121,
        122, 120, -1, 121, 119, 120, 118, -1,
        119, 117, 118, 115, -1, 117, 116, 115,
        114, 113, 112, 111, 110, 109, 108, 107,
        106, 105, 104, 103, 102, 101, 100, 99,
        98, 97, 96, 95, 94, 93, 92, 91,
        90, 88, 89, 87, -1, 88, 87, 86,
        85, 84, 83, 82, 81, 80, 79, 78,
        77, 75, 76, 74, -1, 75, 74, 73,
        72, 71, 70, 69, 68, 67, 66, 65,
        64, -1, 63, 63, 62, 62, 61, -1,
        62, 61, 61, 59, -1, 61, 60, 59,
        58, 58, 57, -1, 58, 57, 57, 56,
        55, 54, 53, 52, 51, 50, 49, 48,
        47, 46, 45, 44, 43, 42, 41, 40,
        39, 38, 37, 36, 35, 34, 33, 32,
        31, 30, 29, 28, 27, 26, 25, 24,
        24, 23, -1, 24, 22, 23, 21, -1,
        22, 21, 21, 20, 19, 18, 17, 16,
        16, 15, -1, 16, 15, 15, 14, 13,
        12, 11, 10, 9, 8, 7, 6, 5,
        4, 3, 1, 2, 0, -1, 1, 0,
        0, -1, 1111, 1112, 1110, 1108, 1109, 1107,
        1111, -1, 1111, 1110, 1109, -1, 1107, 1108,
        1106, 1211, 1219, 1217, 1218, 1216, 1220, 1236,
        1222, 1235, 1224, -1, 1236, 1216, 1235, -1,
        1218, 1220, 1219, 1221, 1106, 1104, 1105, -1,
        1107, 1106, 1105, -1, 1220, 1222, 1221, 1223,
        1104, 1237, -1, 1237, 1223, 1225, 1224, -1,
        1224, 1223, 1222, -1, 1216, 1217, 1215, 1211,
        1213, 1212, 1214, 1112, -1, 1213, 1214, 1215,
        1216, -1, 1112, 1212, 1210, 1211, 1108, -1,
        1210, 1108, 1112, -1, 354, 1576, 1577, 1578,
        -1, 1578, 1576, 1575, 352, 350, 351, 349,
        653, 672, 943, 674, 944, 673, -1, 673,
        669, 674, 671, 672, 347, 349, 348, 350,
        346, 524, 344, 342, 343, 341, 690, 689,
        600, 598, -1, 689, 598, 341, 339, 340,
        338, 523, -1, 341, 340, 342, 523, 524,
        527, 350, 526, 1574, 525, 1578, -1, 1578,
        1575, 1574, 350, -1, 525, 526, 523, 527,
        -1, 600, 690, 691, 692, -1, 690, 343,
        692, 345, 695, 347, 670, 671, 669, -1,
        343, 344, 345, 346, 347, 348, -1, 944,
        943, 649, 651, 650, 652, -1, 943, 653,
        651, 652, -1, 652, 653, 654, 655, 353,
        351, 352, -1, 351, 655, 653, -1, 353,
        352, 354, 1576, -1, 503, 522, 505, 521,
        520, 332, 519, 330, 516, 328, 326, 327,
        325, 305, 307, 306, 308, 1583, 1582, 265,
        1581, -1, 1582, 1581, 308, 310, 309, -1,
        308, 309, 307, 323, 325, 324, 326, 515,
        516, 518, 519, 520, -1, 518, 507, 520,
        505, -1, 507, 506, 505, 504, 503, -1,
        1583, 306, 304, 305, 303, 327, 587, 329,
        696, 331, 592, 594, 593, 595, 719, 597,
        718, 599, 601, -1, 327, 328, 329, 330,
        331, 332, 333, 334, 335, 336, 337, -1,
        337, 597, 335, 596, 333, 594, 331, -1,
        594, 596, 595, 597, -1, 332, 521, 334,
        336, -1, 336, 521, 522, -1, 304, 303,
        302, 301, -1, 303, 587, 301, 588, 589,
        590, 591, 592, 593, -1, 592, 590, 696,
        588, 587, -1, 589, 591, 698, 715, 722,
        721, -1, 715, 720, 721, 603, -1, 603,
        720, 717, 715, 716, 591, 916, 593, 719,
        -1, 719, 718, 916, 716, -1, 716, 718,
        717, 601, 603, -1, 636, 945, 657, 946,
        -1, 636, 638, 945, 947, 948, 949, 950,
        951, 952, 953, 954, 955, 956, 957, 958,
        959, 960, -1, 954, 956, 952, 958, 950,
        960, 948, 946, 945, -1, 955, 953, 964,
        963, 1068, 980, 982, 981, -1, 981, 980,
        979, 962, 978, 961, 642, 640, -1, 980,
        963, 962, 951, 949, -1, 953, 951, 963,
        -1, 962, 949, 961, 947, 640, 638, -1,
        957, 1570, 959, 1571, -1, 1571, 1570, 1569,
        955, -1, 957, 955, 1570, -1, 624, 618,
        658, 659, 635, -1, 635, 633, 658, 631,
        624, -1, 932, 613, 933, 931, 930, -1,
        933, 930, 932, -1, 1039, 1042, 1044, 1043,
        1045, 1056, 1057, -1, 1057, 1047, 1045, 1046,
        1044, 1055, 1039, -1, 1635, 1635, 1635, 1635,
        -1, 1635, 1635, 1635, 1635, -1, 1635, 1635,
        1635, 1635, -1, 1635, 1635, 1635, 1635, 1635,
        1635, 1635, 1635, 1635, 1635, 1635, 1635, 1635,
        1635, 1635, 1635, 1635, 1635, 1635, 1635, 1635,
        1635, 1635, 1635, 1635, -1, 1635, 1635, 1635,
        1635, 1635, 1635, 1635, 1635, 1635, 1635, 1635,
        1635, 1635, 1635, 1635, 1635, 1635, 1635, 1635,
        1635, 1635, 1635, 1635, 1635, 1635, -1, 1635,
        1635, 1635, 1635, 1635, 1635, 1635, 1635, 1635,
        1635, 1635, 1635, 1635, 1635, 1635, 1635, 1635,
        1635, 1635, 1635, 1635, 1635, 1635, -1, 1635,
        1635, 1635, 1635, 1635, 1635, 1635, 1635, 1635,
        1635, 1635, 1635, 1635, 1635, 1635, 1635, 1635,
        1635, 1635, 1635, 1635, 1635, 1635, -1, 1635,
        1635, 1635, 1635, 1635, 1635, 1635, 1635, 1635,
        1635, 1635, 1635, 1635, 1635, 1635, -1, 1635,
        1635, 1635, 1635, 1635, 1635, 1635, 1635, 1635,
        1635, 1635, -1, 1635, 1635, 1635, 1635, 1635,
        1635, 1635, 1635, 1635, 1635, 1635, 1635, 1635,
        1635, 1635, 1635, 1635, 1635, 1635, 1635, 1635,
        1635, 1635, -1, 1635, 1635, 1635, 1635, 1635,
        1635, 1635, 1635, 1635, 1635, 1635, 1635, 1635,
        1635, 1635, 1635, 1635, 1635, 1635, 1635, 1635,
        1635, 1635, 1635, 1635, -1, 1635, 1635, 1635,
        1635, 1635, 1635, 1635, 1635, 1635, 1635, 1635,
        1635, 1635, 1635, 1635, 1635, 1635, 1635, 1635,
        1635, 1635, 1635, 1635, -1, 1635, 1635, 1635,
        1635, 1635, 1635, 1635, 1635, 1635, 1635, 1635,
        1635, 1635, 1635, 1635, 1635, 1635, 1635, 1635,
        1635, 1635, 1635, 1635, -1, 1635, 1635, 1635,
        1635, 1635, 1635, 1635, 1635, 1635, 1635, 1635,
        1635, 1635, 1635, -1, 1634, 1634, 1634, 1634,
        1634, 1634, -1, 1634, 1634, 1634, 1634, -1,
        1634, 1634, 1634, 1634, -1, 1634, 1634, 1634,
        1634, -1, 1634, 1634, 1634, 1634, -1, 1634,
        1634, 1634, 1634, -1, 1634, 1634, 1634, 1634,
        -1, 1634, 1634, 1634, 1634, -1, 1634, 1634,
        1634, 1634, -1, 1634, 1634, 1634, 1634, -1,
        1634, 1634, 1634, 1634, -1, 1634, 1634, 1634,
        1634, -1, 1634, 1634, 1634, 1634, 1634, 1634,
        1634, 1634, 1634, 1634, 1634, 1634, 1634, 1634,
        1634, 1634, 1634, 1634, 1634, 1634, 1634, 1634,
        1634, 1634, -1, 1634, 1634, 1634, 1634, -1,
        1634, 1634, 1634, 1634, -1, 1634, 1634, 1634,
        1634, -1, 1634, 1634, 1634, 1634, -1, 1634,
        1634, 1634, 1634, -1, 1634, 1634, 1634, 1634,
        -1, 1634, 1634, 1634, 1634, -1, 1634, 1634,
        1634, 1634, -1, 1634, 1634, 1634, 1634, -1,
        1634, 1634, 1634, 1634, -1, 1634, 1634, 1634,
        1634, 1634, 1634, 1634, 1634, 1634, 1634, 1634,
        1634, 1634, 1634, 1634, 1634, 1634, 1634, 1634,
        1634, 1634, 1634, 1634, 1634, -1, 1634, 1634,
        1634, 1634, -1, 1634, 1634, 1634, 1634, -1,
        1634, 1634, 1634, 1634, -1, 1634, 1634, 1634,
        1634, -1, 1634, 1634, 1634, 1634, -1, 1634,
        1634, 1634, 1634, -1, 1634, 1634, 1634, 1634,
        -1, 1634, 1634, 1634, 1634, -1, 1634, 1634,
        1634, -1, 1633, 1594, 1596, 1595, 1597, -1,
        1597, 1598, 1596, 1599, 1600, -1, 1600, 1601,
        1596, 1602, 1603, -1, 1603, 1604, 1596, 1605,
        1606, -1, 1606, 1607, 1596, 1608, 1609, -1,
        1609, 1610, 1596, 1611, 1612, -1, 1612, 1613,
        1596, 1614, 1615, -1, 1615, 1616, 1596, 1617,
        1618, -1, 1618, 1619, 1596, 1620, 1621, -1,
        1621, 1622, 1596, 1623, 1624, -1, 1624, 1625,
        1596, 1626, 1627, -1, 1627, 1628, 1596, 1629,
        1630, -1, 1630, 1631, 1596, 1632, 1633, -1,
        1593, 1593, 1593, 1593, 1593, 1593, 1593, -1,
        1593, 1593, 1593, 1593, 1593, 1593, 1593, 1593,
        1593, 1593, 1593, 1593, 1593, 1593, 1593, 1593,
        1593, 1593, 1593, 1593, 1593, 1593, 1593, 1593,
        1593, 1593, 1593, -1, 1593, 1593, 1593, 1593,
        1593, 1593, 1593, 1593, 1593, 1593, 1593, 1593,
        1593, 1593, 1593, 1593, 1593, 1593, 1593, 1593,
        1593, 1593, 1593, 1593, 1593, 1593, 1593, -1,
        1593, 1593, 1593, 1593, 1593, 1593, 1593, 1593,
        1593, 1593, 1593, 1593, 1593, 1593, 1593, 1593,
        1593, 1593, 1593, 1593, 1593, 1593, -1, 1593,
        1593, 1593, 1593, 1593, -1, 1593, 1593, 1593,
        1593, 1593, -1, 1593, 1593, 1593, 1593, 1593,
        -1, 1593, 1593, 1593, 1593, 1593, -1, 1593,
        1593, 1593, 1593, 1593, -1, 1593, 1593, 1593,
        1593, 1593, -1, 1593, 1593, 1593, 1593, 1593,
        -1, 1593, 1593, 1593, 1593, 1593, -1, 1593,
        1593, 1593, 1593, 1593, -1, 1593, 1593, 1593,
        1593, 1593, -1, 1593, 1593, 1593, 1593, 1593,
        -1, 1593, 1593, 1593, 1593, 1593, -1 ]

  }
}

