#Inventor V2.1 ascii


DEF root Separator {

  Material {
    ambientColor 1 0.40000001 0
    diffuseColor 1 0.40000001 0
    specularColor 0.2 0.2 0.2
    emissiveColor 0.2 0.2 0.2

  }
  DEF material VRMLAppearance {
    material 
    DEF color VRMLMaterial {
      diffuseColor 1 0.40000001 0

    }

  }
  USE color
  USE color
  IndexedTriangleStripSet {
    vertexProperty 
    VertexProperty {
      vertex [ -0.050000001 0.056000002 0.00050000002,
          -0.050000001 0.046000004 0.00050000002,
          -0.049240388 0.056000002 -0.0081823738,
          -0.049240388 0.046000004 -0.0081823738,
          -0.046984632 0.046000004 -0.016600953,
          -0.046984632 0.056000002 -0.016600953,
          -0.043301273 0.046000004 -0.024500001,
          -0.043301273 0.056000002 -0.024500001,
          -0.038302224 0.046000004 -0.031639405,
          -0.038302224 0.056000002 -0.031639405,
          -0.032139383 0.046000004 -0.037802249,
          -0.032139383 0.056000002 -0.037802249,
          -0.025 0.056000002 -0.042801272,
          -0.025 0.046000004 -0.042801272,
          -0.017101008 0.046000004 -0.046484623,
          -0.017101008 0.056000002 -0.046484623,
          -0.0086824093 0.046000004 -0.048740357,
          -0.0086824093 0.056000002 -0.048740357,
          1.6207336e-016 0.056000002 -0.049500003,
          1.5166502e-016 0.046000004 -0.049500003,
          0.0086824093 0.046000004 -0.048740357,
          0.0086824093 0.056000002 -0.048740357,
          0.017101008 0.046000004 -0.046484623,
          0.017101008 0.056000002 -0.046484623,
          0.025 0.046000004 -0.042801272,
          0.025 0.056000002 -0.042801272,
          0.032139383 0.046000004 -0.037802249,
          0.032139383 0.056000002 -0.037802249,
          0.038302224 0.046000004 -0.031639405,
          0.038302224 0.056000002 -0.031639405,
          0.043301273 0.046000004 -0.024500001,
          0.043301273 0.056000002 -0.024500001,
          0.046984632 0.046000004 -0.016600953,
          0.046984632 0.056000002 -0.016600953,
          0.049240388 0.046000004 -0.0081823738,
          0.049240388 0.056000002 -0.0081823738,
          0.050000001 0.046000004 0.00050000002,
          0.050000001 0.056000002 0.00050000002,
          0.049240388 0.056000002 0.0091823731,
          0.049240388 0.046000004 0.0091823731,
          0.046984632 0.056000002 0.017600954,
          0.046984632 0.046000004 0.017600954,
          0.043301273 0.056000002 0.025500001,
          0.043301273 0.046000004 0.025500001,
          0.038302224 0.056000002 0.032639407,
          0.038302224 0.046000004 0.032639407,
          0.032139383 0.046000004 0.038802247,
          0.032139383 0.056000002 0.038802247,
          0.025 0.056000002 0.04380127,
          0.025 0.046000004 0.04380127,
          0.017101008 0.056000002 0.047484621,
          0.017101008 0.046000004 0.047484621,
          0.0086824093 0.046000004 0.049740359,
          0.0086824093 0.056000002 0.049740359,
          6.192193e-018 0.046000004 0.050500002,
          1.6600536e-017 0.056000002 0.050500002,
          -0.0086824093 0.046000004 0.049740359,
          -0.0086824093 0.056000002 0.049740359,
          -0.017101008 0.056000002 0.047484621,
          -0.017101008 0.046000004 0.047484621,
          -0.025 0.056000002 0.04380127,
          -0.025 0.046000004 0.04380127,
          -0.032139383 0.046000004 0.038802247,
          -0.032139383 0.056000002 0.038802247,
          -0.038302224 0.056000002 0.032639407,
          -0.038302224 0.046000004 0.032639407,
          -0.043301273 0.056000002 0.025500001,
          -0.043301273 0.046000004 0.025500001,
          -0.046984632 0.056000002 0.017600954,
          -0.046984632 0.046000004 0.017600954,
          -0.049240388 0.046000004 0.0091823731,
          -0.049240388 0.056000002 0.0091823731,
          -1.1546319e-018 -0.050000001 -0.18100001,
          -1.1546319e-018 -0.050000001 -0.19800001,
          0.0086824093 -0.049240388 -0.18100001,
          0.0086824093 -0.049240388 -0.19800001,
          0.017101008 -0.046984632 -0.19800001,
          0.017101008 -0.046984632 -0.18100001,
          0.025 -0.043301273 -0.19800001,
          0.025 -0.043301273 -0.18100001,
          0.032139383 -0.038302224 -0.19800001,
          0.032139383 -0.038302224 -0.18100001,
          0.038302224 -0.032139383 -0.19800001,
          0.038302224 -0.032139383 -0.18100001,
          0.043301273 -0.025 -0.19800001,
          0.043301273 -0.025 -0.18100001,
          0.046984632 -0.017101008 -0.19800001,
          0.046984632 -0.017101008 -0.18100001,
          0.049240388 -0.0086824093 -0.19800001,
          0.049240388 -0.0086824093 -0.18100001,
          0.050000001 1.428554e-016 -0.18100001,
          0.050000001 1.428554e-016 -0.19800001,
          0.049240388 0.0086824093 -0.19800001,
          0.049240388 0.0086824093 -0.18100001,
          0.046984632 0.017101008 -0.19800001,
          0.046984632 0.017101008 -0.18100001,
          0.043301273 0.025 -0.19800001,
          0.043301273 0.025 -0.18100001,
          0.038302224 0.032139383 -0.18100001,
          0.038302224 0.032139383 -0.19800001,
          0.032139383 0.038302224 -0.18100001,
          0.032139383 0.038302224 -0.19800001,
          0.025 0.043301273 -0.19800001,
          0.025 0.043301273 -0.18100001,
          0.017101008 0.046984632 -0.19800001,
          0.017101008 0.046984632 -0.18100001,
          0.0086824093 0.049240388 -0.19800001,
          0.0086824093 0.049240388 -0.18100001,
          -7.3891052e-017 0.050000001 -0.19800001,
          -7.3891052e-017 0.050000001 -0.18100001,
          -0.0086824093 0.049240388 -0.19800001,
          -0.0086824093 0.049240388 -0.18100001,
          -0.017101008 0.046984632 -0.19800001,
          -0.017101008 0.046984632 -0.18100001,
          -0.025 0.043301273 -0.19800001,
          -0.025 0.043301273 -0.18100001,
          -0.032139383 0.038302224 -0.19800001,
          -0.032139383 0.038302224 -0.18100001,
          -0.038302224 0.032139383 -0.19800001,
          -0.038302224 0.032139383 -0.18100001,
          -0.043301273 0.025 -0.19800001,
          -0.043301273 0.025 -0.18100001,
          -0.046984632 0.017101008 -0.19800001,
          -0.046984632 0.017101008 -0.18100001,
          -0.049240388 0.0086824093 -0.19800001,
          -0.049240388 0.0086824093 -0.18100001,
          -0.050000001 -2.6174267e-018 -0.19800001,
          -0.050000001 -2.6174267e-018 -0.18100001,
          -0.049240388 -0.0086824093 -0.19800001,
          -0.049240388 -0.0086824093 -0.18100001,
          -0.046984632 -0.017101008 -0.19800001,
          -0.046984632 -0.017101008 -0.18100001,
          -0.043301273 -0.025 -0.19800001,
          -0.043301273 -0.025 -0.18100001,
          -0.038302224 -0.032139383 -0.19800001,
          -0.038302224 -0.032139383 -0.18100001,
          -0.032139383 -0.038302224 -0.18100001,
          -0.032139383 -0.038302224 -0.19800001,
          -0.025 -0.043301273 -0.19800001,
          -0.025 -0.043301273 -0.18100001,
          -0.017101008 -0.046984632 -0.18100001,
          -0.017101008 -0.046984632 -0.19800001,
          -0.0086824093 -0.049240388 -0.19800001,
          -0.0086824093 -0.049240388 -0.18100001,
          -1.1209053e-016 -0.060000002 -0.16100001,
          2.3148151e-018 -0.060000002 -0.18100001,
          0.0062991166 -0.059666146 -0.16100001,
          0.0093860691 -0.059261303 -0.18100001,
          0.012528681 -0.058673609 -0.16100001,
          0.018541019 -0.057063397 -0.18100001,
          0.021495301 -0.056017183 -0.16100001,
          0.027239431 -0.053460393 -0.18100001,
          0.029163415 -0.052432731 -0.16100001,
          0.035267118 -0.048541021 -0.18100001,
          0.036999505 -0.047230441 -0.16100001,
          0.042426407 -0.042426407 -0.18100001,
          0.043895595 -0.040903911 -0.16100001,
          0.048541021 -0.035267118 -0.18100001,
          0.0492201 -0.034306653 -0.16100001,
          0.053460393 -0.027239431 -0.18100001,
          0.053966008 -0.026221231 -0.16100001,
          0.057063397 -0.018541019 -0.18100001,
          0.057114154 -0.018378865 -0.16100001,
          0.059261303 -0.0093860691 -0.18100001,
          0.059271209 -0.0093014427 -0.16100001,
          0.060000002 1.1248707e-017 -0.18100001,
          0.060000002 -3.4281233e-014 -0.16100001,
          0.059582964 0.0070397449 -0.16100001,
          0.059261303 0.0093860691 -0.18100001,
          0.058344502 0.013982468 -0.16100001,
          0.057063397 0.018541019 -0.18100001,
          0.055473886 0.022861494 -0.16100001,
          0.053460393 0.027239431 -0.18100001,
          0.05169823 0.030445365 -0.16100001,
          0.048541021 0.035267118 -0.18100001,
          0.046311982 0.038143903 -0.16100001,
          0.042426407 0.042426407 -0.18100001,
          0.040509723 0.044259377 -0.16100001,
          0.035267118 0.048541021 -0.18100001,
          0.03386471 0.049525142 -0.16100001,
          0.027239431 0.053460393 -0.18100001,
          0.025742525 0.05419625 -0.16100001,
          0.018541019 0.057063397 -0.18100001,
          0.017868455 0.057275619 -0.16100001,
          0.0093860691 0.059261303 -0.18100001,
          0.0086900685 0.059364099 -0.16100001,
          -5.0328237e-018 0.060000002 -0.18100001,
          -0.0006274383 0.059996683 -0.16100001,
          -0.0093860691 0.059261303 -0.18100001,
          -0.0090737035 0.059306562 -0.16100001,
          -0.018216148 0.05716617 -0.16100001,
          -0.018541019 0.057063397 -0.18100001,
          -0.026055593 0.054046266 -0.16100001,
          -0.027239431 0.053460393 -0.18100001,
          -0.033412464 0.049831342 -0.16100001,
          -0.035267118 0.048541021 -0.18100001,
          -0.040759131 0.04402997 -0.16100001,
          -0.042426407 0.042426407 -0.18100001,
          -0.046545483 0.037858345 -0.16100001,
          -0.048541021 0.035267118 -0.18100001,
          -0.051891625 0.030114831 -0.16100001,
          -0.053460393 0.027239431 -0.18100001,
          -0.055942524 0.021689011 -0.16100001,
          -0.057063397 0.018541019 -0.18100001,
          -0.058437519 0.013588067 -0.16100001,
          -0.059261303 0.0093860691 -0.18100001,
          -0.059843596 0.0043111565 -0.16100001,
          -0.060000002 -3.4465704e-018 -0.18100001,
          -0.059856236 -0.0041331905 -0.16100001,
          -0.059261303 -0.0093860691 -0.18100001,
          -0.058673609 -0.012528681 -0.16100001,
          -0.057063397 -0.018541019 -0.18100001,
          -0.056017183 -0.021495301 -0.16100001,
          -0.053460393 -0.027239431 -0.18100001,
          -0.052432731 -0.029163415 -0.16100001,
          -0.048541021 -0.035267118 -0.18100001,
          -0.047230441 -0.036999505 -0.16100001,
          -0.042426407 -0.042426407 -0.18100001,
          -0.040903911 -0.043895595 -0.16100001,
          -0.035267118 -0.048541021 -0.18100001,
          -0.034306653 -0.0492201 -0.16100001,
          -0.027239431 -0.053460393 -0.18100001,
          -0.026221231 -0.053966008 -0.16100001,
          -0.018541019 -0.057063397 -0.18100001,
          -0.018378865 -0.057114154 -0.16100001,
          -0.0093860691 -0.059261303 -0.18100001,
          -0.0093014427 -0.059271209 -0.16100001,
          0.060000002 0.051000003 0.00050000002,
          0.060000002 0.046000004 0.00050000002,
          0.059763469 0.051000003 -0.0048021241,
          0.059261303 0.046000004 -0.0088861091,
          0.059059244 0.051000003 -0.010062623,
          0.057063397 0.046000004 -0.018041017,
          0.056695275 0.051000003 -0.019134888,
          0.053460393 0.046000004 -0.026739381,
          0.053373635 0.051000003 -0.026905518,
          0.048541021 0.046000004 -0.034767091,
          0.04842782 0.051000003 -0.034916751,
          0.042426407 0.046000004 -0.041926395,
          0.04235284 0.051000003 -0.04199988,
          0.035942074 0.051000003 -0.047539432,
          0.035267118 0.046000004 -0.04804102,
          0.028003465 0.051000003 -0.052562013,
          0.027239431 0.046000004 -0.052960452,
          0.02028843 0.051000003 -0.055964969,
          0.018541019 0.046000004 -0.056563359,
          0.012125805 0.051000003 -0.058258183,
          0.0093860691 0.046000004 -0.058761355,
          0.0028325072 0.051000003 -0.059432499,
          1.7016988e-018 0.046000004 -0.059500001,
          -0.0056215096 0.051000003 -0.059234135,
          -0.0093860691 0.046000004 -0.058761355,
          -0.013982468 0.051000003 -0.057844486,
          -0.018541019 0.046000004 -0.056563359,
          -0.022861494 0.051000003 -0.054973878,
          -0.027239431 0.046000004 -0.052960452,
          -0.030445365 0.051000003 -0.051198244,
          -0.035267118 0.046000004 -0.04804102,
          -0.038143903 0.051000003 -0.045812014,
          -0.042426407 0.046000004 -0.041926395,
          -0.044259377 0.051000003 -0.040009767,
          -0.048541021 0.046000004 -0.034767091,
          -0.049525142 0.051000003 -0.033364747,
          -0.053460393 0.046000004 -0.026739381,
          -0.05419625 0.051000003 -0.025242554,
          -0.057063397 0.046000004 -0.018041017,
          -0.057275619 0.051000003 -0.01736841,
          -0.059261303 0.046000004 -0.0088861091,
          -0.059364099 0.051000003 -0.0081900638,
          -0.060000002 0.046000004 0.00050000002,
          -0.059996683 0.051000003 0.0011274414,
          -0.059261303 0.046000004 0.0098861093,
          -0.059306562 0.051000003 0.0095737306,
          -0.05716617 0.051000003 0.018716188,
          -0.057063397 0.046000004 0.019041017,
          -0.054046266 0.051000003 0.026555544,
          -0.053460393 0.046000004 0.027739381,
          -0.049831342 0.051000003 0.033912476,
          -0.048541021 0.046000004 0.035767093,
          -0.04402997 0.051000003 0.041259158,
          -0.042426407 0.046000004 0.042926393,
          -0.037858345 0.051000003 0.047045533,
          -0.035267118 0.046000004 0.049041018,
          -0.030114831 0.051000003 0.052391604,
          -0.027239431 0.046000004 0.05396045,
          -0.021689011 0.051000003 0.056442507,
          -0.018541019 0.046000004 0.057563357,
          -0.013588067 0.051000003 0.058937501,
          -0.0093860691 0.046000004 0.059761357,
          -0.0043111565 0.051000003 0.060343631,
          1.6396976e-017 0.046000004 0.060500003,
          0.0041331905 0.051000003 0.060356203,
          0.0093860691 0.046000004 0.059761357,
          0.012528681 0.051000003 0.059173588,
          0.018541019 0.046000004 0.057563357,
          0.021495301 0.051000003 0.056517214,
          0.027239431 0.046000004 0.05396045,
          0.029163415 0.051000003 0.052932743,
          0.035267118 0.046000004 0.049041018,
          0.036999505 0.051000003 0.047730472,
          0.042426407 0.046000004 0.042926393,
          0.043895595 0.051000003 0.041403934,
          0.048541021 0.046000004 0.035767093,
          0.0492201 0.051000003 0.034806643,
          0.053460393 0.046000004 0.027739381,
          0.053966008 0.051000003 0.026721193,
          0.057063397 0.046000004 0.019041017,
          0.057114154 0.051000003 0.018878907,
          0.059261303 0.046000004 0.0098861093,
          0.059271209 0.051000003 0.0098013924,
          0.060000002 0.051653169 0.00035803224,
          0.060000002 0.052298196 0.00012390138,
          0.060000002 0.05337904 -0.00045825198,
          0.060000002 0.054176573 -0.0011651611,
          0.060000002 0.055108886 -0.0025906984,
          0.059062984 0.05455327 -0.013303712,
          0.060000002 0.056687713 -0.0059464113,
          0.059062984 0.055241801 -0.016714966,
          0.059062984 0.055652618 -0.019933106,
          0.05711535 0.054009814 -0.027874269,
          0.059062984 0.055829145 -0.023372926,
          0.05711535 0.053623732 -0.031227907,
          0.059062984 0.055734158 -0.026745606,
          0.05711535 0.053023957 -0.034469727,
          0.05711535 0.052160341 -0.037799686,
          0.053966165 0.048960578 -0.045372806,
          0.05711535 0.049681555 -0.044289552,
          0.053966165 0.04565474 -0.051419802,
          0.05711535 0.046097625 -0.050585084,
          0.053966165 0.041396569 -0.057183351,
          0.053966165 0.036656033 -0.062059697,
          0.049222816 0.031305052 -0.068321534,
          0.049222816 0.025418716 -0.072137699,
          0.043895636 0.020738076 -0.076794319,
          0.043895636 0.014294837 -0.079711311,
          0.037000589 0.0095570339 -0.083688907,
          0.03316934 0.0010087548 -0.087547429,
          0.029164359 0.00566176 -0.086959235,
          0.025369134 -0.0024164661 -0.089955203,
          0.021495365 0.002978964 -0.089211494,
          0.017692612 -0.0047339024 -0.091584109,
          0.013873806 0.0012147998 -0.090692632,
          0.0062983539 0.00024504351 -0.091506779,
          0.013873806 0.0083411783 -0.08912769,
          0.0062983539 0.0074223713 -0.090041876,
          0.013873806 0.015385424 -0.086955994,
          0.0062983539 0.014529583 -0.08795923,
          0.013873806 0.022128364 -0.084236391,
          0.0062983539 0.02135344 -0.085326299,
          0.013873806 0.02915057 -0.080651924,
          0.0062983539 0.028486921 -0.081829108,
          0.0062983539 0.035318963 -0.077669129,
          0.0028325806 0.035211429 -0.077924505,
          0.0028325806 0.038621526 -0.075528443,
          -0.0056187282 0.035293151 -0.077733524,
          -0.0056187282 0.038690966 -0.075332768,
          -0.01398323 0.039173815 -0.073958986,
          -0.01398323 0.042353075 -0.071385622,
          -0.022861376 0.043164898 -0.068496585,
          -0.022861376 0.04621892 -0.065551639,
          -0.030446699 0.047012627 -0.061716922,
          -0.022861376 0.049098141 -0.062492311,
          -0.030446699 0.04961507 -0.058644656,
          -0.022861376 0.05218922 -0.058849491,
          -0.030446699 0.052387524 -0.055022221,
          -0.025427939 0.053087082 -0.056272462,
          -0.026698738 0.053051785 -0.054765504,
          -0.022861376 0.05228807 -0.055413701,
          -0.021392446 0.052612051 -0.05631189,
          -0.020655461 0.052282952 -0.056272708,
          -0.020409476 0.052781168 -0.056921024,
          -0.018436851 0.052999984 -0.058147341,
          -0.019917067 0.053030346 -0.058546022,
          -0.01645848 0.053044781 -0.059353642,
          -0.01398323 0.052038264 -0.061764408,
          -0.015468329 0.052995484 -0.059932377,
          -0.014973219 0.053035986 -0.059760012,
          -0.016953405 0.05259899 -0.057812013,
          -0.01398323 0.052270722 -0.058288943,
          -0.01398323 0.052980337 -0.059404299,
          -0.013045731 0.053025827 -0.060226932,
          -0.011174247 0.052586511 -0.059210695,
          -0.0076880315 0.052263539 -0.059448857,
          -0.0069960076 0.052580513 -0.059853151,
          -0.0056187282 0.052262023 -0.059680667,
          -0.006535864 0.05274551 -0.06015186,
          -0.0056187282 0.052957602 -0.060801152,
          -0.0083820531 0.052958336 -0.061386112,
          -0.0056187282 0.051965378 -0.063173831,
          -0.0056187282 0.048513699 -0.06684009,
          2.3228702e-005 0.052941803 -0.061980229,
          0.0028325806 0.048486296 -0.067041874,
          0.0028325806 0.051955197 -0.063374028,
          0.0062983539 0.048522372 -0.066772223,
          0.0062983539 0.051969208 -0.063105471,
          0.010752251 0.05296303 -0.061000858,
          0.0075146221 0.05300054 -0.061199468,
          0.0091990512 0.052960098 -0.060355838,
          0.0070558232 0.052577872 -0.059851076,
          0.010660645 0.052264478 -0.058996342,
          0.011439351 0.052582599 -0.059167851,
          0.01256363 0.052266445 -0.058621585,
          0.011959173 0.052749559 -0.059308596,
          0.01300014 0.052969594 -0.059636965,
          0.013873806 0.052037492 -0.061792362,
          0.013873806 0.048699271 -0.065452643,
          0.018559206 0.053009581 -0.059011843,
          0.021495365 0.049021408 -0.063051395,
          0.021495365 0.052161589 -0.05940308,
          0.026252158 0.053084038 -0.0558783,
          0.023190212 0.053084124 -0.056978762,
          0.024775995 0.053024177 -0.055691898,
          0.023288598 0.052609585 -0.055566043,
          0.026397847 0.052292489 -0.053840458,
          0.0062983539 0.045334924 -0.069817506,
          0.013873806 0.045606565 -0.068502687,
          0.013873806 0.04234273 -0.071415529,
          0.021495365 0.043006778 -0.06904871,
          0.021495365 0.039977007 -0.071660645,
          0.029164359 0.041218475 -0.068120606,
          0.029164359 0.038267523 -0.07068494,
          0.037000589 0.040389314 -0.065661505,
          0.037000589 0.034867994 -0.070522465,
          0.043895636 0.042970475 -0.059551273,
          0.043895636 0.038116343 -0.06476929,
          0.049222816 0.041502468 -0.058772709,
          0.043895636 0.032595858 -0.069537237,
          0.049222816 0.036549013 -0.063987799,
          0.043895636 0.02694126 -0.073428467,
          0.0517646 0.041345894 -0.057956547,
          0.021495365 0.046101224 -0.066109866,
          0.029164359 0.0495115 -0.059399296,
          0.029164359 0.046853777 -0.062470462,
          0.037000589 0.047946706 -0.057185795,
          0.037000589 0.045484241 -0.060221437,
          0.043895636 0.04927624 -0.050757572,
          0.043895636 0.047269084 -0.053863041,
          0.049222816 0.049129635 -0.047235478,
          0.049222816 0.047501221 -0.050210573,
          0.053966165 0.051411152 -0.039108768,
          0.053966165 0.050304946 -0.04221924,
          0.053966165 0.052361667 -0.035841431,
          0.049222816 0.050662164 -0.044057377,
          0.049222816 0.051991723 -0.040922489,
          0.043895636 0.051089134 -0.047645878,
          0.047276162 0.053496934 -0.038718387,
          0.043895636 0.052957024 -0.044075809,
          0.044450037 0.05341512 -0.042105228,
          0.044015732 0.053383037 -0.042308472,
          0.044995982 0.052732244 -0.039957765,
          0.043131735 0.053209495 -0.042700686,
          0.041766055 0.052705333 -0.043345463,
          0.041101709 0.052893721 -0.044204958,
          0.041171394 0.053333711 -0.045479737,
          0.039744761 0.053162768 -0.045953128,
          0.0384272 0.053273667 -0.047651857,
          0.038504161 0.052682098 -0.046284061,
          0.037332151 0.05325532 -0.048550051,
          0.036474109 0.053124059 -0.048656862,
          0.037000589 0.052624036 -0.050493289,
          0.034104779 0.053194862 -0.051250245,
          0.037000589 0.050223269 -0.054096315,
          0.035029687 0.052660853 -0.048982181,
          0.034232922 0.052839622 -0.049777713,
          0.032616083 0.053085078 -0.051389407,
          0.031100098 0.052640483 -0.051580813,
          0.030969484 0.053164627 -0.053001832,
          0.029621543 0.053148501 -0.053796023,
          0.030136304 0.053133946 -0.053790528,
          0.029164359 0.052350223 -0.05576941,
          0.028585481 0.053050987 -0.053791016,
          0.027617197 0.05280121 -0.053772587,
          0.026349299 0.052795116 -0.054411869,
          0.027130606 0.052623324 -0.053785279,
          0.037756946 0.053261191 -0.048490848,
          0.047332227 0.05296078 -0.037356202,
          0.047859482 0.052760191 -0.036451906,
          0.048829775 0.053308647 -0.035827149,
          0.049222816 0.053304058 -0.037386719,
          0.049520511 0.053525701 -0.035359744,
          0.0498579 0.053583931 -0.035121582,
          0.050474178 0.052790128 -0.03270508,
          0.051423281 0.053366095 -0.031857301,
          0.052857254 0.052822586 -0.028653933,
          0.052320652 0.053681929 -0.031074097,
          0.053673752 0.053425789 -0.027741089,
          0.053966165 0.053729538 -0.029184816,
          0.054387726 0.053780537 -0.02700574,
          0.055437557 0.053482186 -0.0238584,
          0.054793652 0.052854277 -0.024707643,
          0.05711535 0.054171909 -0.024683474,
          0.053966165 0.053098537 -0.032678224,
          0.05711535 0.054142095 -0.021231202,
          0.056909438 0.05353979 -0.019899171,
          0.029164359 0.044017036 -0.065448731,
          0.037000589 0.043021478 -0.062980227,
          0.043895636 0.045214836 -0.056727786,
          0.0036940142 0.052260295 -0.059834231,
          0.0045583681 0.052953474 -0.0608938,
          0.0034065789 0.052575964 -0.060169924,
          0.0028325806 0.052952379 -0.061000492,
          0.0028325806 0.052260108 -0.059880741,
          0.001894636 0.052740201 -0.060482182,
          0.0014263896 0.0525757 -0.060248781,
          0.00049079629 0.052740265 -0.060509402,
          0.00072461664 0.052259956 -0.059942018,
          -0.0013798828 0.052952792 -0.061050784,
          -0.002785926 0.052576896 -0.060199711,
          -0.0032557738 0.05299522 -0.061585817,
          -0.0046703634 0.05299753 -0.061491214,
          -0.004197882 0.052946445 -0.061832156,
          0.0039817742 0.052944068 -0.061847538,
          0.0059679756 0.052997276 -0.061375737,
          0.0066767447 0.052949317 -0.061604738,
          -0.012577346 0.052977677 -0.060634281,
          -0.011641553 0.053019304 -0.060524661,
          -0.01398323 0.048704308 -0.065422975,
          -0.0056187282 0.045321573 -0.069884889,
          0.0028325806 0.045279521 -0.070086062,
          -0.022861376 0.053025085 -0.05651636,
          -0.0097753154 0.052966665 -0.06025989,
          -0.0079191597 0.052747525 -0.059983157,
          0.060000002 0.05880966 -0.012757691,
          0.060000002 0.059660088 -0.02005066,
          0.059062984 0.055349745 -0.030251345,
          0.060000002 0.059119739 -0.027578615,
          0.059062984 0.053695321 -0.037182741,
          0.060000002 0.057116028 -0.035121094,
          0.059062984 0.050783422 -0.044008426,
          0.060000002 0.054007385 -0.041757204,
          0.059062984 0.047017466 -0.049935672,
          0.059772514 0.048418604 -0.048790164,
          0.059062984 0.042270806 -0.055372562,
          0.059591565 0.044806443 -0.052849978,
          0.059062984 0.037011944 -0.060639407,
          0.059772514 0.036066364 -0.062898442,
          0.057699356 0.024568805 -0.071620733,
          0.059062984 0.026657768 -0.071452275,
          0.05711535 0.020281738 -0.075195439,
          0.059062984 0.020111471 -0.079032719,
          0.05711535 0.013441479 -0.082155518,
          0.059062984 0.013648524 -0.087280281,
          0.05711535 0.0067268498 -0.089867987,
          0.059062984 0.006123207 -0.098611087,
          0.05711535 -0.0010683321 -0.10062983,
          0.059062984 -9.3315197e-005 -0.11074945,
          0.05711535 -0.0075195883 -0.11228663,
          0.05711535 -0.012102797 -0.12345143,
          0.053966165 -0.014970616 -0.1138288,
          0.053966165 -0.019723607 -0.1246081,
          0.049222816 -0.027582662 -0.12580073,
          0.049222816 -0.031216035 -0.13683961,
          0.043895636 -0.03399241 -0.12677333,
          0.043895636 -0.037729636 -0.13750525,
          0.037000589 -0.04397922 -0.13814375,
          0.037000589 -0.04635907 -0.14906354,
          0.029164359 -0.049117822 -0.13866864,
          0.029164359 -0.051545747 -0.14934443,
          0.021495365 -0.052657351 -0.13903004,
          0.021495365 -0.055118199 -0.14953785,
          0.013873806 -0.054985359 -0.13926758,
          0.013873806 -0.057467643 -0.14966492,
          0.0062983539 -0.056265671 -0.13939795,
          0.0062983539 -0.058759458 -0.14973475,
          0.0028325806 -0.059023865 -0.14974897,
          0.053966165 -0.0082838088 -0.10265503,
          0.049222816 -0.022654561 -0.11541902,
          0.049222816 -0.015724799 -0.10474335,
          0.043895636 -0.028921474 -0.11671571,
          0.043895636 -0.021793518 -0.1064463,
          0.037000589 -0.034934308 -0.11795954,
          0.037000589 -0.027616145 -0.10807991,
          0.03316934 -0.034049835 -0.11349604,
          0.029164359 -0.032403566 -0.10942274,
          0.029164359 -0.039878182 -0.11898199,
          0.021495365 -0.043283511 -0.11968592,
          0.021495365 -0.048681922 -0.12900104,
          0.013873806 -0.045523167 -0.1201485,
          0.013873806 -0.050972696 -0.12934802,
          0.0062983539 -0.046754781 -0.1204024,
          0.0062983539 -0.052232474 -0.12953846,
          0.0028325806 -0.052490443 -0.12957722,
          0.0028325806 -0.056527883 -0.13942456,
          -0.0056187282 -0.058828484 -0.1497381,
          0.03316934 -0.040371802 -0.12322474,
          0.037000589 -0.040142316 -0.12770624,
          0.029164359 -0.045198921 -0.12847309,
          0.03316934 -0.044962149 -0.13322468,
          0.053966165 -0.00021773306 -0.092464179,
          0.049222816 -0.0073791966 -0.095141426,
          0.046680301 -0.01475117 -0.10075946,
          0.043895636 -0.013219779 -0.097324833,
          0.053966165 0.0067494302 -0.085288577,
          0.049222816 -0.00015158627 -0.088519417,
          0.043895636 -0.0057797348 -0.09115418,
          0.043895636 0.001907885 -0.085981876,
          0.037000589 -0.011179436 -0.093681887,
          0.037000589 -0.0032536751 -0.089011721,
          0.029164359 -0.0074972375 -0.09150251,
          0.037000589 -0.018823326 -0.099419624,
          0.03316934 -0.025863733 -0.10436628,
          0.025369134 -0.029814776 -0.10564838,
          0.021495365 -0.035701059 -0.11034735,
          0.021495365 -0.026603384 -0.10232776,
          0.013873806 -0.028689891 -0.1031076,
          0.021495365 -0.018676372 -0.097191229,
          0.013873806 -0.020686889 -0.098132022,
          0.021495365 -0.010419794 -0.093217775,
          0.013873806 -0.01234149 -0.094345525,
          0.0062983539 -0.013397668 -0.094965033,
          0.0028325806 4.6696139e-005 -0.091673404,
          0.0028325806 0.0072345529 -0.090228826,
          -0.0056187282 0.000194076 -0.091549687,
          -0.0056187282 0.00737473 -0.090089485,
          -0.01398323 0.0083610294 -0.089108527,
          -0.01398323 0.015407215 -0.086937197,
          -0.022861376 0.017310292 -0.084712833,
          -0.022861376 0.023874385 -0.081797428,
          -0.030446699 0.019808525 -0.081791691,
          -0.030446699 0.026138157 -0.078622803,
          -0.038144585 0.023375167 -0.077620484,
          -0.038144585 0.029369878 -0.074089848,
          -0.044259489 0.027216338 -0.073127814,
          -0.044259489 0.032850225 -0.0692074,
          -0.049527995 0.03161341 -0.067984626,
          -0.049527995 0.036834147 -0.063618042,
          -0.054196306 0.036990408 -0.061694585,
          -0.054196306 0.041705824 -0.056782719,
          -0.05727696 0.042201329 -0.055598635,
          -0.05727696 0.046426948 -0.050158083,
          -0.059367254 0.048275109 -0.0484928,
          -0.059367254 0.051929735 -0.04243616,
          -0.05999678 0.054441776 -0.041277956,
          -0.05999678 0.05751659 -0.034595829,
          -0.059309833 0.06003207 -0.034737185,
          -0.059309833 0.062581189 -0.027488038,
          -0.057167377 0.066081382 -0.027658937,
          -0.057167377 0.068061568 -0.019796388,
          -0.054046411 0.071268439 -0.021589357,
          -0.054046411 0.072760701 -0.013200684,
          -0.049834248 0.076137587 -0.015891479,
          -0.049834248 0.077171758 -0.0070090336,
          -0.044030048 0.080997095 -0.010204346,
          -0.044030048 0.081573993 -0.00082922366,
          -0.03785909 0.084825881 -0.0057232669,
          -0.03785909 0.085042402 0.0040402836,
          -0.030115994 0.088363282 -0.0015826416,
          -0.030115994 0.088246733 0.0085395509,
          -0.021688877 0.091041379 0.0015527344,
          -0.021688877 0.090672523 0.011946412,
          -0.013588568 0.092693083 0.0034871828,
          -0.013588568 0.092168428 0.014048219,
          -0.004313271 0.093620628 0.0045747072,
          -0.004313271 0.09300822 0.015229615,
          0.0041351663 0.09362758 0.0045848391,
          0.0041351663 0.093014024 0.015240357,
          0.0083032008 0.093308195 0.0095128175,
          0.0097067645 0.091887921 0.018580934,
          0.012528855 0.09230487 0.014247803,
          0.015522352 0.090175457 0.021334229,
          0.017019799 0.090472244 0.019050416,
          0.021495191 0.087895356 0.023356203,
          0.018515518 0.090660743 0.016731568,
          0.024084855 0.089445949 0.014899781,
          0.021495191 0.090708464 0.012010132,
          0.025369037 0.090109594 0.0054327394,
          0.021495191 0.091083847 0.0016129151,
          0.029164337 0.088711418 -0.0011610108,
          0.029164337 0.086981878 -0.010893067,
          0.033169325 0.086389996 -0.0079338383,
          0.037000578 0.083289251 -0.014566407,
          0.037000578 0.085267328 -0.0051887208,
          0.043895658 0.081078693 -0.010087769,
          0.040569082 0.083674364 -0.0027817385,
          0.043895658 0.081642769 -0.00070556643,
          0.037000578 0.085437961 0.0046184086,
          0.043895658 0.080129378 0.0096134041,
          0.037000578 0.083380423 0.015367189,
          0.039404698 0.081199832 0.017030152,
          0.034467645 0.081506707 0.024068849,
          0.037000578 0.078938209 0.025564576,
          0.034467645 0.077580757 0.030661866,
          0.037000578 0.072139986 0.034712039,
          0.033169325 0.076738164 0.033105105,
          0.031851646 0.075792037 0.035469729,
          0.029164337 0.081062503 0.030589601,
          0.026644491 0.076740421 0.038365357,
          0.025369037 0.078256115 0.037428834,
          0.021495191 0.074620776 0.043543339,
          0.024084855 0.079729848 0.036395878,
          0.018515518 0.079193003 0.040096927,
          0.021495191 0.082525946 0.034050662,
          0.018515518 0.085052952 0.031621218,
          0.024084855 0.085865945 0.026056765,
          0.026644491 0.087887742 0.017607667,
          0.025369037 0.088702649 0.016278688,
          0.029164337 0.088558659 0.0089954836,
          0.033169325 0.087340564 0.0018984376,
          0.026644491 0.083576769 0.028477907,
          0.025369037 0.084751844 0.0273042,
          0.029164337 0.086053722 0.020097902,
          0.031851646 0.08389207 0.022238649,
          0.033169325 0.082725033 0.023194337,
          0.017019799 0.092112154 0.0079879155,
          0.012528855 0.092845365 0.003671631,
          0.012528855 0.091413252 -0.0064848638,
          0.021495191 0.089525238 -0.0083629154,
          0.012528855 0.088852584 -0.017117798,
          0.021495191 0.086861335 -0.018789429,
          0.021495191 0.080971405 -0.039561525,
          0.029164337 0.078048185 -0.041278321,
          0.029164337 0.069434471 -0.066422977,
          0.037000578 0.073803984 -0.043770753,
          0.037000578 0.064827532 -0.068145633,
          0.043895658 0.068641841 -0.046802003,
          0.043895658 0.059224054 -0.070240729,
          0.049222808 0.053383585 -0.072424442,
          0.049222808 0.04740506 -0.087020084,
          0.053966202 0.03996516 -0.089109503,
          0.053966202 0.034852825 -0.10351361,
          0.057115365 0.027402814 -0.10505646,
          0.057115365 0.023615168 -0.11802864,
          0.05927486 0.018778039 -0.10684241,
          0.05927486 0.014793941 -0.11936811,
          0.060000002 0.0057566953 -0.12074023,
          0.060000002 0.0026631737 -0.13337629,
          0.060000002 0.0099420771 -0.10867189,
          0.05927486 0.024398198 -0.093480594,
          0.060000002 0.015841443 -0.095882997,
          0.05927486 0.031238263 -0.080704108,
          0.060000002 0.023002265 -0.083783329,
          0.05927486 0.042861108 -0.061939213,
          0.060000002 0.035274222 -0.066393554,
          0.059823371 0.048369084 -0.051104739,
          0.059922189 0.050378352 -0.047909304,
          0.058103714 0.05612376 -0.044594485,
          0.05927486 0.06016228 -0.034556154,
          0.057115365 0.066170469 -0.027527101,
          0.058383577 0.064454712 -0.027323365,
          0.057115365 0.068135589 -0.019657349,
          0.05927486 0.062692225 -0.027295778,
          0.05927486 0.063896261 -0.019122193,
          0.057115365 0.032750484 -0.091135383,
          0.057115365 0.039277617 -0.077698432,
          0.053966202 0.046222121 -0.075102054,
          0.053966202 0.056664214 -0.053834964,
          0.049222808 0.063261449 -0.049961306,
          0.049222808 0.070607752 -0.032434694,
          0.043895658 0.075545833 -0.028289065,
          0.043895658 0.078797996 -0.019034302,
          0.037000578 0.08028353 -0.024311647,
          0.049222808 0.074116878 -0.023691162,
          0.053966202 0.064552777 -0.037518069,
          0.057297435 0.054095555 -0.050220829,
          0.057237439 0.052827414 -0.052643802,
          0.057115365 0.050266914 -0.057591066,
          0.029164337 0.084178649 -0.021041626,
          0.0041351663 0.092251077 -0.0056514894,
          -0.004313271 0.092242554 -0.0056601567,
          -0.0089185154 0.092812635 -0.0010292969,
          -0.013588568 0.091246635 -0.0066511235,
          0.0041351663 0.08973597 -0.016376222,
          -0.004313271 0.08972647 -0.016384277,
          -0.013588568 0.088675261 -0.017266847,
          -0.013588568 0.082949504 -0.038397461,
          -0.021688877 0.086804964 -0.018837037,
          -0.021688877 0.08091221 -0.039593019,
          -0.030115994 0.077609643 -0.041531254,
          -0.021688877 0.072540954 -0.065259889,
          -0.030115994 0.068955384 -0.066600099,
          -0.030115994 0.063574396 -0.082468815,
          -0.03785909 0.064220086 -0.068370245,
          -0.03785909 0.058653735 -0.083849125,
          -0.044030048 0.053328533 -0.085343085,
          -0.044030048 0.048649397 -0.10064314,
          -0.049834248 0.041670617 -0.10208716,
          -0.049834248 0.038206611 -0.11580157,
          -0.054046411 0.034678619 -0.10353412,
          -0.054046411 0.031055273 -0.11688691,
          -0.057167377 0.027230659 -0.10507569,
          -0.057167377 0.023437597 -0.11804309,
          -0.059309833 0.018545168 -0.1068736,
          -0.059309833 0.014554212 -0.11939155,
          -0.05999678 0.010519232 -0.10853516,
          -0.05999678 0.0063454304 -0.12063776,
          -0.059367254 -0.0027091317 -0.12201252,
          -0.05999678 0.0032590816 -0.13330732,
          -0.059367254 -0.0059420266 -0.13424811,
          -0.05999678 0.0013355758 -0.14647529,
          -0.059367254 -0.0079528661 -0.14697877,
          -0.059309833 0.0097563099 -0.14601886,
          -0.057167377 0.018868973 -0.14552496,
          -0.054046411 0.026683178 -0.14510156,
          -0.049834248 0.034018926 -0.14470404,
          -0.044030048 0.041340727 -0.14430737,
          -0.03785909 0.047110096 -0.14399488,
          -0.030115994 0.052441135 -0.14370613,
          -0.021688877 0.056478053 -0.14348762,
          -0.013588568 0.058968835 -0.14335285,
          -0.004313271 0.060369253 -0.14327723,
          0.0041351663 0.060382728 -0.14327674,
          0.012528855 0.059207473 -0.14334077,
          0.021495191 0.056557331 -0.14348468,
          0.029164337 0.052986529 -0.14367847,
          0.037000578 0.047801588 -0.14395973,
          0.043895658 0.041494805 -0.14430183,
          0.049222808 0.034921095 -0.14465833,
          0.053966202 0.02686036 -0.14509535,
          0.057115365 0.019043682 -0.14551917,
          0.05927486 0.0099945003 -0.14600971,
          0.060000002 0.0007238168 -0.14651227,
          -0.059309833 0.011600746 -0.13245447,
          -0.057167377 0.020627959 -0.13153163,
          -0.054046411 0.028368996 -0.1307403,
          -0.049834248 0.035636168 -0.12999757,
          -0.044030048 0.042889655 -0.12925629,
          -0.03785909 0.04860533 -0.1286723,
          -0.021688877 0.089474238 -0.0084145516,
          -0.025953243 0.089212671 -0.0049058842,
          -0.030115994 0.086601041 -0.011273072,
          -0.03785909 0.082806356 -0.015048219,
          -0.041045319 0.082109854 -0.012551636,
          -0.044030048 0.07869938 -0.019134156,
          -0.030115994 0.083773352 -0.021382324,
          -0.03785909 0.079769641 -0.024743531,
          -0.044030048 0.075436577 -0.02838135,
          -0.044030048 0.068527311 -0.04686255,
          -0.049834248 0.062536173 -0.050379518,
          -0.044030048 0.059095234 -0.070286013,
          -0.049834248 0.052591193 -0.072717413,
          -0.049834248 0.046570458 -0.087239631,
          -0.054046411 0.03979953 -0.089139774,
          -0.03785909 0.073247939 -0.044091433,
          -0.049834248 0.073487043 -0.024319582,
          -0.054046411 0.068264566 -0.029515138,
          0.0028325806 0.014354861 -0.088164434,
          -0.0056187282 0.014486564 -0.088012397,
          -0.01398323 0.022149736 -0.08421503,
          -0.022861376 0.030646881 -0.078013614,
          -0.030446699 0.032586146 -0.074582525,
          -0.038144585 0.035354543 -0.069683477,
          -0.030446699 0.038576484 -0.06997034,
          -0.038144585 0.040776346 -0.064766608,
          -0.038144585 0.043350298 -0.062063236,
          -0.044259489 0.043145411 -0.059161868,
          -0.044259489 0.045363408 -0.056327883,
          -0.049527995 0.045857221 -0.052745853,
          -0.049527995 0.047667772 -0.049762331,
          -0.054196306 0.049173277 -0.044899661,
          -0.054196306 0.0504856 -0.04173328,
          -0.05727696 0.052386828 -0.037295654,
          -0.05727696 0.053216316 -0.033952028,
          -0.059367254 0.056399126 -0.024882203,
          -0.059367254 0.056369886 -0.021476563,
          -0.05999678 0.058999419 -0.012111817,
          -0.05999678 0.058013909 -0.0085482178,
          -0.059309833 0.059789523 3.466797e-005,
          -0.05999678 0.056779847 -0.0052939458,
          -0.059309833 0.05793624 0.0033183596,
          -0.05999678 0.05513927 -0.0019486084,
          -0.059309833 0.05558363 0.006619263,
          -0.057167377 0.05606452 0.015890991,
          -0.054046411 0.056476913 0.02384131,
          -0.052080233 0.054288156 0.029138673,
          -0.049834248 0.056864075 0.031304687,
          -0.044030048 0.057250526 0.038753543,
          -0.049834248 0.061267637 0.028131349,
          -0.044030048 0.062272765 0.035618655,
          -0.044030048 0.066448212 0.032223757,
          -0.03785909 0.067664184 0.038102783,
          -0.044030048 0.070322193 0.028217774,
          -0.03785909 0.071954578 0.034032959,
          -0.044030048 0.073544934 0.023984253,
          -0.03785909 0.075550929 0.029702637,
          -0.044030048 0.0763098 0.019321779,
          -0.03785909 0.078670479 0.024910158,
          -0.042063881 0.078704022 0.018074341,
          -0.041045319 0.079851821 0.017343385,
          -0.044030048 0.080072112 0.0094858399,
          -0.040004347 0.080960378 0.016543457,
          -0.041045319 0.082786016 0.0069829104,
          -0.03785909 0.083042987 0.014747559,
          -0.035361011 0.085022241 0.012916992,
          -0.030115994 0.085787639 0.019609131,
          -0.03407874 0.085925341 0.011906616,
          -0.032776181 0.086765938 0.010837769,
          -0.047081646 0.079113528 0.0012236328,
          -0.048033573 0.078210272 0.0018066408,
          -0.049834248 0.076301314 0.0028079834,
          -0.052080233 0.07497853 -0.0052604983,
          -0.054046411 0.072522931 -0.0038826906,
          -0.057167377 0.068497762 -0.011010133,
          -0.030115994 0.080851398 0.030073365,
          -0.027354298 0.085129619 0.024616579,
          -0.025953243 0.08463303 0.027048342,
          -0.021688877 0.087865382 0.023290284,
          -0.024540897 0.084027559 0.029423829,
          -0.018998289 0.086815014 0.027880983,
          -0.021688877 0.082502365 0.033982791,
          -0.017647609 0.086136267 0.030100588,
          -0.016294951 0.085358605 0.032262698,
          -0.013588568 0.089146622 0.025561037,
          -0.01046996 0.087854415 0.029895144,
          -0.01046996 0.090791821 0.022331422,
          -0.004313271 0.089865789 0.026837038,
          -0.0089185154 0.091482863 0.020626955,
          -0.0073743165 0.092083551 0.018871095,
          -0.017647609 0.090373375 0.018885011,
          -0.024540897 0.089339942 0.014724976,
          -0.025953243 0.088558435 0.01603711,
          -0.027354298 0.087703809 0.017291505,
          -0.030115994 0.077404171 0.034986209,
          -0.021688877 0.078807093 0.038986452,
          -0.013588568 0.083520412 0.036394291,
          -0.013588568 0.079672188 0.04145398,
          -0.004313271 0.080157764 0.042840213,
          -0.004313271 0.07570345 0.047392823,
          0.0041351663 0.075706095 0.04740442,
          0.0041351663 0.070458755 0.051620729,
          0.012528855 0.070210077 0.05042078,
          0.0041351663 0.064884588 0.055083498,
          0.012528855 0.06472262 0.053879518,
          0.0041351663 0.058256101 0.058120731,
          0.012528855 0.058194216 0.056923464,
          0.021495191 0.058054514 0.05422559,
          -0.049834248 0.07331349 0.012229371,
          -0.049834248 0.070998795 0.016726807,
          -0.054046411 0.068447545 0.0094549563,
          -0.049834248 0.068250276 0.020837281,
          -0.054046411 0.066174194 0.013442383,
          -0.049834248 0.064904839 0.024762331,
          -0.054046411 0.063358374 0.017286377,
          -0.054046411 0.06026049 0.020629518,
          -0.057167377 0.059187558 0.012638062,
          -0.057167377 0.061710902 0.0093223881,
          -0.059309833 0.061383132 -0.0036220704,
          -0.05999678 0.059630543 -0.015673462,
          -0.059367254 0.056132406 -0.028432375,
          -0.059367254 0.054679461 -0.035475589,
          -0.05727696 0.049965795 -0.043820314,
          -0.054196306 0.04592168 -0.050979495,
          -0.05999678 0.05946511 -0.027002931,
          -0.059309833 0.063803375 -0.019322023,
          -0.05999678 0.059935175 -0.019433228,
          -0.059309833 0.063382439 -0.011275146,
          -0.057167377 0.067112684 -0.0024468994,
          -0.054046411 0.070311129 0.0051231692,
          -0.057167377 0.06572964 0.0017086182,
          -0.057167377 0.063962527 0.0055648196,
          -0.059309833 0.062559865 -0.0073251957,
          -0.049527995 0.041748568 -0.058366459,
          -0.044259489 0.038335886 -0.064406864,
          -0.03785909 0.057555065 0.044622805,
          -0.03407874 0.054571539 0.048813846,
          -0.030115994 0.057836492 0.0500459,
          -0.021688877 0.058049653 0.054151978,
          -0.03785909 0.063064672 0.041517947,
          -0.030115994 0.06878756 0.04353467,
          -0.030115994 0.073462658 0.039405886,
          -0.059367254 0.054649141 -0.011399536,
          -0.059367254 0.055504203 -0.014793946,
          -0.05727696 0.054247744 -0.024150757,
          -0.059367254 0.056055181 -0.018015748,
          -0.05727696 0.054125924 -0.027340578,
          -0.05727696 0.053779908 -0.030700197,
          -0.054196306 0.051557817 -0.038613282,
          0.0028325806 0.021195352 -0.085549198,
          -0.0056187282 0.021315163 -0.085383736,
          -0.01398323 0.029169399 -0.080626771,
          -0.01398323 0.035861384 -0.076391116,
          -0.022861376 0.037035465 -0.073615119,
          -0.022861376 0.040171489 -0.071118169,
          -0.030446699 0.041480962 -0.06738843,
          -0.030446699 0.044230442 -0.064703614,
          -0.038144585 0.045751579 -0.059288088,
          -0.038144585 0.048145697 -0.056241944,
          -0.044259489 0.049365923 -0.050345339,
          -0.038144585 0.050353009 -0.053151127,
          -0.044259489 0.051147707 -0.047234379,
          -0.038144585 0.052670747 -0.049557377,
          -0.044259489 0.052975845 -0.043671634,
          -0.042312242 0.053381409 -0.044360355,
          -0.044259489 0.053251188 -0.041481324,
          -0.041303102 0.053206068 -0.044505984,
          -0.040271465 0.052709833 -0.044717409,
          -0.038144585 0.053164091 -0.047311403,
          -0.036915243 0.052686222 -0.047542483,
          -0.035662588 0.053239413 -0.05012244,
          -0.036082644 0.052869987 -0.048416384,
          -0.034388002 0.053121049 -0.050179444,
          -0.036291741 0.052333277 -0.047718264,
          -0.033092879 0.052663099 -0.050295535,
          -0.030446699 0.053082675 -0.052724734,
          -0.027959602 0.052637435 -0.05333716,
          -0.03133652 0.053184927 -0.052771244,
          -0.031778604 0.053173497 -0.052789189,
          -0.032656841 0.053202644 -0.051932618,
          -0.0056187282 0.028454356 -0.081890322,
          0.0028325806 0.028351568 -0.082069829,
          -0.044259489 0.047389712 -0.053455446,
          -0.049527995 0.049264848 -0.046778444,
          -0.049527995 0.050762694 -0.043595217,
          -0.054196306 0.052470706 -0.035340454,
          -0.049527995 0.052057382 -0.040461183,
          -0.054196306 0.053169757 -0.032178104,
          -0.049527995 0.053325158 -0.036933597,
          -0.052792355 0.053728852 -0.030203737,
          -0.05203291 0.053409837 -0.03079712,
          -0.051235519 0.052819662 -0.031451907,
          -0.049527995 0.053350344 -0.034807254,
          -0.047881432 0.052778907 -0.036389284,
          -0.047016066 0.053299565 -0.038230713,
          -0.054196306 0.053752374 -0.028693605,
          -0.05727696 0.054166455 -0.020707887,
          0.029164359 -0.015618854 -0.095760077,
          0.029164359 -0.023430375 -0.10114173,
          0.053966165 0.013884662 -0.078950994,
          0.049222816 0.0072878739 -0.082823731,
          0.049222816 0.019233048 -0.075565435,
          0.059062984 -0.0045073214 -0.12229846,
          0.059062984 -0.0077670002 -0.13444269,
          0.059062984 -0.0098052165 -0.14708295,
          0.05711535 -0.015485455 -0.13523176,
          0.05711535 -0.017596722 -0.14750519,
          0.053966165 -0.023229679 -0.13602333,
          0.053966165 -0.025414141 -0.14792883,
          0.049222816 -0.03347585 -0.1483656,
          0.043895636 -0.040050786 -0.14872187,
          0.03316934 -0.04977781 -0.15515651,
          0.05711535 0.04184521 -0.055987675,
          0.05711535 0.03672355 -0.060891118,
          0.05711535 0.031159688 -0.065552615,
          0.053966165 0.031158 -0.066427983,
          0.053966165 0.025288057 -0.07048206,
          0.055691022 0.022674615 -0.072314702,
          0.05927486 0.055598076 0.0068421634,
          0.057115365 0.056075551 0.01605005,
          0.057115365 0.059203818 0.01279126,
          0.053966202 0.05648797 0.024003908,
          0.053966202 0.060277514 0.020786623,
          0.049222808 0.056913249 0.032206424,
          0.049222808 0.061384834 0.029031985,
          0.043895658 0.057260048 0.038895998,
          0.043895658 0.062287979 0.035756592,
          0.037000578 0.063154563 0.042208496,
          0.029164337 0.068896577 0.044075929,
          0.029164337 0.073608868 0.039941408,
          0.051764615 0.054267514 0.029668946,
          0.040569082 0.054474697 0.043600954,
          0.037000578 0.057592735 0.045314088,
          0.029164337 0.057866212 0.050591066,
          0.029164337 0.063867159 0.047513187,
          0.021495191 0.064358063 0.051167116,
          0.021495191 0.06965033 0.047717411,
          0.012528855 0.075372234 0.046217408,
          0.012528855 0.079750665 0.041684572,
          0.012528855 0.08361274 0.036620118,
          0.0041351663 0.080160983 0.042851686,
          0.0041351663 0.084095605 0.037760377,
          -0.004313271 0.084091835 0.037749149,
          -0.0073743165 0.086158663 0.033970095,
          -0.0089185154 0.087055162 0.031967532,
          0.017019799 0.086217731 0.030276002,
          0.015522352 0.087310292 0.028849732,
          0.05927486 0.057960927 0.0035355226,
          0.05927486 0.061434176 -0.0034107668,
          0.05927486 0.063455604 -0.011068848,
          0.057115365 0.063996196 0.005713257,
          0.053966202 0.066209428 0.013594849,
          0.051764615 0.064250223 0.021622682,
          0.049222808 0.068491988 0.021722779,
          0.046680309 0.065796874 0.029097291,
          0.043895658 0.070353664 0.028351808,
          0.043895658 0.076354831 0.019453004,
          0.041706566 0.07884454 0.018397829,
          0.046680309 0.077025719 0.01163501,
          0.049222808 0.076741196 0.0036163332,
          0.046680309 0.079375476 0.0016624756,
          0.049222808 0.077687465 -0.006254761,
          0.046680309 0.079553738 -0.0080427248,
          0.049222808 0.076713197 -0.015194093,
          0.053966202 0.07136064 -0.021455446,
          0.051764615 0.074898675 -0.013986573,
          0.053966202 0.072837919 -0.013059082,
          0.053966202 0.07258705 -0.0037370608,
          0.055691041 0.070783913 -0.011804078,
          0.057115365 0.068559021 -0.010867554,
          0.051764615 0.073618703 0.0047239992,
          0.055691041 0.069909059 -0.0028012698,
          0.053966202 0.070361495 0.0052725831,
          0.057115365 0.06716074 -0.0023011477,
          0.055691041 0.067139842 0.0057575684,
          0.049222808 0.07366249 0.013083008,
          0.051764615 0.069918118 0.013674073,
          0.046680309 0.072469756 0.020944459,
          0.040569082 0.080041647 0.017752199,
          0.012528855 0.089263 0.025774904,
          0.0083032008 0.091529243 0.020704957,
          0.0069060493 0.091072291 0.022793947,
          0.0013083664 0.092334308 0.019252198,
          0.0041351663 0.089870609 0.026848147,
          -8.684973e-005 0.091853604 0.021210939,
          -0.0014836439 0.091281094 0.023131836,
          -0.0014836439 0.088286087 0.030733278,
          -8.684973e-005 0.087362148 0.032592896,
          0.0013083664 0.086353324 0.034387454,
          0.0069060493 0.08810176 0.030379029,
          0.0083032008 0.087093376 0.032049928,
          0.0097067645 0.086006418 0.033650514,
          0.013873806 -0.037869725 -0.11095502,
          0.0062983539 -0.029836824 -0.10353614,
          0.0062983539 -0.021791991 -0.098648995,
          0.0062983539 -0.039062206 -0.1112887,
          0.0028325806 -0.039306317 -0.1113567,
          0.0028325806 -0.030071404 -0.10362373,
          0.0028325806 -0.022017982 -0.098754585,
          -0.0056187282 -0.029897053 -0.10355823,
          -0.0056187282 -0.021849824 -0.098675296,
          -0.01398323 -0.020664303 -0.098119818,
          -0.01398323 -0.01231905 -0.09433008,
          -0.022861376 -0.0099745803 -0.092953004,
          -0.022861376 0.0033855147 -0.088870488,
          -0.034388002 0.0016569068 -0.087086186,
          -0.030446699 0.0062105521 -0.086498782,
          -0.038144585 0.010244359 -0.083112434,
          -0.038144585 0.01690324 -0.080610782,
          -0.044259489 0.014589077 -0.079464905,
          -0.044259489 0.021021949 -0.076513492,
          -0.049527995 0.0195629 -0.07528919,
          -0.049527995 0.025736939 -0.071823001,
          -0.054196306 0.025645526 -0.070182741,
          -0.054196306 0.031502936 -0.066086918,
          -0.05727696 0.031540561 -0.065233648,
          -0.05727696 0.037091024 -0.060527712,
          -0.059367254 0.043604609 -0.054047853,
          -0.030446699 0.013079154 -0.084414981,
          -0.022861376 0.010400871 -0.087079287,
          -0.01398323 0.0012340875 -0.090676576,
          -0.0056187282 -0.013452587 -0.094996281,
          0.0028325806 -0.013613593 -0.095091373,
          -0.05999678 0.050217997 -0.047468629,
          -0.059309833 0.056213416 -0.041504152,
          -0.057167377 0.0627013 -0.035049807,
          -0.057167377 0.058558434 -0.042551272,
          -0.054046411 0.064427651 -0.037623782,
          -0.054046411 0.056533419 -0.053903446,
          -0.049834248 0.069937415 -0.032998171,
          -0.054046411 0.046074614 -0.075153694,
          -0.057167377 0.039132882 -0.077748783,
          -0.057167377 0.032587022 -0.091164187,
          -0.059309833 0.03103753 -0.080775335,
          -0.059309833 0.024176061 -0.093525209,
          -0.05999678 0.016403776 -0.095707096,
          -0.059367254 0.0016663386 -0.11036811,
          -0.05727696 -0.011626703 -0.12336665,
          -0.05727696 -0.015003897 -0.13517481,
          -0.054196306 -0.019276896 -0.12452845,
          -0.054196306 -0.022777857 -0.13596992,
          -0.049527995 -0.027170299 -0.12572737,
          -0.049527995 -0.030798933 -0.13679035,
          -0.044259489 -0.033624575 -0.12670782,
          -0.044259489 -0.037357576 -0.1374613,
          -0.038144585 -0.039262254 -0.1275644,
          -0.038144585 -0.043086387 -0.13804743,
          -0.030446699 -0.048404876 -0.13859174,
          -0.038144585 -0.04545138 -0.14901197,
          -0.030446699 -0.050820976 -0.14930329,
          -0.044259489 -0.039667707 -0.14869832,
          -0.049527995 -0.033046398 -0.14833924,
          -0.054196306 -0.024948843 -0.14790015,
          -0.05727696 -0.017100876 -0.14747468,
          -0.022861376 -0.054581303 -0.14950733,
          -0.01398323 -0.057444703 -0.14966279,
          -0.022861376 -0.052129228 -0.13897309,
          -0.01398323 -0.054964975 -0.13926362,
          -0.022861376 -0.048161354 -0.12891719,
          -0.01398323 -0.050952103 -0.12934187,
          -0.022861376 -0.042773969 -0.11957405,
          -0.01398323 -0.045502674 -0.12014026,
          -0.022861376 -0.035206363 -0.11020179,
          -0.01398323 -0.037849084 -0.11094508,
          -0.022861376 -0.026122341 -0.10214648,
          -0.01398323 -0.028666953 -0.10309809,
          -0.022861376 -0.018212046 -0.096971132,
          -0.0056187282 -0.039126143 -0.11130481,
          -0.0056187282 -0.046821158 -0.12041444,
          0.0028325806 -0.047006965 -0.12045411,
          -0.0056187282 -0.052300517 -0.12954749,
          -0.0056187282 -0.056335051 -0.13940424,
          -0.030446699 -0.044496175 -0.12835987,
          -0.030446699 -0.039190333 -0.118831,
          -0.038144585 -0.034072891 -0.1177704,
          -0.038144585 -0.02677981 -0.1078338,
          -0.041303102 -0.027999485 -0.1120204,
          -0.044259489 -0.02144164 -0.10633423,
          -0.047016066 -0.022155749 -0.11060547,
          -0.049527995 -0.015330325 -0.10461774,
          -0.05203291 -0.0152328 -0.10892958,
          -0.054196306 -0.0078564314 -0.1025188,
          -0.054196306 -0.01453247 -0.11372253,
          -0.05727696 -0.0070526334 -0.11217353,
          -0.049527995 -0.022250118 -0.11532104,
          -0.044259489 -0.028560704 -0.11662831,
          -0.030446699 -0.031735752 -0.10922632,
          -0.038144585 -0.018010059 -0.099113099,
          -0.041303102 -0.020019859 -0.102461,
          -0.044259489 -0.012871374 -0.097191714,
          -0.049527995 -0.006988626 -0.094992191,
          -0.05203291 -0.0076974654 -0.098458804,
          -0.054196306 0.00020554625 -0.092302434,
          -0.05727696 -0.00061287812 -0.1004848,
          -0.05727696 0.0071778391 -0.089695625,
          -0.059367254 0.01530498 -0.086657107,
          -0.058026742 0.012774096 -0.08477851,
          -0.058197267 0.014453924 -0.083216801,
          -0.057536647 0.013108835 -0.083275028,
          -0.059367254 0.028189236 -0.070543952,
          -0.05727696 0.020702565 -0.074939579,
          -0.058026742 0.025527667 -0.070995606,
          -0.055887543 0.023059836 -0.072034791,
          -0.05999678 0.035790645 -0.066081181,
          -0.05999678 0.023556745 -0.083572023,
          -0.059367254 0.0078306245 -0.098114021,
          -0.055357337 0.0070629236 -0.086426273,
          -0.055887543 0.010497227 -0.083527222,
          -0.049527995 0.00022650031 -0.08833643,
          -0.054196306 0.014279669 -0.078710817,
          -0.049527995 0.0076523079 -0.082602113,
          -0.05203291 0.016761683 -0.076463684,
          -0.041303102 0.0060779611 -0.083976932,
          -0.056384049 0.013921972 -0.080649421,
          -0.044259489 -0.0054424647 -0.090990908,
          -0.044259489 0.0022329784 -0.085784182,
          -0.038144585 -0.0025009748 -0.088564031,
          -0.030446699 -0.0068962676 -0.091145083,
          -0.038144585 -0.010394434 -0.093309879,
          -0.030446699 -0.014992082 -0.095463015,
          -0.030446699 -0.022781029 -0.10089704,
          -0.059309833 0.042681776 -0.062035404,
          -0.05999678 0.045388859 -0.053607546,
          -0.059309833 0.051713835 -0.048297487,
          -0.059367254 0.038412023 -0.059464846,
          -0.057167377 0.050138969 -0.05765735,
          -0.054196306 0.053471249 -0.026645754,
          -0.046123523 0.053484779 -0.040155519,
          -0.050113749 0.053569164 -0.034459841,
          -0.021688877 0.074604295 0.043473881,
          -0.021688877 0.069637977 0.047647219,
          -0.013588568 0.070162393 0.050183963,
          -0.021688877 0.064350098 0.051095583,
          -0.013588568 0.064691618 0.05364136,
          -0.013588568 0.058181211 0.056684941,
          -0.004313271 0.058255255 0.058108401,
          -0.004313271 0.064883314 0.055071536,
          -0.004313271 0.070456758 0.051609132,
          -0.013588568 0.075308293 0.045983158,
          -0.030115994 0.063796267 0.046968631,
          -0.030115994 0.053886928 -0.12813276,
          -0.03785909 0.050968964 -0.11386531,
          -0.030115994 0.05616628 -0.11307709,
          -0.03785909 0.054148559 -0.099505499,
          -0.030115994 0.059230015 -0.098454595,
          -0.044030048 0.045344446 -0.11471857,
          -0.021688877 0.057886623 -0.12772438,
          -0.013588568 0.06035468 -0.12747261,
          -0.004313271 0.061742719 -0.1273313,
          -0.004313271 0.063896447 -0.11190625,
          0.0041351663 0.061756779 -0.12733039,
          0.0041351663 0.063910119 -0.11190516,
          0.012528855 0.060593273 -0.12744996,
          0.012528855 0.06276498 -0.11207991,
          0.021495191 0.060182128 -0.11247303,
          0.021495191 0.063155755 -0.097649172,
          0.029164337 0.056701712 -0.11300226,
          0.029164337 0.059752762 -0.098354921,
          0.037000578 0.051647805 -0.1137704,
          0.037000578 0.054811321 -0.099379092,
          0.043895658 0.048800591 -0.10062452,
          0.043895658 0.053472444 -0.08531598,
          0.049222808 0.042535372 -0.10192237,
          0.037000578 0.059293423 -0.083680727,
          0.029164337 0.064078927 -0.082336128,
          0.021495191 0.07260742 -0.065236457,
          0.012528855 0.083141364 -0.038286868,
          0.021495191 0.067374609 -0.08140973,
          0.012528855 0.074962586 -0.064355597,
          0.0041351663 0.084104255 -0.037720948,
          0.012528855 0.069820493 -0.080721684,
          0.0041351663 0.076007433 -0.063964725,
          -0.004313271 0.084094338 -0.037726074,
          0.021495191 0.057968788 -0.12771888,
          0.029164337 0.054432184 -0.12808099,
          0.037000578 0.049296625 -0.12860663,
          0.043895658 0.043049693 -0.12924579,
          0.043895658 0.045500237 -0.11470453,
          0.049222808 0.036538199 -0.12991193,
          0.049222808 0.039092358 -0.11567798,
          0.053966202 0.028553609 -0.13072865,
          0.053966202 0.031234859 -0.1168714,
          0.057115365 0.020810647 -0.13152057,
          0.05927486 0.01184668 -0.13243726,
          -0.013588568 0.074752979 -0.064433105,
          -0.004313271 0.075996242 -0.063968629,
          -0.004313271 0.070892483 -0.080418214,
          0.0041351663 0.070905089 -0.080415897,
          0.0041351663 0.06680093 -0.096892096,
          0.012528855 0.065681197 -0.097125128,
          -0.004313271 0.066787668 -0.096893623,
          -0.013588568 0.069599725 -0.080779731,
          -0.013588568 0.065452456 -0.097168706,
          -0.021688877 0.067300603 -0.081424013,
          -0.021688877 0.063078068 -0.097659126,
          -0.013588568 0.062530689 -0.11211261,
          -0.021688877 0.060102109 -0.11248048,
          -0.021882886 0.052787088 -0.056364749,
          -0.01398323 0.045614216 -0.068472415,
          -0.0056187282 0.041960187 -0.072782837,
          0.0028325806 0.041903708 -0.072981812,
          0.0062983539 0.038712908 -0.075267091,
          0.013873806 0.035846271 -0.07641913,
          0.021495365 0.030359106 -0.07850989,
          0.021495365 0.023539403 -0.082253791,
          0.021495365 0.016943404 -0.085131288,
          0.021495365 0.010013004 -0.087464422,
          0.0062983539 0.04197808 -0.072716065,
          0.013873806 0.039160993 -0.073988162,
          0.021495365 0.036806554 -0.074144416,
          0.029164359 0.032197736 -0.075252444,
          0.029164359 0.025686029 -0.079239018,
          0.029164359 0.019313319 -0.082356691,
          0.029164359 0.012555599 -0.084934816,
          0.037000589 0.016247494 -0.081261784,
          0.037000589 0.02275487 -0.078328192,
          0.037000589 0.028803514 -0.074861452,
          0.049222816 0.045661129 -0.053182252,
          0.046247009 0.053259924 -0.039200809,
          0.020590676 0.052278869 -0.056312747,
          0.02089249 0.053001694 -0.057298344,
          0.021893879 0.05307347 -0.057508424,
          0.022393394 0.053042874 -0.057606813,
          0.019914482 0.05276965 -0.057109501,
          0.018645765 0.052765638 -0.057540286,
          0.019424653 0.052598353 -0.057038333,
          0.018689042 0.052275285 -0.056970097,
          0.015431942 0.052589282 -0.058250125,
          0.014101657 0.053024132 -0.059982304,
          0.015463716 0.053031024 -0.059633426,
          0.014652756 0.052982867 -0.060147464,
          0.017085357 0.052984044 -0.058573976,
          0.010691178 0.052747421 -0.059552494,
          9.0039089e-018 0.056000002 0.00050000002,
          -1.1546319e-018 4.4408923e-019 -0.19800001 ]
      normal [ 0.99619478 0 0.087155752,
          0.99619478 -3.5391951e-016 0.087155752,
          0.98480773 -6.9435277e-016 0.17364816,
          0.98480773 -6.9975223e-016 0.17364818,
          0.94926339 -1.1194367e-015 0.3144823,
          0.92932332 -1.1052657e-015 0.36926731,
          0.88023269 -8.4083849e-016 0.47454244,
          0.85108215 -6.0473753e-016 0.52503252,
          0.78445643 -5.5739051e-016 0.62018389,
          0.74698138 -5.3075556e-016 0.66484505,
          0.64278758 -5.0787095e-016 0.76604444,
          0.64278758 -4.5674706e-016 0.76604444,
          0.5 -4.8178032e-016 0.86602545,
          0.5 -5.3291136e-016 0.86602545,
          0.36926731 -3.9357743e-016 0.92932332,
          0.31448227 -3.1980666e-016 0.94926333,
          0.17364818 -1.6911058e-016 0.98480773,
          0.17364818 -1.5423091e-016 0.98480773,
          0 3.8854832e-018 1,
          0 7.5606959e-022 1,
          -0.14486675 1.5367756e-016 0.98945117,
          -0.20228204 2.1559924e-016 0.97932738,
          -0.3144823 3.3518677e-016 0.94926339,
          -0.36926731 3.9357322e-016 0.92932332,
          -0.47454244 5.0577597e-016 0.88023269,
          -0.52503252 4.9143057e-016 0.85108215,
          -0.62018389 5.0881507e-016 0.78445643,
          -0.66484505 4.7239419e-016 0.74698138,
          -0.74698138 5.3076286e-016 0.66484505,
          -0.78445649 5.5739718e-016 0.62018389,
          -0.85108215 6.0473578e-016 0.52503258,
          -0.88023269 8.4082637e-016 0.47454247,
          -0.92932332 1.1052597e-015 0.36926731,
          -0.94926333 1.1194297e-015 0.31448227,
          -0.97932738 9.2540552e-016 0.20228206,
          -0.98945117 9.3979333e-016 0.14486675,
          -1 1.0658131e-015 0,
          -1 1.4210851e-015 0,
          -0.98945117 9.3979682e-016 -0.14486675,
          -0.97932738 9.2541039e-016 -0.20228204,
          -0.94926339 1.1194301e-015 -0.3144823,
          -0.92932332 1.105259e-015 -0.36926731,
          -0.88023269 8.4081853e-016 -0.47454244,
          -0.85108215 7.9939671e-016 -0.52503252,
          -0.76604444 8.1645649e-016 -0.64278758,
          -0.76604444 1.0886147e-015 -0.64278758,
          -0.64278758 6.3395318e-016 -0.76604444,
          -0.64278758 4.5672705e-016 -0.76604444,
          -0.52503258 4.9142713e-016 -0.85108215,
          -0.47454247 5.0577031e-016 -0.88023269,
          -0.34202018 3.6453024e-016 -0.93969268,
          -0.34202018 3.6453625e-016 -0.93969268,
          -0.20228206 2.1559886e-016 -0.97932738,
          -0.14486675 1.5367246e-016 -0.98945117,
          -0.029150495 3.1069781e-017 -0.99957502,
          0.029150495 -3.1067848e-017 -0.99957502,
          0.17364816 -1.845276e-016 -0.98480773,
          0.17364818 -1.8507299e-016 -0.98480773,
          0.3144823 -3.3517345e-016 -0.94926339,
          0.36926731 -3.9356655e-016 -0.92932332,
          0.5 -4.8176508e-016 -0.86602545,
          0.5 -5.3290559e-016 -0.86602545,
          0.64278758 -5.0787074e-016 -0.76604444,
          0.64278758 -4.5673806e-016 -0.76604444,
          0.74698138 -5.3077615e-016 -0.66484505,
          0.78445649 -5.5739718e-016 -0.62018389,
          0.85108215 -6.0473578e-016 -0.52503258,
          0.88023269 -8.4082637e-016 -0.47454247,
          0.93969268 -1.1737739e-015 -0.34202018,
          0.93969268 -1.3353821e-015 -0.34202018,
          0.98480773 -1.0442249e-015 -0.17364818,
          0.98480773 -1.399498e-015 -0.17364818,
          0.99619478 -7.0784103e-016 -0.087155752,
          0.99619478 0 -0.087155752,
          0.087155744 -0.99619472 0,
          0.17364818 -0.98480779 0,
          0.17364819 -0.98480779 0,
          0.31448233 -0.94926333 0,
          0.36926728 -0.92932326 0,
          0.47454241 -0.88023263 0,
          0.52503258 -0.85108215 0,
          0.62018389 -0.78445643 0,
          0.66484505 -0.74698132 0,
          0.74698132 -0.66484505 0,
          0.78445643 -0.62018389 0,
          0.85108215 -0.52503258 0,
          0.88023263 -0.47454241 0,
          0.92932326 -0.36926728 0,
          0.94926333 -0.31448233 0,
          0.98480779 -0.17364819 0,
          1 0 0,
          0.98945117 0.14486676 0,
          0.97932732 0.20228201 0,
          0.94926333 0.31448233 0,
          0.92932326 0.36926728 0,
          0.86602539 0.5 0,
          0.78445643 0.62018389 0,
          0.74698132 0.66484505 0,
          0.64278764 0.7660445 0,
          0.52503258 0.85108215 0,
          0.47454241 0.88023263 0,
          0.36926728 0.92932326 0,
          0.31448233 0.94926333 0,
          0.20228203 0.97932732 0,
          0.14486676 0.98945117 0,
          0.029150495 0.99957502 0,
          -0.029150495 0.99957502 0,
          -0.14486676 0.98945117 0,
          -0.20228201 0.97932732 0,
          -0.31448233 0.94926333 0,
          -0.36926728 0.92932326 0,
          -0.47454241 0.88023263 0,
          -0.52503258 0.85108215 0,
          -0.62018389 0.78445643 0,
          -0.66484505 0.74698132 0,
          -0.74698132 0.66484505 0,
          -0.78445643 0.62018389 0,
          -0.85108215 0.52503258 0,
          -0.88023263 0.47454241 0,
          -0.92932326 0.36926728 0,
          -0.94926333 0.31448233 0,
          -0.97932732 0.20228203 0,
          -0.98945117 0.14486676 0,
          -0.99957502 0.029150495 0,
          -0.99957502 -0.029150495 0,
          -0.98945117 -0.14486676 0,
          -0.97932732 -0.20228201 0,
          -0.94926333 -0.31448233 0,
          -0.92932326 -0.36926728 0,
          -0.88023263 -0.47454241 0,
          -0.85108215 -0.52503258 0,
          -0.7660445 -0.64278764 0,
          -0.64278764 -0.7660445 0,
          -0.5 -0.86602545 0,
          -0.5 -0.86602539 0,
          -0.34202012 -0.93969262 0,
          -0.17364819 -0.98480779 0,
          -0.087155744 -0.99619472 0,
          0.05292685 -0.9985984 3.027557e-016,
          0.06822034 -0.99765855 -0.004832461,
          0.093817219 -0.99558699 -0.002220585,
          0.15666077 -0.9876399 -0.0049927942,
          0.23347083 -0.97236317 0.0010945452,
          0.30073786 -0.95370299 -0.0027338439,
          0.36219314 -0.93210143 0.0017900916,
          0.44455719 -0.8957445 -0.0032591322,
          0.50329959 -0.86410993 0.0018841469,
          0.57631946 -0.81722194 -0.0020723375,
          0.62751424 -0.77860188 0.0022261466,
          0.6969071 -0.7171582 -0.0021590611,
          0.73851281 -0.6742385 0.0011574895,
          0.7996397 -0.60047531 -0.0023885998,
          0.83459282 -0.55086601 0.0011972754,
          0.88182819 -0.47156915 -0.0012649782,
          0.906115 -0.42303133 0.00023384944,
          0.9443658 -0.32889435 -0.0013329118,
          0.9610045 -0.27653289 0.0001782605,
          0.98341477 -0.18137109 -8.2176201e-005,
          0.99158657 -0.12944582 0.00011095952,
          0.99995881 -0.0088781798 -0.0018744116,
          0.99981815 -0.019074416 -3.0929415e-014,
          0.99479169 0.10192055 -0.0013053678,
          0.98683375 0.16167584 -0.0044967453,
          0.96956533 0.2448296 0.001308817,
          0.95120203 0.30855334 -0.0030935395,
          0.9261111 0.37724432 0.0022633995,
          0.89231044 0.45140576 -0.003865238,
          0.85594404 0.5170629 0.0023862007,
          0.81249529 0.58296102 -0.0028258536,
          0.77136898 0.63638484 0.0020582783,
          0.71283633 0.7013213 -0.0035825421,
          0.66580349 0.74612653 0.0010054391,
          0.59825224 0.80130273 -0.0028608814,
          0.54600966 0.8377775 0.0015794197,
          0.46895567 0.8832199 -0.0017651138,
          0.41772115 0.908575 0.00075069239,
          0.32627738 0.94527203 -0.0019694711,
          0.2705729 0.96269912 0.00081807346,
          0.17837688 0.983962 -0.00071943516,
          0.12314168 0.99238878 0.00086695602,
          0.022514354 0.99974626 -0.00081010436,
          -0.029314984 0.99957025 -0.00031512551,
          -0.15762703 0.9874984 -0.00078047771,
          -0.1588835 0.9872973 0.00024727319,
          -0.27439913 0.96161586 0.00043371459,
          -0.32800144 0.94467592 -0.0015623483,
          -0.41621688 0.90926546 0.00010776176,
          -0.46752748 0.88397485 -0.0025432969,
          -0.54912627 0.8357383 0.0013327288,
          -0.59852147 0.80110377 -0.0022045725,
          -0.66538972 0.74649388 0.0018493013,
          -0.71414208 0.69999278 -0.0033645015,
          -0.77387691 0.63333315 0.0019329432,
          -0.81371039 0.58126438 -0.0026788905,
          -0.86063969 0.5092063 0.0028776261,
          -0.89446187 0.44713551 -0.0027983126,
          -0.92772651 0.37325412 0.0022134439,
          -0.95251828 0.30445817 -0.0037809114,
          -0.97458118 0.22402272 0.0023247439,
          -0.98802859 0.15424213 -0.0029775528,
          -0.99684513 0.079336792 0.0023600138,
          -0.99999213 0.00046440851 -0.0039572879,
          -0.997361 -0.072586596 0.001483076,
          -0.98850161 -0.15116549 -0.0036939154,
          -0.97504801 -0.2219826 0.0022498788,
          -0.95370299 -0.30073786 -0.0027338439,
          -0.93210143 -0.36219314 0.0017900916,
          -0.8957445 -0.44455719 -0.0032591322,
          -0.86410993 -0.50329959 0.0018841469,
          -0.81722194 -0.57631946 -0.0020723375,
          -0.77860188 -0.62751424 0.0022261466,
          -0.7171582 -0.6969071 -0.0021590611,
          -0.6742385 -0.73851281 0.0011574895,
          -0.60047531 -0.7996397 -0.0023885998,
          -0.55086601 -0.83459282 0.0011972754,
          -0.47156915 -0.88182819 -0.0012649782,
          -0.42303133 -0.906115 0.00023384944,
          -0.32889435 -0.9443658 -0.0013329118,
          -0.27653289 -0.9610045 0.00017826051,
          -0.18137109 -0.98341477 -8.2176201e-005,
          -0.12944581 -0.99158657 0.00011095952,
          -0.078286953 -0.99693084 -8.1287246e-005,
          -0.078113236 -0.99694449 -4.4682851e-016,
          0.99900639 0 -0.044567313,
          0.99753809 -0.023043675 -0.066232488,
          0.99636859 -0.014606063 -0.08388292,
          0.98833734 -0.018257139 -0.15118197,
          0.97577322 0.002092788 -0.21877444,
          0.95695662 -0.0051301722 -0.29018593,
          0.93978274 0.0010076243 -0.34177122,
          0.90027905 -0.0054204315 -0.43527946,
          0.87478995 0.0012409374 -0.48450074,
          0.82352644 -0.00041012923 -0.56727767,
          0.79232669 0.0009815041 -0.61009628,
          0.7089752 -0.0034414798 -0.70522505,
          0.71095383 0.00013165885 -0.70323867,
          0.61274469 -5.3842254e-005 -0.79028088,
          0.57032311 -0.0035830836 -0.82141262,
          0.49093476 0.0037177696 -0.8711884,
          0.43849346 -0.0086611109 -0.89869261,
          0.35389528 0.001977135 -0.93528295,
          0.2970514 -0.011959442 -0.9547866,
          0.20822388 0.0067652385 -0.9780578,
          0.14609927 -0.010058684 -0.98921883,
          0.063065454 0.0083360337 -0.99797457,
          -0.0072836466 -0.014560185 -0.99986744,
          -0.088450298 0.0057333503 -0.99606413,
          -0.15875579 -0.015324323 -0.98719901,
          -0.2376523 0.0094192177 -0.97130466,
          -0.30853119 -0.01237327 -0.95113379,
          -0.37722978 0.0090532489 -0.92607546,
          -0.45135522 -0.01545922 -0.89221048,
          -0.51704091 0.0095443968 -0.8559075,
          -0.58292609 -0.011302738 -0.81244659,
          -0.63636464 0.0082328506 -0.77134442,
          -0.70125383 -0.014328789 -0.71276772,
          -0.74612081 0.0040217252 -0.66579843,
          -0.80125356 -0.011442823 -0.59821552,
          -0.83776176 0.0063175601 -0.54599947,
          -0.88319927 -0.0070602903 -0.46894473,
          -0.90857112 0.0030027567 -0.41771939,
          -0.94524455 -0.0078776553 -0.3262679,
          -0.96269429 0.0032722768 -0.2705715,
          -0.98395818 -0.0028777295 -0.17837618,
          -0.99238318 0.003467805 -0.12314098,
          -0.99974126 -0.0032404012 -0.022514243,
          -0.99956948 -0.0012605009 0.029314954,
          -0.98749387 -0.0031218964 0.1576263,
          -0.98729688 0.0009890924 0.15888342,
          -0.96161443 0.0017348558 0.27439871,
          -0.94465864 -0.0062492792 0.32799542,
          -0.90926528 0.00043104694 0.41621676,
          -0.88393199 -0.010172694 0.4675048,
          -0.83572727 0.0053308443 0.549119,
          -0.80107456 -0.0088179689 0.59849966,
          -0.7464748 0.0073970156 0.66537267,
          -0.69993335 -0.013456865 0.71408147,
          -0.63331538 0.007731556 0.77385521,
          -0.58123314 -0.010714984 0.81366658,
          -0.5091747 0.01150979 0.86058623,
          -0.44710925 -0.011192593 0.89440936,
          -0.37324041 0.0088534504 0.92769247,
          -0.30442554 -0.015122023 0.95241618,
          -0.22401363 0.0092985984 0.97454166,
          -0.15423188 -0.011909421 0.98796296,
          -0.079333484 0.0094396602 0.99680352,
          -0.00046435394 -0.015827293 0.99987465,
          0.072585396 0.0059322063 0.99734455,
          0.15115002 -0.014774149 0.9884004,
          0.22197418 0.0089991735 0.97501099,
          0.30072099 -0.010934763 0.95364946,
          0.36218441 0.0071601938 0.93207896,
          0.44452178 -0.01303549 0.89567316,
          0.50328624 0.0075363875 0.86408699,
          0.57630086 -0.0082890829 0.81719553,
          0.62749094 0.0089042559 0.77857304,
          0.69688272 -0.0086359428 0.7171331,
          0.73850542 0.0046299119 0.67423171,
          0.79960549 -0.0095539903 0.60044962,
          0.83458382 0.0047890497 0.55086011,
          0.88181758 -0.0050598518 0.47156346,
          0.90611464 0.0009353974 0.42303118,
          0.94435322 -0.0053315759 0.32888994,
          0.9610042 0.00071304175 0.2765328,
          0.98341465 -0.00032870474 0.18137108,
          0.99158645 0.00044383804 0.12944581,
          0.99693084 -0.00032514898 0.078286953,
          0.99694449 0 0.078113236,
          0.99895948 -0.0096900584 -0.044565216,
          0.99585623 -0.039745901 -0.081796519,
          0.99894202 -0.0127975 -0.044171076,
          0.99888653 -0.020170417 -0.042648751,
          0.99884999 -0.027129797 -0.039531969,
          0.99876672 -0.03855918 -0.0312788,
          0.99538147 -0.056488462 -0.077619456,
          0.96200949 -0.2393878 -0.13126819,
          0.97810566 -0.20009832 -0.057185054,
          0.85050529 -0.52265775 -0.058903195,
          0.94339877 -0.32827839 -0.047245204,
          0.52385515 -0.85126746 0.03032208,
          0.83202404 -0.55463171 0.010945519,
          0.36178285 -0.92018902 0.1495506,
          0.88681382 -0.46038601 0.040075164,
          0.19681537 -0.94285887 0.26885128,
          0.29985002 -0.91051549 0.28469536,
          -0.056515124 -0.88768077 0.45697799,
          0.18680698 -0.89392352 0.4074358,
          -0.053449005 -0.84442008 0.53300834,
          0.020323763 -0.82103986 0.57050902,
          -0.23753245 -0.70644587 0.66671777,
          -0.25612369 -0.64063549 0.72386932,
          -0.31533799 -0.56182498 0.76479715,
          -0.32534572 -0.48658741 0.81079149,
          -0.31664115 -0.4178116 0.85157031,
          -0.21786907 -0.4168081 0.88249886,
          -0.28060147 -0.31527361 0.90656787,
          -0.14637943 -0.37406889 0.91577595,
          -0.20513669 -0.27970138 0.9379158,
          -0.13205417 -0.30392694 0.94349891,
          -0.16759869 -0.2461578 0.9546293,
          -0.093190044 -0.26463765 0.95983464,
          -0.11823107 -0.21899877 0.96853554,
          -0.078749001 -0.22360717 0.97149289,
          -0.11982529 -0.25484297 0.95952952,
          -0.074032187 -0.25660306 0.96367741,
          -0.12154248 -0.33391741 0.93473345,
          -0.075277671 -0.3357012 0.93895578,
          -0.12437672 -0.41553676 0.90103263,
          -0.077029362 -0.41707981 0.90559971,
          -0.11652903 -0.48698938 0.86559939,
          -0.073422968 -0.48447683 0.87171745,
          -0.081107117 -0.53908849 0.8383348,
          -0.0032182452 -0.53025734 0.84783065,
          -0.0032754941 -0.58849603 0.80849349,
          0.06084951 -0.54660964 0.83517379,
          0.055765774 -0.60353392 0.79538482,
          0.13898811 -0.60747737 0.78208286,
          0.14245838 -0.64471632 0.75103033,
          0.21572107 -0.66155076 0.71820271,
          0.21061298 -0.68607235 0.69638127,
          0.28754255 -0.70432085 0.64903885,
          0.21905619 -0.73539734 0.64125288,
          0.30367011 -0.75522804 0.58087438,
          0.23721464 -0.78488666 0.57243532,
          0.28045243 -0.81758702 0.50288951,
          0.085129552 -0.97529107 0.20386329,
          -0.12687474 -0.95245945 -0.27699074,
          -0.23595504 -0.7094599 -0.66407228,
          -0.34570661 -0.46180448 -0.81683755,
          -0.31025818 -0.51836491 -0.79689252,
          -0.26492622 -0.53926259 -0.79938096,
          -0.12247942 -0.93232304 -0.34025359,
          -0.10963165 -0.93801707 -0.32879302,
          0.17234515 -0.80689347 0.56499565,
          0.042531185 -0.98179251 0.18513392,
          0.14779286 -0.7706781 0.61984879,
          0.12962814 -0.86064756 0.49242496,
          -0.035966087 -0.99734157 -0.063374937,
          -0.2082812 -0.74167371 -0.63760418,
          -0.21615103 -0.43146718 -0.87585098,
          -0.15999967 -0.73997998 -0.65332216,
          -0.10260469 -0.90905154 -0.40385333,
          9.6854834e-005 -0.99867016 -0.051554333,
          -0.10572968 -0.75614935 -0.64580137,
          -0.13196039 -0.55208313 -0.82328045,
          -0.072802581 -0.42776299 -0.90095431,
          -0.094216175 -0.55702621 -0.82513344,
          -0.076278493 -0.71783793 -0.69201905,
          -0.03413349 -0.94579864 -0.32295477,
          -0.024594346 -0.9905836 0.13468263,
          0.083782144 -0.80108088 0.59266359,
          0.042692836 -0.78530777 0.61763179,
          0.054709472 -0.72547269 0.68607312,
          0.0064915693 -0.79859 0.60184038,
          0.0084013613 -0.71462053 0.69946188,
          -0.012844089 -0.77328736 0.63392568,
          -0.088574022 -0.71953309 0.68878645,
          -0.093448475 -0.76893675 0.63245845,
          -0.098177567 -0.80363542 0.58696783,
          -0.005664221 -0.97494179 0.2223881,
          0.046853237 -0.9479841 -0.31485063,
          0.089705944 -0.67838788 -0.72920698,
          0.1232843 -0.63136995 -0.7656194,
          0.17106353 -0.46469814 -0.86878818,
          0.16136879 -0.55048692 -0.81909972,
          0.17463827 -0.61209095 -0.77126276,
          0.072835341 -0.94264412 -0.3257564,
          0.00062129239 -0.99974442 -0.022602141,
          -0.14696975 -0.78816748 0.59765548,
          -0.13757828 -0.72555536 0.67427123,
          -0.16532816 -0.80839056 0.56495243,
          -0.21250084 -0.73394734 0.64510828,
          -0.22238863 -0.79375654 0.56612176,
          -0.22799042 -0.81853998 0.52726907,
          -0.04985366 -0.987104 0.15211989,
          0.16265695 -0.92251867 -0.35000291,
          0.27019718 -0.72658378 -0.63171959,
          0.35352874 -0.51464832 -0.78112394,
          0.31305361 -0.42895055 -0.84734815,
          0.42291716 -0.45842469 -0.78165716,
          -0.088043496 -0.67229843 0.73502594,
          -0.15237381 -0.68335712 0.71400648,
          -0.13644587 -0.64375257 0.75297087,
          -0.20767185 -0.65888649 0.72300839,
          -0.20331289 -0.6240378 0.75448042,
          -0.2656118 -0.65233296 0.70986766,
          -0.25269657 -0.59658468 0.76172912,
          -0.31913918 -0.6524896 0.6873191,
          -0.30384344 -0.60567147 0.73541915,
          -0.29600161 -0.71574754 0.63252556,
          -0.30036101 -0.63857621 0.70852226,
          -0.26387775 -0.73835087 0.62065011,
          -0.30131015 -0.58154786 0.75565493,
          -0.29101229 -0.63283288 0.7175197,
          -0.31488553 -0.49207559 0.81160867,
          -0.22642691 -0.7461701 0.626068,
          -0.22382179 -0.69919604 0.67899096,
          -0.28266111 -0.75152433 0.59608209,
          -0.28228536 -0.71710831 0.63723671,
          -0.33970177 -0.74890578 0.56898415,
          -0.3273941 -0.72534174 0.60555142,
          -0.33293828 -0.80696952 0.48780355,
          -0.31813276 -0.77732241 0.5427351,
          -0.29581392 -0.85428876 0.42741638,
          -0.28875133 -0.82058823 0.49321151,
          -0.060217205 -0.94326091 0.3265467,
          -0.12209208 -0.90786678 0.40108803,
          -0.050088417 -0.9670431 0.2496375,
          -0.29041657 -0.88497663 0.36397055,
          -0.32938647 -0.87871414 0.345494,
          -0.36294475 -0.81469226 0.45226949,
          -0.27537462 -0.9196282 0.2800943,
          -0.37333322 -0.85613698 0.35728404,
          0.12321974 -0.99039274 -0.062762991,
          0.20007516 -0.97396189 -0.10662235,
          0.67707837 -0.46703458 -0.568721,
          0.453316 -0.78612071 -0.42014146,
          0.65131241 -0.39181739 -0.64982402,
          0.53113592 -0.60920167 -0.58887017,
          0.5294956 -0.59540433 -0.6042583,
          -0.30413693 -0.87165219 0.38434792,
          0.31969082 -0.88235778 -0.34531522,
          0.00062989077 -0.99956745 0.029402616,
          0.56583416 -0.52470464 -0.63601637,
          0.17657435 -0.98048443 -0.086440481,
          0.30517575 -0.87374485 -0.37873182,
          -0.34652725 -0.82609057 0.4444021,
          -0.27915785 -0.83905125 0.46697322,
          -0.34160358 -0.78304178 0.51976204,
          0.52937108 -0.44362557 -0.72316158,
          0.39029381 -0.69474 -0.60415828,
          0.39926681 -0.66775203 -0.62824619,
          0.20496157 -0.93123311 -0.30132332,
          0.44044381 -0.59233165 -0.67464989,
          -0.04254296 -0.99414945 0.099282898,
          0.10555516 -0.99421561 -0.01983626,
          -0.2312151 -0.88210958 0.4103927,
          -0.29358554 -0.803433 0.51797974,
          0.1929488 -0.92780167 -0.31930366,
          0.18387285 -0.81507999 -0.5493955,
          0.17724377 -0.91521221 -0.36189947,
          0.27527654 -0.55516744 -0.78486425,
          -0.26237595 -0.90370369 0.3383469,
          0.75837678 -0.33766195 -0.55753845,
          0.66681027 -0.49801332 -0.55438876,
          0.66906542 -0.51184374 -0.5388577,
          0.62296093 -0.65591514 -0.42625713,
          -0.35004461 -0.90231991 0.25157005,
          0.37948155 -0.90319514 -0.20058028,
          0.32910484 -0.92893821 -0.169599,
          0.79427242 -0.37074363 -0.48133203,
          0.65224367 -0.65605319 -0.37970057,
          0.79179394 -0.39688069 -0.46427161,
          -0.12865555 -0.98111409 0.14443988,
          0.77206117 -0.51432407 -0.37335283,
          0.0047794189 -0.9989664 0.045202944,
          0.5938186 -0.76187891 -0.25868893,
          0.81388217 -0.48686272 -0.31711286,
          0.87691104 -0.29231969 -0.38154453,
          0.92536992 -0.2009832 -0.32139733,
          0.85420954 -0.26240298 -0.44885498,
          0.34123844 -0.93947244 0.030788006,
          -0.15622549 -0.9643243 0.2137108,
          0.32467771 -0.94517016 -0.035181433,
          0.92575961 -0.27000928 -0.26469639,
          0.95691776 -0.18251389 -0.22582559,
          -0.27238971 -0.68388313 0.67683655,
          -0.31746152 -0.69790047 0.64199162,
          -0.32335395 -0.73777205 0.59256613,
          0.049399976 -0.44858706 -0.89237285,
          0.040398937 -0.615668 -0.78696948,
          0.014571385 -0.9481982 -0.31734505,
          0.031652078 -0.84910136 -0.52728081,
          0.0096777212 -0.99476075 0.10177112,
          0.072130121 -0.60612953 -0.79208851,
          0.013329318 -0.9475891 -0.31921354,
          0.022831231 -0.56115937 -0.82739288,
          -0.0033767831 -0.95079744 -0.30979472,
          -0.014418569 -0.55901027 -0.8290354,
          -0.0096072434 -0.9529711 -0.30290893,
          -0.011940141 -0.76510292 -0.6437974,
          0.01542755 -0.97821021 0.2070429,
          0.065311544 -0.98964125 -0.12784603,
          0.032636739 -0.86003768 0.50918567,
          0.014680778 -0.9096601 0.41509405,
          -0.047279581 -0.98291242 0.17789856,
          -0.019360321 -0.98194826 0.18815631,
          0.10065494 -0.86389905 0.49350482,
          0.039547931 -0.98054469 0.19227082,
          0.14394863 -0.72427398 0.67431897,
          0.058116779 -0.67850298 0.73229516,
          -0.0038417964 -0.6679939 0.7441569,
          0.046046965 -0.99669987 0.066851191,
          -0.055810302 -0.9493323 -0.30927894,
          -0.049580034 -0.94789261 -0.31470871,
          0.97770506 -0.20778008 -0.030336475,
          0.9730407 -0.23063168 0.00093542889,
          0.86034864 -0.49725235 0.11198326,
          0.95822459 -0.28094742 0.053611889,
          0.81752235 -0.53952909 0.20140935,
          0.93024319 -0.34278151 0.13095221,
          0.70032018 -0.62042189 0.3530274,
          0.89261883 -0.37002251 0.25751716,
          0.35597441 -0.72631544 0.58800352,
          0.30240732 -0.73216015 0.61032075,
          0.13890773 -0.70332825 0.69716144,
          0.18514627 -0.72949129 0.65845531,
          0.49105942 -0.6152842 0.61667335,
          0.88046026 -0.35651708 0.31254652,
          0.52410984 -0.58790261 0.61618137,
          0.87985814 -0.35651851 0.31423587,
          0.61570698 -0.5494386 0.56482047,
          0.94358325 -0.25533918 0.21083759,
          0.7664941 -0.47421774 0.43313316,
          0.96227932 -0.22016077 0.15983675,
          0.85199833 -0.41508409 0.31906754,
          0.97375077 -0.19521089 0.11705673,
          0.90002573 -0.37189382 0.22726381,
          0.97829467 -0.18883029 0.085338183,
          0.92104101 -0.35063067 0.16953348,
          0.93384957 -0.3354333 0.12413484,
          0.84594077 -0.47618213 0.24007246,
          0.87124217 -0.46304941 0.16285682,
          0.76914316 -0.58842814 0.24934131,
          0.79998559 -0.57731146 0.16350703,
          0.67259443 -0.68737882 0.27409336,
          0.70503151 -0.68749708 0.17400661,
          0.59868592 -0.76841825 0.22607206,
          0.60940003 -0.7811417 0.13582802,
          0.47162899 -0.84965372 0.23591231,
          0.46175599 -0.87416279 0.1504022,
          0.34033555 -0.89472717 0.28919721,
          0.35596335 -0.92377955 0.14114352,
          0.21466613 -0.93040586 0.29709184,
          0.22924103 -0.96219885 0.14704417,
          0.12375347 -0.94903666 0.28985268,
          0.14136535 -0.98020083 0.13864397,
          0.021409396 -0.98832697 0.15083592,
          0.098629043 -0.99213326 0.077097028,
          -0.024442134 -0.99676174 0.076607421,
          0.21127169 -0.97441 0.076742761,
          0.33283707 -0.94028777 0.071262531,
          0.45656911 -0.88788348 0.056635946,
          0.77610022 -0.51982558 0.35700107,
          0.73292369 -0.59099227 0.33697346,
          0.64853936 -0.61096025 0.45400923,
          0.61765409 -0.68027657 0.39462289,
          0.50019395 -0.68132049 0.53442359,
          0.4927974 -0.72897774 0.47512335,
          0.39014718 -0.68837541 0.61149377,
          0.37356561 -0.73817152 0.56173986,
          0.27235362 -0.72884065 0.62818378,
          0.34030974 -0.78862417 0.51211447,
          0.25215745 -0.78773916 0.5620352,
          0.29116589 -0.85070932 0.43762544,
          0.17090008 -0.80459118 0.56870586,
          0.19174868 -0.87984395 0.43486434,
          0.091775641 -0.80858171 0.5811823,
          0.12217323 -0.89639884 0.42607847,
          0.0093294689 -0.90108913 0.43353346,
          -0.0018508767 -0.95732844 0.28899628,
          -0.088520005 -0.98224521 0.16540457,
          -0.15716918 -0.9849447 0.071985602,
          0.45073351 -0.78305435 0.42856166,
          0.56073737 -0.75189751 0.34673303,
          0.39860445 -0.83550668 0.3782104,
          0.50166613 -0.80974448 0.3043763,
          0.67466116 -0.55770129 0.48353034,
          0.48558524 -0.61440831 0.62185961,
          0.50479966 -0.6404745 0.57876581,
          0.3642675 -0.64385003 0.67287916,
          0.52000612 -0.59064955 0.61703068,
          0.28689075 -0.60584706 0.74205333,
          0.23932733 -0.59389323 0.76812315,
          -0.02356323 -0.4974955 0.86714649,
          0.077414259 -0.53898543 0.83875012,
          -0.03948075 -0.45911086 0.88750124,
          -0.039484859 -0.43202716 0.90099585,
          0.23098706 -0.6189425 0.7507031,
          0.26191211 -0.66380107 0.70055002,
          0.17736933 -0.66090214 0.72921091,
          0.1649176 -0.71172041 0.68282968,
          0.097087175 -0.60438025 0.79075819,
          0.072150938 -0.6010142 0.79597497,
          0.046030745 -0.50961423 0.85917079,
          0.0093385773 -0.47405192 0.88044733,
          -0.036205206 -0.39827457 0.91655147,
          -0.027128274 -0.37904012 0.92498255,
          -0.053226158 -0.29478315 0.95408064,
          -0.0020839027 -0.23428056 0.97216678,
          -0.0028384815 -0.22536677 0.97426987,
          0.043822289 -0.22314911 0.97379887,
          0.049466878 -0.25543305 0.9655605,
          0.12310012 -0.25609076 0.95878249,
          0.12463588 -0.33525786 0.93384588,
          0.18125206 -0.34415397 0.92125231,
          0.1844025 -0.42821753 0.8846612,
          0.24750163 -0.37979883 0.8913449,
          0.25622028 -0.49126947 0.83246952,
          0.28979555 -0.42816138 0.85597688,
          0.27865654 -0.53363442 0.79848909,
          0.31973863 -0.49806333 0.80603981,
          0.30390906 -0.6026696 0.73785412,
          0.31627908 -0.56480771 0.76220721,
          0.24258186 -0.6935432 0.67834496,
          0.25940016 -0.64742011 0.71663022,
          0.11398718 -0.76673234 0.6317662,
          0.15158819 -0.72980499 0.66663766,
          -0.18073201 -0.83304596 0.52284837,
          -0.27215615 -0.75448012 0.59723598,
          -0.86288667 -0.45851448 0.21258195,
          -0.99150896 -0.1048386 0.076934457,
          -0.99572521 0.089557283 -0.022600241,
          -0.87167788 0.44344008 -0.2086592,
          -0.91039205 0.4057214 -0.08109577,
          -0.75744617 0.61486864 -0.21957199,
          -0.82708156 0.5556435 -0.084831461,
          -0.67056412 0.71592504 -0.19440967,
          -0.74133062 0.66885918 -0.055284828,
          -0.57934994 0.79339963 -0.18673702,
          -0.62582439 0.77901071 -0.038550984,
          -0.5242455 0.8434096 -0.1175878,
          -0.53935248 0.84207553 -0.0027738223,
          -0.40932173 0.90614939 -0.10653141,
          -0.44567975 0.89447141 0.035923507,
          -0.34702608 0.93602443 -0.058576256,
          -0.34206513 0.93780869 0.059215095,
          -0.2321226 0.97118545 -0.054018788,
          -0.24097204 0.96747655 0.076951645,
          -0.15816699 0.98718232 -0.021316716,
          -0.14439313 0.98386353 0.10565648,
          -0.045280997 0.99849737 -0.030865133,
          -0.040058833 0.99386162 0.10312287,
          0.034816321 0.99845511 -0.043304186,
          0.036193572 0.99171948 0.12321704,
          0.095725089 0.99285799 0.071201906,
          0.12820834 0.97091901 0.20218569,
          0.1588095 0.97948664 0.1240385,
          0.19945621 0.93533963 0.2921592,
          0.2189644 0.94523317 0.24205133,
          0.28100473 0.90393543 0.32239297,
          0.23746167 0.95383102 0.18389802,
          0.29766169 0.93843228 0.17533505,
          0.25146872 0.9641968 0.084191188,
          0.29522014 0.95452547 0.041547112,
          0.2170978 0.97105372 -0.099615559,
          0.3000553 0.95007485 -0.085583769,
          0.27874702 0.93453306 -0.22124197,
          0.34154692 0.9267081 -0.15670924,
          0.37510371 0.89587182 -0.2381403,
          0.41404408 0.90346527 -0.11098629,
          0.47531772 0.86291194 -0.17162751,
          0.48202893 0.87551379 -0.033521872,
          0.5544883 0.83088171 0.046672575,
          0.48390961 0.86911494 0.10232681,
          0.58227175 0.7940219 0.17461033,
          0.47850788 0.85208857 0.21207382,
          0.54937112 0.7789017 0.30249536,
          0.5061627 0.76912683 0.39018351,
          0.5965699 0.67513531 0.43393165,
          0.52845269 0.70654398 0.47067329,
          0.59149188 0.56559122 0.57466853,
          0.50209069 0.68491739 0.52800876,
          0.4721536 0.67365015 0.56856525,
          0.44038573 0.75603265 0.48422629,
          0.41951832 0.68949956 0.59041923,
          0.38555601 0.71463817 0.58364272,
          0.33935022 0.64634448 0.6834327,
          0.35579553 0.74797851 0.56030142,
          0.27005613 0.74453121 0.61052686,
          0.31545654 0.80297583 0.50568467,
          0.27250686 0.82760102 0.4907307,
          0.3281711 0.86449856 0.38071781,
          0.37109321 0.8899855 0.26498231,
          0.32875851 0.91890603 0.21801269,
          0.39509088 0.90903264 0.13252488,
          0.37984809 0.92479432 -0.021700656,
          0.39345884 0.80697429 0.44043452,
          0.36101681 0.83750498 0.41018558,
          0.41380671 0.8705852 0.26616815,
          0.43873256 0.82572573 0.3545289,
          0.47412035 0.80078059 0.36600617,
          0.19611962 0.97882664 0.058613654,
          0.13217989 0.98938543 -0.060373116,
          0.12202858 0.97735924 -0.17285253,
          0.20426561 0.95528919 -0.21377125,
          0.13577807 0.95842046 -0.25098717,
          0.22391562 0.93831909 -0.26347527,
          0.23797797 0.92856634 -0.28483507,
          0.31988218 0.90309608 -0.28651881,
          0.36198786 0.88184255 -0.3021898,
          0.4162682 0.85921562 -0.29743785,
          0.48288706 0.8221243 -0.30154881,
          0.55160695 0.77649862 -0.30459782,
          0.60570234 0.74141347 -0.28884384,
          0.69469982 0.66215593 -0.28096581,
          0.7480076 0.6227988 -0.22936057,
          0.83602601 0.50944209 -0.20378722,
          0.86143798 0.48449281 -0.15228713,
          0.93242931 0.34067756 -0.12047561,
          0.9429065 0.32215443 -0.084522143,
          0.9828943 0.17387244 -0.060722768,
          0.98541999 0.16496879 -0.041626792,
          0.99605662 0.084919855 -0.025690319,
          0.99656504 0.0811195 -0.01666647,
          0.99511492 0.091314845 -0.037522912,
          0.97430092 0.20477919 -0.093825676,
          0.99331236 0.10208593 -0.053936798,
          0.97299016 0.19917549 -0.11670146,
          0.98863399 0.12642336 -0.081363782,
          0.94621027 0.27598044 -0.16888148,
          0.98140818 0.15358813 -0.11510263,
          0.91595823 0.33398041 -0.22243586,
          0.91991055 0.32767406 -0.21539351,
          0.76345462 0.56436324 -0.31405598,
          0.8469643 0.47093973 -0.24671274,
          0.70812303 0.65366805 -0.26698297,
          0.84413385 0.51393145 -0.15268458,
          0.83655995 0.54213285 -0.079116754,
          0.94330829 0.32339132 -0.074750677,
          0.94341862 0.33155465 -0.0057249377,
          0.97059733 0.23163794 -0.065457486,
          0.98093796 0.19352217 -0.017603286,
          0.97040635 0.21522374 -0.10949978,
          0.91050535 0.37889886 -0.16557683,
          0.88695228 0.40821376 -0.21604928,
          0.78789222 0.55813289 -0.26021817,
          0.72916049 0.61530143 -0.29954821,
          0.63910568 0.70621961 -0.30462739,
          0.5694105 0.75810009 -0.317893,
          0.48851159 0.81919008 -0.30047306,
          0.45301825 0.84949148 -0.27044162,
          0.36689976 0.88574094 -0.28433722,
          0.5417183 0.79185474 -0.2819705,
          0.65128273 0.68812537 -0.31986621,
          0.80350357 0.5230068 -0.28433403,
          0.83504474 0.47952607 -0.26973161,
          0.83929855 0.47649518 -0.26178291,
          0.30690998 0.91208047 -0.27187404,
          0.040145218 0.98223466 -0.18331231,
          -0.038224079 0.97797292 -0.20520243,
          -0.086988211 0.98677123 -0.13680494,
          -0.13840969 0.97227442 -0.18848132,
          0.046848331 0.96785283 -0.24711598,
          -0.048394203 0.96681428 -0.25085503,
          -0.12328773 0.96110547 -0.24713656,
          -0.13737053 0.95174164 -0.27443981,
          -0.22817896 0.93753827 -0.2625955,
          -0.24081226 0.92733878 -0.28644782,
          -0.32803532 0.89906204 -0.28996611,
          -0.28566948 0.91021919 -0.29982325,
          -0.38865441 0.86985642 -0.30380517,
          -0.40857249 0.87216729 -0.269059,
          -0.5062288 0.81024426 -0.29535854,
          -0.54680222 0.79946941 -0.24870861,
          -0.65252829 0.71642268 -0.24687125,
          -0.68659717 0.70158166 -0.19070271,
          -0.77435488 0.60535485 -0.18417381,
          -0.79819489 0.58741891 -0.1335063,
          -0.86810905 0.47367877 -0.14837492,
          -0.88333321 0.45682296 -0.10504904,
          -0.93702024 0.33090454 -0.11178202,
          -0.94560719 0.31582332 -0.077991702,
          -0.98137987 0.18078981 -0.064873412,
          -0.98633653 0.15947503 -0.041327212,
          -0.99998879 0.0046330048 -0.00096887362,
          -0.99999344 0.0034812919 -0.0010202857,
          -0.98868269 -0.14340834 0.044051629,
          -0.99987429 0.015726872 -0.0020170968,
          -0.99074566 -0.13301697 0.027012354,
          -0.99995726 -0.0084122065 0.0038489783,
          -0.98722321 -0.15803947 0.020342819,
          -0.99766988 -0.06821496 0.0012568352,
          -0.97594357 -0.21785709 0.0085157147,
          -0.99668318 0.080955707 -0.0082943104,
          -0.98902023 0.14737631 -0.010921036,
          -0.97470146 0.22313848 -0.012901224,
          -0.95757061 0.28740072 -0.021433856,
          -0.9289301 0.36975354 -0.019266181,
          -0.89807892 0.43846166 -0.034722518,
          -0.86475199 0.50161958 -0.024120692,
          -0.81614399 0.57649606 -0.039514065,
          -0.78109479 0.62389761 -0.02535178,
          -0.72559887 0.68672001 -0.043840665,
          -0.67593378 0.73640168 -0.028741688,
          -0.62107348 0.78257805 -0.042889193,
          -0.56368786 0.8254624 -0.029459406,
          -0.50846678 0.85959321 -0.050607301,
          -0.43315533 0.90082586 -0.029821103,
          -0.37613937 0.92504746 -0.052975021,
          -0.29480758 0.95499748 -0.032685541,
          -0.21813057 0.97417229 -0.058372539,
          -0.15534109 0.98733842 -0.032124501,
          -0.079603761 0.99564093 -0.048604332,
          -0.002706615 0.99944037 -0.033340938,
          0.05745811 0.99683601 -0.054923587,
          0.14317432 0.98911083 -0.034071941,
          0.20384139 0.97751081 -0.054049443,
          0.28733099 0.95729893 -0.031931728,
          0.33955893 0.93906009 -0.053533841,
          0.43094444 0.90181184 -0.031973727,
          0.48016405 0.87568372 -0.051190928,
          0.55532342 0.83109683 -0.029899839,
          0.61185896 0.78922993 -0.052391723,
          0.67411292 0.73812824 -0.027176678,
          0.72372806 0.68894535 -0.039649524,
          0.77628964 0.62980002 -0.02695143,
          0.81387508 0.57969004 -0.039582796,
          0.85848922 0.51232451 -0.022799456,
          0.88829404 0.45807195 -0.033224151,
          0.92689896 0.3747943 -0.019690653,
          0.95220488 0.30440715 -0.025342306,
          0.9694308 0.24503919 -0.01263778,
          0.98712397 0.15968136 -0.0093929311,
          0.99475092 0.10227591 -0.0032093625,
          0.99720526 0.074554883 -0.0048242519,
          0.99824554 0.059136465 -0.0029544919,
          -0.98351878 0.17840344 -0.029378977,
          -0.95083779 0.30561316 -0.050082292,
          -0.89842772 0.43333423 -0.07105653,
          -0.82054979 0.56513286 -0.085574076,
          -0.72659165 0.68085474 -0.092202909,
          -0.6143083 0.78365982 -0.092209741,
          -0.20473801 0.95339298 -0.22163971,
          -0.25648227 0.95297718 -0.16140419,
          -0.30302173 0.92766821 -0.21819593,
          -0.36673564 0.89412224 -0.25700268,
          -0.42236963 0.88209057 -0.20861469,
          -0.46041301 0.84717184 -0.26517862,
          -0.29186818 0.91775286 -0.26933736,
          -0.40590116 0.86754298 -0.28742537,
          -0.48410076 0.81908333 -0.30781344,
          -0.52158338 0.79761058 -0.30293247,
          -0.61824119 0.72327775 -0.30764797,
          -0.59439921 0.74647987 -0.29909441,
          -0.71272749 0.64082474 -0.28524244,
          -0.73357546 0.63646513 -0.23828395,
          -0.83245081 0.51422173 -0.2064016,
          -0.45846179 0.83586168 -0.3019076,
          -0.53841388 0.78901428 -0.29591727,
          -0.60163629 0.73956907 -0.30178034,
          -0.0029549659 -0.30541205 0.95221579,
          0.050155666 -0.33470318 0.94098788,
          0.12749347 -0.41721529 0.89982045,
          0.18926266 -0.5090571 0.8396669,
          0.26369625 -0.55006349 0.79239786,
          0.28834674 -0.59053826 0.75373787,
          0.2719945 -0.62481982 0.73186016,
          0.29869702 -0.66865081 0.68094516,
          0.30449891 -0.70898455 0.6360985,
          0.30660456 -0.72526622 0.61642724,
          0.29537088 -0.78729838 0.5412184,
          0.24583666 -0.80706644 0.53685015,
          0.20258223 -0.87322092 0.44322187,
          0.061309073 -0.89799136 0.4357211,
          -0.060195681 -0.94795138 0.31267351,
          -0.44978043 -0.8566916 0.25254118,
          -0.50713074 -0.84921688 0.14713641,
          -0.90685582 -0.42039979 0.029607302,
          -0.91713583 -0.3985379 -0.0054325578,
          -0.99989313 0.0080933748 0.012173657,
          -0.99902642 -0.043854013 -0.0047989064,
          -0.97535568 0.20016703 0.092814907,
          -0.99994671 0.0049989969 0.009034819,
          -0.97114724 0.19926083 0.13102724,
          -0.99920338 0.026842374 0.029532187,
          -0.97634417 0.14767589 0.15793636,
          -0.98259485 0.097561024 0.15807983,
          -0.93978113 0.20439374 0.27392447,
          -0.93500924 0.1668026 0.31294501,
          -0.8798672 0.26508886 0.39441302,
          -0.89406544 0.17226715 0.41348639,
          -0.84974843 0.22377494 0.47733885,
          -0.78794163 0.22940239 0.57142144,
          -0.78734159 0.31568283 0.52956361,
          -0.71906519 0.30761155 0.62315357,
          -0.78158736 0.38379088 0.49175775,
          -0.68972349 0.40978035 0.59696031,
          -0.71039927 0.48646936 0.50860649,
          -0.60576701 0.52022648 0.60200566,
          -0.68774205 0.54959631 0.47429413,
          -0.57985324 0.59134811 0.56042641,
          -0.66760761 0.60859913 0.42884403,
          -0.5612188 0.66668111 0.49047908,
          -0.66613787 0.66469264 0.33829579,
          -0.52352804 0.76105511 0.38303193,
          -0.63074368 0.708413 0.31672296,
          -0.59154975 0.74655455 0.30450824,
          -0.65281105 0.72494769 0.21974666,
          -0.55259395 0.79084355 0.26307127,
          -0.55225927 0.82061923 0.14694835,
          -0.50840259 0.80923003 0.2944037,
          -0.48450553 0.85344613 0.19205241,
          -0.46448159 0.82332748 0.32617283,
          -0.44643199 0.87651122 0.1800736,
          -0.41044828 0.8967768 0.16529837,
          -0.61230302 0.7858361 0.086871371,
          -0.67623746 0.73012847 0.09805809,
          -0.7358439 0.65534019 0.17047906,
          -0.72400761 0.68840778 0.043677386,
          -0.80960768 0.58004415 0.0899119,
          -0.87491769 0.48410913 0.012544198,
          -0.46144763 0.76645249 0.44678473,
          -0.39607245 0.84987754 0.34761301,
          -0.36810637 0.83593982 0.40706542,
          -0.30283907 0.89840961 0.31803906,
          -0.33955285 0.82886702 0.44461599,
          -0.26940283 0.88366526 0.38282892,
          -0.33271506 0.78466117 0.52307522,
          -0.24939007 0.86240876 0.44051775,
          -0.21675818 0.85452604 0.47201818,
          -0.20362133 0.91122586 0.3580583,
          -0.15239283 0.89723927 0.41441292,
          -0.14695574 0.9440757 0.29516959,
          -0.078768872 0.92807269 0.36397335,
          -0.11451375 0.95990098 0.2558842,
          -0.08113721 0.96978068 0.23009197,
          -0.22881 0.93998963 0.25311148,
          -0.29785943 0.93329066 0.20061971,
          -0.33625245 0.91671365 0.21580186,
          -0.36905047 0.89509928 0.2501981,
          -0.43663332 0.70054013 0.56444222,
          -0.31362835 0.72700536 0.61081958,
          -0.19056924 0.80361897 0.56380838,
          -0.18595572 0.73722345 0.64955533,
          -0.062591083 0.75942439 0.6475777,
          -0.073611394 0.67028576 0.7384432,
          0.065006457 0.67005891 0.73945612,
          0.043500282 0.57817394 0.81475312,
          0.1817224 0.57258642 0.79945093,
          0.065686718 0.46984085 0.88030386,
          0.20645924 0.46705082 0.85978961,
          0.076426111 0.34660265 0.93489343,
          0.2229711 0.3658163 0.90358305,
          0.20897728 0.29353899 0.93282557,
          0.34778214 0.34150782 0.87316662,
          0.33606371 0.29098848 0.89576054,
          0.47726581 0.28514621 0.8312093,
          0.066252016 0.29376876 0.95357776,
          -0.052195728 0.29401258 0.95437527,
          -0.72966856 0.63802129 0.24599326,
          -0.74939758 0.56274015 0.3488937,
          -0.83138835 0.49075642 0.26067522,
          -0.77230895 0.50274247 0.38831547,
          -0.85020542 0.43898419 0.29059187,
          -0.79247123 0.44932035 0.4124324,
          -0.86580563 0.39470416 0.3075538,
          -0.86310631 0.34950003 0.36455071,
          -0.92495406 0.28915718 0.246674,
          -0.9280892 0.31588075 0.1971544,
          -0.96465093 0.24240449 0.10338563,
          -0.99990481 0.0079743396 0.011261621,
          -0.93602687 -0.34885582 0.046404812,
          -0.72503591 -0.64640665 0.23765822,
          -0.15732503 -0.8906225 0.42666206,
          0.1316213 -0.8185941 0.55908811,
          -0.99796259 -0.060845267 0.019197714,
          -0.95444918 0.29764959 -0.020773461,
          -0.99784666 0.065296665 0.0062032486,
          -0.94920117 0.31227687 0.038733721,
          -0.88856095 0.44762072 0.10047449,
          -0.81313121 0.55582768 0.17283863,
          -0.9045465 0.39299017 0.16539142,
          -0.91230696 0.355005 0.20412642,
          -0.96413779 0.25645614 0.068326958,
          0.29578513 -0.71215057 0.63667327,
          0.32246229 -0.65573794 0.68266088,
          -0.71343297 0.26071376 0.65041667,
          -0.6356982 0.2553322 0.72848701,
          -0.60650802 0.35750136 0.71016955,
          -0.55154413 0.27974069 0.7858398,
          -0.46295583 0.36444291 0.80799335,
          -0.45567408 0.27087805 0.84793055,
          -0.34552291 0.33952537 0.87483513,
          -0.35251185 0.28918311 0.89000487,
          -0.21197687 0.2933802 0.93219841,
          -0.58769643 0.44295761 0.67705351,
          -0.49418849 0.54332727 0.67865545,
          -0.46620125 0.62239456 0.6287142,
          -0.99967754 -0.017103681 -0.018768432,
          -0.97389692 -0.19243693 -0.12038607,
          -0.98123628 -0.12781425 -0.14435679,
          -0.92729914 -0.2499188 -0.27866992,
          -0.94810975 -0.30988348 -0.071135007,
          -0.48354363 -0.87520993 -0.013896774,
          -0.84609348 -0.53253788 -0.023005487,
          -0.23693292 -0.96246439 0.13238226,
          -0.45047116 -0.88367593 0.12724987,
          0.0601492 -0.94963825 0.30752143,
          -0.0030417577 -0.38642278 0.92231673,
          0.05133548 -0.41627964 0.90778631,
          0.11815544 -0.48708558 0.86532474,
          0.14663579 -0.55923665 0.81593645,
          0.21430761 -0.58579928 0.78160834,
          0.21033572 -0.62658554 0.75043285,
          0.27668881 -0.65769386 0.70062977,
          0.28446928 -0.68928826 0.66630244,
          0.32193708 -0.72908217 0.60398328,
          0.33813083 -0.73519599 0.58749843,
          0.36536419 -0.77885354 0.5098002,
          0.33407146 -0.78707761 0.51856065,
          0.36681202 -0.81773424 0.44357592,
          0.3160229 -0.85586524 0.40941933,
          0.34230939 -0.86724597 0.3615368,
          0.12222207 -0.97904187 0.16290733,
          -0.49882609 -0.74666178 -0.4400782,
          -0.37483659 -0.8501426 -0.36980408,
          -0.67518944 -0.4096514 -0.61343712,
          -0.59901392 -0.47713822 -0.64305645,
          -0.58318651 -0.39221442 -0.71137995,
          -0.24485968 -0.9236244 -0.2948927,
          -0.38147831 -0.70047724 -0.60316336,
          0.28701916 -0.84186584 0.45703602,
          -0.26674959 -0.87672907 -0.40023854,
          -0.28038391 -0.87806642 -0.38779405,
          -0.5123713 -0.46711057 -0.7206133,
          -0.44980794 -0.65475065 -0.60743272,
          -0.46803513 -0.44857281 -0.76139712,
          -0.2440466 -0.89669794 -0.36928868,
          -0.37380618 -0.57825595 -0.72518212,
          -0.12592211 -0.99090946 -0.047351584,
          0.24810383 -0.87809008 0.40914828,
          0.037685461 -0.99533391 0.088826716,
          0.044302899 -0.48717692 0.87217879,
          -0.0031027312 -0.46527496 0.88516074,
          0.33044761 -0.78444815 0.52482903,
          0.27115351 -0.86150402 0.42928612,
          0.34236354 -0.84117258 0.41858795,
          0.19673441 -0.93335599 0.30023691,
          0.30681357 -0.89765161 0.31636542,
          0.060008343 -0.98281354 0.17457539,
          0.2736887 -0.9362309 0.22037734,
          -0.075901307 -0.99625063 0.041516732,
          -0.5848648 -0.71544397 -0.3821952,
          -0.85635376 -0.29030216 -0.42706323,
          -0.80310106 -0.36154482 -0.47361812,
          -0.78988606 -0.30580008 -0.53156972,
          -0.64911449 -0.62906235 -0.42770445,
          -0.72899151 -0.39202577 -0.56114823,
          -0.54260254 -0.72712576 -0.42055988,
          -0.1100117 -0.99344987 0.03090173,
          -0.7989611 -0.55316657 -0.23594084,
          0.062370189 -0.51811409 0.85303444,
          0.13818349 -0.58894992 0.79626834,
          0.32599956 -0.60763091 0.72422993,
          0.044003844 -0.56268412 0.82549995,
          -0.17144372 -0.50358409 0.8467645,
          0.98151392 -0.154155 0.11343127,
          0.9857437 -0.13873129 0.095199622,
          0.99080759 -0.11761065 0.066844523,
          0.9934563 -0.10451692 0.046053067,
          0.99480939 -0.09684357 0.031235212,
          0.98515785 -0.1641095 0.050320584,
          0.99552214 -0.092345595 0.020196663,
          0.98691517 -0.15820189 0.031156093,
          0.99615371 -0.086948633 0.010852439,
          0.98501068 -0.17174229 0.016079739,
          0.99140638 -0.13060781 0.0074163014,
          0.95260137 -0.30380714 0.01587059,
          0.99693698 -0.078112647 0.0039025526,
          0.94350982 -0.32151717 0.080099963,
          0.94881308 -0.31311309 0.041399732,
          0.88651389 -0.45146206 0.10136638,
          0.8943907 -0.44506317 0.044543266,
          0.89565682 -0.44390112 0.02739835,
          0.82387769 -0.56555295 0.037086181,
          0.8174848 -0.56960565 0.085253365,
          0.72253352 -0.6869899 0.077396952,
          0.72577137 -0.6862815 0.047682617,
          0.64504558 -0.7628293 0.044807605,
          0.55068231 -0.83240968 0.061993707,
          -0.09354829 -0.728845 0.67825788,
          -0.15872428 -0.65112019 0.74219215,
          0.069090322 -0.65182984 0.75521147,
          -0.28132236 -0.56386548 0.77647507,
          -0.14786121 -0.59158963 0.79256469,
          0.050468318 -0.5904302 0.80550927,
          0.99680072 0.016982136 0.07810197,
          0.99665558 0.022740301 0.078489043,
          0.98168361 0.097374827 0.16375422,
          0.99606746 0.037879214 0.080092601,
          0.99479222 0.057673089 0.084037885,
          0.9947257 0.063949838 0.080194622,
          0.97891372 0.14407268 0.1448137,
          0.94355565 0.19401766 0.26843962,
          0.91768366 0.30738723 0.25173345,
          0.8835218 0.26940471 0.38315842,
          0.86535275 0.35599267 0.35275176,
          0.79374975 0.32494518 0.51417106,
          0.78191561 0.37982452 0.49430898,
          0.7106151 0.33291605 0.61983311,
          0.67081696 0.46381575 0.57868779,
          0.58788258 0.46834105 0.65958387,
          0.47206408 0.54288799 0.69457048,
          0.46472886 0.60652757 0.64509803,
          0.93373322 0.16826019 0.31596023,
          0.8898077 0.17270005 0.42239434,
          0.84417647 0.22641443 0.48590392,
          0.78534698 0.22703508 0.57592124,
          0.71917552 0.23139682 0.65516579,
          0.65705526 0.26965106 0.70396501,
          0.58311462 0.25964376 0.76978076,
          0.56679845 0.34173927 0.74963582,
          0.47598845 0.3413415 0.81050664,
          0.46876243 0.43505639 0.76875734,
          0.33560473 0.45922109 0.82248735,
          0.31140053 0.56252503 0.76589507,
          0.20596734 0.66429079 0.71853685,
          0.17320171 0.7472356 0.64159191,
          0.18397036 0.80787569 0.55990338,
          0.084254786 0.75318456 0.65239108,
          0.054189943 0.8174305 0.57347268,
          -0.064609937 0.82189542 0.56596243,
          -0.091775455 0.86571395 0.49205354,
          -0.1258022 0.87838429 0.4611018,
          0.24178292 0.86366105 0.44230154,
          0.21020195 0.88875186 0.40735143,
          0.98886812 0.13173108 0.069186352,
          0.98909134 0.13432786 0.060452409,
          0.97129083 0.20607579 0.11885665,
          0.98896664 0.14164683 0.043371852,
          0.96904242 0.23229945 0.083628275,
          0.98631322 0.16400293 0.017010292,
          0.96651775 0.2543886 0.033616118,
          0.9176715 0.33981141 0.20593022,
          0.85870534 0.41842103 0.2958867,
          0.81083232 0.43185171 0.39503795,
          0.77049869 0.50543815 0.38841215,
          0.74215972 0.46922252 0.47856992,
          0.6540159 0.58296305 0.48209682,
          0.65350342 0.65486038 0.37959361,
          0.62150514 0.71897733 0.31113178,
          0.68416119 0.68745655 0.24357137,
          0.70298827 0.70003331 0.12554225,
          0.63187474 0.7693823 0.093729675,
          0.67478001 0.73795015 0.010082271,
          0.57046139 0.81844443 -0.068720192,
          0.56073219 0.80767471 -0.18232128,
          0.63337016 0.73312783 -0.24772152,
          0.65720642 0.74628526 -0.10553716,
          0.73827738 0.67171252 -0.061227497,
          0.7608121 0.64588535 0.063222677,
          0.80674994 0.59086621 -0.0056296424,
          0.88691258 0.46084136 0.031801183,
          0.77067137 0.60897118 0.18766926,
          0.83830595 0.53280485 0.11559533,
          0.83154762 0.52218676 0.18933985,
          0.91274959 0.39607793 0.10005268,
          0.86418223 0.45691293 0.21075971,
          0.73643267 0.61453366 0.28286991,
          0.79680926 0.53335518 0.28394938,
          0.72089434 0.58647406 0.36926892,
          0.5844484 0.75042701 0.30867362,
          0.15433033 0.92097604 0.35775051,
          0.1067727 0.9605118 0.25693715,
          0.084534824 0.94881088 0.30432203,
          0.029860377 0.97168022 0.23440534,
          0.038950786 0.92961246 0.36647445,
          -0.00094367896 0.96524268 0.26135355,
          -0.027497126 0.95170105 0.30579239,
          -0.029878765 0.90405577 0.42636898,
          -0.00068331824 0.88374978 0.46795925,
          0.033769179 0.8693915 0.49296862,
          0.088817775 0.90178424 0.42296177,
          0.11823378 0.87906969 0.46179777,
          0.15546472 0.862077 0.4823423,
          0.10156857 -0.70596826 0.70092279,
          0.037435632 -0.59251899 0.80468619,
          -0.00087699544 -0.44482824 0.89561546,
          0.06595581 -0.70448679 0.70664579,
          0.0049725347 -0.71825504 0.69576222,
          -0.0015162707 -0.60471052 0.796444,
          0.00053159287 -0.48024255 0.87713557,
          -0.019871926 -0.5698542 0.82150561,
          0.00069312454 -0.44369519 0.89617747,
          -0.0091994694 -0.47455332 0.88017869,
          0.057496931 -0.32550183 0.94379169,
          0.082407318 -0.35922191 0.92960674,
          0.15440026 -0.27379119 0.94931507,
          0.15971932 -0.33950126 0.92694587,
          0.23115863 -0.30268279 0.92463446,
          0.24022999 -0.3432771 0.90799254,
          0.27889103 -0.35809326 0.89106065,
          0.30785409 -0.36903009 0.87695074,
          0.31821525 -0.42635593 0.84673476,
          0.25964138 -0.45079234 0.85403311,
          0.31986398 -0.49311128 0.80902928,
          0.19662105 -0.54724795 0.81354767,
          0.27856746 -0.57198209 0.77151579,
          -0.025040243 -0.64765668 0.76152074,
          0.19242992 -0.66303456 0.72343343,
          -0.36183476 -0.67828196 0.63953835,
          0.25067094 -0.31914082 0.91395473,
          0.18727253 -0.28025648 0.9414804,
          0.098658644 -0.24393035 0.96476132,
          0.026802273 -0.2863946 0.95773685,
          -0.0008037017 -0.3331154 0.94288576,
          -0.99950773 0.031310562 0.0020231111,
          -0.84086019 0.46224964 -0.28156605,
          -0.70559013 0.63239467 -0.31971794,
          -0.75651991 0.57432616 -0.31277311,
          -0.64363152 0.69398326 -0.32268512,
          -0.7337414 0.6108765 -0.29741147,
          -0.54838997 0.77092189 -0.32395652,
          -0.80035186 0.53855586 -0.26342854,
          -0.89262247 0.39893281 -0.20994683,
          -0.92101383 0.35759807 -0.15445808,
          -0.96939051 0.21268517 -0.12266702,
          -0.97271055 0.21144806 -0.095519647,
          -0.9999789 0.006419708 -0.0010775746,
          -0.98345274 -0.16614884 0.072217129,
          -0.9420386 -0.31491899 0.11571273,
          -0.95481479 -0.28925622 0.06826219,
          -0.87105918 -0.45945689 0.17365249,
          -0.88800925 -0.44621626 0.11104365,
          -0.78413612 -0.57618392 0.23052685,
          -0.80564022 -0.57427061 0.14545541,
          -0.67575866 -0.67841417 0.28827861,
          -0.6969372 -0.68817145 0.20173901,
          -0.56760621 -0.75965178 0.31741512,
          -0.61389244 -0.76153237 0.20785706,
          -0.48083788 -0.83961689 0.25266269,
          -0.61126578 -0.78295672 0.11546797,
          -0.50583112 -0.854972 0.11470716,
          -0.56677657 -0.82193154 0.056506574,
          -0.44305626 -0.89430207 0.062649347,
          -0.68630886 -0.7258864 0.045488063,
          -0.72959715 -0.67688388 0.097551696,
          -0.78553981 -0.6178354 0.034737576,
          -0.82673407 -0.55878186 0.065372474,
          -0.86847365 -0.49498507 0.027262183,
          -0.89247125 -0.44741416 0.057581317,
          -0.93453491 -0.35550764 0.016088035,
          -0.9524402 -0.3025527 0.036326412,
          -0.37698826 -0.91547042 0.14069089,
          -0.30093026 -0.95102179 0.07070145,
          -0.2435535 -0.9582215 0.14997803,
          -0.33540988 -0.90330613 0.26746634,
          -0.21765006 -0.92975533 0.29695711,
          -0.32301319 -0.85793465 0.39951301,
          -0.19288465 -0.87963665 0.43478158,
          -0.25904632 -0.79581171 0.54733795,
          -0.15827709 -0.80477524 0.57208848,
          -0.19014958 -0.71187937 0.67607021,
          -0.11215691 -0.70764267 0.69761217,
          -0.11197588 -0.61209852 0.78281349,
          -0.061831366 -0.5977959 0.79926032,
          -0.028205704 -0.4970963 0.86723679,
          -0.039317407 -0.68557644 0.72693825,
          -0.057839446 -0.79432321 0.60473579,
          -0.0014554095 -0.82263237 0.56857193,
          -0.072700232 -0.88045871 0.46851584,
          -0.083313785 -0.94031382 0.32995254,
          -0.44511178 -0.80760628 0.38684317,
          -0.37537554 -0.77214557 0.51272255,
          -0.50308174 -0.74380893 0.44006497,
          -0.38209423 -0.70842564 0.59341145,
          -0.52102035 -0.69645596 0.49344406,
          -0.51162171 -0.65451276 0.55664748,
          -0.63740724 -0.64035642 0.42855075,
          -0.63470507 -0.60998422 0.4744142,
          -0.75020915 -0.56044328 0.35084122,
          -0.81663764 -0.47929195 0.32153097,
          -0.8602761 -0.45789358 0.22418404,
          -0.92585719 -0.33708519 0.17076898,
          -0.76305288 -0.57727593 0.29069361,
          -0.64578968 -0.67197418 0.36250031,
          -0.28553104 -0.70839202 0.64548647,
          -0.24162884 -0.63225216 0.73612005,
          -0.38712251 -0.6615907 0.64221019,
          -0.35153434 -0.62845737 0.69387674,
          -0.51489419 -0.61920869 0.59284461,
          -0.66232538 -0.57743907 0.47737741,
          -0.69898564 -0.53546083 0.47402614,
          -0.89371908 -0.37367275 0.24826403,
          -0.84699208 -0.42190033 0.3234264,
          -0.97140461 -0.19353996 0.13753325,
          -0.9004727 -0.34716058 0.26197064,
          -0.90298736 -0.33123589 0.27367246,
          -0.76303512 -0.47587502 0.43740174,
          -0.91401803 -0.3053394 0.26709354,
          -0.61171311 -0.55073243 0.5678916,
          -0.52630711 -0.59001094 0.61228096,
          -0.1810337 -0.61899823 0.76424342,
          -0.99994773 0.0099040736 -0.0025408727,
          -0.99998337 0.0048322286 -0.0031621507,
          -0.97268349 -0.20180091 0.11473113,
          -0.62853116 -0.56279111 0.53685635,
          -0.52569956 -0.58921051 0.6135723,
          -0.40181318 -0.60626262 0.68628854,
          -0.33075288 -0.60805047 0.72171819,
          -0.085176885 -0.56266123 0.8222878,
          0.036645215 -0.54908556 0.83496243,
          0.13768721 -0.44898176 0.88286901,
          -0.589683 -0.56549388 0.5766201,
          -0.16594252 -0.58098918 0.79681534,
          -0.013439775 -0.51746738 0.85559738,
          0.011463559 -0.48559728 0.87410748,
          0.0131136 -0.45455959 0.89061975,
          -0.12033244 -0.55459332 0.82337493,
          -0.091686048 -0.53953475 0.83695644,
          -0.18560965 -0.63013095 0.75397879,
          -0.93613553 0.29913792 -0.18484266,
          -0.99896127 0.041554779 -0.018696621,
          -0.87913328 0.40455672 -0.25190982,
          -0.66636854 -0.53551745 0.51881981,
          -0.83789182 0.47850049 -0.26263002,
          -0.8401224 -0.41178674 -0.35302413,
          0.065895095 -0.99353004 0.092498712,
          -0.31789055 -0.92994779 -0.18477748,
          -0.34205654 0.64608777 0.68232548,
          -0.36901349 0.5604828 0.7414096,
          -0.23043892 0.57279068 0.78664404,
          -0.35309288 0.45983395 0.81478727,
          -0.21087572 0.46860033 0.85787255,
          -0.19845195 0.36515379 0.90954906,
          -0.077127144 0.35392332 0.93208885,
          -0.077211514 0.46922037 0.87969917,
          -0.09830296 0.57806873 0.81004512,
          -0.20333914 0.66138959 0.72195363,
          -0.48020479 0.45088771 0.75239861,
          -0.47801563 0.87154704 -0.1091181,
          -0.60004479 0.78737068 -0.14139904,
          -0.46987957 0.867203 -0.16483991,
          -0.57823354 0.79252374 -0.19378361,
          -0.46147367 0.86045766 -0.21599679,
          -0.71141863 0.68891853 -0.1388339,
          -0.34554708 0.93267971 -0.10346861,
          -0.2108395 0.97017133 -0.11964218,
          -0.077899151 0.99163461 -0.10292058,
          -0.084107362 0.9834938 -0.16020599,
          0.067617886 0.99143898 -0.11169849,
          0.065318607 0.98438543 -0.16345882,
          0.21865623 0.96905392 -0.1145601,
          0.19924839 0.96489882 -0.17108582,
          0.33310995 0.93054438 -0.15206887,
          0.3054781 0.92864501 -0.21047942,
          0.45093945 0.8779335 -0.16089231,
          0.44858024 0.86761689 -0.2145149,
          0.57483447 0.8036592 -0.15393913,
          0.56990242 0.79450798 -0.20968615,
          0.6810379 0.70889693 -0.18344657,
          0.6491071 0.72246468 -0.23812756,
          0.77925521 0.6018911 -0.17460951,
          0.52659762 0.80951828 -0.25956744,
          0.40411061 0.87236947 -0.2750749,
          0.25929531 0.91883677 -0.29749799,
          0.14675787 0.94860077 -0.28039035,
          0.29100734 0.91826326 -0.26852819,
          0.15730357 0.94216573 -0.29593793,
          0.049173545 0.95942241 -0.27765206,
          0.17817323 0.94666845 -0.26846448,
          0.048657835 0.95411319 -0.29546669,
          -0.054567892 0.95724052 -0.2841005,
          0.35672283 0.92837149 -0.10428412,
          0.48778701 0.86608237 -0.10938548,
          0.61262172 0.78327435 -0.10571702,
          0.71636462 0.6923992 -0.086052939,
          0.70258826 0.69913894 -0.13256918,
          0.81417578 0.5746724 -0.082882941,
          0.80117804 0.58510387 -0.12556756,
          0.88823587 0.45388851 -0.070868507,
          0.87849516 0.46537393 -0.10804293,
          0.94889188 0.31064129 -0.055734083,
          0.98684335 0.15956049 -0.026090205,
          -0.15159264 0.94277084 -0.29698977,
          -0.050671309 0.9540984 -0.29517555,
          -0.063479088 0.96077663 -0.26996043,
          0.05752755 0.96131611 -0.26937324,
          0.060831126 0.97430491 -0.21686327,
          0.17646216 0.95928723 -0.22052003,
          -0.070276752 0.97355121 -0.21739174,
          -0.17822027 0.94655794 -0.26882276,
          -0.19408692 0.95694894 -0.21582177,
          -0.29703987 0.91846335 -0.26113704,
          -0.33905303 0.91686416 -0.21072043,
          -0.21683505 0.96171403 -0.16759679,
          -0.34968352 0.92453098 -0.15153842,
          -0.14498918 -0.9250071 -0.35119793,
          0.13608421 -0.67200178 0.72793865,
          0.056888133 -0.64192188 0.76465678,
          -0.0074481582 -0.62960947 0.77687615,
          -0.080873892 -0.59533358 0.79939818,
          -0.13462284 -0.55320019 0.82209867,
          -0.19174701 -0.51571155 0.83502972,
          -0.18775141 -0.4376846 0.87930745,
          -0.18464014 -0.35574132 0.9161638,
          -0.1823267 -0.27762249 0.94322997,
          -0.086370617 -0.6314261 0.77061093,
          -0.13401091 -0.6066615 0.78358334,
          -0.20465691 -0.56944674 0.79614449,
          -0.24004319 -0.53609622 0.80930841,
          -0.23530528 -0.45867807 0.85688144,
          -0.2355656 -0.37620497 0.89609075,
          -0.23136646 -0.30179656 0.9248721,
          -0.29777896 -0.37100092 0.87959427,
          -0.29794592 -0.44794321 0.84295624,
          -0.29665017 -0.53126609 0.793571,
          -0.28222474 -0.80065864 0.52848369,
          0.46678713 -0.80753684 -0.36054692,
          0.2869018 -0.5860824 -0.75775647,
          0.016624492 -0.9987427 -0.047292881,
          0.088070601 -0.99568599 0.029207883,
          -0.1795553 -0.87113595 0.45703623,
          0.12887254 -0.93014491 -0.34383476,
          0.10828786 -0.93538207 -0.33665133,
          0.27751365 -0.52959353 -0.80157149,
          0.2340638 -0.61189866 -0.7555092,
          0.20148157 -0.64941478 -0.73325688,
          0.079485908 -0.99449611 0.068259984,
          -0.037219524 -0.98297954 0.1799055,
          -0.12030676 -0.86521417 0.48675543,
          0.098268487 -0.93980414 -0.32727912,
          0.05452434 -0.94580799 -0.32011604,
          -8.2211054e-016 -1 -9.7975316e-016,
          -1.067461e-015 -1 -8.4933391e-016,
          -9.7975316e-016 -1 -8.2211054e-016,
          -1.1076266e-015 -1 -6.3948843e-016,
          -1.0618956e-015 -1 -8.2194425e-016,
          -9.774882e-016 -1 -1.0033528e-015,
          -9.9475983e-016 -1 -8.1837046e-016,
          -9.8180616e-016 -1 -6.578763e-016,
          -1.0875405e-015 -1 -9.1050515e-016,
          -9.8298661e-016 -1 -8.499316e-016,
          -1.0067805e-015 -1 -7.5767102e-016,
          -1.2538164e-015 -1 -1.0520769e-015,
          -9.2098591e-016 -1 -8.5991711e-016,
          -1.0077131e-015 -1 -8.2046385e-016,
          -1.085522e-015 -1 -9.1291083e-016,
          -8.1837046e-016 -1 -8.5265126e-016,
          -9.7867584e-016 -1 -8.3753861e-016,
          -1.1578486e-015 -1 -7.8840763e-016,
          -9.9385319e-016 -1 -9.030339e-016,
          -1.4748682e-015 -1 1.8174288e-015,
          -1.9895197e-015 -1 -8.1837046e-016,
          -1.479186e-015 -1 -3.4786578e-015,
          0 0 -1,
          -1.0092957e-015 -1 -1.0092957e-015,
          -9.6836756e-016 -1 -8.9256594e-016,
          -9.0939215e-016 -1 -1.0770432e-015,
          -1.0249666e-015 -1 -6.7753112e-016,
          -9.371131e-016 -1 -7.4821342e-016,
          -9.3979671e-016 -1 -1.0140237e-015,
          -1.1409416e-015 -1 -1.050405e-015,
          -1.257946e-015 -1 -8.2233421e-016,
          -1.1319229e-015 -1 -6.4958951e-016,
          -7.8421428e-016 -1 -7.077379e-016,
          -7.5701854e-016 -1 -7.1054275e-016,
          -9.4070092e-016 -1 -7.587997e-016,
          -1.1891559e-015 -1 -8.2559433e-016,
          -1.0939277e-015 -1 -8.2907966e-016,
          -8.1360363e-016 -1 -8.3264768e-016,
          -7.3539295e-016 -1 -8.5038238e-016,
          -9.8372755e-016 -1 -9.4913906e-016,
          -1.17433e-015 -1 -1.020551e-015,
          -1.1646771e-015 -1 -1.0848808e-015,
          -1.0953769e-015 -1 -1.0953769e-015,
          -1.0025627e-015 -1 -8.9520466e-016,
          -8.8123254e-016 -1 -6.4484989e-016,
          -8.6676749e-016 -1 -7.1408011e-016,
          -8.8773553e-016 -1 -9.9683019e-016,
          -8.9170165e-016 -1 -1.0815005e-015,
          -8.1084828e-016 -1 -8.3429278e-016,
          -8.9909763e-016 -1 -2.5114696e-015,
          8.3153081e-016 -1 -2.629737e-015,
          1.5028332e-015 -1 -9.9494004e-016,
          4.2632562e-015 -1 -1.1355278e-015,
          4.2473289e-016 -1 9.9957765e-016,
          -1.2385188e-015 -1 1.1064281e-015,
          -8.4326688e-016 -1 -7.8795589e-016,
          -7.9202462e-016 -1 -8.8031229e-016,
          -1.0145366e-015 -1 -8.0119698e-016,
          -1.2149283e-015 -1 -7.1642878e-016,
          -1.1590751e-015 -1 -8.3235641e-016,
          -1.0770432e-015 -1 -9.0939215e-016,
          -9.6836756e-016 -1 -8.9256584e-016,
          -1.0249666e-015 -1 -6.7753117e-016,
          -9.3979682e-016 -1 -1.0140237e-015,
          -1.1409417e-015 -1 -1.0504052e-015,
          -1.2579459e-015 -1 -8.2233405e-016,
          -1.1319229e-015 -1 -6.4958946e-016,
          -9.4070092e-016 -1 -7.5879975e-016,
          -1.1891559e-015 -1 -8.2559428e-016,
          -1.0939276e-015 -1 -8.2907955e-016,
          -8.1360368e-016 -1 -8.3264768e-016,
          -9.8372744e-016 -1 -9.4913906e-016,
          -8.8123264e-016 -1 -6.4484994e-016,
          -8.6676749e-016 -1 -7.1408006e-016,
          -8.8773553e-016 -1 -9.968303e-016,
          -8.9170165e-016 -1 -1.0815003e-015,
          -8.1084834e-016 -1 -8.3429288e-016,
          -7.6895514e-016 -1 -6.5809055e-016,
          -2.1973475e-015 -1 -2.1188726e-015,
          -3.0836819e-015 -1 -9.9494004e-016,
          -4.9737991e-015 -1 -1.1355278e-015,
          -2.6041452e-015 -1 4.8871323e-016,
          -1.1083762e-015 -1 -7.4695076e-016,
          -8.4326683e-016 -1 -7.8795573e-016,
          -7.9202456e-016 -1 -8.803124e-016,
          -1.0145366e-015 -1 -8.0119692e-016,
          -1.2149282e-015 -1 -7.1642867e-016,
          -1.159075e-015 -1 -8.3235641e-016,
          -0.11215691 -0.70764267 0.69761217,
          -0.78158748 0.38379094 0.49175781,
          -0.78794175 0.22940242 0.5714215,
          -0.90454662 0.39299023 0.16539143,
          -0.87491781 0.48410919 0.0125442,
          -0.79247135 0.44932041 0.41243246,
          -0.18560967 -0.63013101 0.75397891,
          -0.12033246 -0.55459338 0.82337505,
          0.0093294699 -0.90108925 0.43353352,
          -0.07270024 -0.88045883 0.4685159,
          0.19662108 -0.54724801 0.81354779,
          0.27856749 -0.57198215 0.77151591,
          0.19174871 -0.87984407 0.4348644,
          -0.93500936 0.16680261 0.31294504,
          -0.96465105 0.24240452 0.10338564,
          -0.92495418 0.28915721 0.24667403,
          -0.028205708 -0.49709636 0.86723691,
          0.29116592 -0.85070944 0.4376255,
          0.25964141 -0.4507924 0.85403323,
          0.013113602 -0.45455965 0.89061987,
          -0.99989325 0.0080933757 0.012173659,
          0.30785412 -0.36903012 0.87695086,
          0.25215748 -0.78773928 0.56203526,
          0.0006931246 -0.44369525 0.89617759,
          -0.45047122 -0.88367605 0.12724988,
          0.24750166 -0.37979889 0.89134502,
          0.098658659 -0.24393038 0.96476144,
          0.09708719 -0.60438031 0.79075831,
          0.0093385782 -0.47405198 0.88044745,
          0.20258226 -0.87322104 0.44322193,
          0.85848933 0.51232457 -0.022799458,
          0.046030749 -0.50961429 0.85917091,
          0.1381835 -0.58894998 0.79626846,
          0.99552226 -0.092345603 0.020196665,
          0.34236357 -0.8411727 0.41858801,
          0.18440251 -0.42821759 0.88466132,
          0.26369628 -0.55006355 0.79239798,
          0.87849528 0.46537399 -0.10804295,
          -0.0020839029 -0.23428059 0.9721669,
          0.99331236 0.10208593 -0.053936798,
          0.97299027 0.19917552 -0.11670148,
          0.36681205 -0.81773436 0.44357598,
          0.45093951 0.87793362 -0.16089232,
          0.77610034 -0.51982564 0.3570011,
          0.11815546 -0.48708564 0.86532485,
          0.9814083 0.15358815 -0.11510264,
          0.97829479 -0.18883032 0.08533819,
          0.23932736 -0.59389329 0.76812327,
          -0.1198253 -0.254843 0.95952964,
          0.44858029 0.86761701 -0.21451493,
          -0.039480753 -0.45911092 0.88750136,
          0.1466358 -0.55923671 0.81593657,
          0.044302903 -0.48717698 0.87217891,
          -0.0030417582 -0.38642284 0.92231685,
          -0.2181306 0.97417241 -0.058372546,
          -0.07702937 -0.41707987 0.90559983,
          0.48288712 0.82212442 -0.30154884,
          0.97375077 -0.19521089 0.11705673,
          0.17646217 0.95928735 -0.22052006,
          -0.0031027317 -0.46527502 0.88516086,
          -0.21083952 0.97017145 -0.1196422,
          -0.2806015 -0.31527364 0.90656799,
          0.044003848 -0.56268418 0.82550007,
          0.28045246 -0.81758714 0.50288957,
          0.056888141 -0.64192194 0.7646569,
          0.97040647 0.21522377 -0.1094998,
          0.84696442 0.47093979 -0.24671277,
          -0.23556563 -0.37620503 0.89609087,
          -0.07027676 0.97355133 -0.21739177,
          0.41626826 0.85921574 -0.29743788,
          -0.47801569 0.87154716 -0.10911811,
          -0.23530531 -0.45867813 0.85688156,
          0.94341874 0.33155468 -0.0057249381,
          -0.19174704 -0.51571161 0.83502984,
          0.94358337 -0.25533921 0.21083762,
          0.15730359 0.94216585 -0.29593796,
          -0.13401093 -0.60666156 0.78358346,
          -0.063479096 0.96077675 -0.26996046,
          -0.2966502 -0.53126615 0.79357111,
          -0.31488556 -0.49207565 0.81160879,
          0.87985826 -0.35651854 0.3142359,
          -0.33905306 0.91686428 -0.21072046,
          0.96904254 0.23229948 0.083628282,
          0.98896676 0.14164685 0.043371856,
          0.47531778 0.86291206 -0.17162752,
          0.37510377 0.89587194 -0.23814033,
          -0.050671317 0.95409852 -0.29517558,
          -0.46147373 0.86045778 -0.21599682,
          0.41404414 0.90346539 -0.11098631,
          0.27874705 0.93453318 -0.221242,
          -0.053449012 -0.84442019 0.5330084,
          -0.28875136 -0.82058835 0.49321157,
          -0.89842784 0.43333429 -0.071056537,
          -0.29581395 -0.85428888 0.42741644,
          -0.12209208 -0.90786678 0.40108803,
          0.58227181 0.79402202 0.17461035,
          0.29985005 -0.91051561 0.28469539,
          0.91768378 0.30738726 0.25173348,
          0.86034876 -0.4972524 0.11198328,
          0.52385521 -0.85126758 0.030322084,
          0.83202404 -0.55463171 0.010945519,
          0.94355577 0.19401769 0.26843965,
          0.85050541 -0.52265781 -0.058903202,
          0.80350369 0.52300686 -0.28433406,
          0.57046145 0.81844455 -0.068720199,
          0.85870546 0.41842109 0.29588673,
          0.77049881 0.50543821 0.38841221,
          -0.77435499 0.60535491 -0.18417382,
          0.54937118 0.77890182 0.30249539,
          0.29522017 0.95452559 0.041547116,
          0.81083244 0.43185177 0.39503801,
          0.50616276 0.76912695 0.39018357,
          0.1321799 0.98938555 -0.060373124,
          0.79374987 0.32494521 0.51417112,
          0.36101684 0.8375051 0.41018564,
          0.3934589 0.80697441 0.44043458,
          0.036193576 0.9917196 0.12321705,
          0.040145222 0.98223478 -0.18331233,
          0.21020198 0.88875198 0.40735149,
          0.58311468 0.25964379 0.76978087,
          -0.040058836 0.99386173 0.10312288,
          0.029860381 0.97168034 0.23440537,
          -0.98722333 -0.15803948 0.020342821,
          0.11823379 0.87906981 0.46179783,
          -0.02749713 0.95170116 0.30579242,
          -0.30302176 0.92766833 -0.21819596,
          -0.19056927 0.80361909 0.56380844,
          -0.15239285 0.89723939 0.41441298,
          -0.20362136 0.91122597 0.35805833,
          -0.24097207 0.96747667 0.076951653,
          -0.22881003 0.93998975 0.25311151,
          -0.29785946 0.93329078 0.20061974,
          -0.42236969 0.88209069 -0.20861472,
          -0.40932178 0.90614951 -0.10653143,
          -0.41044834 0.89677691 0.16529839,
          -0.46144769 0.76645261 0.44678479,
          -0.3681064 0.83593994 0.40706548,
          -0.44643205 0.87651134 0.18007362,
          -0.50840265 0.80923015 0.29440373,
          -0.81663775 -0.47929201 0.321531,
          -0.5235281 0.76105523 0.38303199,
          -0.83245093 0.51422179 -0.20640163,
          -0.8096078 0.58004421 0.089911908,
          -0.55154419 0.27974072 0.78583992,
          -0.98137999 0.18078983 -0.06487342,
          0.50166619 -0.8097446 0.30437633,
          0.45073357 -0.78305447 0.42856172,
          -0.075901315 -0.99625075 0.041516736,
          -0.86847377 -0.49498513 0.027262187,
          0.47726586 0.28514624 0.83120942,
          -0.37483662 -0.85014272 -0.36980411,
          -0.98868281 -0.14340836 0.044051632,
          0.085129559 -0.97529119 0.20386332,
          -0.29186821 0.91775298 -0.26933739,
          0.31140056 0.56252509 0.76589519,
          -0.52158344 0.7976107 -0.3029325,
          -0.82673419 -0.55878192 0.065372482,
          -0.098177582 -0.80363554 0.58696789,
          -0.16532817 -0.80839068 0.56495249,
          -0.89262259 0.39893287 -0.20994686,
          -0.40590122 0.8675431 -0.2874254,
          0.084254794 0.75318468 0.65239114,
          -0.35004464 -0.90232003 0.25157008,
          0.34778216 0.34150785 0.87316674,
          -0.76303524 -0.47587508 0.4374018,
          -0.8710593 -0.45945695 0.1736525,
          -0.12247943 -0.93232316 -0.34025362,
          -0.26492625 -0.53926265 -0.79938108,
          9.6854848e-005 -0.99867028 -0.051554341,
          -0.1026047 -0.90905166 -0.40385339,
          -0.61126584 -0.78295684 0.11546799,
          -0.062591091 0.75942451 0.64757776,
          -0.034133494 -0.94579875 -0.3229548,
          -0.0033767836 -0.95079756 -0.30979475,
          0.072130129 -0.60612959 -0.79208863,
          0.054524347 -0.94580811 -0.32011607,
          0.079485916 -0.99449623 0.068259992,
          -0.54839003 0.77092201 -0.32395655,
          -0.83789194 0.47850055 -0.26263005,
          0.27527657 -0.5551675 -0.78486437,
          0.066252023 0.29376879 0.95357788,
          -0.052195735 0.29401261 0.95437539,
          -0.23121513 -0.8821097 0.41039276,
          0.59381866 -0.76187903 -0.25868896,
          -0.077127151 0.35392335 0.93208897,
          -0.75652003 0.57432622 -0.31277314,
          -0.19845198 0.36515382 0.90954918,
          -0.083313793 -0.94031394 0.32995257,
          0.3328371 -0.94028789 0.071262538,
          -0.81313133 0.55582774 0.17283864 ]
      normalBinding PER_VERTEX_INDEXED
      materialBinding OVERALL

    }
    coordIndex [ 227, 229, 310, 311, -1, 311, 229, 312,
        313, -1, 313, 229, 314, 315, 316, 317,
        318, 319, 320, 321, 322, 323, 324, 325,
        326, 327, 328, 329, 330, 331, 332, 333,
        334, 335, 336, 337, 338, 339, 340, 341,
        342, 343, 344, 345, 346, 347, 348, 349,
        350, 351, 352, 353, 354, 355, 356, 357,
        358, 359, 360, 361, 362, 363, 364, 365,
        366, 367, 254, 368, 369, 370, 371, 372,
        373, 374, 375, 376, 373, 377, 371, 369,
        -1, 254, 369, 252, 377, 378, 376, 379,
        380, 378, 381, 252, 382, 250, 383, 384,
        385, 386, 387, 388, 389, 390, 391, 392,
        393, 394, 395, 396, 397, 398, 399, 246,
        400, 401, 402, 403, 395, 404, 405, 406,
        407, 408, 409, 410, 411, 412, 413, 244,
        242, -1, 395, 393, 405, 414, 415, 416,
        417, 418, 419, 420, 421, 422, 423, 424,
        425, 426, 427, 428, 331, 333, -1, 331,
        329, 427, 429, 425, 327, 325, -1, 329,
        327, 429, -1, 405, 415, 407, 430, 431,
        432, 433, 434, 435, 436, 437, 438, 439,
        440, 323, 325, -1, 323, 321, 439, 441,
        437, 442, 435, 443, 444, 445, 446, 447,
        448, 449, 450, 239, 451, 452, 453, 454,
        455, 456, 457, 458, 459, 460, 461, 431,
        433, -1, 454, 452, 456, 239, 240, -1,
        456, 240, 458, 462, 460, 463, 464, 465,
        466, 467, 468, 469, 466, 460, 464, -1,
        460, 469, 431, 409, 407, -1, 462, 240,
        463, 465, -1, 240, 242, 465, 470, 467,
        469, -1, 469, 470, 409, 471, 472, 473,
        413, 242, -1, 473, 471, 242, 470, -1,
        413, 411, 472, 409, -1, 451, 453, 450,
        446, 448, -1, 446, 453, 444, 461, 433,
        -1, 433, 435, 444, -1, 461, 453, 459,
        455, 474, 457, 459, -1, 239, 449, 237,
        475, 476, 445, 477, 478, 479, 480, 481,
        482, 483, 484, 485, 486, 487, 488, 489,
        233, 235, -1, 487, 489, 485, 235, 483,
        481, -1, 235, 237, 481, 477, 479, -1,
        477, 237, 476, -1, 482, 480, 484, 478,
        443, 445, -1, 321, 319, 441, 490, 491,
        492, 486, 488, -1, 486, 484, 491, 443,
        442, -1, 442, 441, 491, -1, 319, 317,
        490, 315, 492, 493, 488, 233, -1, 233,
        493, 231, 315, 229, -1, 415, 417, 430,
        494, 432, 434, -1, 417, 419, 494, 495,
        434, 436, -1, 419, 421, 495, 496, 436,
        438, -1, 421, 423, 496, 438, -1, 246,
        248, 398, 497, 498, 499, 500, 501, 502,
        503, 504, 505, 506, 507, 508, 509, 510,
        388, 508, 390, 506, 504, -1, 504, 390,
        502, 500, -1, 390, 392, 500, 511, 498,
        512, 398, 513, 396, 394, -1, 513, 512,
        394, 511, 392, -1, 388, 509, 386, 384,
        -1, 509, 507, 384, 250, -1, 507, 505,
        250, 248, -1, 505, 503, 248, 501, 497,
        499, -1, 376, 374, 380, 514, 515, 374,
        387, 516, 389, 517, 391, 518, 393, 414,
        -1, 374, 372, 516, 361, 359, -1, 361,
        372, 363, 519, 365, 367, -1, 380, 515,
        381, 520, 382, 521, 383, 385, -1, 385,
        521, 387, 520, 515, -1, 316, 318, 522,
        320, 322, -1, 522, 322, 523, 524, 525,
        526, 527, 528, 529, 530, 531, 532, 533,
        534, 535, 536, 537, 538, 539, 540, 541,
        542, 543, 544, 545, 546, 547, 548, 549,
        550, 551, 552, 553, 554, 555, 556, 557,
        558, 559, 560, 561, 562, 563, 564, 146,
        144, -1, 146, 148, 563, 561, -1, 148,
        150, 561, 559, -1, 150, 152, 559, 557,
        -1, 546, 544, 548, 565, 566, 567, 568,
        569, 570, 571, 572, 573, 574, 575, 576,
        577, 578, 579, 580, 581, 562, 582, 564,
        583, 144, 226, -1, 562, 560, 580, 578,
        -1, 560, 558, 578, 576, -1, 572, 574,
        570, 584, 585, 586, 587, 556, 554, -1,
        587, 554, 585, 552, 568, 550, 566, 548,
        -1, 570, 585, 568, -1, 556, 586, 558,
        576, -1, 576, 586, 574, 584, -1, 544,
        542, 565, 588, 567, 589, 590, 591, 569,
        571, -1, 569, 567, 590, -1, 542, 540,
        588, 592, 589, 593, 594, 595, 596, 597,
        598, 336, 338, -1, 597, 595, 336, 334,
        -1, 589, 594, 591, 599, 571, 600, 573,
        601, 602, 603, 604, 605, 606, 607, 608,
        340, 609, 342, 610, 611, 612, 613, 614,
        615, 616, 617, 618, 619, 620, 621, 622,
        623, 624, 625, 626, 627, 628, 629, 630,
        631, 632, 633, 634, 635, 636, 637, 638,
        639, 640, 641, 642, 643, 644, 645, 646,
        647, 648, 649, 650, 651, 652, 653, 654,
        655, 656, 657, 658, 659, 660, 661, 662,
        663, 664, 665, 666, 667, 668, 669, 670,
        671, 672, 673, 674, 675, 676, 677, 678,
        679, 680, 681, 682, 683, 684, 685, 686,
        687, 688, 689, 690, 691, 692, 693, 661,
        694, 695, 696, 663, 665, -1, 663, 661,
        695, -1, 665, 696, 667, 697, 669, 671,
        -1, 687, 685, 689, 698, 691, 699, 693,
        700, 694, 696, -1, 699, 698, 700, 701,
        677, 702, 679, 685, 681, 683, -1, 702,
        701, 685, 698, -1, 700, 677, 696, 675,
        697, 671, -1, 671, 675, 673, -1, 660,
        662, 658, 703, 704, 666, 705, 706, 707,
        708, 709, 710, 711, 712, 713, 714, 715,
        716, 717, 718, 719, 720, 721, 722, 723,
        724, 725, -1, 724, 722, 726, 727, 728,
        729, 730, 731, 732, 733, 734, 735, 736,
        737, 738, 739, 740, 741, 527, 525, -1,
        527, 529, 740, 736, 738, -1, 736, 529,
        734, 732, -1, 722, 720, 727, 742, 743,
        744, 745, 746, 747, 748, 749, 750, 670,
        668, -1, 670, 672, 749, 751, 747, 752,
        745, 753, 754, 731, 755, 743, 745, -1,
        755, 745, 754, -1, 731, 729, 743, 727,
        -1, 731, 753, 733, 735, -1, 753, 752,
        735, 737, -1, 720, 718, 742, 744, -1,
        718, 716, 744, 746, -1, 716, 714, 746,
        748, -1, 714, 712, 748, 750, -1, 666,
        668, 706, 756, 708, 710, -1, 710, 756,
        712, 750, -1, 750, 756, 668, -1, 666,
        703, 664, 662, -1, 658, 704, 656, 654,
        -1, 704, 705, 654, 757, 652, 758, 759,
        760, 650, 648, -1, 650, 652, 759, -1,
        705, 707, 757, 761, 758, 762, 763, 764,
        765, 766, 767, 768, 769, 770, 771, 772,
        773, 774, 775, 776, 777, 778, 779, 780,
        781, 782, 783, 784, 785, 786, 787, 788,
        789, 208, 210, -1, 208, 788, 206, 790,
        204, 791, 202, 792, 200, 793, 198, 794,
        196, 795, 194, 796, 192, 797, 190, 798,
        189, 799, 187, 800, 185, 801, 183, 802,
        181, 803, 179, 804, 177, 805, 175, 806,
        173, 807, 171, 808, 169, 809, 167, 810,
        166, -1, 788, 786, 790, 811, 791, 812,
        792, 813, 814, 778, 776, -1, 778, 813,
        780, 812, 782, 811, 786, -1, 782, 786,
        784, -1, 792, 814, 793, 815, 794, 816,
        795, 796, -1, 758, 763, 760, 817, 648,
        818, 646, 819, 644, 820, 821, 822, 642,
        640, -1, 642, 644, 821, -1, 818, 817,
        819, 823, 820, 824, 825, 826, 827, 828,
        829, 830, 831, 775, 777, -1, 775, 830,
        773, 828, 771, 832, 769, 767, -1, 828,
        826, 832, 824, 767, 823, 765, 817, 763,
        -1, 820, 825, 822, 833, 640, 834, 638,
        636, -1, 342, 344, 611, 835, 613, 836,
        615, 837, 617, 838, 619, 839, 840, 841,
        842, 843, 844, 845, 846, 847, 848, 849,
        850, 851, 852, 853, 854, 855, 856, 857,
        858, 859, 860, 272, 861, 273, 862, 275,
        863, 277, 864, 865, 866, 867, 868, 869,
        870, 871, 872, 873, 874, 875, 876, 877,
        878, 879, 880, 881, 882, 883, 884, 885,
        645, 647, -1, 884, 645, 882, 880, -1,
        645, 643, 880, 886, 878, 887, 888, 889,
        890, 639, 891, 637, 635, -1, 639, 889,
        641, 887, 886, -1, 643, 641, 886, -1,
        877, 875, 879, 881, -1, 881, 875, 883,
        892, 893, 894, 895, 896, 897, 898, 899,
        900, 901, 902, 903, 904, 905, 906, 651,
        653, -1, 905, 651, 903, 907, 901, 897,
        899, -1, 897, 907, 895, 908, 909, 647,
        910, 885, 883, -1, 883, 893, 910, 895,
        909, -1, 647, 908, 649, 907, 651, -1,
        894, 892, 896, 898, -1, 875, 873, 892,
        911, 898, 912, 913, 914, 915, 916, 917,
        918, 919, 920, 921, 922, 923, 293, 924,
        295, 297, -1, 293, 922, 291, 289, -1,
        898, 913, 900, 902, -1, 876, 878, 874,
        925, 926, 927, 928, 929, 930, 931, 932,
        933, 861, 860, -1, 860, 933, 858, 934,
        856, 935, 854, 936, 852, 937, 850, 938,
        939, 629, 940, 627, 625, -1, 629, 938,
        631, 941, 633, 942, 635, 891, -1, 938,
        937, 941, 943, 942, 944, 891, 945, 890,
        946, 888, 925, 878, -1, 925, 946, 927,
        947, 929, 948, 931, 934, 933, -1, 934,
        948, 935, 947, 949, 945, 944, -1, 946,
        945, 947, -1, 944, 943, 949, 936, 935,
        -1, 936, 943, 937, -1, 850, 939, 848,
        940, 846, 950, 844, 951, 842, 840, -1,
        940, 625, 950, 623, 951, 840, -1, 623,
        621, 840, 619, -1, 861, 862, 932, 866,
        930, 868, 928, 870, 926, 872, 874, -1,
        866, 862, 864, 863, -1, 277, 279, 865,
        281, 952, 953, 954, 283, 955, 285, 287,
        -1, 281, 283, 953, -1, 865, 952, 867,
        956, 869, 957, 871, 958, 873, 911, -1,
        272, 859, 270, 959, 268, 266, -1, 859,
        857, 959, 960, 961, 962, 963, 964, 965,
        849, 847, -1, 849, 964, 851, 853, -1,
        964, 962, 853, 855, -1, 962, 960, 855,
        857, -1, 344, 346, 835, 966, 836, 967,
        837, 968, 838, 969, 970, 971, 972, 973,
        974, 975, 976, 977, 978, 979, 980, 981,
        982, 983, 260, 984, 258, 985, 986, 987,
        988, 989, 990, 991, 256, 992, 993, 366,
        254, -1, 254, 256, 993, -1, 366, 992,
        364, 994, 995, 996, 364, 987, 362, 977,
        975, -1, 362, 975, 360, 973, 358, 971,
        356, 969, 354, 968, 997, 967, 998, 966,
        348, 346, -1, 348, 350, 998, 352, 997,
        354, -1, 977, 987, 979, 985, 983, 984,
        -1, 981, 979, 983, -1, 987, 996, 989,
        991, -1, 996, 994, 991, 992, -1, 256,
        258, 990, 986, 988, -1, 838, 970, 839,
        841, -1, 970, 972, 841, 843, -1, 972,
        974, 843, 999, 845, 1000, 847, 965, -1,
        974, 976, 999, 1001, 1000, 1002, 965, 963,
        -1, 976, 978, 1001, 1003, 1002, 1004, 963,
        961, -1, 978, 980, 1003, 1005, 1006, 1007,
        264, 1008, 262, 1009, 1010, 1011, 260, 982,
        -1, 260, 262, 1010, -1, 1003, 1006, 1004,
        1012, 961, 1013, 959, 266, -1, 340, 607,
        338, 598, -1, 573, 602, 575, 577, -1,
        594, 596, 599, 1014, 1015, 605, 603, -1,
        603, 601, 1015, 600, 599, -1, 605, 1014,
        607, 598, -1, 1014, 596, 598, -1, 540,
        538, 592, 1016, 593, 1017, 595, 1018, 334,
        332, -1, 531, 533, 529, 535, 732, 537,
        539, -1, 732, 539, 730, 541, 728, 543,
        726, 545, 724, 1019, 725, 1020, 810, 1021,
        164, 162, -1, 164, 166, 810, -1, 545,
        547, 1019, 1022, 1020, 1023, 1021, 162, -1,
        547, 549, 1022, 1024, 1023, 1025, 162, 160,
        -1, 160, 1025, 158, 1026, 1027, 553, 555,
        -1, 553, 1026, 551, 1024, 549, -1, 1026,
        1025, 1024, -1, 158, 1027, 156, 154, -1,
        1027, 555, 154, 1028, 152, 557, -1, 555,
        557, 1028, -1, 322, 324, 524, 326, 526,
        328, 528, 1029, 530, 1030, 532, 1031, 534,
        536, -1, 328, 330, 1029, 1032, 1030, 1033,
        1031, 1034, 536, 538, -1, 538, 1034, 1016,
        1017, -1, 1017, 1034, 1018, 1033, 1032, -1,
        1018, 1032, 332, 330, -1, 227, 310, 309,
        311, 312, -1, 312, 313, 309, 1035, 1036,
        1037, 1038, 1039, 1040, 1041, 1042, 1043, 1044,
        682, 1045, 1046, 688, 686, -1, 686, 1046,
        684, 682, -1, 309, 1036, 307, 1038, 305,
        1047, 303, 1040, 1042, -1, 1038, 1040, 1047,
        -1, 303, 1042, 301, 1048, 299, 1049, 297,
        1050, 924, 1051, 1052, 1045, 1053, 688, 1054,
        690, 1055, 1056, 1057, 1058, 915, 1059, 913,
        1060, 1061, 904, 902, -1, 913, 1061, 902,
        -1, 915, 917, 1057, 1054, 1055, -1, 917,
        919, 1054, 1053, -1, 919, 921, 1053, 1052,
        -1, 921, 923, 1052, 924, -1, 690, 692,
        1056, 1062, 1063, 661, 659, -1, 692, 661,
        1062, -1, 1045, 1051, 1044, 1049, 1042, 1048,
        -1, 1049, 1051, 1050, -1, 313, 314, 1035,
        316, 1064, 522, 1065, 523, 1066, 525, 741,
        -1, 1035, 1064, 1037, 1067, 1039, 1068, 1069,
        1070, 1071, 1072, 1043, 682, -1, 682, 1072,
        680, 1073, 1074, 1075, 676, 1076, 1077, 1078,
        674, 1079, 672, 1080, 751, 1081, 752, 737,
        -1, 674, 676, 1077, -1, 1079, 1078, 1080,
        1082, 1081, 1083, 737, 739, -1, 1082, 1078,
        1083, 1084, 1085, 1086, 739, 741, -1, 739,
        1083, 1085, -1, 1078, 1076, 1084, 1087, 1088,
        1089, 1090, 1091, 1067, 1068, -1, 1084, 1088,
        1086, 1090, 741, 1066, -1, 1066, 1090, 1065,
        1067, 1064, -1, 1076, 1075, 1087, 1092, 1093,
        1094, 1070, 1072, -1, 1072, 1094, 1073, 1092,
        1075, -1, 1070, 1068, 1093, 1091, 1089, -1,
        1089, 1087, 1093, -1, 1043, 1041, 1071, 1069,
        -1, 1041, 1039, 1069, -1, 227, 310, 309,
        311, 312, -1, 312, 313, 309, 1035, 1036,
        1037, 1038, 1039, 1040, 1041, 1042, 1043, 1044,
        682, 1045, 1046, 688, 686, 687, 685, 689,
        698, 691, 699, 693, 700, 694, 696, 695,
        663, 661, 662, 660, 658, 659, 657, 1096,
        1097, 1098, 655, 1099, 653, 1101, 1102, 1100,
        1103, 1104, 1059, 1105, 1058, 1106, 1107, 1096,
        1108, 1063, 1056, 1062, 692, 661, 693, 694,
        -1, 695, 661, 694, -1, 693, 692, 691,
        690, 689, 688, 687, -1, 692, 1056, 690,
        1055, 1054, 1057, 917, 915, 916, 914, 1255,
        912, 1246, 911, 958, 873, 871, 872, 870,
        926, 928, 927, 929, 947, 948, 935, 934,
        856, 858, 857, 859, 959, 270, 268, -1,
        268, 959, 266, 1013, 1243, 1012, 1006, 1004,
        1003, 1002, 1001, 1000, 999, 845, 843, 844,
        842, 951, 840, 623, 621, 622, 620, 1127,
        1125, 1126, 1124, 1229, 1122, 1233, 1234, 1235,
        1236, 1204, 1237, 1203, 1179, 1177, 1178, 1176,
        1187, 1188, 581, 582, 562, 564, 563, 146,
        148, -1, 146, 564, 144, 583, 226, 1172,
        224, 1171, 222, 1166, 220, 1165, 218, 1167,
        216, 1168, 214, 1169, 212, 1170, 210, 789,
        208, 788, 206, 790, 204, 791, 202, 792,
        200, 793, 198, 794, 196, 795, 194, 796,
        192, 797, 190, 798, 189, 799, 187, 800,
        185, 801, 183, 802, 181, 803, 179, 804,
        177, 805, 175, 806, 173, 807, 171, 808,
        169, 809, 167, 810, 166, -1, 564, 582,
        583, 1188, 1174, 1176, 1175, 1177, 1190, 1203,
        1192, 1204, 1205, 1206, 1194, 1207, 1196, 1208,
        1198, 1209, 1210, 1211, 1212, 1213, 1214, 1215,
        1216, 1217, 1218, 1219, 1132, 1130, 1131, 1129,
        624, 622, 623, -1, 622, 1129, 1127, 1128,
        1126, 1229, -1, 1129, 1130, 1128, 1228, 1229,
        1227, 1232, 1231, 1233, 1235, -1, 1233, 1229,
        1232, -1, 1130, 1219, 1228, 1226, 1227, 1225,
        1231, 1206, 1235, 1204, -1, 1206, 1225, 1207,
        1209, 1208, -1, 1219, 1217, 1226, 1230, 1224,
        1215, 1223, 1211, 1209, -1, 1215, 1213, 1211,
        -1, 1215, 1230, 1217, -1, 1209, 1225, 1223,
        1224, -1, 1226, 1224, 1225, -1, 1214, 1216,
        1212, 1220, 1221, 1150, 1152, 1151, 781, 779,
        780, 778, 813, 814, 792, 793, -1, 1221,
        1152, 1212, 1222, 1210, 1200, 1198, 1199, 1197,
        1201, 1195, 1202, 1193, 1191, 1192, 1190, -1,
        1198, 1197, 1196, 1195, 1194, 1193, 1192, -1,
        1205, 1194, 1192, -1, 583, 1174, 1172, 1173,
        1171, 1164, 1166, 1165, -1, 1174, 1175, 1173,
        1164, -1, 266, 1243, 264, 1006, 1007, 1005,
        1245, 1009, 1008, 262, 264, -1, 264, 1007,
        1008, 1245, -1, 1006, 1003, 1005, 980, 1244,
        982, 1011, 260, 1010, 262, 1009, -1, 1010,
        1009, 1011, 1005, 1244, -1, 270, 272, 859,
        860, 858, 933, 934, 931, 948, 929, -1,
        1055, 1056, 1057, 1058, 915, 1059, 913, 1060,
        1061, 904, 902, 903, 901, 907, 897, 895,
        896, 894, 892, 893, 883, 910, 885, 647,
        645, 646, 644, 819, 820, 823, 824, 767,
        832, 769, 771, 770, 772, 1261, 1260, 1259,
        1258, 1257, 816, 796, 795, -1, 795, 794,
        816, 815, 1258, 1262, 1260, 774, 772, 773,
        771, 828, 832, 826, 824, 825, 820, 822,
        821, 642, 644, 643, 645, 880, 882, 881,
        883, 875, 892, 873, 911, -1, 821, 644,
        820, -1, 794, 793, 815, 814, 1262, 776,
        774, 775, 773, 830, 828, 829, 827, 1145,
        1144, 1143, 1142, 1141, 634, 1140, 632, 1134,
        630, 1133, 628, 626, 627, 625, 940, 950,
        846, 844, 845, -1, 844, 950, 951, 623,
        -1, 950, 625, 623, 624, -1, 625, 626,
        624, 1131, -1, 626, 1133, 1131, 1132, -1,
        1133, 1134, 1132, 1241, 1218, 1216, -1, 1134,
        1140, 1241, 1239, 1216, 1220, -1, 1140, 1141,
        1239, 1240, 1238, 1242, 1148, 1147, 831, 829,
        830, -1, 830, 775, 831, 777, 1149, 779,
        1151, -1, 1151, 1150, 1149, 1148, 831, -1,
        1148, 1150, 1238, 1220, 1239, -1, 779, 777,
        778, 776, 814, -1, 777, 775, 776, -1,
        829, 1147, 1145, 1242, 1143, 1240, 1141, -1,
        828, 827, 826, 825, -1, 796, 1257, 797,
        1263, 798, 1264, 1265, 1266, 1267, 1268, 1269,
        1270, 1271, 1272, 1273, 1274, 1275, 1276, 1277,
        1278, 1279, 717, 719, 718, 720, 742, 727,
        743, 729, 731, 730, 732, -1, 730, 728,
        729, 727, -1, 728, 726, 727, 722, 720,
        721, 719, 1298, 1279, 1296, 1277, 1294, 1275,
        1292, 1291, 804, 803, -1, 1275, 1291, 1273,
        1271, -1, 726, 724, 722, 723, 721, 1299,
        1298, 1297, 1296, 1295, 1294, 1293, 1292, 804,
        -1, 804, 1293, 805, 806, -1, 1293, 1295,
        806, 807, -1, 1295, 1297, 807, 808, -1,
        1297, 1299, 808, 1300, 809, 810, -1, 810,
        1300, 725, 723, 724, -1, 723, 1300, 1299,
        -1, 798, 1265, 799, 800, -1, 1265, 1267,
        800, 801, -1, 1267, 1269, 801, 802, -1,
        894, 895, 893, 910, -1, 1061, 902, 913,
        900, 898, 899, 897, 901, -1, 899, 900,
        901, 902, -1, 897, 896, 898, 892, 911,
        -1, 911, 912, 898, 913, -1, 912, 914,
        913, 915, -1, 1059, 1103, 1060, 904, -1,
        1103, 1102, 904, 906, 905, 651, 903, 907,
        -1, 905, 903, 904, -1, 1102, 653, 906,
        651, -1, 1056, 1108, 1058, 1107, -1, 690,
        1054, 688, 1053, 1045, 1052, 1051, 924, 1050,
        297, 1049, 299, 1048, 301, 1042, 303, 1040,
        1047, 1038, 305, 307, -1, 303, 305, 1047,
        -1, 1038, 307, 1036, 309, -1, 1048, 1042,
        1049, 1044, 1051, 1045, -1, 1050, 1049, 1051,
        -1, 297, 924, 295, 293, -1, 1062, 661,
        1063, 659, 1096, -1, 661, 660, 659, -1,
        1096, 1098, 1106, 1100, 1105, 1104, -1, 1098,
        1099, 1100, 1101, -1, 1097, 657, 655, 656,
        654, 704, 705, 666, 706, 668, 756, 750,
        712, 748, 714, 746, 716, 744, 718, 742,
        -1, 742, 744, 743, 745, 755, 754, 731,
        753, 733, 735, 734, 736, 529, 740, 527,
        741, 525, 1066, 523, 1065, 522, 1064, 316,
        1035, 314, 313, -1, 743, 755, 731, -1,
        1035, 1064, 1037, 1067, 1039, 1068, 1069, 1070,
        1071, 1072, 1043, 682, -1, 1043, 1041, 1071,
        1069, -1, 1069, 1041, 1039, -1, 1064, 1065,
        1067, 1090, 1091, 1089, 1093, 1087, 1092, 1075,
        1073, 1074, 680, 1095, 678, 676, 677, 675,
        696, 697, 667, 669, 668, 670, 750, 749,
        748, 747, 746, 745, 744, -1, 668, 666,
        667, 665, 696, 663, -1, 696, 700, 677,
        701, 702, 685, 679, 681, 680, 682, 1072,
        -1, 680, 1072, 1073, 1094, 1092, 1093, -1,
        1072, 1070, 1094, 1093, -1, 1070, 1068, 1093,
        1091, -1, 1068, 1067, 1091, -1, 680, 678,
        679, 677, 702, -1, 685, 701, 698, 700,
        699, -1, 1095, 1074, 676, 1075, 1076, 1087,
        1084, 1088, 1086, 1090, 741, 1066, -1, 1065,
        1066, 1090, -1, 1090, 1088, 1089, 1087, -1,
        529, 732, 734, 733, -1, 733, 732, 731,
        -1, 754, 745, 753, 752, 735, 737, 736,
        738, 740, 739, 741, 1086, -1, 738, 737,
        739, 1083, 1085, 1084, 1086, -1, 739, 1085,
        1086, -1, 745, 747, 752, 751, 1081, 1080,
        1082, 1078, 1083, 1084, -1, 1084, 1078, 1076,
        1077, 676, 674, 675, 673, 671, 672, 670,
        749, -1, 670, 669, 671, 697, 675, -1,
        673, 674, 672, 1079, 1080, 1078, -1, 1079,
        674, 1078, 1077, -1, 1080, 751, 672, 749,
        -1, 747, 749, 751, -1, 1082, 1083, 1081,
        737, 752, -1, 718, 717, 716, 715, 714,
        713, 712, 711, 710, 709, 708, 707, 706,
        705, -1, 706, 756, 708, 710, -1, 712,
        710, 756, -1, 717, 1278, 715, 1280, 713,
        1281, 711, 1282, 709, 1283, 707, 761, 757,
        758, 652, 759, 650, 760, 648, 817, 818,
        819, 646, -1, 818, 646, 648, 647, 649,
        908, 907, 895, -1, 907, 651, 649, 650,
        648, -1, 650, 651, 652, 653, 654, 655,
        -1, 652, 654, 757, 705, 707, -1, 819,
        817, 823, 765, 767, 766, 768, 1301, 1308,
        1303, 1307, 1305, 1268, 1270, -1, 1268, 1266,
        1307, 1309, 1308, 1310, 768, 770, 769, -1,
        769, 767, 768, -1, 759, 758, 760, 763,
        817, 765, -1, 1278, 1276, 1280, 1274, 1281,
        1284, 1282, 1285, 1283, 1286, 761, 762, 758,
        763, -1, 1274, 1272, 1284, 1287, 1285, 1288,
        1286, 1289, 762, 764, 763, 765, -1, 765,
        764, 766, 1301, -1, 764, 1289, 1301, 1302,
        1303, 1304, 1305, 1306, 1270, 1272, -1, 1272,
        1306, 1287, 1304, 1288, 1302, 1289, -1, 657,
        658, 656, 704, -1, 166, 810, 164, 1021,
        162, 1023, 1025, 1024, 1026, 551, 553, 552,
        554, 585, 587, 586, 556, 558, 557, 559,
        152, 150, -1, 587, 556, 554, 555, 553,
        1027, 1026, 158, 1025, 160, 162, -1, 158,
        1027, 156, 154, -1, 1027, 555, 154, 1028,
        152, 557, -1, 1028, 555, 557, 556, -1,
        227, 229, 310, 311, -1, 311, 229, 312,
        313, -1, 313, 229, 314, 315, 316, 317,
        318, 319, 320, 321, 322, 323, 324, 325,
        326, 327, 328, 329, 330, 331, 332, 333,
        334, 335, 336, 337, 338, 339, 340, 341,
        342, 343, 344, 345, 346, 347, 348, 349,
        350, 351, 352, 353, 354, 355, 356, 357,
        358, 359, 360, 361, 362, 363, 364, 365,
        366, 367, 254, 368, 369, 370, 371, 372,
        373, 374, 375, 376, 373, 377, 371, 369,
        -1, 254, 369, 252, 377, 378, 376, 379,
        380, 378, 381, 252, 382, 250, 383, 384,
        385, 386, 387, 388, 389, 390, 391, 392,
        393, 394, 395, 396, 397, 398, 399, 246,
        400, 401, 402, 403, 395, 404, 405, 406,
        407, 408, 409, 410, 411, 412, 413, 244,
        242, -1, 395, 393, 405, 414, 415, 416,
        417, 418, 419, 420, 421, 422, 423, 424,
        425, 426, 427, 428, 331, 333, -1, 331,
        329, 427, 429, 425, 327, 325, -1, 429,
        329, 327, -1, 405, 415, 407, 430, 431,
        432, 433, 434, 435, 436, 437, 438, 439,
        440, 323, 325, -1, 323, 321, 439, 441,
        437, 442, 435, 443, 444, 445, 446, 447,
        448, 449, 450, 239, 451, 452, 453, 454,
        455, 456, 457, 458, 459, 460, 461, 431,
        433, -1, 454, 452, 456, 239, 240, -1,
        456, 240, 458, 462, 460, 463, 464, 465,
        466, 467, 468, 469, 466, 460, 464, -1,
        460, 469, 431, 409, 407, -1, 462, 240,
        463, 465, -1, 240, 242, 465, 470, 467,
        469, -1, 469, 470, 409, 471, 472, 473,
        413, 242, -1, 473, 471, 242, 470, -1,
        413, 411, 472, 409, -1, 451, 453, 450,
        446, 448, -1, 446, 453, 444, 461, 433,
        -1, 444, 433, 435, -1, 461, 453, 459,
        455, 474, 457, 459, -1, 239, 449, 237,
        475, 476, 445, 477, 478, 479, 480, 481,
        482, 483, 484, 485, 486, 487, 488, 489,
        233, 235, -1, 487, 489, 485, 235, 483,
        481, -1, 235, 237, 481, 477, 479, -1,
        476, 477, 237, -1, 482, 480, 484, 478,
        443, 445, -1, 321, 319, 441, 490, 491,
        492, 486, 488, -1, 486, 484, 491, 443,
        442, -1, 491, 442, 441, -1, 319, 317,
        490, 315, 492, 493, 488, 233, -1, 233,
        493, 231, 315, 229, -1, 415, 417, 430,
        494, 432, 434, -1, 417, 419, 494, 495,
        434, 436, -1, 419, 421, 495, 496, 436,
        438, -1, 421, 423, 496, 438, -1, 246,
        248, 398, 497, 498, 499, 500, 501, 502,
        503, 504, 505, 506, 507, 508, 509, 510,
        388, 508, 390, 506, 504, -1, 504, 390,
        502, 500, -1, 390, 392, 500, 511, 498,
        512, 398, 513, 396, 394, -1, 513, 512,
        394, 511, 392, -1, 388, 509, 386, 384,
        -1, 509, 507, 384, 250, -1, 507, 505,
        250, 248, -1, 505, 503, 248, 501, 497,
        499, -1, 376, 374, 380, 514, 515, 374,
        387, 516, 389, 517, 391, 518, 393, 414,
        -1, 374, 372, 516, 361, 359, -1, 361,
        372, 363, 519, 365, 367, -1, 380, 515,
        381, 520, 382, 521, 383, 385, -1, 385,
        521, 387, 520, 515, -1, 316, 318, 522,
        320, 322, -1, 522, 322, 523, 524, 525,
        526, 527, 528, 529, 530, 531, 532, 533,
        534, 535, 536, 537, 538, 539, 540, 541,
        542, 543, 544, 545, 546, 547, 548, 549,
        550, 551, 552, -1, 551, 1024, 549, 1022,
        547, 1019, 545, 724, 726, -1, 545, 726,
        543, 728, 541, 730, 539, 732, 537, 535,
        -1, 732, 529, 535, 533, -1, 529, 531,
        533, -1, 724, 1019, 725, 1020, 810, 1021,
        -1, 1021, 1020, 1023, 1022, 1024, -1, 1020,
        1019, 1022, -1, 546, 544, 548, 565, 566,
        567, 568, 569, 570, 571, 572, 573, 574,
        575, 576, 577, 578, 579, 580, 581, 562,
        -1, 572, 574, 570, 584, 585, 586, -1,
        584, 574, 586, 576, 558, 578, 560, 580,
        562, -1, 558, 560, 559, 561, 150, 148,
        -1, 148, 561, 563, 562, -1, 562, 561,
        560, -1, 570, 585, 568, 552, 550, -1,
        568, 550, 566, 548, -1, 544, 542, 565,
        588, 567, 589, 590, 591, 569, 571, -1,
        590, 569, 567, -1, 542, 540, 588, 592,
        589, 593, 594, 595, 596, 597, 598, 336,
        338, -1, 597, 595, 336, 334, -1, 589,
        594, 591, 599, 571, 600, 573, 601, 602,
        603, 604, 605, 606, 607, 608, 340, 609,
        342, 610, 611, 612, 613, 614, 615, 616,
        617, 618, 619, 620, 621, -1, 621, 619,
        840, 839, 841, 970, 972, 971, 973, 358,
        360, -1, 358, 971, 356, 969, 354, 968,
        997, 967, 998, 966, 348, 346, -1, 348,
        350, 998, 352, 997, 354, -1, 971, 970,
        969, 838, 968, 837, 967, 836, 966, 835,
        346, 344, -1, 970, 839, 838, 619, 617,
        -1, 838, 617, 837, 615, 836, 613, 835,
        611, 344, 342, -1, 840, 841, 842, 843,
        -1, 841, 972, 843, 974, 999, 976, 1001,
        978, 1003, 980, -1, 972, 973, 974, 975,
        976, 977, 978, 979, 980, 981, 982, 983,
        260, 984, 258, 985, 986, 987, 988, 989,
        990, 991, 256, 992, 993, 366, 254, -1,
        993, 254, 256, -1, 366, 992, 364, 994,
        995, 996, 364, 987, 362, 977, 975, -1,
        362, 975, 360, 973, -1, 977, 987, 979,
        985, 983, 984, -1, 983, 981, 979, -1,
        987, 996, 989, 991, -1, 996, 994, 991,
        992, -1, 256, 258, 990, 986, 988, -1,
        340, 607, 338, 598, -1, 573, 602, 575,
        577, -1, 594, 596, 599, 1014, 1015, 605,
        603, -1, 603, 601, 1015, 600, 599, -1,
        605, 1014, 607, 598, -1, 598, 1014, 596,
        -1, 540, 538, 592, 1016, 593, 1017, 595,
        1018, 334, 332, -1, 322, 324, 524, 326,
        526, 328, 528, 1029, 530, 1030, 532, 1031,
        534, 536, -1, 328, 330, 1029, 1032, 1030,
        1033, 1031, 1034, 536, 538, -1, 538, 1034,
        1016, 1017, -1, 1017, 1034, 1018, 1033, 1032,
        -1, 1018, 1032, 332, 330, -1, 227, 309,
        228, 308, -1, 309, 307, 308, 306, -1,
        307, 305, 306, 304, -1, 305, 303, 304,
        302, -1, 303, 301, 302, 300, -1, 301,
        299, 300, 298, -1, 299, 297, 298, 296,
        -1, 297, 295, 296, 294, -1, 295, 293,
        294, 292, -1, 293, 291, 292, 290, -1,
        291, 289, 290, 288, -1, 289, 287, 288,
        286, -1, 287, 285, 286, 284, -1, 285,
        283, 284, 282, -1, 283, 281, 282, 280,
        -1, 281, 279, 280, 278, -1, 279, 277,
        278, 276, -1, 277, 275, 276, 274, -1,
        275, 273, 274, 271, -1, 273, 272, 271,
        270, 269, 268, 267, 266, 265, 264, 263,
        262, 261, 260, 259, 258, 257, 256, 255,
        254, 253, 252, 251, 250, 249, 248, 247,
        246, 245, 244, 243, 242, 241, 240, 238,
        239, 237, -1, 238, 237, 236, 235, 234,
        233, 232, 231, 230, 229, 228, 227, -1,
        144, 226, 145, 225, -1, 226, 224, 225,
        223, -1, 224, 222, 223, 221, -1, 222,
        220, 221, 219, -1, 220, 218, 219, 217,
        -1, 218, 216, 217, 215, -1, 216, 214,
        215, 213, -1, 214, 212, 213, 211, -1,
        212, 210, 211, 209, -1, 210, 208, 209,
        207, -1, 208, 206, 207, 205, -1, 206,
        204, 205, 203, -1, 204, 202, 203, 201,
        -1, 202, 200, 201, 199, -1, 200, 198,
        199, 197, -1, 198, 196, 197, 195, -1,
        196, 194, 195, 193, -1, 194, 192, 193,
        191, -1, 192, 190, 191, 188, -1, 190,
        189, 188, 187, 186, 185, 184, 183, 182,
        181, 180, 179, 178, 177, 176, 175, 174,
        173, 172, 171, 170, 169, 168, 167, 165,
        166, 164, -1, 165, 164, 163, 162, 161,
        160, 159, 158, 157, 156, 155, 154, 153,
        152, 151, 150, 149, 148, 147, 146, 145,
        144, -1, 73, 72, 142, 143, 140, -1,
        142, 140, 141, 138, -1, 140, 139, 138,
        136, 137, 134, -1, 136, 135, 134, 133,
        132, 131, 130, 129, 128, 127, 126, 125,
        124, 123, 122, 121, 120, 119, 118, 117,
        116, 115, 114, 113, 112, 111, 110, 109,
        108, 107, 106, 105, 104, 103, 102, 100,
        101, 99, -1, 100, 98, 99, 96, -1,
        98, 97, 96, 95, 94, 93, 92, 90,
        91, 88, -1, 90, 89, 88, 87, 86,
        85, 84, 83, 82, 81, 80, 79, 78,
        77, 76, 74, 75, 73, -1, 74, 72,
        73, -1, 1, 0, 70, 71, 68, -1,
        70, 68, 69, 67, -1, 68, 66, 67,
        65, -1, 66, 64, 65, 62, -1, 64,
        63, 62, 60, 61, 59, -1, 60, 58,
        59, 56, -1, 58, 57, 56, 55, 54,
        53, 52, 50, 51, 49, -1, 50, 48,
        49, 46, -1, 48, 47, 46, 44, 45,
        43, -1, 44, 42, 43, 41, -1, 42,
        40, 41, 39, -1, 40, 38, 39, 36,
        -1, 38, 37, 36, 35, 34, 33, 32,
        31, 30, 29, 28, 27, 26, 25, 24,
        23, 22, 21, 20, 18, 19, 16, -1,
        18, 17, 16, 15, 14, 12, 13, 10,
        -1, 12, 11, 10, 9, 8, 7, 6,
        5, 4, 2, 3, 1, -1, 2, 0,
        1, -1, 577, 602, 1109, 604, 1110, 606,
        1111, 608, 609, -1, 577, 1109, 579, 1112,
        1113, 1110, 1114, 1115, 1116, 1117, 1118, 1119,
        1120, 1121, 1122, 1123, 1124, 1125, -1, 1110,
        1112, 1109, -1, 1122, 1234, 1120, 1183, 1118,
        1182, 1116, 1184, 1114, 1113, -1, 1234, 1236,
        1183, 1181, 1182, 1180, 1184, 1185, 1113, 1186,
        579, 581, -1, 581, 1186, 1187, 1185, 1178,
        1180, 1179, 1181, 1237, 1236, -1, 1110, 1111,
        1115, 1139, 1117, 1138, 1119, 1137, 1121, 1136,
        1135, 618, 620, -1, 620, 1125, 1135, 1123,
        1121, -1, 618, 1136, 616, 614, -1, 1136,
        1137, 614, 612, -1, 1137, 1138, 612, 610,
        -1, 1138, 1139, 610, 609, -1, 1111, 609,
        1139, -1, 519, 1314, 367, 368, -1, 368,
        1314, 370, 372, -1, 1314, 519, 372, -1,
        516, 359, 1315, 357, 1316, 355, 1317, 353,
        1318, 351, 1319, 349, 1320, 347, 1321, 345,
        1322, 343, 1323, 341, 339, -1, 516, 1315,
        517, 1316, 518, 1317, 414, 1324, 416, 1325,
        418, 1326, 420, 1320, 1327, 1321, 1328, 1322,
        1329, 1323, 1330, 339, 337, -1, 337, 335,
        1330, 1331, 1329, 1332, 1328, 1333, 1327, 422,
        420, -1, 422, 1333, 424, 426, -1, 1333,
        1332, 426, 428, -1, 1332, 1331, 428, 333,
        -1, 333, 1331, 335, -1, 1320, 1326, 1319,
        1325, 1318, 1324, 1317, -1, 438, 423, 1334,
        425, 325, -1, 325, 440, 1334, 438, -1,
        445, 475, 1335, 449, 447, -1, 447, 445,
        1335, -1, 244, 1336, 412, 1337, 1338, 408,
        1339, 410, 1338, 412, -1, 408, 1337, 406,
        1340, 1341, 1342, 1343, 244, 1344, 246, 401,
        -1, 401, 403, 1344, 1345, 1346, 1347, 404,
        1345, 403, -1, 404, 406, 1346, 1348, 1344,
        1343, -1, 1343, 1348, 1341, 406, -1, 244,
        1342, 1336, 1340, 1337, -1, 395, 402, 1349,
        400, 399, -1, 399, 397, 1349, 395, -1,
        658, 703, 704, 666, -1, 658, 662, 703,
        664, 666, 665, -1, 665, 664, 663, 662,
        -1, 770, 1310, 1311, 1309, 1312, 1266, 1264,
        -1, 770, 1311, 1261, 1259, -1, 1259, 1311,
        1313, 1312, 1264, -1, 1264, 1263, 1313, 1257,
        1259, -1, 895, 908, 909, 647, 910, -1,
        909, 910, 895, -1, 682, 681, 683, 685,
        684, 686, 1046, -1, 1046, 682, 684, 683,
        -1, 293, 924, 923, 1052, 921, 1053, 919,
        1054, 917, -1, 917, 918, 919, 920, 921,
        922, 923, 293, -1, 293, 922, 291, 289,
        -1, 917, 916, 918, 1254, 1253, 1250, 1251,
        955, 287, 285, -1, 285, 955, 283, 954,
        953, 952, 281, 865, 279, 277, -1, 953,
        281, 283, -1, 918, 1253, 920, 1252, 922,
        289, -1, 289, 1252, 287, 1251, -1, 1251,
        1252, 1253, -1, 916, 1255, 1254, 1248, 1250,
        1249, 955, 954, -1, 1255, 1246, 1248, 1247,
        1249, 1256, 954, 952, -1, 1246, 958, 1247,
        957, 1256, 956, 952, 867, 865, 866, 864,
        862, 863, 275, 277, -1, 863, 277, 864,
        865, -1, 275, 862, 273, 861, 272, 860,
        -1, 860, 861, 933, 932, 931, 930, 929,
        928, -1, 861, 862, 932, 866, 930, 868,
        928, 870, -1, 866, 867, 868, 869, 870,
        871, -1, 867, 956, 869, 957, 871, 958,
        -1, 802, 1269, 1290, 1271, 1291, -1, 1291,
        803, 1290, 802, -1, 825, 827, 1146, 1144,
        833, 834, 640, 638, 639, 637, 891, 635,
        942, 633, 941, 631, 938, 629, 939, 940,
        848, 846, 847, 845, 1000, -1, 940, 629,
        627, 628, -1, 628, 629, 630, 631, 632,
        633, 634, 635, 636, 637, 638, -1, 638,
        834, 636, 1142, 634, -1, 1144, 1142, 834,
        -1, 1146, 833, 825, 822, -1, 833, 640,
        822, 642, -1, 640, 641, 642, 643, -1,
        640, 639, 641, 889, 887, 888, 878, 925,
        874, 926, 872, -1, 872, 873, 874, 875,
        876, 877, 878, 879, 880, 881, -1, 874,
        876, 878, -1, 881, 879, 875, 877, -1,
        926, 925, 927, 946, 947, 945, 949, 944,
        943, 942, 941, -1, 942, 944, 891, 945,
        890, 946, 888, 925, -1, 888, 889, 890,
        639, 891, -1, 947, 949, 935, 936, 854,
        852, 853, 851, 964, 849, 965, 847, 1000,
        -1, 1000, 1002, 965, 963, 964, 962, 853,
        855, 854, 856, 935, -1, 856, 855, 857,
        960, 959, 961, 1013, 1012, -1, 1012, 961,
        1004, 963, 1002, -1, 963, 961, 962, 960,
        855, -1, 847, 849, 848, 850, 939, 938,
        -1, 849, 851, 850, 852, 937, 936, 943,
        949, -1, 943, 941, 937, 938, 850, -1,
        880, 886, 878, 887, -1, 887, 886, 641,
        643, -1, 886, 880, 643, -1, 882, 883,
        884, 885, 645, -1, 882, 884, 645, -1,
        1164, 1175, 1189, 1190, 1191, -1, 1191, 1162,
        1189, 1164, -1, 1162, 1163, 1164, 1165, -1,
        1165, 1163, 1167, 1161, 1159, 1160, 1158, 1202,
        1201, -1, 1202, 1160, 1191, 1162, -1, 1160,
        1161, 1162, 1163, -1, 1167, 1159, 1168, 1169,
        -1, 1159, 1157, 1169, 1170, -1, 1159, 1158,
        1157, 1156, 1155, 1154, 785, 1153, 783, 1152,
        781, -1, 1152, 1153, 1222, 1200, -1, 1153,
        1154, 1200, 1199, -1, 1154, 1156, 1199, 1201,
        -1, 1201, 1156, 1158, -1, 1157, 1155, 1170,
        789, -1, 789, 1155, 787, 785, 786, 784,
        782, 783, 781, -1, 785, 783, 784, -1,
        781, 780, 782, 812, 811, 791, 790, -1,
        791, 812, 792, 813, -1, 812, 780, 813,
        -1, 782, 811, 786, 790, 788, -1, 786,
        788, 787, 789, -1, 676, 1095, 1074, 680,
        -1, 680, 1095, 678, 676, -1, 1063, 659,
        1096, 657, 1097, 655, 1098, 1099, 1100, 1101,
        1102, 653, 906, -1, 906, 904, 1102, 1103,
        1100, 1104, 1105, 1059, 1058, -1, 1104, 1103,
        1059, 1060, -1, 1103, 904, 1060, -1, 1101,
        1099, 653, 655, -1, 1097, 1098, 1096, 1106,
        1107, 1058, 1108, 1056, 1063, -1, 1063, 1096,
        1108, 1107, -1, 1058, 1106, 1105, 1100, -1,
        1098, 1100, 1106, -1, 577, 602, 1109, 604,
        1110, 606, 1111, 608, 609, -1, 577, 1109,
        579, 1112, 1113, 1110, 1114, 1115, 1116, 1117,
        1118, 1119, 1120, 1121, 1122, 1123, 1124, 1125,
        1126, 1127, 1128, 1129, 1130, 1131, 1132, 1133,
        1134, 630, 632, -1, 1112, 1109, 1110, -1,
        630, 1133, 628, 626, -1, 1133, 1131, 626,
        624, -1, 1131, 1129, 624, 622, -1, 1129,
        1127, 622, 620, -1, 1127, 1125, 620, 1135,
        618, 1136, 616, 614, -1, 1125, 1123, 1135,
        1121, 1136, 1137, 614, 612, -1, 1121, 1119,
        1137, 1138, 612, 610, -1, 1119, 1117, 1138,
        1139, 610, 609, -1, 609, 1139, 1111, 1115,
        1110, -1, 1117, 1115, 1139, -1, 1134, 632,
        1140, 634, 1141, 1142, 1143, 1144, 1145, 827,
        829, -1, 634, 636, 1142, 834, 1144, 833,
        1146, 825, 827, -1, 1146, 827, 1144, -1,
        1145, 829, 1147, 831, 1148, 1149, 1150, 1151,
        1152, 781, 783, -1, 781, 1151, 779, 1149,
        777, 831, -1, 1152, 783, 1153, 785, 1154,
        1155, 1156, 1157, 1158, 1159, 1160, 1161, 1162,
        1163, 1164, 1165, 1166, 220, 222, -1, 220,
        1165, 218, 1167, 216, 1168, 214, 1169, 212,
        1170, 210, 789, -1, 1165, 1163, 1167, 1161,
        1159, -1, 1167, 1159, 1168, 1169, -1, 1159,
        1157, 1169, 1170, -1, 1157, 1155, 1170, 789,
        -1, 789, 1155, 787, 785, -1, 222, 1171,
        1166, 1164, -1, 222, 224, 1171, 1172, 1173,
        1174, 1175, 1176, 1177, 1178, 1179, 1180, 1181,
        1182, 1183, 1118, 1120, -1, 1118, 1182, 1116,
        1184, 1114, 1113, -1, 1182, 1180, 1184, 1185,
        1113, 1186, 579, 581, -1, 1180, 1178, 1185,
        1187, 1186, 581, -1, 1178, 1176, 1187, 1188,
        581, 582, -1, 582, 1188, 583, 1174, 1172,
        -1, 1174, 1188, 1176, -1, 583, 1172, 226,
        224, -1, 1171, 1173, 1164, 1175, 1189, 1190,
        1191, 1192, 1193, 1194, 1195, 1196, 1197, 1198,
        1199, 1200, 1154, 1153, -1, 1154, 1156, 1199,
        1201, 1197, 1195, -1, 1156, 1158, 1201, 1202,
        1195, 1193, -1, 1193, 1202, 1191, 1160, 1162,
        -1, 1158, 1160, 1202, -1, 1191, 1162, 1189,
        1164, -1, 1175, 1177, 1190, 1203, 1192, 1204,
        1205, 1206, 1194, 1207, 1196, 1208, 1198, 1209,
        1210, 1211, 1212, 1213, 1214, 1215, 1216, 1217,
        1218, 1219, 1132, 1130, -1, 1194, 1192, 1205,
        -1, 1214, 1216, 1212, 1220, 1221, 1150, 1152,
        -1, 1221, 1152, 1212, 1222, 1210, 1200, 1198,
        -1, 1200, 1222, 1153, 1152, -1, 1213, 1211,
        1215, 1223, 1224, 1225, 1226, 1227, 1228, 1229,
        1128, 1126, -1, 1126, 1229, 1124, 1122, -1,
        1128, 1130, 1228, 1219, 1226, 1217, 1230, 1215,
        1224, -1, 1224, 1226, 1230, -1, 1211, 1209,
        1223, 1225, -1, 1208, 1207, 1209, 1225, -1,
        1207, 1206, 1225, 1231, 1227, 1232, 1229, 1233,
        1122, 1234, 1120, 1183, -1, 1232, 1231, 1233,
        1235, 1234, 1236, 1183, 1181, -1, 1231, 1206,
        1235, 1204, 1236, 1237, 1181, 1179, -1, 1204,
        1203, 1237, 1179, -1, 1203, 1177, 1179, -1,
        1150, 1220, 1238, 1239, 1240, 1141, 1143, -1,
        1141, 1239, 1140, 1241, 1134, 1132, -1, 1132,
        1241, 1218, 1216, -1, 1241, 1239, 1216, 1220,
        -1, 1150, 1238, 1148, 1242, 1147, 1145, -1,
        1145, 1242, 1143, 1240, -1, 1242, 1238, 1240,
        -1, 1013, 1243, 266, 264, -1, 264, 1243,
        1006, 1012, -1, 1013, 1012, 1243, -1, 982,
        1011, 1244, 1005, 980, -1, 1244, 980, 982,
        -1, 1011, 1009, 1005, 1245, 1007, 1008, -1,
        1009, 1008, 1245, -1, 911, 958, 1246, 1247,
        1248, 1249, 1250, 955, 1251, 287, 1252, 289,
        922, -1, 922, 920, 1252, 1253, 1251, 1250,
        -1, 920, 918, 1253, 1254, 1250, 1248, -1,
        918, 916, 1254, 1255, 1248, 1246, -1, 916,
        914, 1255, 912, 1246, 911, -1, 955, 1249,
        954, 1256, 952, 956, -1, 956, 1256, 957,
        1247, 958, -1, 1249, 1247, 1256, -1, 796,
        816, 1257, 1258, 1259, 1260, 1261, 772, 770,
        -1, 772, 1260, 774, 1262, 776, 814, -1,
        814, 1262, 815, 1258, 816, -1, 1258, 1262,
        1260, -1, 796, 1257, 797, 1263, 798, 1264,
        1265, 1266, 1267, 1268, 1269, 1270, 1271, 1272,
        1273, 1274, 1275, 1276, 1277, 1278, 1279, 717,
        719, -1, 717, 1278, 715, 1280, 713, 1281,
        711, 1282, 709, 1283, 707, 761, -1, 1278,
        1276, 1280, 1274, 1281, 1284, 1282, 1285, 1283,
        1286, 761, 762, -1, 1274, 1272, 1284, 1287,
        1285, 1288, 1286, 1289, 762, 764, -1, 798,
        1265, 799, 800, -1, 1265, 1267, 800, 801,
        -1, 1267, 1269, 801, 802, -1, 802, 1269,
        1290, 1271, 1291, 1273, 1275, -1, 802, 1290,
        803, 1291, 804, 1292, 1293, 1294, 1295, 1296,
        1297, 1298, 1299, 721, 723, -1, 721, 1298,
        719, 1279, -1, 1298, 1296, 1279, 1277, -1,
        1296, 1294, 1277, 1275, -1, 1294, 1292, 1275,
        1291, -1, 804, 1293, 805, 806, -1, 1293,
        1295, 806, 807, -1, 1295, 1297, 807, 808,
        -1, 1297, 1299, 808, 1300, 809, 810, -1,
        810, 1300, 725, 723, -1, 1300, 1299, 723,
        -1, 764, 1289, 1301, 1302, 1303, 1304, 1305,
        1306, 1270, 1272, -1, 1272, 1306, 1287, 1304,
        1288, 1302, 1289, -1, 1270, 1268, 1305, 1307,
        1303, 1308, 1301, 768, 766, -1, 764, 1301,
        766, -1, 1268, 1266, 1307, 1309, 1308, 1310,
        768, 770, -1, 770, 1310, 1311, 1309, 1312,
        1266, 1264, -1, 770, 1311, 1261, 1259, -1,
        1259, 1311, 1313, 1312, 1264, -1, 1264, 1263,
        1313, 1257, 1259, -1, 519, 1314, 367, 368,
        -1, 368, 1314, 370, 372, -1, 519, 372,
        1314, -1, 516, 359, 1315, 357, 1316, 355,
        1317, 353, 1318, 351, 1319, 349, 1320, 347,
        1321, 345, 1322, 343, 1323, 341, 339, -1,
        516, 1315, 517, 1316, 518, 1317, 414, 1324,
        416, 1325, 418, 1326, 420, 1320, 1327, 1321,
        1328, 1322, 1329, 1323, 1330, 339, 337, -1,
        337, 335, 1330, 1331, 1329, 1332, 1328, 1333,
        1327, 422, 420, -1, 422, 1333, 424, 426,
        -1, 1333, 1332, 426, 428, -1, 1332, 1331,
        428, 333, -1, 1331, 335, 333, -1, 1320,
        1326, 1319, 1325, 1318, 1324, 1317, -1, 438,
        423, 1334, 425, 325, -1, 325, 440, 1334,
        438, -1, 445, 475, 1335, 449, 447, -1,
        445, 1335, 447, -1, 244, 1336, 412, 1337,
        1338, 408, 1339, 410, 1338, 412, -1, 408,
        1337, 406, 1340, 1341, 1342, 1343, 244, 1344,
        246, 401, -1, 401, 403, 1344, 1345, 1346,
        1347, 404, 1345, 403, -1, 404, 406, 1346,
        1348, 1344, 1343, -1, 1343, 1348, 1341, 406,
        -1, 244, 1342, 1336, 1340, 1337, -1, 395,
        402, 1349, 400, 399, -1, 399, 397, 1349,
        395, -1, 45, 300, 46, 298, 49, 296,
        51, 294, 52, 292, 54, 290, 288, -1,
        54, 288, 56, 286, 59, 284, 61, 282,
        62, 280, 65, 278, 67, 276, 69, 274,
        70, 271, 1, 269, 267, -1, 1, 267,
        3, 265, 4, 263, 6, 261, 8, 259,
        10, 257, 13, 255, 14, 253, 16, 251,
        19, 249, 247, -1, 19, 247, 20, 245,
        22, 243, 24, 241, 26, 238, 28, 236,
        30, 234, 32, 232, 34, 230, 36, 228,
        308, -1, 36, 308, 39, 306, 41, 304,
        43, 302, 45, 300, -1, 100, 176, 98,
        174, 97, 172, 95, 170, 93, 168, 90,
        165, 163, -1, 90, 163, 89, 161, 87,
        159, 85, 157, 83, 155, 81, 153, 79,
        151, 77, 149, 74, 147, 72, 145, 225,
        -1, 72, 225, 143, 223, 140, 221, 139,
        219, 136, 217, 135, 215, 133, 213, 131,
        211, 129, 209, 127, 207, 205, -1, 127,
        205, 125, 203, 123, 201, 121, 199, 119,
        197, 117, 195, 115, 193, 113, 191, 111,
        188, 109, 186, 184, -1, 109, 184, 107,
        182, 105, 180, 103, 178, 100, 176, -1,
        110, 108, 1351, 106, 104, -1, 104, 102,
        1351, 101, 99, -1, 99, 96, 1351, 94,
        92, -1, 92, 91, 1351, 88, 86, -1,
        86, 84, 1351, 82, 80, -1, 80, 78,
        1351, 76, 75, -1, 75, 73, 1351, 142,
        141, -1, 141, 138, 1351, 137, 134, -1,
        134, 132, 1351, 130, 128, -1, 128, 126,
        1351, 124, 122, -1, 122, 120, 1351, 118,
        116, -1, 116, 114, 1351, 112, 110, -1,
        48, 1350, 47, 44, -1, 44, 1350, 42,
        40, -1, 40, 1350, 38, 37, -1, 37,
        1350, 35, 33, -1, 33, 1350, 31, 29,
        -1, 29, 1350, 27, 25, -1, 25, 1350,
        23, 21, -1, 21, 1350, 18, 17, -1,
        17, 1350, 15, 12, -1, 12, 1350, 11,
        9, -1, 9, 1350, 7, 5, -1, 5,
        1350, 2, 0, -1, 0, 1350, 71, 68,
        -1, 68, 1350, 66, 64, -1, 64, 1350,
        63, 60, -1, 60, 1350, 58, 57, -1,
        57, 1350, 55, 53, -1, 53, 1350, 50,
        48, -1 ]
    normalIndex [ 308, 309, 310, 311, -1, 311, 309, 312,
        313, -1, 313, 309, 314, 315, 316, 1644,
        318, 1641, 1642, 321, 322, 323, 1638, 325,
        326, 1632, 328, 329, 330, 331, 332, 333,
        334, 1603, 336, 337, 338, 339, 340, 341,
        342, 1590, 344, 345, 346, 347, 1597, 349,
        350, 351, 352, 353, 354, 355, 356, 357,
        358, 359, 360, 361, 362, 363, 1605, 1694,
        366, 367, 368, 369, 1709, 1708, 372, 373,
        374, 375, 376, 377, 374, 378, 372, 1709,
        -1, 368, 1709, 379, 378, 380, 377, 1711,
        1710, 380, 383, 379, 384, 385, 386, 387,
        1714, 389, 390, 391, 392, 393, 394, 395,
        396, 397, 1699, 399, 400, 401, 402, 403,
        404, 405, 406, 407, 1699, 408, 409, 1700,
        411, 412, 413, 414, 415, 416, 417, 418,
        419, -1, 1699, 396, 409, 420, 421, 422,
        423, 424, 425, 426, 427, 428, 429, 430,
        431, 432, 433, 1621, 331, 333, -1, 331,
        329, 433, 435, 431, 1632, 325, -1, 329,
        1632, 435, -1, 409, 421, 411, 436, 437,
        438, 439, 440, 441, 442, 1635, 1633, 445,
        1636, 323, 325, -1, 323, 321, 445, 447,
        1635, 448, 441, 449, 450, 451, 452, 453,
        454, 455, 456, 457, 458, 459, 460, 461,
        462, 463, 464, 465, 466, 467, 468, 437,
        439, -1, 461, 459, 463, 457, 469, -1,
        463, 469, 465, 470, 467, 471, 472, 473,
        474, 475, 1724, 477, 474, 467, 472, -1,
        467, 477, 437, 413, 411, -1, 470, 469,
        471, 473, -1, 469, 419, 473, 478, 475,
        477, -1, 477, 478, 413, 479, 480, 1721,
        417, 419, -1, 1721, 479, 419, 478, -1,
        417, 415, 480, 413, -1, 458, 460, 456,
        452, 454, -1, 452, 460, 450, 468, 439,
        -1, 439, 441, 450, -1, 468, 460, 466,
        462, 482, 464, 466, -1, 457, 455, 483,
        484, 485, 451, 486, 1704, 488, 489, 490,
        491, 492, 493, 494, 495, 1725, 497, 498,
        499, 500, -1, 1725, 498, 494, 500, 492,
        490, -1, 500, 483, 490, 486, 488, -1,
        486, 483, 485, -1, 491, 489, 493, 1704,
        449, 451, -1, 321, 1641, 447, 501, 502,
        503, 495, 497, -1, 495, 493, 502, 449,
        448, -1, 448, 447, 502, -1, 1641, 1644,
        501, 315, 503, 504, 497, 499, -1, 499,
        504, 505, 315, 309, -1, 421, 423, 436,
        506, 438, 440, -1, 423, 425, 506, 507,
        440, 442, -1, 425, 427, 507, 508, 442,
        1633, -1, 427, 429, 508, 1633, -1, 403,
        509, 401, 510, 511, 512, 513, 1716, 515,
        516, 1715, 518, 519, 520, 521, 522, 523,
        391, 521, 393, 519, 1715, -1, 1715, 393,
        515, 513, -1, 393, 395, 513, 524, 511,
        525, 401, 526, 399, 397, -1, 526, 525,
        397, 524, 395, -1, 391, 522, 389, 387,
        -1, 522, 520, 387, 385, -1, 520, 518,
        385, 509, -1, 518, 516, 509, 1716, 510,
        512, -1, 377, 375, 1710, 527, 528, 375,
        390, 529, 392, 530, 394, 531, 396, 420,
        -1, 375, 373, 529, 361, 359, -1, 361,
        373, 363, 532, 1694, 367, -1, 1710, 528,
        383, 533, 384, 534, 386, 1714, -1, 1714,
        534, 390, 533, 528, -1, 316, 318, 535,
        1642, 322, -1, 535, 322, 536, 1640, 538,
        539, 540, 541, 542, 543, 544, 545, 546,
        547, 548, 549, 1622, 551, 1616, 553, 554,
        555, 1599, 557, 1588, 559, 560, 561, 562,
        563, 564, 565, 566, 567, 568, 569, 570,
        571, 572, 573, 574, 575, 576, 577, 578,
        579, -1, 578, 580, 576, 574, -1, 580,
        1730, 574, 572, -1, 1730, 582, 572, 570,
        -1, 559, 557, 561, 1585, 584, 585, 586,
        587, 588, 589, 590, 591, 592, 1564, 1559,
        595, 1554, 597, 598, 1550, 575, 600, 577,
        601, 579, 602, -1, 575, 573, 598, 1554,
        -1, 573, 571, 1554, 1559, -1, 590, 592,
        588, 1688, 604, 605, 1687, 569, 567, -1,
        1687, 567, 604, 565, 586, 563, 584, 561,
        -1, 588, 604, 586, -1, 569, 605, 571,
        1559, -1, 1559, 605, 592, 1688, -1, 557,
        555, 1585, 607, 585, 608, 609, 610, 587,
        589, -1, 587, 585, 609, -1, 555, 553,
        607, 611, 608, 612, 1589, 614, 615, 1592,
        617, 336, 338, -1, 1592, 614, 336, 334,
        -1, 608, 1589, 610, 618, 589, 619, 591,
        620, 621, 1569, 623, 1573, 1570, 626, 627,
        340, 628, 342, 1580, 630, 631, 632, 633,
        634, 635, 1577, 1567, 638, 639, 640, 641,
        642, 643, 644, 645, 646, 647, 648, 649,
        650, 651, 652, 653, 654, 655, 656, 657,
        658, 659, 660, 661, 662, 1675, 664, 665,
        666, 667, 1671, 669, 670, 671, 1662, 673,
        1658, 675, 676, 677, 678, 679, 680, 681,
        682, 683, 1651, 685, 686, 1631, 688, 1627,
        1630, 1626, 692, 693, 694, 1637, 696, 1650,
        1653, 699, 700, 701, 702, 703, 704, 705,
        706, 707, 708, 709, 710, 711, 712, 680,
        713, 714, 715, 682, 1651, -1, 682, 680,
        714, -1, 1651, 715, 686, 716, 688, 1630,
        -1, 706, 704, 708, 1657, 710, 1656, 712,
        719, 713, 715, -1, 1656, 1657, 719, 720,
        696, 721, 1653, 704, 700, 702, -1, 721,
        720, 704, 1657, -1, 719, 696, 715, 694,
        716, 1630, -1, 1630, 694, 692, -1, 679,
        681, 677, 722, 1654, 685, 724, 725, 726,
        727, 728, 729, 730, 1611, 1598, 733, 734,
        735, 736, 737, 738, 739, 740, 741, 742,
        743, 744, -1, 743, 741, 745, 746, 1581,
        1582, 749, 750, 1587, 752, 753, 754, 1608,
        756, 757, 758, 759, 1614, 761, 762, -1,
        761, 1607, 759, 1608, 757, -1, 1608, 1607,
        753, 1587, -1, 741, 739, 746, 764, 765,
        766, 767, 768, 769, 770, 771, 772, 1627,
        1631, -1, 1627, 1626, 771, 773, 769, 774,
        767, 1645, 776, 750, 777, 765, 767, -1,
        777, 767, 776, -1, 750, 1582, 765, 746,
        -1, 750, 1645, 752, 754, -1, 1645, 774,
        754, 756, -1, 739, 737, 764, 766, -1,
        737, 735, 766, 768, -1, 735, 733, 768,
        770, -1, 733, 1611, 770, 772, -1, 685,
        1631, 725, 778, 727, 729, -1, 729, 778,
        1611, 772, -1, 772, 778, 1631, -1, 685,
        722, 683, 681, -1, 677, 1654, 675, 673,
        -1, 1654, 724, 673, 1659, 671, 780, 781,
        782, 669, 667, -1, 669, 671, 781, -1,
        724, 726, 1659, 783, 780, 784, 785, 786,
        787, 788, 789, 790, 791, 792, 793, 794,
        795, 796, 1649, 798, 799, 800, 801, 802,
        1686, 804, 805, 806, 1693, 808, 809, 810,
        1664, 812, 813, -1, 812, 810, 814, 815,
        816, 817, 818, 819, 820, 821, 822, 823,
        824, 825, 826, 827, 828, 829, 830, 1596,
        832, 833, 834, 835, 836, 837, 838, 839,
        840, 841, 842, 843, 844, 845, 846, 847,
        1572, 849, 850, 851, 852, 853, 854, 855,
        856, -1, 810, 808, 815, 857, 817, 858,
        819, 1634, 860, 800, 798, -1, 800, 1634,
        802, 858, 804, 857, 808, -1, 804, 808,
        806, -1, 819, 860, 821, 861, 823, 862,
        825, 827, -1, 780, 785, 782, 863, 667,
        864, 665, 1667, 1675, 866, 1674, 868, 661,
        659, -1, 661, 1675, 1674, -1, 864, 863,
        1667, 1695, 866, 1702, 871, 1697, 873, 874,
        875, 876, 1683, 1649, 799, -1, 1649, 876,
        795, 874, 793, 878, 791, 789, -1, 874,
        1697, 878, 1702, 789, 1695, 787, 863, 785,
        -1, 866, 871, 868, 879, 659, 880, 657,
        655, -1, 342, 344, 630, 881, 632, 882,
        634, 883, 1577, 884, 638, 1578, 886, 887,
        888, 889, 890, 891, 892, 1571, 894, 895,
        896, 897, 898, 899, 1562, 901, 902, 903,
        904, 905, 906, 907, 908, 1555, 910, 911,
        912, 1544, 914, 915, 1543, 917, 918, 919,
        920, 921, 922, 923, 924, 1682, 926, 927,
        928, 929, 930, 1680, 932, 933, 1679, 1676,
        664, 666, -1, 1679, 664, 932, 930, -1,
        664, 662, 930, 936, 928, 937, 938, 939,
        1684, 658, 1546, 656, 654, -1, 658, 939,
        660, 937, 936, -1, 662, 660, 936, -1,
        927, 1682, 929, 1680, -1, 1680, 1682, 933,
        1677, 943, 1678, 945, 946, 947, 948, 949,
        950, 1670, 1669, 953, 954, 955, 956, 670,
        1662, -1, 955, 670, 953, 1672, 1670, 947,
        949, -1, 947, 1672, 945, 1673, 959, 666,
        960, 1676, 933, -1, 933, 943, 960, 945,
        959, -1, 666, 1673, 1671, 1672, 670, -1,
        1678, 1677, 946, 948, -1, 1682, 923, 1677,
        961, 948, 962, 1668, 964, 1713, 966, 967,
        968, 969, 970, 971, 972, 973, 974, 1705,
        976, 1691, -1, 974, 972, 1722, 1723, -1,
        948, 1668, 950, 1669, -1, 926, 928, 924,
        980, 981, 982, 983, 984, 1547, 986, 987,
        1557, 908, 906, -1, 906, 1557, 904, 989,
        902, 1556, 1562, 991, 898, 992, 896, 993,
        994, 648, 995, 646, 644, -1, 648, 993,
        650, 996, 652, 997, 654, 1546, -1, 993,
        992, 996, 998, 997, 999, 1546, 1000, 1684,
        1731, 938, 980, 928, -1, 980, 1731, 982,
        1545, 984, 1003, 986, 989, 1557, -1, 989,
        1003, 1556, 1545, 1004, 1000, 999, -1, 1731,
        1000, 1545, -1, 999, 998, 1004, 991, 1556,
        -1, 991, 998, 992, -1, 896, 994, 894,
        995, 892, 1005, 890, 1006, 888, 886, -1,
        995, 644, 1005, 642, 1006, 886, -1, 642,
        640, 886, 638, -1, 908, 910, 987, 1543,
        1547, 918, 983, 920, 981, 922, 924, -1,
        1543, 910, 914, 912, -1, 1544, 1007, 915,
        1008, 1009, 1685, 1011, 1012, 1013, 1014, 1015,
        -1, 1008, 1012, 1685, -1, 915, 1009, 917,
        1016, 919, 1017, 921, 1018, 923, 961, -1,
        907, 905, 1019, 1020, 1021, 1022, -1, 905,
        903, 1020, 1023, 1024, 1025, 1026, 1566, 1028,
        895, 1571, -1, 895, 1566, 897, 899, -1,
        1566, 1025, 899, 901, -1, 1025, 1023, 901,
        903, -1, 344, 346, 881, 1595, 882, 1030,
        883, 1586, 884, 1593, 1033, 1034, 1035, 1036,
        1037, 1038, 1039, 1040, 1583, 1042, 1043, 1044,
        1045, 1692, 1047, 1048, 1049, 1050, 1051, 1052,
        1053, 1054, 1055, 1056, 1057, 1058, 1059, 366,
        368, -1, 368, 1057, 1059, -1, 366, 1058,
        1605, 1060, 1061, 1062, 1605, 1052, 362, 1040,
        1038, -1, 362, 1038, 360, 1036, 358, 1034,
        356, 1593, 354, 1586, 1594, 1030, 1601, 1595,
        1597, 346, -1, 1597, 350, 1601, 352, 1594,
        354, -1, 1040, 1052, 1042, 1050, 1692, 1048,
        -1, 1044, 1042, 1692, -1, 1052, 1062, 1054,
        1056, -1, 1062, 1060, 1056, 1058, -1, 1057,
        1049, 1055, 1051, 1053, -1, 884, 1033, 1578,
        887, -1, 1033, 1035, 887, 889, -1, 1035,
        1037, 889, 1065, 891, 1066, 1571, 1028, -1,
        1037, 1039, 1065, 1576, 1066, 1068, 1028, 1026,
        -1, 1039, 1583, 1576, 1069, 1068, 1070, 1026,
        1024, -1, 1583, 1043, 1069, 1071, 1689, 1073,
        1074, 1075, 1076, 1077, 1078, 1079, 1047, 1045,
        -1, 1047, 1076, 1078, -1, 1069, 1689, 1070,
        1080, 1024, 1081, 1020, 1022, -1, 340, 626,
        338, 617, -1, 591, 621, 1564, 595, -1,
        1589, 615, 618, 1082, 1574, 1573, 1569, -1,
        1569, 620, 1574, 619, 618, -1, 1573, 1082,
        626, 617, -1, 1082, 615, 617, -1, 553,
        551, 611, 1084, 612, 1604, 614, 1086, 334,
        332, -1, 544, 546, 542, 548, 1087, 1622,
        1616, -1, 1087, 1616, 1088, 554, 1089, 1599,
        1090, 1588, 1091, 1092, 1575, 1094, 1095, 1096,
        1097, 1098, -1, 1097, 1099, 1095, -1, 1588,
        560, 1092, 1100, 1094, 1101, 1096, 1098, -1,
        560, 562, 1100, 1102, 1101, 1103, 1098, 1104,
        -1, 1104, 1103, 1105, 1106, 1107, 566, 568,
        -1, 566, 1106, 564, 1102, 562, -1, 1106,
        1103, 1102, -1, 1105, 1107, 1108, 1109, -1,
        1107, 568, 1109, 1110, 582, 570, -1, 568,
        570, 1110, -1, 322, 1638, 1640, 326, 539,
        328, 541, 1111, 543, 1112, 545, 1113, 547,
        549, -1, 328, 330, 1111, 1114, 1112, 1115,
        1113, 1116, 549, 551, -1, 551, 1116, 1084,
        1604, -1, 1604, 1116, 1086, 1115, 1114, -1,
        1086, 1114, 332, 330, -1, 1117, 1118, 1119,
        1120, 1121, -1, 1121, 1122, 1119, 1123, 1643,
        1639, 1126, 1127, 1655, 1129, 1130, 1131, 1132,
        701, 1133, 1134, 707, 705, -1, 705, 1134,
        703, 701, -1, 1119, 1643, 1135, 1126, 1136,
        1137, 1138, 1655, 1130, -1, 1126, 1655, 1137,
        -1, 1138, 1130, 1139, 1140, 1661, 1142, 1691,
        1143, 1705, 1144, 1145, 1133, 1696, 707, 1147,
        709, 1148, 1149, 1703, 1151, 1713, 1152, 1668,
        1153, 1154, 954, 1669, -1, 1668, 1154, 1669,
        -1, 1713, 967, 1703, 1147, 1148, -1, 967,
        969, 1147, 1696, -1, 969, 971, 1696, 1145,
        -1, 971, 973, 1145, 1705, -1, 709, 711,
        1149, 1155, 1660, 680, 678, -1, 711, 680,
        1155, -1, 1133, 1144, 1132, 1142, 1130, 1140,
        -1, 1142, 1144, 1143, -1, 1122, 1157, 1123,
        1158, 1159, 1625, 1624, 1162, 1163, 762, 1614,
        -1, 1123, 1159, 1639, 1164, 1127, 1647, 1652,
        1648, 1168, 1169, 1131, 701, -1, 701, 1169,
        699, 1170, 1171, 1172, 1637, 1173, 1174, 1175,
        693, 1646, 1626, 1177, 773, 1178, 774, 756,
        -1, 693, 1637, 1174, -1, 1646, 1175, 1177,
        1179, 1178, 1180, 756, 758, -1, 1179, 1175,
        1180, 1181, 1182, 1183, 758, 1614, -1, 758,
        1180, 1182, -1, 1175, 1173, 1181, 1184, 1185,
        1186, 1187, 1188, 1164, 1647, -1, 1181, 1185,
        1183, 1187, 1614, 1163, -1, 1163, 1187, 1624,
        1164, 1159, -1, 1173, 1172, 1184, 1189, 1190,
        1191, 1648, 1169, -1, 1169, 1191, 1170, 1189,
        1172, -1, 1648, 1647, 1190, 1188, 1186, -1,
        1186, 1184, 1190, -1, 1131, 1129, 1168, 1652,
        -1, 1129, 1127, 1652, -1, 1117, 1118, 1119,
        1120, 1121, -1, 1121, 1122, 1119, 1123, 1124,
        1125, 1126, 1127, 1128, 1129, 1130, 1131, 1132,
        701, 1133, 1134, 707, 705, 706, 704, 708,
        717, 710, 718, 712, 719, 713, 715, 714,
        682, 680, 681, 679, 677, 678, 676, 1193,
        1194, 1195, 674, 1196, 672, 1198, 1199, 1197,
        1200, 1201, 1152, 1202, 1151, 1203, 1204, 1193,
        1205, 1156, 1149, 1155, 711, 680, 712, 713,
        -1, 714, 680, 713, -1, 712, 711, 710,
        709, 708, 707, 706, -1, 711, 1149, 709,
        1148, 1147, 1150, 967, 965, 966, 964, 1359,
        962, 1350, 961, 1018, 923, 921, 922, 920,
        981, 983, 982, 984, 1002, 1003, 990, 989,
        902, 904, 903, 905, 1020, 1019, 1021, -1,
        1021, 1020, 1022, 1081, 1347, 1080, 1072, 1070,
        1069, 1068, 1067, 1066, 1065, 891, 889, 890,
        888, 1006, 886, 642, 640, 641, 639, 1224,
        1222, 1223, 1221, 1333, 1219, 1337, 1338, 1339,
        1340, 1308, 1341, 1307, 1283, 1281, 1282, 1280,
        1291, 1292, 599, 600, 575, 577, 576, 578,
        580, -1, 578, 577, 579, 601, 602, 1276,
        1275, 1274, 1265, 1263, 1264, 1262, 1266, 1267,
        1268, 1269, 1270, 1271, 1272, 1273, 813, 811,
        812, 810, 814, 815, 816, 817, 818, 819,
        820, 821, 822, 823, 824, 825, 826, 827,
        828, 829, 830, 831, 832, 833, 834, 835,
        836, 837, 838, 839, 840, 841, 842, 843,
        844, 845, 846, 847, 848, 849, 850, 851,
        852, 853, 854, 855, 856, -1, 577, 600,
        601, 1292, 1278, 1280, 1279, 1281, 1294, 1307,
        1296, 1308, 1309, 1310, 1298, 1311, 1300, 1312,
        1302, 1313, 1314, 1315, 1316, 1317, 1318, 1319,
        1320, 1321, 1322, 1323, 1229, 1227, 1228, 1226,
        643, 641, 642, -1, 641, 1226, 1224, 1225,
        1223, 1333, -1, 1226, 1227, 1225, 1332, 1333,
        1331, 1336, 1335, 1337, 1339, -1, 1337, 1333,
        1336, -1, 1227, 1323, 1332, 1330, 1331, 1329,
        1335, 1310, 1339, 1308, -1, 1310, 1329, 1311,
        1313, 1312, -1, 1323, 1321, 1330, 1334, 1328,
        1319, 1327, 1315, 1313, -1, 1319, 1317, 1315,
        -1, 1319, 1334, 1321, -1, 1313, 1329, 1327,
        1328, -1, 1330, 1328, 1329, -1, 1318, 1320,
        1316, 1324, 1325, 1247, 1249, 1248, 803, 801,
        802, 800, 859, 860, 819, 821, -1, 1325,
        1249, 1316, 1326, 1314, 1304, 1302, 1303, 1301,
        1305, 1299, 1306, 1297, 1295, 1296, 1294, -1,
        1302, 1301, 1300, 1299, 1298, 1297, 1296, -1,
        1309, 1298, 1296, -1, 601, 1278, 1276, 1277,
        1274, 1261, 1263, 1262, -1, 1278, 1279, 1277,
        1261, -1, 1022, 1347, 1074, 1072, 1073, 1071,
        1349, 1077, 1075, 1076, 1074, -1, 1074, 1073,
        1075, 1349, -1, 1072, 1069, 1071, 1043, 1348,
        1045, 1079, 1047, 1078, 1076, 1077, -1, 1078,
        1077, 1079, 1071, 1348, -1, 1019, 907, 905,
        906, 904, 988, 989, 986, 1003, 984, -1,
        1148, 1149, 1150, 1151, 965, 1152, 963, 1153,
        1154, 954, 952, 953, 951, 957, 947, 945,
        946, 944, 942, 943, 933, 960, 935, 666,
        664, 665, 663, 865, 866, 869, 870, 789,
        878, 791, 793, 792, 794, 1365, 1364, 1363,
        1362, 1361, 862, 827, 825, -1, 825, 823,
        862, 861, 1362, 1366, 1364, 796, 794, 795,
        793, 874, 878, 872, 870, 871, 866, 868,
        867, 661, 663, 662, 664, 930, 932, 931,
        933, 925, 942, 923, 961, -1, 867, 663,
        866, -1, 823, 821, 861, 860, 1366, 798,
        796, 797, 795, 876, 874, 875, 873, 1242,
        1241, 1240, 1239, 1238, 653, 1237, 651, 1231,
        649, 1230, 647, 645, 646, 644, 995, 1005,
        892, 890, 891, -1, 890, 1005, 1006, 642,
        -1, 1005, 644, 642, 643, -1, 644, 645,
        643, 1228, -1, 645, 1230, 1228, 1229, -1,
        1230, 1231, 1229, 1345, 1322, 1320, -1, 1231,
        1237, 1345, 1343, 1320, 1324, -1, 1237, 1238,
        1343, 1344, 1342, 1346, 1245, 1244, 877, 875,
        876, -1, 876, 797, 877, 799, 1246, 801,
        1248, -1, 1248, 1247, 1246, 1245, 877, -1,
        1245, 1247, 1342, 1324, 1343, -1, 801, 799,
        800, 798, 860, -1, 799, 797, 798, -1,
        875, 1244, 1242, 1346, 1240, 1344, 1238, -1,
        874, 873, 872, 871, -1, 827, 1361, 829,
        1367, 831, 1368, 1369, 1370, 1371, 1372, 1373,
        1374, 1375, 1376, 1377, 1378, 1379, 1380, 1381,
        1382, 1383, 736, 738, 737, 739, 764, 746,
        765, 748, 750, 749, 751, -1, 749, 747,
        748, 746, -1, 747, 745, 746, 741, 739,
        740, 738, 1402, 1383, 1400, 1381, 1398, 1379,
        1396, 1395, 843, 841, -1, 1379, 1395, 1377,
        1375, -1, 745, 743, 741, 742, 740, 1403,
        1402, 1401, 1400, 1399, 1398, 1397, 1396, 843,
        -1, 843, 1397, 845, 847, -1, 1397, 1399,
        847, 849, -1, 1399, 1401, 849, 851, -1,
        1401, 1403, 851, 1404, 853, 855, -1, 855,
        1404, 744, 742, 743, -1, 742, 1404, 1403,
        -1, 831, 1369, 833, 835, -1, 1369, 1371,
        835, 837, -1, 1371, 1373, 837, 839, -1,
        944, 945, 943, 960, -1, 1154, 952, 963,
        950, 948, 949, 947, 951, -1, 949, 950,
        951, 952, -1, 947, 946, 948, 942, 961,
        -1, 961, 962, 948, 963, -1, 962, 964,
        963, 965, -1, 1152, 1200, 1153, 954, -1,
        1200, 1199, 954, 956, 955, 670, 953, 957,
        -1, 955, 953, 954, -1, 1199, 672, 956,
        670, -1, 1149, 1205, 1151, 1204, -1, 709,
        1147, 707, 1146, 1133, 1145, 1144, 975, 1143,
        977, 1142, 1141, 1140, 1139, 1130, 1138, 1128,
        1137, 1126, 1136, 1135, -1, 1138, 1136, 1137,
        -1, 1126, 1135, 1124, 1119, -1, 1140, 1130,
        1142, 1132, 1144, 1133, -1, 1143, 1142, 1144,
        -1, 977, 975, 976, 974, -1, 1155, 680,
        1156, 678, 1193, -1, 680, 679, 678, -1,
        1193, 1195, 1203, 1197, 1202, 1201, -1, 1195,
        1196, 1197, 1198, -1, 1194, 676, 674, 675,
        673, 723, 724, 685, 725, 687, 778, 772,
        731, 770, 733, 768, 735, 766, 737, 764,
        -1, 764, 766, 765, 767, 777, 776, 750,
        775, 752, 754, 753, 755, 763, 759, 761,
        760, 762, 1163, 1162, 1161, 1160, 1159, 1158,
        1123, 1157, 1122, -1, 765, 777, 750, -1,
        1123, 1159, 1125, 1164, 1127, 1165, 1166, 1167,
        1168, 1169, 1131, 701, -1, 1131, 1129, 1168,
        1166, -1, 1166, 1129, 1127, -1, 1159, 1161,
        1164, 1187, 1188, 1186, 1190, 1184, 1189, 1172,
        1170, 1171, 699, 1192, 697, 695, 696, 694,
        715, 716, 686, 688, 687, 689, 772, 771,
        770, 769, 768, 767, 766, -1, 687, 685,
        686, 684, 715, 682, -1, 715, 719, 696,
        720, 721, 704, 698, 700, 699, 701, 1169,
        -1, 699, 1169, 1170, 1191, 1189, 1190, -1,
        1169, 1167, 1191, 1190, -1, 1167, 1165, 1190,
        1188, -1, 1165, 1164, 1188, -1, 699, 697,
        698, 696, 721, -1, 704, 720, 717, 719,
        718, -1, 1192, 1171, 695, 1172, 1173, 1184,
        1181, 1185, 1183, 1187, 760, 1163, -1, 1161,
        1163, 1187, -1, 1187, 1185, 1186, 1184, -1,
        763, 751, 753, 752, -1, 752, 751, 750,
        -1, 776, 767, 775, 774, 754, 756, 755,
        757, 759, 758, 760, 1183, -1, 757, 756,
        758, 1180, 1182, 1181, 1183, -1, 758, 1182,
        1183, -1, 767, 769, 774, 773, 1178, 1177,
        1179, 1175, 1180, 1181, -1, 1181, 1175, 1173,
        1174, 695, 693, 694, 692, 690, 691, 689,
        771, -1, 689, 688, 690, 716, 694, -1,
        692, 693, 691, 1176, 1177, 1175, -1, 1176,
        693, 1175, 1174, -1, 1177, 773, 691, 771,
        -1, 769, 771, 773, -1, 1179, 1180, 1178,
        756, 774, -1, 737, 736, 735, 734, 733,
        732, 731, 730, 729, 728, 727, 726, 725,
        724, -1, 725, 778, 727, 729, -1, 731,
        729, 778, -1, 736, 1382, 734, 1384, 732,
        1385, 730, 1386, 728, 1387, 726, 783, 779,
        780, 671, 781, 669, 782, 667, 863, 864,
        865, 665, -1, 864, 665, 667, 666, 668,
        958, 957, 945, -1, 957, 670, 668, 669,
        667, -1, 669, 670, 671, 672, 673, 674,
        -1, 671, 673, 779, 724, 726, -1, 865,
        863, 869, 787, 789, 788, 790, 1405, 1412,
        1407, 1411, 1409, 1372, 1374, -1, 1372, 1370,
        1411, 1413, 1412, 1414, 790, 792, 791, -1,
        791, 789, 790, -1, 781, 780, 782, 785,
        863, 787, -1, 1382, 1380, 1384, 1378, 1385,
        1388, 1386, 1389, 1387, 1390, 783, 784, 780,
        785, -1, 1378, 1376, 1388, 1391, 1389, 1392,
        1390, 1393, 784, 786, 785, 787, -1, 787,
        786, 788, 1405, -1, 786, 1393, 1405, 1406,
        1407, 1408, 1409, 1410, 1374, 1376, -1, 1376,
        1410, 1391, 1408, 1392, 1406, 1393, -1, 676,
        677, 675, 723, -1, 1099, 1095, 1097, 1096,
        1098, 1101, 1103, 1102, 1106, 564, 566, 565,
        567, 604, 606, 605, 569, 571, 570, 572,
        582, 581, -1, 606, 569, 567, 568, 566,
        1107, 1106, 1105, 1103, 1104, 1098, -1, 1105,
        1107, 1108, 1109, -1, 1107, 568, 1109, 1110,
        582, 570, -1, 1110, 568, 570, 569, -1,
        308, 309, 310, 311, -1, 311, 309, 312,
        313, -1, 313, 309, 314, 315, 316, 317,
        318, 319, 320, 321, 322, 323, 324, 325,
        326, 327, 328, 329, 330, 331, 332, 333,
        334, 335, 336, 337, 338, 339, 340, 341,
        342, 343, 344, 345, 346, 347, 348, 349,
        350, 351, 352, 353, 354, 355, 356, 357,
        358, 359, 360, 361, 362, 363, 364, 365,
        366, 367, 368, 369, 370, 371, 372, 373,
        374, 375, 376, 377, 374, 378, 372, 370,
        -1, 368, 370, 379, 378, 380, 377, 381,
        382, 380, 383, 379, 384, 385, 386, 387,
        388, 389, 390, 391, 392, 393, 394, 395,
        396, 397, 398, 399, 400, 401, 402, 403,
        404, 405, 406, 407, 398, 408, 409, 410,
        411, 412, 413, 414, 415, 416, 417, 418,
        419, -1, 398, 396, 409, 420, 421, 422,
        423, 424, 425, 426, 427, 428, 429, 430,
        431, 432, 433, 434, 331, 333, -1, 331,
        329, 433, 435, 431, 327, 325, -1, 435,
        329, 327, -1, 409, 421, 411, 436, 437,
        438, 439, 440, 441, 442, 443, 444, 445,
        446, 323, 325, -1, 323, 321, 445, 447,
        443, 448, 441, 449, 450, 451, 452, 453,
        454, 455, 456, 457, 458, 459, 460, 461,
        462, 463, 464, 465, 466, 467, 468, 437,
        439, -1, 461, 459, 463, 457, 469, -1,
        463, 469, 465, 470, 467, 471, 472, 473,
        474, 475, 476, 477, 474, 467, 472, -1,
        467, 477, 437, 413, 411, -1, 470, 469,
        471, 473, -1, 469, 419, 473, 478, 475,
        477, -1, 477, 478, 413, 479, 480, 481,
        417, 419, -1, 481, 479, 419, 478, -1,
        417, 415, 480, 413, -1, 458, 460, 456,
        452, 454, -1, 452, 460, 450, 468, 439,
        -1, 450, 439, 441, -1, 468, 460, 466,
        462, 482, 464, 466, -1, 457, 455, 483,
        484, 485, 451, 486, 487, 488, 489, 490,
        491, 492, 493, 494, 495, 496, 497, 498,
        499, 500, -1, 496, 498, 494, 500, 492,
        490, -1, 500, 483, 490, 486, 488, -1,
        485, 486, 483, -1, 491, 489, 493, 487,
        449, 451, -1, 321, 319, 447, 501, 502,
        503, 495, 497, -1, 495, 493, 502, 449,
        448, -1, 502, 448, 447, -1, 319, 317,
        501, 315, 503, 504, 497, 499, -1, 499,
        504, 505, 315, 309, -1, 421, 423, 436,
        506, 438, 440, -1, 423, 425, 506, 507,
        440, 442, -1, 425, 427, 507, 508, 442,
        444, -1, 427, 429, 508, 444, -1, 403,
        509, 401, 510, 511, 512, 513, 514, 515,
        516, 517, 518, 519, 520, 521, 522, 523,
        391, 521, 393, 519, 517, -1, 517, 393,
        515, 513, -1, 393, 395, 513, 524, 511,
        525, 401, 526, 399, 397, -1, 526, 525,
        397, 524, 395, -1, 391, 522, 389, 387,
        -1, 522, 520, 387, 385, -1, 520, 518,
        385, 509, -1, 518, 516, 509, 514, 510,
        512, -1, 377, 375, 382, 527, 528, 375,
        390, 529, 392, 530, 394, 531, 396, 420,
        -1, 375, 373, 529, 361, 359, -1, 361,
        373, 363, 532, 365, 367, -1, 382, 528,
        383, 533, 384, 534, 386, 388, -1, 388,
        534, 390, 533, 528, -1, 316, 318, 535,
        320, 322, -1, 535, 322, 536, 537, 538,
        539, 540, 541, 542, 543, 544, 545, 546,
        547, 548, 549, 550, 551, 552, 553, 554,
        555, 556, 557, 558, 559, 560, 561, 562,
        563, 564, 565, -1, 564, 1102, 562, 1100,
        560, 1092, 558, 1091, 1090, -1, 558, 1090,
        556, 1089, 554, 1088, 552, 1087, 550, 548,
        -1, 1087, 542, 548, 546, -1, 542, 544,
        546, -1, 1091, 1092, 1093, 1094, 1095, 1096,
        -1, 1096, 1094, 1101, 1100, 1102, -1, 1094,
        1092, 1100, -1, 559, 557, 561, 583, 584,
        585, 586, 587, 588, 589, 590, 591, 592,
        593, 594, 595, 596, 597, 598, 599, 575,
        -1, 590, 592, 588, 603, 604, 605, -1,
        603, 592, 605, 594, 571, 596, 573, 598,
        575, -1, 571, 573, 572, 574, 581, 580,
        -1, 580, 574, 576, 575, -1, 575, 574,
        573, -1, 588, 604, 586, 565, 563, -1,
        586, 563, 584, 561, -1, 557, 555, 583,
        607, 585, 608, 609, 610, 587, 589, -1,
        609, 587, 585, -1, 555, 553, 607, 611,
        608, 612, 613, 614, 615, 616, 617, 336,
        338, -1, 616, 614, 336, 334, -1, 608,
        613, 610, 618, 589, 619, 591, 620, 621,
        622, 623, 624, 625, 626, 627, 340, 628,
        342, 629, 630, 631, 632, 633, 634, 635,
        636, 637, 638, 639, 640, -1, 640, 638,
        886, 885, 887, 1033, 1035, 1034, 1036, 358,
        360, -1, 358, 1034, 356, 1032, 354, 1031,
        1063, 1030, 1064, 1029, 348, 346, -1, 348,
        350, 1064, 352, 1063, 354, -1, 1034, 1033,
        1032, 884, 1031, 883, 1030, 882, 1029, 881,
        346, 344, -1, 1033, 885, 884, 638, 636,
        -1, 884, 636, 883, 634, 882, 632, 881,
        630, 344, 342, -1, 886, 887, 888, 889,
        -1, 887, 1035, 889, 1037, 1065, 1039, 1067,
        1041, 1069, 1043, -1, 1035, 1036, 1037, 1038,
        1039, 1040, 1041, 1042, 1043, 1044, 1045, 1046,
        1047, 1048, 1049, 1050, 1051, 1052, 1053, 1054,
        1055, 1056, 1057, 1058, 1059, 366, 368, -1,
        1059, 368, 1057, -1, 366, 1058, 364, 1060,
        1061, 1062, 364, 1052, 362, 1040, 1038, -1,
        362, 1038, 360, 1036, -1, 1040, 1052, 1042,
        1050, 1046, 1048, -1, 1046, 1044, 1042, -1,
        1052, 1062, 1054, 1056, -1, 1062, 1060, 1056,
        1058, -1, 1057, 1049, 1055, 1051, 1053, -1,
        340, 626, 338, 617, -1, 591, 621, 593,
        595, -1, 613, 615, 618, 1082, 1083, 624,
        622, -1, 622, 620, 1083, 619, 618, -1,
        624, 1082, 626, 617, -1, 617, 1082, 615,
        -1, 553, 551, 611, 1084, 612, 1085, 614,
        1086, 334, 332, -1, 322, 324, 537, 326,
        539, 328, 541, 1111, 543, 1112, 545, 1113,
        547, 549, -1, 328, 330, 1111, 1114, 1112,
        1115, 1113, 1116, 549, 551, -1, 551, 1116,
        1084, 1085, -1, 1085, 1116, 1086, 1115, 1114,
        -1, 1086, 1114, 332, 330, -1, 307, 305,
        306, 304, -1, 305, 303, 304, 302, -1,
        303, 301, 302, 300, -1, 301, 299, 300,
        298, -1, 299, 297, 298, 296, -1, 297,
        295, 296, 294, -1, 295, 293, 294, 292,
        -1, 293, 291, 292, 290, -1, 291, 289,
        290, 288, -1, 289, 287, 288, 286, -1,
        287, 285, 286, 284, -1, 285, 283, 284,
        282, -1, 283, 281, 282, 280, -1, 281,
        279, 280, 278, -1, 279, 277, 278, 276,
        -1, 277, 275, 276, 274, -1, 275, 273,
        274, 272, -1, 273, 271, 272, 270, -1,
        271, 269, 270, 267, -1, 269, 268, 267,
        266, 265, 264, 263, 262, 261, 260, 259,
        258, 257, 256, 255, 254, 253, 252, 251,
        250, 249, 248, 247, 246, 245, 244, 243,
        242, 241, 240, 239, 238, 237, 236, 234,
        235, 233, -1, 234, 233, 232, 231, 230,
        229, 228, 227, 226, 225, 224, 223, -1,
        222, 220, 221, 219, -1, 220, 218, 219,
        217, -1, 218, 216, 217, 215, -1, 216,
        214, 215, 213, -1, 214, 212, 213, 211,
        -1, 212, 210, 211, 209, -1, 210, 208,
        209, 207, -1, 208, 206, 207, 205, -1,
        206, 204, 205, 203, -1, 204, 202, 203,
        201, -1, 202, 200, 201, 199, -1, 200,
        198, 199, 197, -1, 198, 196, 197, 195,
        -1, 196, 194, 195, 193, -1, 194, 192,
        193, 191, -1, 192, 190, 191, 189, -1,
        190, 188, 189, 187, -1, 188, 186, 187,
        185, -1, 186, 184, 185, 182, -1, 184,
        183, 182, 181, 180, 179, 178, 177, 176,
        175, 174, 173, 172, 171, 170, 169, 168,
        167, 166, 165, 164, 163, 162, 161, 159,
        160, 158, -1, 159, 158, 157, 156, 155,
        154, 153, 152, 151, 150, 149, 148, 147,
        146, 145, 144, 143, 142, 141, 140, 139,
        138, -1, 137, 137, 136, 136, 135, -1,
        136, 135, 135, 133, -1, 135, 134, 133,
        132, 132, 131, -1, 132, 131, 131, 130,
        129, 128, 127, 126, 125, 124, 123, 122,
        121, 120, 119, 118, 117, 116, 115, 114,
        113, 112, 111, 110, 109, 108, 107, 106,
        105, 104, 103, 102, 101, 100, 99, 98,
        98, 97, -1, 98, 96, 97, 95, -1,
        96, 95, 95, 94, 93, 92, 91, 90,
        90, 89, -1, 90, 89, 89, 88, 87,
        86, 85, 84, 83, 82, 81, 80, 79,
        78, 77, 75, 76, 74, -1, 75, 74,
        74, -1, 73, 72, 70, 71, 68, -1,
        70, 68, 69, 67, -1, 68, 66, 67,
        65, -1, 66, 64, 65, 62, -1, 64,
        63, 62, 60, 61, 59, -1, 60, 58,
        59, 56, -1, 58, 57, 56, 55, 54,
        53, 52, 50, 51, 49, -1, 50, 48,
        49, 46, -1, 48, 47, 46, 44, 45,
        43, -1, 44, 42, 43, 41, -1, 42,
        40, 41, 39, -1, 40, 38, 39, 36,
        -1, 38, 37, 36, 35, 34, 33, 32,
        31, 30, 29, 28, 27, 26, 25, 24,
        23, 22, 21, 20, 18, 19, 16, -1,
        18, 17, 16, 15, 14, 12, 13, 10,
        -1, 12, 11, 10, 9, 8, 7, 6,
        5, 4, 2, 3, 1, -1, 2, 0,
        1, -1, 595, 621, 1206, 623, 1207, 625,
        1208, 627, 628, -1, 595, 1206, 597, 1209,
        1210, 1207, 1211, 1212, 1213, 1214, 1215, 1216,
        1217, 1218, 1219, 1220, 1221, 1222, -1, 1207,
        1209, 1206, -1, 1219, 1338, 1217, 1287, 1215,
        1286, 1213, 1288, 1211, 1210, -1, 1338, 1340,
        1287, 1285, 1286, 1284, 1288, 1289, 1210, 1290,
        597, 599, -1, 599, 1290, 1291, 1289, 1282,
        1284, 1283, 1285, 1341, 1340, -1, 1207, 1208,
        1212, 1236, 1214, 1235, 1216, 1234, 1218, 1233,
        1232, 637, 639, -1, 639, 1222, 1232, 1220,
        1218, -1, 637, 1233, 635, 633, -1, 1233,
        1234, 633, 631, -1, 1234, 1235, 631, 629,
        -1, 1235, 1236, 629, 628, -1, 1208, 628,
        1236, -1, 532, 1418, 367, 369, -1, 369,
        1418, 371, 373, -1, 1418, 532, 373, -1,
        529, 359, 1419, 357, 1420, 355, 1421, 353,
        1422, 351, 1423, 349, 1424, 347, 1425, 345,
        1426, 343, 1427, 341, 339, -1, 529, 1419,
        530, 1420, 531, 1421, 420, 1428, 422, 1429,
        424, 1430, 426, 1424, 1431, 1425, 1432, 1426,
        1433, 1427, 1434, 339, 337, -1, 337, 335,
        1434, 1435, 1433, 1436, 1432, 1437, 1431, 428,
        426, -1, 428, 1437, 430, 432, -1, 1437,
        1436, 432, 434, -1, 1436, 1435, 434, 333,
        -1, 333, 1435, 335, -1, 1424, 1430, 1423,
        1429, 1422, 1428, 1421, -1, 444, 429, 1438,
        431, 325, -1, 325, 446, 1438, 444, -1,
        451, 484, 1439, 455, 453, -1, 453, 451,
        1439, -1, 418, 1440, 416, 1441, 1442, 412,
        1443, 414, 1442, 416, -1, 412, 1441, 410,
        1444, 1445, 1446, 1447, 418, 1448, 403, 405,
        -1, 405, 407, 1448, 1449, 1450, 1451, 408,
        1449, 407, -1, 408, 410, 1450, 1452, 1448,
        1447, -1, 1447, 1452, 1445, 410, -1, 418,
        1446, 1440, 1444, 1441, -1, 398, 406, 1453,
        404, 402, -1, 402, 400, 1453, 398, -1,
        677, 722, 723, 685, -1, 677, 681, 722,
        683, 685, 684, -1, 684, 683, 682, 681,
        -1, 792, 1414, 1415, 1413, 1416, 1370, 1368,
        -1, 792, 1415, 1365, 1363, -1, 1363, 1415,
        1417, 1416, 1368, -1, 1368, 1367, 1417, 1361,
        1363, -1, 945, 958, 959, 666, 960, -1,
        959, 960, 945, -1, 701, 700, 702, 704,
        703, 705, 1134, -1, 1134, 701, 703, 702,
        -1, 974, 975, 973, 1145, 971, 1146, 969,
        1147, 967, -1, 967, 968, 969, 970, 971,
        972, 973, 974, -1, 974, 972, 978, 979,
        -1, 967, 966, 968, 1358, 1357, 1354, 1355,
        1013, 1015, 1014, -1, 1014, 1013, 1012, 1011,
        1010, 1009, 1008, 915, 1007, 913, -1, 1010,
        1008, 1012, -1, 968, 1357, 970, 1356, 972,
        979, -1, 979, 1356, 1015, 1355, -1, 1355,
        1356, 1357, -1, 966, 1359, 1358, 1352, 1354,
        1353, 1013, 1011, -1, 1359, 1350, 1352, 1351,
        1353, 1360, 1011, 1009, -1, 1350, 1018, 1351,
        1017, 1360, 1016, 1009, 917, 915, 916, 914,
        910, 912, 911, 913, -1, 912, 913, 914,
        915, -1, 911, 910, 909, 908, 907, 906,
        -1, 906, 908, 988, 987, 986, 985, 984,
        983, -1, 908, 910, 987, 916, 985, 918,
        983, 920, -1, 916, 917, 918, 919, 920,
        921, -1, 917, 1016, 919, 1017, 921, 1018,
        -1, 839, 1373, 1394, 1375, 1395, -1, 1395,
        841, 1394, 839, -1, 871, 873, 1243, 1241,
        879, 880, 659, 657, 658, 656, 941, 654,
        997, 652, 996, 650, 993, 648, 994, 995,
        894, 892, 893, 891, 1066, -1, 995, 648,
        646, 647, -1, 647, 648, 649, 650, 651,
        652, 653, 654, 655, 656, 657, -1, 657,
        880, 655, 1239, 653, -1, 1241, 1239, 880,
        -1, 1243, 879, 871, 868, -1, 879, 659,
        868, 661, -1, 659, 660, 661, 662, -1,
        659, 658, 660, 939, 937, 938, 928, 980,
        924, 981, 922, -1, 922, 923, 924, 925,
        926, 927, 928, 929, 930, 931, -1, 924,
        926, 928, -1, 931, 929, 925, 927, -1,
        981, 980, 982, 1001, 1002, 1000, 1004, 999,
        998, 997, 996, -1, 997, 999, 941, 1000,
        940, 1001, 938, 980, -1, 938, 939, 940,
        658, 941, -1, 1002, 1004, 990, 991, 900,
        898, 899, 897, 1027, 895, 1028, 893, 1066,
        -1, 1066, 1068, 1028, 1026, 1027, 1025, 899,
        901, 900, 902, 990, -1, 902, 901, 903,
        1023, 1020, 1024, 1081, 1080, -1, 1080, 1024,
        1070, 1026, 1068, -1, 1026, 1024, 1025, 1023,
        901, -1, 893, 895, 894, 896, 994, 993,
        -1, 895, 897, 896, 898, 992, 991, 998,
        1004, -1, 998, 996, 992, 993, 896, -1,
        930, 936, 928, 937, -1, 937, 936, 660,
        662, -1, 936, 930, 662, -1, 932, 933,
        934, 935, 664, -1, 932, 934, 664, -1,
        1261, 1279, 1293, 1294, 1295, -1, 1295, 1259,
        1293, 1261, -1, 1259, 1260, 1261, 1262, -1,
        1262, 1260, 1267, 1258, 1256, 1257, 1255, 1306,
        1305, -1, 1306, 1257, 1295, 1259, -1, 1257,
        1258, 1259, 1260, -1, 1267, 1256, 1269, 1271,
        -1, 1256, 1254, 1271, 1273, -1, 1256, 1255,
        1254, 1253, 1252, 1251, 807, 1250, 805, 1249,
        803, -1, 1249, 1250, 1326, 1304, -1, 1250,
        1251, 1304, 1303, -1, 1251, 1253, 1303, 1305,
        -1, 1305, 1253, 1255, -1, 1254, 1252, 1273,
        811, -1, 811, 1252, 809, 807, 808, 806,
        804, 805, 803, -1, 807, 805, 806, -1,
        803, 802, 804, 858, 857, 817, 815, -1,
        817, 858, 819, 859, -1, 858, 802, 859,
        -1, 804, 857, 808, 815, 810, -1, 808,
        810, 809, 811, -1, 1637, 1192, 1171, 699,
        -1, 699, 1192, 1650, 1637, -1, 1660, 678,
        1193, 676, 1194, 1658, 1195, 1663, 1197, 1198,
        1666, 1662, 956, -1, 956, 954, 1666, 1200,
        1197, 1201, 1202, 1152, 1151, -1, 1201, 1200,
        1152, 1153, -1, 1200, 954, 1153, -1, 1198,
        1663, 1662, 1658, -1, 1194, 1195, 1193, 1203,
        1665, 1151, 1205, 1149, 1660, -1, 1660, 1193,
        1205, 1665, -1, 1151, 1203, 1202, 1197, -1,
        1195, 1197, 1203, -1, 595, 621, 1206, 623,
        1207, 1570, 1208, 627, 628, -1, 595, 1206,
        597, 1209, 1210, 1207, 1211, 1212, 1213, 1565,
        1215, 1216, 1217, 1218, 1219, 1220, 1221, 1222,
        1563, 1224, 1560, 1226, 1552, 1553, 1229, 1230,
        1231, 649, 651, -1, 1209, 1206, 1207, -1,
        649, 1230, 647, 645, -1, 1230, 1553, 645,
        643, -1, 1553, 1226, 643, 641, -1, 1226,
        1224, 641, 639, -1, 1224, 1222, 639, 1232,
        1567, 1233, 635, 633, -1, 1222, 1220, 1232,
        1218, 1233, 1568, 633, 631, -1, 1218, 1216,
        1568, 1235, 631, 1580, -1, 1216, 1565, 1235,
        1236, 1580, 628, -1, 628, 1236, 1208, 1212,
        1207, -1, 1565, 1212, 1236, -1, 1231, 651,
        1237, 653, 1238, 1239, 1727, 1241, 1242, 873,
        875, -1, 653, 655, 1239, 880, 1241, 879,
        1719, 871, 873, -1, 1719, 873, 1241, -1,
        1242, 875, 1244, 1683, 1701, 1246, 1247, 1248,
        1249, 1686, 805, -1, 1686, 1248, 801, 1246,
        799, 1683, -1, 1249, 805, 1250, 1693, 1251,
        1252, 1707, 1254, 1255, 1256, 1257, 1258, 1259,
        1260, 1261, 1712, 1263, 1264, 1265, -1, 1264,
        1712, 1266, 1267, 1268, 1698, 1690, 1271, 1272,
        1273, 813, 1664, -1, 1712, 1260, 1267, 1258,
        1256, -1, 1267, 1256, 1698, 1271, -1, 1256,
        1254, 1271, 1273, -1, 1254, 1252, 1273, 1664,
        -1, 1664, 1252, 809, 1693, -1, 1265, 1274,
        1263, 1261, -1, 1265, 1275, 1274, 1276, 1277,
        1278, 1279, 1280, 1281, 1282, 1283, 1542, 1285,
        1286, 1558, 1215, 1217, -1, 1215, 1286, 1213,
        1288, 1211, 1210, -1, 1286, 1542, 1288, 1289,
        1210, 1290, 597, 1550, -1, 1542, 1282, 1289,
        1551, 1290, 1550, -1, 1282, 1280, 1551, 1729,
        1550, 600, -1, 600, 1729, 601, 1278, 1276,
        -1, 1278, 1729, 1280, -1, 601, 1276, 602,
        1275, -1, 1274, 1277, 1261, 1279, 1293, 1294,
        1295, 1296, 1297, 1298, 1299, 1300, 1301, 1681,
        1303, 1304, 1251, 1250, -1, 1251, 1707, 1303,
        1305, 1301, 1299, -1, 1707, 1255, 1305, 1306,
        1299, 1297, -1, 1297, 1306, 1295, 1257, 1259,
        -1, 1255, 1257, 1306, -1, 1295, 1259, 1293,
        1261, -1, 1279, 1281, 1294, 1307, 1296, 1308,
        1309, 1310, 1298, 1311, 1300, 1312, 1681, 1313,
        1314, 1315, 1316, 1317, 1318, 1706, 1320, 1321,
        1322, 1323, 1229, 1552, -1, 1298, 1296, 1309,
        -1, 1318, 1320, 1316, 1324, 1325, 1247, 1249,
        -1, 1325, 1249, 1316, 1326, 1314, 1304, 1681,
        -1, 1304, 1326, 1250, 1249, -1, 1317, 1315,
        1706, 1327, 1328, 1329, 1330, 1331, 1332, 1333,
        1560, 1563, -1, 1563, 1333, 1221, 1219, -1,
        1560, 1552, 1332, 1323, 1330, 1321, 1334, 1706,
        1328, -1, 1328, 1330, 1334, -1, 1315, 1313,
        1327, 1329, -1, 1312, 1311, 1313, 1329, -1,
        1311, 1310, 1329, 1335, 1331, 1336, 1333, 1337,
        1219, 1561, 1217, 1558, -1, 1336, 1335, 1337,
        1549, 1561, 1340, 1558, 1285, -1, 1335, 1310,
        1549, 1308, 1340, 1548, 1285, 1283, -1, 1308,
        1307, 1548, 1283, -1, 1307, 1281, 1283, -1,
        1247, 1324, 1342, 1343, 1344, 1238, 1727, -1,
        1238, 1343, 1237, 1345, 1231, 1229, -1, 1229,
        1345, 1322, 1320, -1, 1345, 1343, 1320, 1324,
        -1, 1247, 1342, 1701, 1720, 1244, 1242, -1,
        1242, 1720, 1727, 1344, -1, 1720, 1342, 1344,
        -1, 1081, 1347, 1022, 1074, -1, 1074, 1347,
        1689, 1080, -1, 1081, 1080, 1347, -1, 1045,
        1079, 1348, 1071, 1043, -1, 1348, 1043, 1045,
        -1, 1079, 1077, 1071, 1349, 1073, 1075, -1,
        1077, 1075, 1349, -1, 961, 1018, 1350, 1351,
        1352, 1353, 1354, 1013, 1728, 1015, 1726, 1723,
        972, -1, 972, 970, 1726, 1357, 1728, 1354,
        -1, 970, 968, 1357, 1358, 1354, 1352, -1,
        968, 966, 1358, 1359, 1352, 1350, -1, 966,
        964, 1359, 962, 1350, 961, -1, 1013, 1353,
        1011, 1360, 1009, 1016, -1, 1016, 1360, 1017,
        1351, 1018, -1, 1353, 1351, 1360, -1, 827,
        862, 1612, 1362, 1363, 1364, 1629, 794, 792,
        -1, 794, 1364, 796, 1366, 798, 860, -1,
        860, 1366, 861, 1362, 862, -1, 1362, 1366,
        1364, -1, 827, 1612, 829, 1367, 1596, 1602,
        1369, 1370, 1371, 1372, 1373, 1374, 1375, 1376,
        1584, 1591, 1379, 1380, 1381, 1382, 1383, 736,
        738, -1, 736, 1382, 734, 1384, 1598, 1385,
        730, 1386, 728, 1387, 726, 783, -1, 1382,
        1380, 1384, 1591, 1385, 1388, 1386, 1617, 1387,
        1390, 783, 784, -1, 1591, 1376, 1388, 1391,
        1617, 1392, 1390, 1393, 784, 786, -1, 1596,
        1369, 833, 835, -1, 1369, 1371, 835, 837,
        -1, 1371, 1373, 837, 839, -1, 839, 1373,
        1394, 1375, 1395, 1584, 1379, -1, 839, 1394,
        841, 1395, 843, 1396, 1397, 1398, 1399, 1400,
        1401, 1579, 1403, 740, 742, -1, 740, 1579,
        738, 1383, -1, 1579, 1400, 1383, 1381, -1,
        1400, 1398, 1381, 1379, -1, 1398, 1396, 1379,
        1395, -1, 843, 1397, 845, 847, -1, 1397,
        1399, 847, 849, -1, 1399, 1401, 849, 851,
        -1, 1401, 1403, 851, 1404, 853, 855, -1,
        855, 1404, 744, 742, -1, 1404, 1403, 742,
        -1, 786, 1393, 1405, 1628, 1619, 1408, 1409,
        1600, 1374, 1376, -1, 1376, 1600, 1391, 1408,
        1392, 1628, 1393, -1, 1374, 1372, 1409, 1610,
        1619, 1412, 1405, 790, 788, -1, 786, 1405,
        788, -1, 1372, 1370, 1610, 1413, 1412, 1414,
        790, 792, -1, 792, 1414, 1623, 1413, 1416,
        1370, 1602, -1, 792, 1623, 1629, 1363, -1,
        1363, 1623, 1417, 1416, 1602, -1, 1602, 1367,
        1417, 1612, 1363, -1, 532, 1418, 367, 369,
        -1, 369, 1418, 1708, 373, -1, 532, 373,
        1418, -1, 529, 359, 1419, 357, 1606, 355,
        1421, 353, 1422, 351, 1423, 349, 1615, 347,
        1425, 345, 1426, 1590, 1427, 341, 339, -1,
        529, 1419, 530, 1606, 531, 1421, 420, 1428,
        422, 1618, 424, 1430, 426, 1615, 1431, 1425,
        1613, 1426, 1609, 1427, 1434, 339, 337, -1,
        337, 1603, 1434, 1435, 1609, 1436, 1613, 1620,
        1431, 428, 426, -1, 428, 1620, 430, 432,
        -1, 1620, 1436, 432, 1621, -1, 1436, 1435,
        1621, 333, -1, 1435, 1603, 333, -1, 1615,
        1430, 1423, 1618, 1422, 1428, 1421, -1, 1633,
        429, 1438, 431, 325, -1, 325, 1636, 1438,
        1633, -1, 451, 484, 1439, 455, 453, -1,
        451, 1439, 453, -1, 418, 1440, 416, 1441,
        1442, 412, 1443, 414, 1442, 416, -1, 412,
        1441, 1700, 1444, 1445, 1446, 1447, 418, 1448,
        403, 405, -1, 405, 407, 1448, 1718, 1450,
        1451, 408, 1718, 407, -1, 408, 1700, 1450,
        1452, 1448, 1447, -1, 1447, 1452, 1445, 1700,
        -1, 418, 1446, 1440, 1444, 1441, -1, 1699,
        406, 1717, 404, 402, -1, 402, 400, 1717,
        1699, -1, 1514, 1477, 1479, 1478, 1480, 1481,
        1482, 1483, 1484, 1485, 1486, 1487, 1488, -1,
        1486, 1488, 1489, 1490, 1491, 1492, 1493, 1494,
        1495, 1496, 1497, 1498, 1499, 1500, 1501, 1502,
        1503, 1504, 1505, 1506, 1507, -1, 1505, 1507,
        1508, 1509, 1510, 1511, 1512, 1513, 1514, 1477,
        1479, 1515, 1516, 1481, 1517, 1518, 1519, 1520,
        1486, 1487, 1521, -1, 1486, 1521, 1522, 1523,
        1524, 1492, 1525, 1494, 1495, 1496, 1497, 1526,
        1527, 1528, 1529, 1530, 1531, 1532, 1533, 1534,
        1535, -1, 1533, 1535, 1536, 1537, 1538, 1539,
        1540, 1541, 1514, 1477, -1, 1476, 1476, 1476,
        1476, 1476, 1476, 1476, 1476, 1476, 1476, 1476,
        1476, 1476, -1, 1476, 1476, 1476, 1476, 1476,
        1476, 1476, 1476, 1476, 1476, 1476, 1476, 1476,
        1476, 1476, 1476, 1476, 1476, 1476, 1476, 1476,
        -1, 1476, 1476, 1476, 1476, 1476, 1476, 1476,
        1476, 1476, 1476, 1476, 1476, 1476, 1476, 1476,
        1476, 1476, 1476, 1476, 1476, 1476, -1, 1476,
        1476, 1476, 1476, 1476, 1476, 1476, 1476, 1476,
        1476, 1476, 1476, 1476, 1476, 1476, 1476, 1476,
        1476, 1476, 1476, 1476, -1, 1476, 1476, 1476,
        1476, 1476, 1476, 1476, 1476, 1476, 1476, -1,
        1476, 1476, 1476, 1476, 1476, -1, 1476, 1476,
        1476, 1476, 1476, -1, 1476, 1476, 1476, 1476,
        1476, -1, 1476, 1476, 1476, 1476, 1476, -1,
        1476, 1476, 1476, 1476, 1476, -1, 1476, 1476,
        1476, 1476, 1476, -1, 1476, 1476, 1476, 1476,
        1476, -1, 1476, 1476, 1476, 1476, 1476, -1,
        1476, 1476, 1476, 1476, 1476, -1, 1476, 1476,
        1476, 1476, 1476, -1, 1476, 1476, 1476, 1476,
        1476, -1, 1476, 1476, 1476, 1476, 1476, -1,
        1472, 1455, 1454, 1456, -1, 1456, 1455, 1457,
        1458, -1, 1458, 1455, 1459, 1460, -1, 1460,
        1455, 1461, 1462, -1, 1462, 1455, 1463, 1464,
        -1, 1464, 1455, 1465, 1466, -1, 1466, 1455,
        1467, 1468, -1, 1468, 1455, 1469, 1470, -1,
        1470, 1455, 1471, 1472, -1, 1472, 1455, 1454,
        1456, -1, 1456, 1455, 1457, 1458, -1, 1458,
        1455, 1473, 1474, -1, 1474, 1455, 1475, 1462,
        -1, 1462, 1455, 1463, 1464, -1, 1464, 1455,
        1465, 1466, -1, 1466, 1455, 1467, 1468, -1,
        1468, 1455, 1469, 1470, -1, 1470, 1455, 1471,
        1472, -1 ]

  }
}

