#Inventor V2.1 ascii


DEF root Separator {

  DEF material VRMLAppearance {
    material 
    DEF color VRMLMaterial {
      diffuseColor 0.75 0.75 0.75
      specularColor 0.1 0.1 0.1
      emissiveColor 0 0 0
      shininess 0.5

    }

  }
  USE color
  USE color
  IndexedTriangleStripSet {
    vertexProperty 
    VertexProperty {
      vertex [ -6.913107e-017 0.047523942 -0.029586406,
          -6.913107e-017 0.05752394 -0.029578445,
          -0.0071794703 0.047523249 -0.028714661,
          -0.0071794703 0.057523247 -0.0287067,
          -0.013941696 0.057521205 -0.026142126,
          -0.013941696 0.047521207 -0.026150087,
          -0.019893682 0.047517937 -0.022041731,
          -0.019893682 0.057517935 -0.02203377,
          -0.024689518 0.057513624 -0.01662039,
          -0.024689518 0.047513623 -0.016628353,
          -0.02805049 0.047508527 -0.010224557,
          -0.02805049 0.057508525 -0.010216596,
          -0.029781269 0.047502935 -0.0032025126,
          -0.029781269 0.057502937 -0.0031945512,
          -0.029781269 0.057497177 0.004037648,
          -0.029781269 0.047497179 0.0040296861,
          -0.02805049 0.057491589 0.011059692,
          -0.02805049 0.047491588 0.01105173,
          -0.024689518 0.057486486 0.017463487,
          -0.024689518 0.047486492 0.017455526,
          -0.019893682 0.057482176 0.022876864,
          -0.019893682 0.047482181 0.022868903,
          -0.013941696 0.057478908 0.026985222,
          -0.013941696 0.047478911 0.02697726,
          -0.0071794703 0.047476865 0.029541833,
          -0.0071794703 0.057476867 0.029549794,
          -3.88119e-017 0.057476174 0.03042154,
          -3.88119e-017 0.047476172 0.030413579,
          0.0071794703 0.057476867 0.029549794,
          0.0071794703 0.047476865 0.029541833,
          0.013941696 0.057478908 0.026985222,
          0.013941696 0.047478911 0.02697726,
          0.019893682 0.057482176 0.022876864,
          0.019893682 0.047482181 0.022868903,
          0.024689518 0.057486486 0.017463487,
          0.024689518 0.047486492 0.017455526,
          0.02805049 0.057491589 0.011059692,
          0.02805049 0.047491588 0.01105173,
          0.029781269 0.047497179 0.0040296861,
          0.029781269 0.057497177 0.004037648,
          0.029781269 0.047502935 -0.0032025126,
          0.029781269 0.057502937 -0.0031945512,
          0.02805049 0.047508527 -0.010224557,
          0.02805049 0.057508525 -0.010216596,
          0.024689518 0.057513624 -0.01662039,
          0.024689518 0.047513623 -0.016628353,
          0.019893682 0.047517937 -0.022041731,
          0.019893682 0.057517935 -0.02203377,
          0.013941696 0.057521205 -0.026142126,
          0.013941696 0.047521207 -0.026150087,
          0.0071794703 0.057523247 -0.0287067,
          0.0071794703 0.047523249 -0.028714661,
          -6.5661623e-017 0.050544247 -0.055084009,
          -0.0091874767 0.049692925 -0.05508469,
          -6.5661623e-017 0.050536282 -0.045084015,
          -0.0091874767 0.049684964 -0.045084693,
          -0.018062085 0.047167901 -0.055086698,
          -0.018062085 0.04715994 -0.045086704,
          -0.026321609 0.043047149 -0.045089975,
          -0.026321609 0.04305511 -0.055089973,
          -0.033684786 0.037486728 -0.045094404,
          -0.033684786 0.037494689 -0.055094402,
          -0.039900862 0.030675964 -0.05509983,
          -0.039900862 0.030668002 -0.045099832,
          -0.044758167 0.022823155 -0.045106076,
          -0.044758167 0.022831118 -0.055106074,
          -0.048091285 0.014219398 -0.04511293,
          -0.048091285 0.014227359 -0.055112924,
          -0.049786713 0.005149697 -0.04512015,
          -0.049786713 0.0051576588 -0.055120148,
          -0.049786713 -0.0040771072 -0.045127492,
          -0.049786713 -0.0040691453 -0.05512749,
          -0.048091285 -0.013146807 -0.045134716,
          -0.048091285 -0.013138844 -0.05513471,
          -0.044758167 -0.021750564 -0.045141567,
          -0.044758167 -0.021742603 -0.055141561,
          -0.039900862 -0.02959541 -0.04514781,
          -0.039900862 -0.02958745 -0.055147808,
          -0.033684786 -0.036414135 -0.045153238,
          -0.033684786 -0.036406171 -0.055153236,
          -0.026321609 -0.041974559 -0.045157667,
          -0.026321609 -0.041966598 -0.055157665,
          -0.018062085 -0.046087351 -0.045160942,
          -0.018062085 -0.04607939 -0.055160936,
          -0.0091874767 -0.048612375 -0.04516295,
          -0.0091874767 -0.048604414 -0.055162948,
          -1.5129671e-017 -0.049463693 -0.045163631,
          -1.5129671e-017 -0.049455728 -0.055163626,
          0.0091874767 -0.048612375 -0.04516295,
          0.0091874767 -0.048604414 -0.055162948,
          0.018062085 -0.046087351 -0.045160942,
          0.018062085 -0.04607939 -0.055160936,
          0.026321609 -0.041974559 -0.045157667,
          0.026321609 -0.041966598 -0.055157665,
          0.033684786 -0.036414135 -0.045153238,
          0.033684786 -0.036406171 -0.055153236,
          0.039900862 -0.02959541 -0.04514781,
          0.039900862 -0.02958745 -0.055147808,
          0.044758167 -0.021750564 -0.045141567,
          0.044758167 -0.021742603 -0.055141561,
          0.048091285 -0.013146807 -0.045134716,
          0.048091285 -0.013138844 -0.05513471,
          0.049786713 -0.0040771072 -0.045127492,
          0.049786713 -0.0040691453 -0.05512749,
          0.049786713 0.005149697 -0.04512015,
          0.049786713 0.0051576588 -0.055120148,
          0.048091285 0.014219398 -0.04511293,
          0.048091285 0.014227359 -0.055112924,
          0.044758167 0.022823155 -0.045106076,
          0.044758167 0.022831118 -0.055106074,
          0.039900862 0.030668002 -0.045099832,
          0.039900862 0.030675964 -0.05509983,
          0.033684786 0.037486728 -0.045094404,
          0.033684786 0.037494689 -0.055094402,
          0.026321609 0.043047149 -0.045089975,
          0.026321609 0.04305511 -0.055089973,
          0.018062085 0.04715994 -0.045086704,
          0.018062085 0.047167901 -0.055086698,
          0.0091874767 0.049684964 -0.045084693,
          0.0091874767 0.049692925 -0.05508469,
          -0.018734995 0.057536282 -0.045078442,
          -0.027902409 0.053653713 -0.04508153,
          -0.025457749 0.05753253 -0.040367391,
          -0.028759826 0.055303834 -0.041522752,
          -0.029677931 0.057048853 -0.037258197,
          -0.038626935 0.051354397 -0.03726273,
          -0.031199321 0.057527848 -0.03448556,
          -0.039318472 0.052262101 -0.034489863,
          -0.040095117 0.053281184 -0.031013826,
          -0.047328811 0.04505153 -0.034495603,
          -0.048263684 0.045928162 -0.03101968,
          -0.055106267 0.037323549 -0.031026531,
          -0.049156412 0.046764966 -0.027205288,
          -0.056125563 0.038001176 -0.027212266,
          -0.049825154 0.047391471 -0.023881387,
          -0.05688912 0.038508415 -0.023888459,
          -0.050637409 0.048151702 -0.018946752,
          -0.057816528 0.039123751 -0.018953938,
          -0.058247607 0.039409295 -0.016070776,
          -0.063877985 0.029241208 -0.016078869,
          -0.059041642 0.039933026 -0.0078504374,
          -0.064748764 0.029626265 -0.0078586433,
          -0.064914398 0.029697785 -0.0041613495,
          -0.068672471 0.018519092 -0.0078674862,
          -0.068848148 0.01856217 -0.0041702148,
          -0.070886463 0.0069291145 -0.0041794763,
          -0.070871629 0.0069233053 0.0014303963,
          -0.070958301 -0.0048838202 0.0014209962,
          -0.070087612 0.0068449243 0.010644865,
          -0.070173323 -0.004831586 0.010635569,
          -0.069073416 0.0067482842 0.016575092,
          -0.069157876 -0.0047592814 0.01656593,
          -0.068549559 -0.0047153202 0.019305803,
          -0.066746034 -0.015978623 0.019296836,
          -0.067265257 -0.0046217279 0.024103381,
          -0.065495528 -0.015673971 0.024094583,
          -0.064542994 -0.015441564 0.027180057,
          -0.061921749 -0.026283588 0.024086135,
          -0.061021198 -0.025896762 0.027171731,
          -0.055821594 -0.035621125 0.02716399,
          -0.059806146 -0.025374524 0.030827232,
          -0.054710079 -0.034905288 0.030819645,
          -0.05363436 -0.034212101 0.033955641,
          -0.048109468 -0.043461557 0.030812832,
          -0.047163535 -0.042600162 0.033948965,
          -0.039372802 -0.049820863 0.033943217,
          -0.038645416 -0.04889375 0.036567423,
          -0.03053738 -0.055626526 0.033938594,
          -0.029973224 -0.054592237 0.036562886,
          -0.020898219 -0.059883848 0.0339352,
          -0.020512141 -0.058770828 0.036559559,
          -0.010208542 -0.061384715 0.036557477,
          -0.0099784601 -0.059992842 0.03943602,
          -6.2404206e-017 -0.060966842 0.039129194,
          -0.0098335668 -0.059116259 0.0411257,
          -0.0096219853 -0.057836123 0.043448213,
          -0.019758698 -0.056598436 0.041127708,
          -0.019333564 -0.05537238 0.043450173,
          -0.028251037 -0.051433906 0.04345331,
          -0.02752926 -0.050109856 0.045965329,
          -0.035494339 -0.044876091 0.045969501,
          -0.03513813 -0.044421863 0.04688419,
          -0.042517636 -0.038366694 0.045974679,
          -0.042090949 -0.037977774 0.046889324,
          -0.047865815 -0.030491812 0.04689528,
          -0.046707384 -0.029744331 0.048985392,
          -0.052324366 -0.022153435 0.046901919,
          -0.051058028 -0.021607736 0.04899187,
          -0.054004811 -0.012859569 0.048998836,
          -0.046979848 -0.012912558 0.057751633,
          -0.048636094 -0.0040524527 0.057758685,
          -0.043723766 -0.021317463 0.057744939,
          -0.038978714 -0.028980913 0.057738837,
          -0.041072279 -0.037049137 0.048979577,
          -0.032906298 -0.035642046 0.057733536,
          -0.034287728 -0.043337222 0.04897457,
          -0.025713293 -0.041074049 0.057729207,
          -0.026593421 -0.048393007 0.048970547,
          -0.017644653 -0.045091748 0.057726011,
          -0.018199176 -0.052100528 0.048967592,
          -0.0089751445 -0.047558423 0.057724047,
          -0.0090574194 -0.054419614 0.048965745,
          -6.913107e-017 -0.04839009 0.057723384,
          -6.2296666e-017 -0.055162046 0.048965156,
          -0.027252989 -0.049603138 0.046880063,
          -0.01865055 -0.053402573 0.046877038,
          -0.018839616 -0.053947866 0.045962274,
          -0.0092820609 -0.055779159 0.046875149,
          -0.0093761552 -0.056348622 0.045960363,
          -0.067748919 0.018283326 -0.016087594,
          -0.070705593 0.0069157006 -0.007876724,
          -0.069754697 0.0068360637 -0.016096707,
          -0.070792057 -0.0048637153 -0.0078861024,
          -0.069839992 -0.0047850274 -0.016105959,
          -0.068929531 -0.016495548 -0.0078953635,
          -0.068002522 -0.016260367 -0.016115095,
          -0.064291947 -0.027275989 -0.016123867,
          -0.063816138 -0.027068004 -0.019006638,
          -0.05837838 -0.037237924 -0.019014735,
          -0.062792495 -0.026621694 -0.023940312,
          -0.057441961 -0.036628403 -0.02394828,
          -0.056670986 -0.036127105 -0.027271284,
          -0.049833801 -0.044990137 -0.027278341,
          -0.048928771 -0.044160441 -0.031091403,
          -0.041601978 -0.052619651 -0.027284415,
          -0.040846441 -0.051651526 -0.031097367,
          -0.031680331 -0.057674352 -0.031102164,
          -0.031066678 -0.056544267 -0.034576491,
          -0.021260444 -0.060875442 -0.03457994,
          -0.020886514 -0.059793282 -0.037351221,
          -0.010580961 -0.06358467 -0.034582093,
          -0.010394862 -0.062454779 -0.037353337,
          -6.2274273e-017 -0.063539192 -0.036812458,
          -0.01007329 -0.060503021 -0.04161495,
          -8.926237e-017 -0.059463691 -0.045171592,
          -0.0099213952 -0.058637764 -0.045170929,
          -0.070973158 -0.004880453 -0.0041888789,
          -0.069105864 -0.016542071 -0.0041981633,
          -0.065168381 -0.027661439 -0.007904253,
          -0.065335095 -0.027736403 -0.0042070756,
          -0.059615396 -0.038046692 -0.0079125213,
          -0.059767902 -0.038148269 -0.0042153653,
          -0.052422982 -0.047370173 -0.0079199439,
          -0.052557085 -0.047495555 -0.004222807,
          -0.043875411 -0.055542059 -0.0042292136,
          -0.043866232 -0.055534806 0.0013806701,
          -0.034029588 -0.062011544 -0.0042343643,
          -0.034022465 -0.062002949 0.0013755205,
          -0.023288108 -0.066755801 -0.0042381412,
          -0.023283234 -0.066746235 0.0013717441,
          -0.011587669 -0.069713153 0.001369382,
          -0.01145948 -0.068943754 0.010584526,
          -6.253095e-017 -0.07021828 0.0078102611,
          -6.251303e-017 -0.068424217 0.018560121,
          -6.250765e-017 -0.070673406 -0.0042412598,
          -0.011590094 -0.06972333 -0.004240504,
          -0.011560521 -0.069541305 -0.0079375962,
          -0.023228684 -0.066581227 -0.007935239,
          -0.022916289 -0.065672465 -0.016154435,
          -0.033942759 -0.061849173 -0.0079314718,
          -0.033486273 -0.061004009 -0.016150717,
          -0.043763459 -0.055396054 -0.0079263346,
          -0.0431749 -0.054637674 -0.01614565,
          -0.051717959 -0.046719711 -0.016139345,
          -0.051335204 -0.046367805 -0.019022005,
          -0.058813646 -0.037521716 -0.016132023,
          -6.2453744e-017 -0.0695218 -0.016192017,
          -0.011405047 -0.06859263 -0.016156759,
          -0.01132064 -0.06807898 -0.019039288,
          -0.02274669 -0.065180302 -0.01903698,
          -0.022381822 -0.064122535 -0.02397017,
          -0.033238444 -0.060546391 -0.019033292,
          -0.032705281 -0.05956297 -0.023966538,
          -0.042855367 -0.0542273 -0.019028259,
          -0.042167943 -0.0533452 -0.023961589,
          -0.050511759 -0.045611925 -0.023955433,
          -0.032266319 -0.058753926 -0.027289299,
          -0.022081416 -0.063252345 -0.027292881,
          -0.01113905 -0.066974714 -0.023972441,
          -6.2376611e-017 -0.066805497 -0.027831696,
          -0.010989544 -0.066066183 -0.02729512,
          -0.010789963 -0.064853795 -0.031107878,
          -0.021680396 -0.062091101 -0.03110568,
          -0.069091402 -0.016542874 0.0014117137,
          -0.068327077 -0.016361736 0.010626389,
          -0.065321423 -0.027734889 0.0014028031,
          -0.064598799 -0.02742997 0.010617577,
          -0.059094347 -0.037724525 0.010609381,
          -0.063664027 -0.027030639 0.0165482,
          -0.058239225 -0.037176143 0.016540121,
          -0.057726946 -0.036847025 0.019280221,
          -0.05121284 -0.046284419 0.01653287,
          -0.050762367 -0.045875225 0.019273033,
          -0.042377155 -0.053646825 0.019266848,
          -0.041583199 -0.052636486 0.024065154,
          -0.032867543 -0.059895486 0.019261872,
          -0.032251757 -0.058768079 0.024060274,
          -0.022492863 -0.064477757 0.019258223,
          -0.022071453 -0.063264415 0.024056694,
          -0.010984586 -0.066077039 0.024054455,
          -0.010824832 -0.065111473 0.027140511,
          -6.246733e-017 -0.065330036 0.029052448,
          -0.010609289 -0.063808352 0.030796632,
          -0.010400687 -0.062546939 0.033933084,
          -0.021317365 -0.061091922 0.030798795,
          -0.011194316 -0.067343965 0.01925594,
          -0.011293655 -0.067943715 0.016515626,
          -0.02269247 -0.065051988 0.016517928,
          -0.023025662 -0.066009544 0.010586862,
          -0.033159215 -0.060429189 0.016521608,
          -0.033646092 -0.061318878 0.010590597,
          -0.042753212 -0.054125112 0.016526628,
          -0.043380957 -0.054922272 0.01059569,
          -0.051964793 -0.046966463 0.010602023,
          -0.052546088 -0.047490012 0.0013870751,
          -0.059755396 -0.038144678 0.0013945154,
          -0.036138624 0.057522044 -0.027197246,
          -0.040836755 0.054253977 -0.027199326,
          -0.041392311 0.05498229 -0.023875345,
          -0.042067092 0.055866301 -0.018940609,
          -0.039805584 0.057515472 -0.018939706,
          -0.042380743 0.056276724 -0.016057346,
          -0.04202443 0.057508368 -0.010021223,
          -0.05101496 0.048504513 -0.016063532,
          -0.051710397 0.04915214 -0.0078430977,
          -0.036301609 0.048308622 -0.045085788,
          -0.037431989 0.049785525 -0.041527145,
          -0.046496388 0.044270657 -0.03726837,
          -0.043701343 0.04164822 -0.045091089,
          -0.045057993 0.042920906 -0.04153261,
          -0.053088412 0.035981111 -0.037274968,
          -0.054038852 0.036613546 -0.03450232,
          -0.059262395 0.027180076 -0.034509834,
          -0.060432993 0.027703799 -0.031034188,
          -0.064095162 0.01733698 -0.031042442,
          -0.061550815 0.028203448 -0.027220067,
          -0.065280728 0.017644856 -0.027228473,
          -0.062388178 0.028577387 -0.023896364,
          -0.066168837 0.017875122 -0.023904888,
          -0.063405231 0.029030858 -0.018961973,
          -0.067247525 0.018154152 -0.018970633,
          -0.069238454 0.0067916056 -0.01897968,
          -0.069323123 -0.0047435476 -0.018988864,
          -0.068127833 0.0066948258 -0.023913788,
          -0.068211146 -0.004655147 -0.023922823,
          -0.067295626 -0.004583165 -0.027246172,
          -0.065525092 -0.015640413 -0.027254974,
          -0.064335093 -0.015343919 -0.031068461,
          -0.060824636 -0.025765426 -0.031076759,
          -0.059646457 -0.025253382 -0.034551576,
          -0.054563995 -0.03475875 -0.034559146,
          -0.05360432 -0.034135938 -0.037330795,
          -0.047137119 -0.042519234 -0.037337471,
          -0.045678902 -0.041184057 -0.041599568,
          -0.039350748 -0.049735911 -0.037343215,
          -0.038133409 -0.048177585 -0.041605137,
          -0.029576112 -0.053800385 -0.041609619,
          -0.036998905 -0.046698067 -0.04516143,
          -0.028679069 -0.05216584 -0.045165781,
          -0.044300079 -0.039929759 -0.045156039,
          -0.050381567 -0.032047436 -0.045149762,
          -0.051946037 -0.033060033 -0.041593105,
          -0.056784645 -0.024010843 -0.041585896,
          -0.05859739 -0.024797805 -0.037323359,
          -0.063088909 -0.015033658 -0.03454344,
          -0.064793624 -0.0043875426 -0.034534965,
          -0.066073477 -0.0044873548 -0.031059818,
          -0.065992773 0.006506905 -0.031051066,
          -0.067213431 0.0066145863 -0.027237255,
          -0.05507594 -0.023267897 -0.04514277,
          -0.05825394 -0.013833086 -0.04513526,
          -0.049897876 0.03385599 -0.045097291,
          -0.051446091 0.034887701 -0.041539006,
          -0.058220085 0.026713535 -0.037282348,
          -0.062853634 0.017014064 -0.034517922,
          -0.054720603 0.025146397 -0.045104228,
          -0.056419011 0.025906991 -0.041546155,
          -0.061748162 0.016726231 -0.037290301,
          -0.064714484 0.0063938266 -0.034526382,
          -0.058036748 0.015759191 -0.045111701,
          -0.059837945 0.01622865 -0.041553862,
          -0.063576274 0.0062928847 -0.037298605,
          -0.06365402 -0.0042987871 -0.037307039,
          -0.061979301 -0.014757769 -0.037315365,
          -0.060061935 -0.014281475 -0.041578155,
          -0.061684847 -0.0041461014 -0.041570082,
          -0.059828077 -0.0040026442 -0.045127437,
          -0.059755012 0.0059527978 -0.045119509,
          -0.061609507 0.0061180559 -0.041561909,
          0.018734995 0.057536282 -0.045078442,
          0.02403756 0.05753345 -0.041520525,
          0.027902409 0.053653713 -0.04508153,
          0.030732507 0.054221682 -0.041523617,
          0.036301609 0.048308622 -0.045085788,
          0.037428223 0.049788333 -0.041527145,
          0.043701343 0.04164822 -0.045091089,
          0.045057602 0.042921271 -0.04153261,
          0.051446445 0.034887213 -0.041539006,
          0.046495985 0.044271026 -0.03726837,
          0.053088777 0.0359805 -0.037274968,
          0.054039225 0.036612935 -0.03450232,
          0.059262224 0.027180443 -0.034509834,
          0.060432814 0.027704166 -0.031034188,
          0.064095125 0.017337102 -0.031042442,
          0.065280691 0.017644979 -0.027228473,
          0.067213424 0.0066147083 -0.027237255,
          0.068127818 0.0066949478 -0.023913788,
          0.068211123 -0.004655513 -0.023922823,
          0.069238439 0.0067917281 -0.01897968,
          0.0693231 -0.0047437917 -0.018988864,
          0.069839977 -0.0047852714 -0.016105959,
          0.067499138 -0.016134413 -0.018997934,
          0.068002418 -0.016260855 -0.016115095,
          0.063816778 -0.02706654 -0.019006636,
          0.064292587 -0.027274525 -0.016123865,
          0.058812648 -0.03752318 -0.016132023,
          0.059614383 -0.038048279 -0.0079125231,
          0.052418415 -0.047375176 -0.0079199485,
          0.052552503 -0.047500558 -0.0042228107,
          0.043891236 -0.055529609 -0.0042292033,
          0.052541509 -0.047495015 0.0013870711,
          0.043882053 -0.055522356 0.00138068,
          0.051960263 -0.046971347 0.010602019,
          0.043396603 -0.054909941 0.010595699,
          0.042768639 -0.054113027 0.016526638,
          0.033151377 -0.060433462 0.016521605,
          0.032859769 -0.059899755 0.019261869,
          0.022422401 -0.064502046 0.019258205,
          0.02200231 -0.063288338 0.024056675,
          0.011154711 -0.066048719 0.024054477,
          0.02168232 -0.062363308 0.0271427,
          0.010992484 -0.065083645 0.027140534,
          0.021250583 -0.061114993 0.030798776,
          0.010773602 -0.063781008 0.030796655,
          0.020832751 -0.059906431 0.033935186,
          0.010561771 -0.062520079 0.033933103,
          0.01036665 -0.06135847 0.036557499,
          0.010133004 -0.059967209 0.039436046,
          0.009985867 -0.059090991 0.041125722,
          0.0196968 -0.056619801 0.041127689,
          0.019272996 -0.055393375 0.043450158,
          0.028865434 -0.052576952 0.041130908,
          0.028244356 -0.051437445 0.043453306,
          0.037239335 -0.047073659 0.041135289,
          0.036438081 -0.046052556 0.043457594,
          0.044587959 -0.040261403 0.041140709,
          0.043628585 -0.039386913 0.043462899,
          0.050708964 -0.032327812 0.041147027,
          0.04961789 -0.031624094 0.043469079,
          0.05543384 -0.023491267 0.041154061,
          0.054241106 -0.022977613 0.043475967,
          0.057370935 -0.013685867 0.043483362,
          0.055905186 -0.013326294 0.045994617,
          0.058921214 -0.0040043504 0.043491073,
          0.057415854 -0.0038920918 0.046002127,
          0.058849253 0.0058002127 0.043498877,
          0.057345733 0.0056618606 0.046009734,
          0.05715704 0.015457924 0.043506566,
          0.055696748 0.015072869 0.04601723,
          0.05389116 0.024702797 0.043513924,
          0.052514307 0.024081534 0.046024401,
          0.049141526 0.033280432 0.043520752,
          0.047886025 0.032440055 0.046031054,
          0.043038923 0.0409545 0.043526866,
          0.041939333 0.039918076 0.046037007,
          0.035751358 0.047513951 0.043532088,
          0.034837954 0.046309922 0.046042096,
          0.029355621 0.051748686 0.04353546,
          0.028605623 0.050436385 0.046045382,
          0.022960966 0.05491275 0.043537978,
          0.022374345 0.053519759 0.04604784,
          0.015578067 0.057465728 0.043540098,
          0.01518032 0.056007553 0.046049818,
          0.0081337951 0.057463728 0.046048839,
          0.0080526294 0.056894396 0.046964854,
          0.00057393761 0.057463001 0.046965204,
          0.00055345852 0.056082066 0.049053725,
          -0.0062356726 0.055734165 0.049053445,
          -1.9766958e-017 0.049298853 0.057801161,
          -0.0089751445 0.048467189 0.057800498,
          0.022498878 0.057468921 0.039529692,
          0.023465868 0.056111861 0.041217439,
          0.023811623 0.056933153 0.039529111,
          0.030001136 0.052878223 0.041214865,
          0.030443188 0.05365178 0.039526504,
          0.03707587 0.04926018 0.039523005,
          0.037930764 0.050387472 0.036646467,
          0.045662586 0.043428242 0.036640927,
          0.038644698 0.051329013 0.034023743,
          0.046522044 0.044238806 0.034018103,
          0.04745511 0.045119107 0.030883355,
          0.0541839 0.036657564 0.03087662,
          0.055284727 0.037395582 0.027222123,
          0.059420887 0.027199801 0.030869089,
          0.060628109 0.027745681 0.027214441,
          0.063021876 0.017006323 0.030860974,
          0.064302258 0.01734505 0.027206158,
          0.064887732 0.0063576442 0.030852497,
          0.066206023 0.0064800614 0.02719751,
          0.066286974 -0.0045502093 0.027188728,
          0.067265242 -0.0046219719 0.024103381,
          0.065495417 -0.015674461 0.024094583,
          0.068549544 -0.0047155647 0.019305803,
          0.066745929 -0.015979111 0.019296836,
          0.067338243 -0.016123047 0.016556883,
          0.06366466 -0.027029173 0.0165482,
          0.064599447 -0.027428504 0.010617578,
          0.058238234 -0.03717773 0.016540119,
          0.059093341 -0.037725989 0.01060938,
          0.051208377 -0.046289302 0.016532866,
          0.028823392 0.057473298 0.034028128,
          0.031145144 0.054880392 0.036650047,
          0.031731356 0.055906527 0.03402739,
          0.036537509 0.048550341 0.041211419,
          0.043985326 0.04184673 0.041206084,
          0.044633429 0.042457692 0.039517589,
          0.050222129 0.034003835 0.041199837,
          0.050962124 0.034499321 0.039511252,
          0.055076197 0.025237603 0.041192863,
          0.055887714 0.025603939 0.03950417,
          0.058413889 0.015789364 0.041185338,
          0.059274588 0.016016537 0.039496537,
          0.060143318 0.0059193703 0.041177481,
          0.061029498 0.0060010375 0.039488565,
          0.060216859 -0.0041007688 0.041169502,
          0.061104126 -0.004166807 0.039480466,
          0.058632493 -0.013995175 0.041161623,
          0.059496414 -0.014206965 0.039472476,
          0.056250628 -0.023842949 0.039464805,
          0.057547651 -0.024401328 0.036586922,
          0.051456135 -0.032809742 0.039457668,
          0.052642606 -0.03357479 0.036579624,
          0.045244936 -0.040860157 0.039451253,
          0.046288192 -0.04181087 0.036573064,
          0.038659353 -0.048882887 0.036567435,
          0.047159426 -0.042604677 0.033948962,
          0.039386999 -0.049809758 0.033943225,
          0.040176965 -0.050815679 0.030806977,
          0.030530158 -0.055630431 0.03393859,
          0.031142486 -0.056753181 0.03080225,
          0.052137207 0.035286281 0.036634441,
          0.053118531 0.035943642 0.034011494,
          0.058252543 0.026671795 0.034004115,
          0.061782729 0.016678754 0.033996161,
          0.063611895 0.0062394254 0.033987846,
          0.064967066 -0.0044528996 0.030843889,
          0.064542897 -0.015441931 0.027180055,
          0.061922368 -0.026282122 0.024086136,
          0.063104652 -0.026789289 0.019288229,
          0.056644443 -0.03615297 0.024078278,
          0.057725962 -0.036848612 0.019280221,
          0.049806971 -0.045015149 0.024071224,
          0.050757941 -0.045879982 0.01927303,
          0.041598201 -0.052624766 0.024065163,
          0.042392436 -0.053634863 0.019266857,
          0.032244131 -0.058772229 0.02406027,
          0.05717637 0.026185697 0.0366272,
          0.060641341 0.016377227 0.036619391,
          0.062436715 0.0061308914 0.036611229,
          0.062513061 -0.0042713275 0.036602948,
          0.063689679 -0.0043585943 0.033979408,
          0.063257717 -0.015127824 0.03083539,
          0.061021805 -0.025895298 0.027171733,
          0.055820644 -0.035622589 0.02716399,
          0.049082611 -0.044355985 0.027157035,
          0.060868278 -0.014543054 0.036594775,
          0.062013939 -0.014823558 0.033971079,
          0.059806742 -0.025373062 0.030827234,
          0.054709144 -0.034906752 0.030819643,
          0.048105281 -0.043466073 0.030812828,
          0.040993221 -0.051854882 0.027151065,
          0.031775191 -0.05791299 0.027146241,
          0.053633444 -0.034213446 0.033955641,
          0.058630813 -0.024867378 0.033963084,
          0.037788037 -0.047772877 0.039445754,
          0.029290752 -0.053357225 0.039441306,
          0.029966136 -0.054596022 0.036562882,
          0.019987021 -0.057459641 0.039438039,
          0.020447882 -0.058793046 0.036559541,
          0.01136769 -0.067315161 0.019255964,
          0.011468569 -0.067914657 0.016515648,
          0.02262138 -0.065076649 0.016517909,
          0.022953531 -0.06603457 0.010586842,
          0.033638135 -0.06132327 0.010590593,
          0.023210295 -0.066771381 0.0013717241,
          0.034014422 -0.062007342 0.001375517,
          0.023215152 -0.066780947 -0.0042381613,
          0.034021538 -0.062015936 -0.0042343675,
          0.033934731 -0.061853446 -0.0079314755,
          0.043779243 -0.055383723 -0.0079263244,
          0.043190468 -0.054625466 -0.016145641,
          0.051713455 -0.046724591 -0.016139349,
          0.05133073 -0.046372809 -0.019022008,
          0.058377381 -0.037239388 -0.019014735,
          0.057440981 -0.036629871 -0.023948282,
          0.062793121 -0.02662023 -0.023940312,
          0.061950326 -0.026253326 -0.027263423,
          0.06641642 -0.015863396 -0.023931747,
          0.065524988 -0.015640778 -0.027254974,
          0.067295603 -0.0045834091 -0.027246172,
          0.064334996 -0.015344285 -0.031068461,
          0.066073455 -0.0044875992 -0.031059818,
          0.063088819 -0.015034146 -0.03454344,
          0.064793602 -0.0043877866 -0.034534965,
          0.061979204 -0.014758257 -0.037315365,
          0.063654006 -0.0042990316 -0.037307039,
          0.060061842 -0.014281841 -0.041578155,
          0.061684832 -0.0041463454 -0.041570082,
          0.05825394 -0.013833086 -0.04513526,
          0.059828077 -0.0040026442 -0.045127437,
          0.059755012 0.0059527978 -0.045119509,
          0.061609495 0.0061181784 -0.041561909,
          0.063576266 0.0062930067 -0.037298605,
          0.061748125 0.016726475 -0.037290301,
          0.064714476 0.006393949 -0.034526382,
          0.062853597 0.017014185 -0.034517922,
          0.065992758 0.006507027 -0.031051066,
          0.058219917 0.0267139 -0.037282348,
          0.056418847 0.025907358 -0.041546155,
          0.054720603 0.025146397 -0.045104228,
          0.049897876 0.03385599 -0.045097291,
          0.059837908 0.016228773 -0.041553862,
          0.058036748 0.015759191 -0.045111701,
          0.01163696 -0.068914212 0.010584549,
          0.011767135 -0.069683366 0.0013694057,
          0.011769598 -0.069693543 -0.0042404803,
          0.023155916 -0.066606373 -0.0079352595,
          0.033478353 -0.061008282 -0.016150722,
          0.042870823 -0.054215096 -0.01902825,
          0.050507359 -0.045616686 -0.023955436,
          0.056670021 -0.036128569 -0.027271286,
          0.060825244 -0.025763961 -0.031076757,
          0.028741933 0.057530057 -0.03725775,
          0.031713586 0.055932276 -0.037259083,
          0.03862305 0.051357325 -0.037262727,
          0.033788264 0.05752508 -0.031010007,
          0.039314516 0.052265033 -0.034489859,
          0.047328401 0.045051899 -0.034495603,
          0.048263267 0.04592865 -0.03101968,
          0.055106647 0.037322938 -0.031026531,
          0.061550636 0.028203815 -0.027220067,
          0.066168793 0.017875243 -0.023904888,
          0.06724748 0.018154273 -0.018970633,
          0.069754682 0.0068361857 -0.016096707,
          0.070792034 -0.0048640817 -0.0078861034,
          0.068929434 -0.016496038 -0.0078953635,
          0.069105752 -0.016542437 -0.0041981637,
          0.065169029 -0.027659852 -0.007904252,
          0.065335743 -0.027734939 -0.0042070742,
          0.059766881 -0.038149856 -0.0042153667,
          0.065322071 -0.027733425 0.0014028043,
          0.059754379 -0.038146265 0.0013945141,
          0.068326965 -0.016362101 0.010626389,
          0.070173308 -0.00483183 0.010635569,
          0.069157861 -0.0047595254 0.01656593,
          0.070087597 0.0068450463 0.010644865,
          0.069073401 0.0067484062 0.016575092,
          0.068072222 0.018346997 0.010654023,
          0.067087181 0.018083975 0.016584117,
          0.064182669 0.029357491 0.010662789,
          0.063253909 0.028935047 0.016592758,
          0.058526009 0.039573066 0.010670922,
          0.057679109 0.039002795 0.016600771,
          0.05051627 0.048010238 0.016607944,
          0.050071921 0.047590088 0.019347446,
          0.041593492 0.055221308 0.019353522,
          0.049133804 0.0467037 0.024144245,
          0.040814221 0.054191977 0.024150208,
          0.040220644 0.053408392 0.027234873,
          0.034211442 0.057478704 0.027238598,
          0.03941977 0.052351531 0.030889114,
          0.032367777 0.057020839 0.030892832,
          0.048419233 0.046029001 0.027228996,
          0.056100622 0.037942838 0.02413727,
          0.06152286 0.028150482 0.024129475,
          0.065251231 0.017596405 0.024121072,
          0.067183085 0.0065710186 0.024112292,
          0.068465821 0.0066911709 0.019314885,
          0.06649708 0.017927008 0.019323831,
          0.062697522 0.028682621 0.019332392,
          0.057171755 0.038661867 0.019340338,
          0.038434997 0.057484981 0.019355666,
          0.041962598 0.055709209 0.016614074,
          0.051257998 0.048712716 0.010678198,
          0.051831383 0.049259476 0.0014641025,
          0.059180696 0.040017657 0.0014567446,
          0.059193082 0.040030301 -0.0041531231,
          0.064914219 0.029698275 -0.004161349,
          0.059042048 0.039932419 -0.0078504384,
          0.064748578 0.029626755 -0.0078586433,
          0.05824801 0.039408688 -0.016070776,
          0.063877799 0.029241575 -0.016078869,
          0.057816923 0.03912314 -0.018953938,
          0.063405044 0.029031347 -0.018961973,
          0.056889512 0.038507808 -0.023888459,
          0.062387995 0.028577877 -0.023896364,
          0.05612595 0.038000565 -0.027212268,
          0.067748882 0.01828357 -0.016087594,
          0.070705578 0.0069158226 -0.007876724,
          0.070973136 -0.004880697 -0.0041888794,
          0.070958279 -0.0048840642 0.0014209959,
          0.069091298 -0.016543362 0.0014117133,
          0.070871621 0.0069234273 0.0014303965,
          0.068833701 0.018554162 0.0014396564,
          0.070886455 0.0069292369 -0.0041794763,
          0.068848111 0.018562414 -0.0041702148,
          0.068672433 0.018519213 -0.0078674862,
          0.064900629 0.029687705 0.0014485203,
          0.041276157 0.057491884 0.010685472,
          0.042578734 0.056524724 0.010684418,
          0.0426061 0.057499222 0.0014706369,
          0.043055031 0.057158887 0.0014703918,
          0.043064043 0.057175197 -0.0041394732,
          0.051842231 0.049274195 -0.0041457638,
          0.042954162 0.057033606 -0.0078368224,
          0.051709954 0.049152628 -0.0078430967,
          0.042376481 0.056279898 -0.016057342,
          0.051014517 0.048505001 -0.016063532,
          0.04206286 0.055869475 -0.018940605,
          0.05063697 0.048152067 -0.018946752,
          0.04982473 0.047391959 -0.023881387,
          0.049155988 0.046765454 -0.027205288,
          0.040091086 0.053284235 -0.031013824,
          0.040832646 0.054257151 -0.027199324,
          0.037821885 0.057519395 -0.02387305,
          0.04138815 0.054985464 -0.023875341,
          0.040702228 0.057513174 -0.016056351,
          0.042324401 0.057506628 -0.007836516,
          0.011739567 -0.069511525 -0.007937572,
          0.011581684 -0.068563335 -0.016156737,
          0.011495971 -0.068049811 -0.019039266,
          0.022675432 -0.065204956 -0.019036999,
          0.022311706 -0.064146832 -0.023970189,
          0.032697551 -0.059567239 -0.023966542,
          0.032258689 -0.05875808 -0.027289303,
          0.04161698 -0.052607808 -0.027284406,
          0.040861174 -0.051639929 -0.031097358,
          0.049829457 -0.044994775 -0.027278345,
          0.048924506 -0.044165201 -0.031091407,
          0.055640835 -0.035460006 -0.031084478,
          0.054563068 -0.034760214 -0.034559146,
          0.059647053 -0.025252039 -0.034551576,
          0.058597971 -0.024796462 -0.037323359,
          0.042183153 -0.053333357 -0.023961579,
          0.033230584 -0.060550664 -0.019033296,
          0.022844499 -0.065697245 -0.016154453,
          0.056785211 -0.0240095 -0.041585896,
          0.05194515 -0.033061497 -0.041593105,
          0.050381567 -0.032047436 -0.045149762,
          0.045674924 -0.041188452 -0.041599572,
          0.044300079 -0.039929759 -0.045156039,
          0.036998905 -0.046698067 -0.04516143,
          0.05507594 -0.023267897 -0.04514277,
          0.038147163 -0.048166718 -0.04160513,
          0.029569117 -0.05380417 -0.041609619,
          0.028679069 -0.05216584 -0.045165781,
          0.01956963 -0.056182563 -0.045168977,
          0.020176971 -0.057945646 -0.041612916,
          0.010229303 -0.060477018 -0.041614931,
          0.0099213952 -0.058637764 -0.045170929,
          0.010555854 -0.062428046 -0.037353318,
          0.010744836 -0.063557446 -0.034582071,
          0.020821081 -0.059815865 -0.037351239,
          0.021193841 -0.060898513 -0.034579955,
          0.030513057 -0.055542305 -0.037347838,
          0.031059334 -0.056548297 -0.034576491,
          0.039364938 -0.049724802 -0.037343208,
          0.040069688 -0.050626788 -0.034571778,
          0.047133014 -0.042523753 -0.037337475,
          0.047976833 -0.043296713 -0.034565944,
          0.053603403 -0.034137283 -0.037330795,
          0.031672839 -0.057678502 -0.031102167,
          0.021612477 -0.06211454 -0.031105699,
          0.022012243 -0.063276269 -0.0272929,
          0.010957075 -0.06482596 -0.031107856,
          0.011159748 -0.066037863 -0.0272951,
          0.01131157 -0.066946022 -0.023972416,
          -0.012633014 0.054631136 0.04905257,
          -0.0063903295 0.057106677 0.046965022,
          -0.012946337 0.055976305 0.04696412,
          -0.0064308778 0.05746346 0.046391863,
          -0.013077577 0.056539901 0.046050243,
          -0.013292925 0.057464968 0.044492885,
          -0.019014224 0.054814558 0.046048868,
          -0.019512748 0.056241605 0.043539036,
          -0.027471321 0.052782256 0.043536283,
          -0.028075401 0.053934496 0.041215707,
          -0.035754949 0.047511142 0.043532085,
          -0.036541186 0.048547532 0.041211415,
          -0.04398571 0.041846242 0.041206084,
          -0.037079599 0.049257249 0.039523002,
          -0.044633813 0.042457327 0.039517589,
          -0.037934579 0.050384544 0.036646463,
          -0.045662977 0.043427754 0.036640927,
          -0.046522442 0.044238441 0.034018103,
          -0.053118166 0.03594413 0.034011494,
          -0.047455523 0.045118619 0.030883355,
          -0.054183528 0.036658052 0.03087662,
          -0.048419651 0.046028513 0.027228996,
          -0.055284347 0.03739607 0.027222123,
          -0.049134228 0.046703212 0.024144245,
          -0.056100234 0.037943326 0.024137272,
          -0.057171363 0.038662478 0.019340338,
          -0.061523039 0.028150115 0.024129475,
          -0.062697701 0.028682254 0.019332392,
          -0.066497117 0.017926887 0.019323831,
          -0.063254096 0.028934559 0.016592756,
          -0.067087226 0.018083852 0.016584117,
          -0.068072259 0.018346876 0.010654023,
          -0.019940963 0.057467576 0.041217223,
          -0.026101425 0.057471208 0.036651533,
          -0.028489077 0.05472368 0.039527353,
          -0.018823406 0.05426842 0.046962764,
          -0.018367847 0.052964512 0.04905124,
          -0.017644653 0.046000514 0.057798535,
          -0.025859455 0.049708162 0.049048647,
          -0.025713293 0.041982815 0.057795338,
          -0.033657044 0.044746373 0.049044698,
          -0.032906298 0.036550809 0.05779101,
          -0.040513985 0.038574133 0.049039785,
          -0.038978714 0.029889677 0.057785708,
          -0.046257857 0.031351116 0.049034033,
          -0.043723766 0.022226227 0.05777961,
          -0.050729267 0.023275919 0.049027607,
          -0.046979848 0.013821322 0.057772912,
          -0.053803407 0.014573652 0.049020678,
          -0.048636094 0.0049612168 0.05776586,
          -0.055396311 0.0054827114 0.049013436,
          -0.055464052 -0.00374629 0.04900609,
          -0.056770246 0.0056088869 0.046924021,
          -0.056839671 -0.0038489965 0.046916492,
          -0.057415869 -0.0038919696 0.046002127,
          -0.055905268 -0.013325928 0.045994617,
          -0.057371024 -0.013685501 0.043483362,
          -0.054240566 -0.022978956 0.043475967,
          -0.055433288 -0.02349261 0.041154061,
          -0.04961874 -0.031622753 0.043469083,
          -0.050709829 -0.032326471 0.041147031,
          -0.04459184 -0.04025713 0.041140717,
          -0.045248877 -0.040855888 0.039451256,
          -0.037225913 -0.047084156 0.041135278,
          -0.037774418 -0.047783494 0.039445743,
          -0.02929768 -0.05335344 0.03944131,
          -0.046292227 -0.041806474 0.036573067,
          -0.052643508 -0.033573445 0.036579624,
          -0.057547081 -0.024402671 0.036586922,
          -0.058630228 -0.024868721 0.03396308,
          -0.060868371 -0.014542687 0.036594775,
          -0.062014032 -0.014823192 0.033971079,
          -0.062513083 -0.0042710835 0.036602948,
          -0.063689694 -0.0043583498 0.033979408,
          -0.062436726 0.0061307694 0.036611229,
          -0.06361191 0.0062394254 0.033987846,
          -0.061782766 0.016678631 0.033996161,
          -0.063021913 0.017006079 0.030860974,
          -0.059421059 0.027199436 0.030869089,
          -0.064302295 0.017344927 0.027206158,
          -0.060628284 0.027745193 0.02721444,
          -0.058252715 0.026671428 0.034004115,
          -0.057176538 0.02618533 0.0366272,
          -0.052136846 0.035286769 0.036634441,
          -0.055887878 0.025603572 0.03950417,
          -0.05096177 0.034499809 0.039511252,
          -0.055076357 0.025237238 0.041192859,
          -0.050221782 0.034004323 0.041199837,
          -0.053891316 0.02470243 0.043513924,
          -0.049141191 0.03328092 0.043520752,
          -0.05251446 0.024081169 0.046024401,
          -0.047885697 0.032440543 0.046031054,
          -0.051987451 0.023843501 0.046938539,
          -0.047405139 0.03211889 0.046945129,
          -0.043039292 0.040954135 0.043526866,
          -0.041939694 0.039917711 0.046037007,
          -0.034841459 0.04630724 0.046042092,
          -0.034491807 0.045846425 0.046956059,
          -0.026769463 0.051443588 0.046046183,
          -0.026500819 0.05093126 0.046960108,
          -0.041518807 0.039520986 0.046951022,
          -0.063257821 -0.015127458 0.03083539,
          -0.064967088 -0.0044526556 0.030843889,
          -0.066286989 -0.0045499653 0.027188728,
          -0.0671831 0.0065708966 0.024112292,
          -0.068465829 0.0066910489 0.019314885,
          -0.065251268 0.017596284 0.02412107,
          -0.066206031 0.0064799394 0.02719751,
          -0.06488774 0.0063575222 0.030852495,
          -0.05145701 -0.032808401 0.039457668,
          -0.056250069 -0.023844292 0.039464805,
          -0.058632582 -0.013994809 0.041161623,
          -0.059496503 -0.014206477 0.039472476,
          -0.061104141 -0.0041665626 0.03948047,
          -0.060216878 -0.0041005248 0.041169502,
          -0.060143329 0.0059192483 0.041177481,
          -0.061029505 0.0060009155 0.039488565,
          -0.059274621 0.016016416 0.039496537,
          -0.060641374 0.016377104 0.036619391,
          -0.055344228 -0.013188227 0.046909057,
          -0.052854788 -0.022381956 0.045987405,
          -0.048351046 -0.030804927 0.045980703,
          -0.043632388 -0.039382759 0.043462902,
          -0.036424942 -0.046062931 0.043457586,
          -0.028872263 -0.05257329 0.041130912,
          -0.020049833 -0.057437912 0.039438054,
          -0.058413923 0.015789241 0.041185338,
          -0.05884926 0.0058000907 0.043498877,
          -0.057157069 0.015457802 0.043506566,
          -0.05734574 0.0056618606 0.046009734,
          -0.055696785 0.015072747 0.046017226,
          -0.055137835 0.014925413 0.046931442,
          -0.058921229 -0.0040041064 0.043491073,
          -0.029145978 0.055976946 0.036650918,
          -0.029694563 0.057023715 0.034028281,
          -0.031556182 0.057475794 0.030892543,
          -0.038648579 0.051326081 0.034023743,
          -0.039423738 0.052348603 0.030889113,
          -0.040224686 0.053405341 0.027234869,
          -0.036077816 0.057481162 0.02415278,
          -0.040818326 0.054188926 0.024150206,
          -0.050072357 0.047589596 0.019347446,
          -0.050516706 0.04800975 0.016607944,
          -0.057678711 0.039003406 0.016600771,
          -0.058525603 0.039573677 0.010670923,
          -0.064182848 0.029357003 0.010662788,
          -0.068833746 0.018553918 0.0014396562,
          -0.041597672 0.055218134 0.01935352,
          -0.041966818 0.055706035 0.01661407,
          -0.051258441 0.048712224 0.010678198,
          -0.05183183 0.049258988 0.0014641021,
          -0.05918029 0.040018268 0.0014567451,
          -0.051842682 0.049273707 -0.0041457643,
          -0.059192676 0.040030912 -0.0041531227,
          -0.042958483 0.057030309 -0.0078368252,
          -0.042684291 0.057500947 -0.00070031098,
          -0.043059364 0.057155594 0.0014703891,
          -0.041726235 0.057493571 0.0085680261,
          -0.042583019 0.05652155 0.010684416,
          -0.039512713 0.057487164 0.016615367,
          -0.064900823 0.029687215 0.00144852,
          0.0078577427 0.05552689 0.049053282,
          0.0089751445 0.048467189 0.057800498,
          0.014664275 0.054116976 0.04905216,
          0.017644653 0.046000514 0.057798535,
          0.021613743 0.05171378 0.049050245,
          0.027633194 0.048735261 0.049047872,
          0.022149807 0.052986559 0.04696174,
          0.028318552 0.049934193 0.046959311,
          0.034488335 0.045849111 0.046956062,
          0.04151845 0.039521351 0.046951022,
          0.033653662 0.04474894 0.049044698,
          0.040513635 0.038574498 0.049039785,
          0.032906298 0.036550809 0.05779101,
          0.038978714 0.029889677 0.057785708,
          0.025713293 0.041982815 0.057795338,
          0.047405466 0.032118402 0.046945129,
          0.051987298 0.023843745 0.046938539,
          0.055137806 0.014925535 0.046931442,
          0.056770235 0.0056090089 0.046924021,
          0.046258174 0.031350624 0.049034033,
          0.050729122 0.023276286 0.049027607,
          0.043723766 0.022226227 0.05777961,
          0.046979848 0.013821322 0.057772912,
          0.053803373 0.014573774 0.049020678,
          0.0553963 0.0054828338 0.049013436,
          0.056839656 -0.0038491187 0.046916492,
          0.048636094 0.0049612168 0.05776586,
          0.055464037 -0.003746412 0.04900609,
          0.055344146 -0.013188593 0.046909057,
          0.052855317 -0.022380734 0.045987409,
          0.048350222 -0.030806148 0.045980699,
          0.042513933 -0.038370721 0.045974676,
          0.035507139 -0.044866081 0.045969509,
          0.027522748 -0.050113395 0.045965329,
          0.018780597 -0.053968254 0.045962259,
          0.0095213717 -0.056324452 0.045960382,
          0.0097710071 -0.057811342 0.043448232,
          0.048636094 -0.0040524527 0.057758685,
          0.054004725 -0.012859813 0.048998836,
          0.052324884 -0.022152215 0.046901919,
          0.047865 -0.030493153 0.04689528,
          0.042087283 -0.037981801 0.04688932,
          0.035150804 -0.044411976 0.046884198,
          0.027246544 -0.049606554 0.046880063,
          0.018592125 -0.053422712 0.046877023,
          0.046979848 -0.012912558 0.057751633,
          0.051058535 -0.021606514 0.048991874,
          0.046706587 -0.029745551 0.048985392,
          0.041068699 -0.037053045 0.048979573,
          0.043723766 -0.021317463 0.057744939,
          0.038978714 -0.028980913 0.057738837,
          0.032906298 -0.035642046 0.057733536,
          0.034300096 -0.043327577 0.048974577,
          0.026587132 -0.048396546 0.048970543,
          0.018142164 -0.052120302 0.048967578,
          0.009197698 -0.054396302 0.048965767,
          0.0094258189 -0.055755232 0.046875168,
          0.0089751445 -0.047558423 0.057724047,
          0.017644653 -0.045091748 0.057726011,
          0.025713293 -0.041074049 0.057729207,
          0.015027977 0.055449329 0.046963703,
          -0.06749925 -0.016133925 -0.018997934,
          -0.066416524 -0.015862906 -0.023931747,
          -0.061949708 -0.02625479 -0.027263425,
          -0.055641785 -0.035458539 -0.031084476,
          -0.047981013 -0.043292195 -0.03456594,
          -0.040055241 -0.050638016 -0.034571785,
          -0.030520275 -0.055538274 -0.037347835,
          -0.020240376 -0.057923675 -0.041612897,
          -0.01956963 -0.056182563 -0.045168977,
          -0.067338355 -0.016122559 0.016556883,
          -0.063104026 -0.026790753 0.019288229,
          -0.056645408 -0.036151506 0.024078278,
          -0.049811311 -0.045010388 0.024071228,
          -0.049086887 -0.044351224 0.027157038,
          -0.040978443 -0.051866479 0.027151056,
          -0.040162478 -0.050827034 0.030806968,
          -0.031782705 -0.05790884 0.027146244,
          -0.031149853 -0.05674915 0.030802254,
          -0.021750459 -0.062339868 0.027142718,
          -7.4460145e-017 0.047500059 0.00041358679,
          -6.5661623e-017 0.00054425665 -0.055123821,
          0.024309477 0.042112272 0.058482531,
          0.016604675 0.042109504 0.061960995,
          0.022925436 0.033926848 0.065682672,
          0.014023894 0.033924349 0.068824053,
          0.022639854 0.024944715 0.070682362,
          0.013802471 0.024942474 0.073497802,
          0.019202674 0.015378644 0.075163335,
          0.0097166402 0.015376865 0.077397563,
          0.01485711 0.0054575903 0.077960044,
          0.0049918606 0.0054563698 0.079493515,
          0.0099540595 -0.0045817429 0.078909047,
          -1.9646111e-016 -0.0045823553 0.079678066,
          0.0048727975 -0.014499796 0.077936508,
          -0.0048727975 -0.014499796 0.077936508,
          -1.8863724e-016 -0.024060013 0.075062282,
          -0.009247466 -0.024059441 0.074347846,
          -1.3090035e-016 -0.033034582 0.070564583,
          -0.0094056521 -0.033033945 0.069764927,
          -0.0042268098 -0.041209493 0.064559273,
          -0.012559098 -0.041208357 0.063132159,
          0.0042268098 -0.041209493 0.064559273,
          0.0094056521 -0.033033945 0.069764927,
          0.009247466 -0.024059441 0.074347846,
          0.01827546 -0.02405775 0.072221495,
          0.014502745 -0.014498604 0.076439604,
          0.023788497 -0.014496249 0.073481321,
          0.019671878 -0.0045799208 0.076620221,
          0.028922819 -0.0045769317 0.072865926,
          0.024369752 0.0054600034 0.074929476,
          0.033304024 0.0054635508 0.070473753,
          0.028232969 0.015381562 0.07149858,
          0.036593203 0.01538555 0.066490278,
          0.030939922 0.02494801 0.066542923,
          0.038505688 0.024952283 0.061177742,
          0.031168902 0.03393051 0.061083652,
          0.044084966 0.015390512 0.060257297,
          0.041447885 0.0054681483 0.064698622,
          0.045162149 -0.0045677638 0.061349969,
          0.037487332 -0.0045728469 0.067735255,
          0.04045929 -0.014488298 0.063494481,
          0.032509677 -0.014492786 0.069131866,
          0.034826275 -0.024051176 0.063967228,
          0.02686972 -0.024054972 0.068733707,
          0.027144745 -0.033028964 0.063504748,
          0.020530876 -0.041206118 0.060318895,
          0.012559098 -0.041208357 0.063132159,
          0.018541314 -0.033032056 0.067388915,
          0.0084232325 0.042107809 0.064088829,
          0.0047197919 0.033923078 0.070417613,
          0.004637511 0.024941338 0.07492242,
          -1.922094e-016 0.015376266 0.078148246,
          -0.0049918606 0.0054563698 0.079493515,
          -0.0099540595 -0.0045817429 0.078909047,
          -0.014502745 -0.014498604 0.076439604,
          -0.01827546 -0.02405775 0.072221495,
          -0.018541314 -0.033032056 0.067388915,
          -0.020530876 -0.041206118 0.060318895,
          -1.2006184e-016 0.042107236 0.064804964,
          -0.0047197919 0.033923078 0.070417613,
          -0.004637511 0.024941338 0.07492242,
          -0.0097166402 0.015376865 0.077397563,
          -0.01485711 0.0054575903 0.077960044,
          -0.019671878 -0.0045799208 0.076620221,
          -0.023788497 -0.014496249 0.073481321,
          -0.02686972 -0.024054972 0.068733707,
          -0.027144745 -0.033028964 0.063504748,
          -0.034826275 -0.024051176 0.063967228,
          -0.032509677 -0.014492786 0.069131866,
          -0.028922819 -0.0045769317 0.072865926,
          -0.024369752 0.0054600034 0.074929476,
          -0.019202674 0.015378644 0.075163335,
          -0.013802471 0.024942474 0.073497802,
          -0.04045929 -0.014488298 0.063494481,
          -0.045162149 -0.0045677638 0.061349969,
          -0.037487332 -0.0045728469 0.067735255,
          -0.041447885 0.0054681483 0.064698622,
          -0.033304024 0.0054635508 0.070473753,
          -0.036593203 0.01538555 0.066490278,
          -0.044084966 0.015390512 0.060257297,
          -0.038505688 0.024952283 0.061177742,
          -0.028232969 0.015381562 0.07149858,
          -0.030939922 0.02494801 0.066542923,
          -0.031168902 0.03393051 0.061083652,
          -0.022925436 0.033926848 0.065682672,
          -0.016604675 0.042109504 0.061960995,
          -0.014023894 0.033924349 0.068824053,
          -0.0084232325 0.042107809 0.064088829,
          -0.022639854 0.024944715 0.070682362 ]
      normal [ 0.12053668 -0.00079034909 0.99270862,
          0.23931564 -0.00077301916 0.97094154,
          0.4647232 -0.00070495927 0.88545579,
          0.66312265 -0.0005959298 0.74851054,
          0.82298386 -0.00045226698 0.56806457,
          0.82298392 -0.00045226701 0.56806463,
          0.91991079 -0.000312194 0.39212757,
          0.94859189 -0.00025198425 0.31650186,
          0.99270892 -9.5965748e-005 0.12053664,
          0.99677145 6.3924832e-005 -0.080292031,
          0.98702222 0.00012784966 -0.16058406,
          0.94859189 0.00025198425 -0.31650186,
          0.91991079 0.00031219402 -0.3921276,
          0.84528375 0.00042539931 -0.53431773,
          0.79933757 0.00047839474 -0.60088205,
          0.69285065 0.00057409162 -0.72108096,
          0.63230973 0.00061679294 -0.77471542,
          0.46472323 0.00070495927 -0.88545579,
          0.4647232 0.00070495927 -0.88545579,
          0.23931564 0.00077301916 -0.97094154,
          0.040440883 0.00079550262 -0.99918163,
          -0.040440883 0.00079550262 -0.99918163,
          -0.19985411 0.00078009203 -0.97982538,
          -0.27838561 0.00076468143 -0.96046907,
          -0.42853439 0.00071934535 -0.90352517,
          -0.50015163 0.0006894198 -0.86593759,
          -0.63230973 0.00061679294 -0.77471542,
          -0.69285065 0.00057409162 -0.72108096,
          -0.79933757 0.00047839474 -0.60088205,
          -0.84528375 0.00042539931 -0.53431773,
          -0.93501627 0.00028232008 -0.35460478,
          -0.98702222 0.00012784966 -0.16058406,
          -0.99677145 6.3924832e-005 -0.080292031,
          -0.99677145 -6.3924832e-005 0.080292031,
          -0.98702222 -0.00012784966 0.16058406,
          -0.93501627 -0.00028232008 0.35460478,
          -0.82298392 -0.00045226701 0.56806463,
          -0.66312271 -0.0005959298 0.74851054,
          -0.66312265 -0.0005959298 0.74851054,
          -0.50015163 -0.0006894198 0.86593759,
          -0.42853439 -0.00071934535 0.90352517,
          -0.27838561 -0.00076468143 0.96046907,
          -0.19985414 -0.00078009203 0.97982538,
          -0.12053668 -0.00079034909 0.99270862,
          -0.09226837 0.99573386 0.00079275761,
          -0.15331446 0.98817718 0.00078674138,
          -0.21400942 0.97683126 0.00077770825,
          -0.36124173 0.93247199 0.00074239145,
          -0.49993232 0.86606419 0.00068952062,
          -0.55243009 0.83355892 0.00066364143,
          -0.67369568 0.73900867 0.00058836484,
          -0.7980172 0.60263443 0.00047978989,
          -0.88097531 0.47316226 0.00037671012,
          -0.90849799 0.41788927 0.00033270428,
          -0.95291835 0.30322707 0.00024141549,
          -0.96981597 0.24383788 0.00019413253,
          -0.9924109 0.12296581 9.7899734e-005,
          -0.99810821 0.061482906 4.8949871e-005,
          -0.99810821 -0.061482914 -4.8949878e-005,
          -0.9924109 -0.12296581 -9.7899734e-005,
          -0.96981597 -0.24383788 -0.00019413253,
          -0.95291835 -0.30322707 -0.00024141549,
          -0.90849799 -0.41788927 -0.00033270428,
          -0.88097531 -0.47316226 -0.00037671012,
          -0.8162421 -0.57770985 -0.00045994611,
          -0.77903157 -0.62698448 -0.00049917627,
          -0.69619006 -0.7178573 -0.00057152507,
          -0.65055895 -0.7594555 -0.00060464372,
          -0.55243009 -0.83355898 -0.00066364143,
          -0.49993232 -0.86606419 -0.00068952062,
          -0.38985786 -0.92087477 -0.00073315826,
          -0.33228108 -0.94318008 -0.00075091672,
          -0.21400942 -0.97683126 -0.00077770825,
          -0.15331446 -0.98817718 -0.00078674138,
          -0.030873163 -0.99952304 -0.00079577439,
          0.030873163 -0.99952304 -0.00079577439,
          0.15331446 -0.98817718 -0.00078674138,
          0.21400942 -0.97683126 -0.00077770825,
          0.33228114 -0.94318008 -0.00075091672,
          0.38985786 -0.92087477 -0.00073315826,
          0.49993232 -0.86606419 -0.00068952062,
          0.55243009 -0.83355892 -0.00066364143,
          0.65055901 -0.7594555 -0.00060464366,
          0.69619006 -0.7178573 -0.00057152507,
          0.77903157 -0.62698448 -0.00049917627,
          0.8162421 -0.57770985 -0.00045994611,
          0.88097531 -0.47316226 -0.00037671012,
          0.90849799 -0.41788927 -0.00033270428,
          0.95291835 -0.30322707 -0.00024141549,
          0.96981597 -0.24383788 -0.00019413253,
          0.9924109 -0.12296581 -9.7899734e-005,
          0.99810821 -0.061482906 -4.8949871e-005,
          0.99810821 0.061482914 4.8949878e-005,
          0.9924109 0.12296581 9.7899734e-005,
          0.96981597 0.24383788 0.00019413253,
          0.95291835 0.30322707 0.00024141549,
          0.90849799 0.41788927 0.00033270428,
          0.88097531 0.47316226 0.00037671012,
          0.8162421 0.57770985 0.00045994611,
          0.77903157 0.62698448 0.00049917627,
          0.69619006 0.7178573 0.00057152507,
          0.65055895 0.7594555 0.00060464372,
          0.55243009 0.83355898 0.00066364143,
          0.49993232 0.86606419 0.00068952062,
          0.38985786 0.92087477 0.00073315826,
          0.33228108 0.94318008 0.00075091672,
          0.18374954 0.98297286 0.00078259793,
          0.09226837 0.99573386 0.00079275761,
          -0.34077221 0.80499732 -0.48564759,
          -0.3965914 0.78570545 -0.4747445,
          -0.36052817 0.81259525 -0.45793948,
          -0.46809861 0.76704168 -0.43878329,
          -0.46482208 0.78513569 -0.40927061,
          -0.53339106 0.74112129 -0.40771714,
          -0.49847493 0.78733146 -0.36281112,
          -0.57970017 0.72851491 -0.36498463,
          -0.57689065 0.74500084 -0.33491954,
          -0.68053824 0.64045644 -0.35592604,
          -0.67827219 0.66105926 -0.32085449,
          -0.78137583 0.53455567 -0.32202795,
          -0.6985696 0.65544015 -0.28705189,
          -0.79815984 0.53319204 -0.28044105,
          -0.71552581 0.65492308 -0.24310213,
          -0.80892825 0.54034364 -0.23165506,
          -0.71827728 0.66434497 -0.20669687,
          -0.82181782 0.53356099 -0.19982034,
          -0.80875015 0.57339156 -0.13094001,
          -0.90410006 0.40671942 -0.13108139,
          -0.83758229 0.53882676 -0.090119891,
          -0.90788984 0.40839478 -0.094603673,
          -0.91775662 0.39657593 -0.021224221,
          -0.95883143 0.26922482 -0.090333946,
          -0.97190619 0.23501168 -0.012960056,
          -0.99691051 0.075551666 -0.021479597,
          -0.9935866 0.10331599 0.045950476,
          -0.99600285 -0.06686426 0.059225127,
          -0.99033183 0.089686282 0.10582729,
          -0.99002302 -0.061813399 0.12662378,
          -0.97994834 0.081728436 0.18171884,
          -0.97757429 -0.1017822 0.1843608,
          -0.96864659 -0.046857838 0.24398379,
          -0.94572127 -0.21800335 0.24101011,
          -0.95589203 -0.099577434 0.27632356,
          -0.92943448 -0.24901406 0.27229306,
          -0.92244035 -0.21532707 0.32052791,
          -0.87544829 -0.39450261 0.27920955,
          -0.87386477 -0.35994563 0.32680187,
          -0.8018682 -0.50439715 0.32029814,
          -0.85118443 -0.3816053 0.36036432,
          -0.77600437 -0.5220775 0.35391009,
          -0.77819818 -0.49209651 0.39019045,
          -0.68747234 -0.62842566 0.36395466,
          -0.67714953 -0.61902088 0.39784637,
          -0.56848925 -0.72589767 0.38715962,
          -0.55937946 -0.714297 0.4205645,
          -0.43745902 -0.80918807 0.39223,
          -0.43325678 -0.79442483 0.42564973,
          -0.29811418 -0.86775833 0.39764744,
          -0.29323116 -0.85357612 0.43060809,
          -0.16399395 -0.89144677 0.42240825,
          -0.166134 -0.87889606 0.44714805,
          -0.060035214 -0.89081395 0.45038465,
          -0.15639873 -0.86536628 0.47610995,
          -0.1086363 -0.85722399 0.50335395,
          -0.28467634 -0.82872444 0.48184565,
          -0.28016919 -0.81562907 0.50621581,
          -0.4138948 -0.75949931 0.50184852,
          -0.39838204 -0.75575233 0.5197404,
          -0.52746403 -0.67363918 0.51767951,
          -0.51780295 -0.6613282 0.54270178,
          -0.62907851 -0.57519841 0.52288342,
          -0.61753267 -0.56466872 0.54754245,
          -0.69928479 -0.46372893 0.54401875,
          -0.67613488 -0.43305886 0.59607196,
          -0.76619023 -0.33794332 0.54657733,
          -0.73577303 -0.30902624 0.60261178,
          -0.77826685 -0.18455629 0.60019976,
          -0.75392747 -0.22826703 0.61602569,
          -0.78325343 -0.090911694 0.61501968,
          -0.70099711 -0.35820729 0.61667717,
          -0.62613404 -0.47676599 0.61696875,
          -0.58952421 -0.53877527 0.601816,
          -0.53162318 -0.58037943 0.61687642,
          -0.49225646 -0.63451451 0.59588164,
          -0.42035764 -0.66573846 0.61651582,
          -0.3720448 -0.70899874 0.59908551,
          -0.29593921 -0.73025364 0.61575133,
          -0.2477365 -0.75855052 0.6026839,
          -0.16183017 -0.7721613 0.61447376,
          -0.12148111 -0.79037023 0.60046417,
          -0.068665765 -0.78712976 0.61295325,
          -0.059001144 -0.83195007 0.55170459,
          -0.40833774 -0.73204833 0.54531235,
          -0.27186802 -0.79150742 0.54736078,
          -0.27695104 -0.80627817 0.52269852,
          -0.14847225 -0.82606018 0.54367328,
          -0.15794027 -0.84053904 0.51821721,
          -0.96490252 0.22990216 -0.12691835,
          -0.98879433 0.11082023 -0.100023,
          -0.98832333 0.07066787 -0.13499276,
          -0.99434179 -0.047821891 -0.094855405,
          -0.98708892 -0.097371139 -0.12717892,
          -0.96781605 -0.2314321 -0.098849393,
          -0.96120828 -0.2369967 -0.1411069,
          -0.91525269 -0.38073373 -0.13173588,
          -0.90433902 -0.37676623 -0.20054458,
          -0.82600033 -0.52403027 -0.20764327,
          -0.88847047 -0.39348751 -0.23619436,
          -0.80707473 -0.53765184 -0.24405095,
          -0.80348057 -0.52103966 -0.28798723,
          -0.70853168 -0.64715356 -0.28138077,
          -0.69973892 -0.63908958 -0.31926486,
          -0.58947849 -0.75214452 -0.29460785,
          -0.58170456 -0.74219179 -0.33282307,
          -0.45380914 -0.82931763 -0.32602075,
          -0.44887444 -0.8167333 -0.36257213,
          -0.30366594 -0.88331151 -0.35713828,
          -0.29811099 -0.86711466 -0.39905149,
          -0.1670184 -0.91540474 -0.36625019,
          -0.16797283 -0.89680278 -0.40930429,
          -0.067259796 -0.91969913 -0.38681993,
          -0.11876549 -0.89008605 -0.44004717,
          -0.065342061 -0.89268762 -0.445914,
          -0.17136523 -0.86917377 -0.46386519,
          -0.99449563 -0.10322454 -0.017976038,
          -0.96725035 -0.25275561 -0.023267174,
          -0.90969229 -0.40423146 -0.095167793,
          -0.91417122 -0.40505853 -0.014783065,
          -0.83032709 -0.54906988 -0.095284738,
          -0.83193934 -0.55436844 -0.023506656,
          -0.73563349 -0.67207283 -0.084625967,
          -0.73821002 -0.67448592 -0.010715562,
          -0.61651576 -0.78686613 -0.027386814,
          -0.61624426 -0.78657275 0.039322719,
          -0.48326173 -0.87527871 -0.01858381,
          -0.4833653 -0.87379593 0.053280782,
          -0.32499588 -0.94565225 -0.010931428,
          -0.32430637 -0.94370669 0.065138988,
          -0.15197037 -0.98744369 0.043128278,
          -0.16079438 -0.97951609 0.12121608,
          -0.073642254 -0.99287099 0.093723334,
          -0.070172697 -0.9734869 0.21771345,
          -0.070156045 -0.99719697 -0.026006188,
          -0.17939968 -0.98348534 -0.023926483,
          -0.15417135 -0.98300755 -0.099635839,
          -0.32386154 -0.94229281 -0.084840886,
          -0.32247916 -0.93823814 -0.12536538,
          -0.46720374 -0.87897342 -0.095532872,
          -0.48596129 -0.86393797 -0.13210921,
          -0.61344194 -0.78288203 -0.10384975,
          -0.61058235 -0.77920216 -0.14153856,
          -0.7324934 -0.66917151 -0.12515146,
          -0.72376263 -0.66113657 -0.19765155,
          -0.83968741 -0.5268203 -0.13185363,
          -0.07017348 -0.984626 -0.15996051,
          -0.17357835 -0.97515768 -0.13761562,
          -0.1783334 -0.96149457 -0.20910607,
          -0.31863543 -0.92699611 -0.19786274,
          -0.31613842 -0.91970265 -0.23281689,
          -0.4622778 -0.86267853 -0.20514639,
          -0.46941516 -0.84983367 -0.23965029,
          -0.60289586 -0.76933599 -0.2112789,
          -0.59764487 -0.76260507 -0.24749583,
          -0.71809077 -0.65592641 -0.23260744,
          -0.45690671 -0.84152156 -0.28823212,
          -0.31193006 -0.90741849 -0.28158727,
          -0.13207278 -0.96218503 -0.2382368,
          -0.068346038 -0.95761079 -0.27983987,
          -0.17505315 -0.94018191 -0.29225749,
          -0.1360697 -0.93265998 -0.33411139,
          -0.30805913 -0.89612466 -0.31946877,
          -0.97012162 -0.23933943 0.039758399,
          -0.96679813 -0.22948505 0.1124194,
          -0.91594392 -0.39591241 0.065575302,
          -0.91575956 -0.3813329 0.12637104,
          -0.8391307 -0.53223652 0.11217929,
          -0.89472336 -0.40545481 0.18728745,
          -0.81426489 -0.55182499 0.18017177,
          -0.82298219 -0.51451719 0.2407745,
          -0.72444594 -0.66207105 0.19193776,
          -0.71480173 -0.65330505 0.24950144,
          -0.59915894 -0.76492286 0.23643504,
          -0.59382844 -0.75814557 0.26941258,
          -0.46993864 -0.84846693 0.24343705,
          -0.45421794 -0.84711373 0.2758339,
          -0.31469041 -0.91587311 0.24929176,
          -0.31162655 -0.90698498 0.28331482,
          -0.13933773 -0.95115274 0.27548784,
          -0.17163901 -0.9321354 0.31884736,
          -0.065536179 -0.93853265 0.33891213,
          -0.17076492 -0.91970003 0.35354099,
          -0.1235017 -0.91142786 0.3924877,
          -0.30265874 -0.88095498 0.36375278,
          -0.17287275 -0.95545131 0.23922363,
          -0.18217681 -0.96669197 0.17977321,
          -0.31893626 -0.92818165 0.1917254,
          -0.32214025 -0.93745679 0.13191079,
          -0.46103522 -0.8681336 0.18382198,
          -0.46944711 -0.87510288 0.11753435,
          -0.60685188 -0.77469498 0.17770337,
          -0.61327803 -0.78283918 0.10513262,
          -0.73172361 -0.66867304 0.13212509,
          -0.73664397 -0.67311555 0.065354601,
          -0.83904213 -0.54262954 0.039516933,
          -0.53050321 0.79307574 -0.29932791,
          -0.61723757 0.73079175 -0.29148129,
          -0.62363011 0.74415922 -0.23940073,
          -0.64448333 0.73874474 -0.1972245,
          -0.55348766 0.80739868 -0.20434974,
          -0.641671 0.75484389 -0.13590096,
          -0.64969248 0.75166774 -0.11355771,
          -0.70433915 0.69766343 -0.13104263,
          -0.73281169 0.67283934 -0.10136275,
          -0.51588392 0.72077805 -0.46297175,
          -0.56291622 0.69994724 -0.43954444,
          -0.65775937 0.63718891 -0.40167528,
          -0.62791604 0.62548834 -0.46312618,
          -0.67089719 0.59718108 -0.43962696,
          -0.75773758 0.51199996 -0.40458596,
          -0.7771343 0.515136 -0.36152077,
          -0.85156482 0.37955403 -0.36162969,
          -0.85487086 0.40106532 -0.32915407,
          -0.91291219 0.25048661 -0.32225439,
          -0.87169999 0.39227709 -0.29369673,
          -0.92834437 0.24372162 -0.28067148,
          -0.88377613 0.39767072 -0.24657206,
          -0.94086909 0.24696794 -0.23188862,
          -0.89154106 0.40113413 -0.21034704,
          -0.94830054 0.24888931 -0.19692706,
          -0.97214073 0.10765622 -0.20821284,
          -0.97607541 -0.073885486 -0.20449392,
          -0.96746397 0.073412381 -0.24212435,
          -0.96598756 -0.086500764 -0.243692,
          -0.95493662 -0.061505444 -0.29036742,
          -0.92954803 -0.23051336 -0.28775692,
          -0.91992897 -0.21421862 -0.3283917,
          -0.86866951 -0.37330166 -0.32566726,
          -0.85704803 -0.36642075 -0.36222187,
          -0.78462106 -0.50307602 -0.36233172,
          -0.77141625 -0.48838866 -0.40791366,
          -0.67714226 -0.61837983 -0.39885432,
          -0.66293138 -0.60532808 -0.44056785,
          -0.56229329 -0.7173537 -0.41137567,
          -0.55368894 -0.70634794 -0.44102296,
          -0.45119497 -0.77598095 -0.44076818,
          -0.54636866 -0.69706541 -0.46430731,
          -0.40147719 -0.78928721 -0.46458781,
          -0.65414166 -0.59715879 -0.46421993,
          -0.74393779 -0.48074448 -0.46415657,
          -0.75387019 -0.48716742 -0.44084883,
          -0.82424766 -0.35588303 -0.44041249,
          -0.8458091 -0.35135451 -0.40144366,
          -0.90031558 -0.2360799 -0.36564764,
          -0.92971408 -0.079756379 -0.35954234,
          -0.94283301 -0.071267217 -0.32555655,
          -0.94175786 0.073496483 -0.32816234,
          -0.95103896 0.10305502 -0.29138383,
          -0.8132596 -0.35112754 -0.46402407,
          -0.86018878 -0.21181603 -0.46390653,
          -0.72263885 0.51307416 -0.46319333,
          -0.76034349 0.47804338 -0.43971857,
          -0.83191073 0.37966913 -0.40469232,
          -0.90255821 0.23351406 -0.36174554,
          -0.79747146 0.38652825 -0.46328732,
          -0.82886249 0.3457467 -0.43982515,
          -0.88318819 0.23687775 -0.40480554,
          -0.92607194 0.084238425 -0.3678242,
          -0.85034561 0.24934059 -0.46340227,
          -0.87456721 0.20392872 -0.43993795,
          -0.9072839 0.09988147 -0.40848452,
          -0.91331249 -0.043726541 -0.40490535,
          -0.88862085 -0.21009453 -0.40769252,
          -0.87164366 -0.21466459 -0.44063187,
          -0.89281595 -0.079598658 -0.44333261,
          -0.88343036 -0.066652648 -0.46379757,
          -0.88235074 0.080351219 -0.46368203,
          -0.89758903 0.065199994 -0.43598488,
          0.33717382 0.79651403 -0.50187564,
          0.37466618 0.80208212 -0.46506938,
          0.40183434 0.77788633 -0.48313773,
          0.45180202 0.77050692 -0.44966009,
          0.51961237 0.71140856 -0.47318161,
          0.55375242 0.70661706 -0.44051182,
          0.64530057 0.60743439 -0.46326092,
          0.64409167 0.62885153 -0.43553606,
          0.73862994 0.50823009 -0.44286343,
          0.68298113 0.60828334 -0.40438622,
          0.77410948 0.48697871 -0.40448278,
          0.77073228 0.52635336 -0.35905978,
          0.85156649 0.37955078 -0.36162934,
          0.8630861 0.38654372 -0.32506394,
          0.91507936 0.23850913 -0.32518178,
          0.92606366 0.24458145 -0.2873781,
          0.9539274 0.07597962 -0.2902579,
          0.9646107 0.10106072 -0.24354263,
          0.96962953 -0.064453766 -0.23593314,
          0.9750188 0.080138668 -0.20716248,
          0.97605044 -0.073885664 -0.20461288,
          0.98638546 -0.093730174 -0.13512358,
          0.95179433 -0.22598727 -0.20740618,
          0.95947886 -0.24625969 -0.13695453,
          0.89992094 -0.38879547 -0.19743474,
          0.91077673 -0.39354512 -0.12493202,
          0.82499093 -0.54954499 -0.13187222,
          0.84142095 -0.53191549 -0.09527161,
          0.74186957 -0.66372651 -0.095376559,
          0.75662422 -0.65359062 -0.018414214,
          0.63813055 -0.76970577 -0.018506661,
          0.72856802 -0.68347234 0.045324177,
          0.62090111 -0.7820726 0.053332865,
          0.72765672 -0.67672557 0.11206391,
          0.5903908 -0.79851443 0.11753074,
          0.6190607 -0.76275432 0.18700194,
          0.47885275 -0.85843533 0.18381774,
          0.45740083 -0.8552956 0.24342152,
          0.30229041 -0.9223907 0.24044956,
          0.33863285 -0.89962476 0.27568662,
          0.14761688 -0.94916892 0.27800679,
          0.29495528 -0.90070319 0.3189595,
          0.17234863 -0.92939925 0.3263633,
          0.30529428 -0.88511759 0.35122964,
          0.16736965 -0.91738087 0.36110911,
          0.29113221 -0.87363064 0.38988656,
          0.10755514 -0.91256535 0.39453325,
          0.17361894 -0.8881768 0.42543915,
          0.061373752 -0.89074123 0.45034799,
          0.15869738 -0.8777808 0.45201334,
          0.15879986 -0.86252797 0.48044583,
          0.28697014 -0.83210683 0.47460145,
          0.27246559 -0.82216185 0.49981242,
          0.41658095 -0.77301258 0.47844738,
          0.41294527 -0.76002097 0.50184083,
          0.52781481 -0.70032877 0.48057392,
          0.53286898 -0.68128085 0.50190359,
          0.64052421 -0.6018706 0.47694933,
          0.63812166 -0.5837943 0.5019812,
          0.73521733 -0.4799169 0.47868073,
          0.72580522 -0.47024569 0.50207156,
          0.80400997 -0.34788314 0.48222953,
          0.79128045 -0.34240073 0.50659353,
          0.83744895 -0.22160612 0.49956977,
          0.83087265 -0.20022519 0.51919228,
          0.86242056 -0.076317616 0.50040627,
          0.85306114 -0.041113004 0.52018887,
          0.86111164 0.077285796 0.50250751,
          0.84935766 0.096104212 0.51899481,
          0.83641154 0.21860673 0.50261998,
          0.82302624 0.22735299 0.52051747,
          0.78868312 0.35389796 0.50272769,
          0.77403349 0.36031029 0.52062333,
          0.71924055 0.47943455 0.5028277,
          0.70372987 0.483336 0.52072126,
          0.63847256 0.58031344 0.50555831,
          0.61405092 0.59304291 0.52080858,
          0.54320216 0.67364097 0.50113803,
          0.51677012 0.67840517 0.52222139,
          0.43312967 0.74779063 0.50319779,
          0.41513833 0.74676514 0.5196172,
          0.33271071 0.79693174 0.50418597,
          0.31930587 0.79169041 0.520836,
          0.26005605 0.82147396 0.50749522,
          0.22746181 0.82100213 0.5236569,
          0.1491944 0.83947545 0.52251518,
          0.11997534 0.8284654 0.54703844,
          0.00050910551 0.83666927 0.54770827,
          0.016354175 0.8015663 0.59768218,
          -0.079756595 0.79218328 0.60504913,
          0.0050796876 0.78514147 0.61929566,
          -0.14139806 0.77188951 0.61983329,
          0.29890767 0.82750684 0.47527543,
          0.38043189 0.78908676 0.48230031,
          0.39037117 0.80550909 0.44583127,
          0.44778106 0.7555939 0.47808996,
          0.45937616 0.76672214 0.44845372,
          0.56212026 0.69257653 0.45206049,
          0.54209048 0.72383481 0.42685017,
          0.64149678 0.63753712 0.4266479,
          0.5863775 0.70824099 0.39313632,
          0.68708301 0.61097556 0.39322501,
          0.68178737 0.63767284 0.35852405,
          0.77443254 0.51684314 0.3648665,
          0.78519845 0.52406007 0.32988551,
          0.85052931 0.38497347 0.35832286,
          0.86371046 0.38625693 0.32374346,
          0.90252584 0.23902935 0.35820666,
          0.91573322 0.23811591 0.3236255,
          0.93220276 0.084220372 0.3520014,
          0.94452423 0.085365005 0.3171542,
          0.94367027 -0.070083208 0.32338014,
          0.95994115 -0.046205401 0.27636608,
          0.93586546 -0.22229323 0.27338931,
          0.96460015 -0.10019581 0.24394128,
          0.93943256 -0.24481577 0.23985764,
          0.95638114 -0.22891741 0.18147154,
          0.90077055 -0.38947281 0.19215477,
          0.90981954 -0.39333624 0.13234431,
          0.83085775 -0.52515614 0.18408307,
          0.83721906 -0.53403306 0.11778388,
          0.74024904 -0.64776319 0.18009515,
          0.40152654 0.82076961 0.40634191,
          0.44543663 0.78362942 0.43302563,
          0.49619421 0.77414972 0.39304385,
          0.54364628 0.68877745 0.47961906,
          0.6327095 0.60686922 0.48102856,
          0.66724312 0.5931322 0.45053396,
          0.73186928 0.48424855 0.47944841,
          0.74782163 0.48524448 0.4531011,
          0.80193096 0.3565577 0.47934669,
          0.81150019 0.37219459 0.45048711,
          0.84991372 0.21903951 0.47923726,
          0.86193311 0.23287913 0.45037618,
          0.8744964 0.075480148 0.47912297,
          0.89075387 0.072933383 0.44859582,
          0.87736219 -0.054022104 0.47677791,
          0.88820654 -0.092736341 0.44998786,
          0.8559196 -0.19903508 0.47726995,
          0.86354131 -0.23204815 0.44771653,
          0.8176232 -0.3537446 0.45426545,
          0.82817143 -0.3582851 0.43100336,
          0.7535249 -0.47944984 0.44980907,
          0.75923437 -0.49212551 0.42588216,
          0.66062337 -0.60380423 0.44609106,
          0.67881066 -0.60043329 0.42272463,
          0.5653649 -0.70521545 0.42782438,
          0.67315471 -0.62825072 0.39008194,
          0.55514854 -0.73168808 0.39552838,
          0.57423604 -0.73338318 0.3638711,
          0.44197476 -0.80673379 0.39222309,
          0.44849563 -0.81923294 0.35736415,
          0.74562365 0.51008129 0.42879194,
          0.7712732 0.4979153 0.39650732,
          0.83754504 0.37939119 0.39316744,
          0.88880187 0.2356706 0.39305303,
          0.91762853 0.073198065 0.39064041,
          0.93084747 -0.073411249 0.3579579,
          0.91913348 -0.22516401 0.32325667,
          0.88012558 -0.3806228 0.28373456,
          0.88877904 -0.38433588 0.24971558,
          0.81032997 -0.51685816 0.27608499,
          0.81049162 -0.53265774 0.24367839,
          0.72304189 -0.63500714 0.27198613,
          0.70631909 -0.66573197 0.24065393,
          0.60350561 -0.74698073 0.27892792,
          0.5821979 -0.77457458 0.2471434,
          0.47645837 -0.8361209 0.27182603,
          0.82526052 0.37011385 0.42656866,
          0.87515676 0.22855192 0.42645591,
          0.90088534 0.096126594 0.42327923,
          0.90361392 -0.043772493 0.42610547,
          0.91472787 -0.095335744 0.39266267,
          0.90594137 -0.22632627 0.35783616,
          0.86668104 -0.37484822 0.32916987,
          0.79360151 -0.5156076 0.32302541,
          0.70023412 -0.63988382 0.31657681,
          0.88187778 -0.20646971 0.42386535,
          0.88999093 -0.23700158 0.38954645,
          0.85479784 -0.36974004 0.36416063,
          0.78538883 -0.50524908 0.35761413,
          0.69109952 -0.63156748 0.35143155,
          0.58221895 -0.74354666 0.32887629,
          0.44206396 -0.8379491 0.32003242,
          0.77367342 -0.49739039 0.39246938,
          0.84196258 -0.36421955 0.39804927,
          0.54926282 -0.70157313 0.45398858,
          0.43287405 -0.78135014 0.44956872,
          0.4318212 -0.7952109 0.42564085,
          0.2918314 -0.84617335 0.44589806,
          0.3094089 -0.85190332 0.42252439,
          0.066910997 -0.93844682 0.33888116,
          0.071564749 -0.97339034 0.21769188,
          0.15976208 -0.95666873 0.2434359,
          0.18794709 -0.96485084 0.18368115,
          0.34065917 -0.92281961 0.17987615,
          0.29769167 -0.9474144 0.11741217,
          0.4502393 -0.88514823 0.11746176,
          0.3318795 -0.94182014 0.053205684,
          0.48303986 -0.87397707 0.053259697,
          0.35218167 -0.93574601 -0.018638853,
          0.50206763 -0.86462873 -0.018582232,
          0.48479393 -0.8693946 -0.095540293,
          0.62189281 -0.7772615 -0.095466949,
          0.60060179 -0.78856641 -0.13206251,
          0.7227459 -0.67839599 -0.1319748,
          0.72730064 -0.65499032 -0.20499159,
          0.82562244 -0.52570736 -0.20488867,
          0.81227583 -0.53187507 -0.23940949,
          0.89286852 -0.38571954 -0.23239233,
          0.88098288 -0.38054362 -0.28116849,
          0.94084376 -0.2318792 -0.24707329,
          0.92464203 -0.24488999 -0.29166079,
          0.95267338 -0.098631442 -0.28755048,
          0.91847789 -0.22453371 -0.32555038,
          0.94300491 -0.069562897 -0.32542706,
          0.90588343 -0.21966845 -0.36210638,
          0.92978412 -0.066846788 -0.36198473,
          0.88656425 -0.22324757 -0.40517199,
          0.91132849 -0.073570676 -0.40505278,
          0.87753224 -0.19917521 -0.43619531,
          0.89465988 -0.055301335 -0.44331208,
          0.86018646 -0.21181098 -0.46391317,
          0.88343036 -0.066652648 -0.46379757,
          0.88235146 0.080350965 -0.46368057,
          0.89462024 0.097952038 -0.43595877,
          0.91039723 0.065535143 -0.40851188,
          0.8905049 0.20788178 -0.40470499,
          0.92607206 0.084237754 -0.36782426,
          0.90255725 0.23351774 -0.3617456,
          0.93934643 0.085412614 -0.33216417,
          0.84392482 0.35227528 -0.40459004,
          0.81386256 0.38440415 -0.43573067,
          0.80801266 0.36376515 -0.46345484,
          0.73679954 0.49237278 -0.46335253,
          0.86388707 0.23954478 -0.44307736,
          0.85697943 0.22515249 -0.46356529,
          0.14064682 -0.98150545 0.12986757,
          0.15801641 -0.98589426 0.055166066,
          0.19259939 -0.98109978 -0.018674964,
          0.33434755 -0.93758917 -0.095594592,
          0.46192184 -0.87702292 -0.13213293,
          0.60895467 -0.76623523 -0.20508017,
          0.71311337 -0.65886581 -0.23951061,
          0.80498332 -0.51871592 -0.28798577,
          0.87005001 -0.37578815 -0.31905523,
          0.075030141 -0.99276805 0.093713619,
          0.071608692 -0.9970938 -0.026003499,
          0.4188334 0.81026 -0.40994796,
          0.49236652 0.77670133 -0.39282346,
          0.58286697 0.70493954 -0.40413669,
          0.51243877 0.79052347 -0.33537909,
          0.55935556 0.74487418 -0.3637085,
          0.66099089 0.65769428 -0.3612884,
          0.69780606 0.63627642 -0.32896671,
          0.78825068 0.52661431 -0.31833676,
          0.87290996 0.39434829 -0.28725883,
          0.94066936 0.24107818 -0.23879413,
          0.94509661 0.2550832 -0.20426705,
          0.98840553 0.076128423 -0.13137409,
          0.993361 -0.065022573 -0.094899893,
          0.96571231 -0.23812784 -0.10341606,
          0.97410548 -0.22504844 -0.021718856,
          0.91468102 -0.39526486 -0.084405579,
          0.92532802 -0.37892893 -0.013448888,
          0.85428631 -0.51948029 -0.018307442,
          0.91282433 -0.40407407 0.058956601,
          0.8231765 -0.56526065 0.053486124,
          0.96010011 -0.25695807 0.11036523,
          0.98768157 -0.10267052 0.11808473,
          0.98171878 -0.047151249 0.18440428,
          0.99034071 0.080817744 0.11266702,
          0.97740948 0.10963061 0.18069814,
          0.95887518 0.25794661 0.11841442,
          0.94799173 0.25921959 0.18470755,
          0.90300637 0.41295061 0.11853781,
          0.8920536 0.4124057 0.18482952,
          0.81677967 0.56335324 0.12451589,
          0.81608289 0.54479241 0.19289859,
          0.7229107 0.66570532 0.18503118,
          0.72439432 0.64455867 0.24453422,
          0.63709068 0.73109859 0.24415223,
          0.68137002 0.67752337 0.27694225,
          0.59209478 0.75530529 0.28095847,
          0.60351229 0.73056793 0.31944257,
          0.51899296 0.79368764 0.31734252,
          0.57356566 0.73668265 0.35821933,
          0.49045107 0.79241365 0.3626824,
          0.68799865 0.64939392 0.32395291,
          0.79027265 0.54506278 0.27995658,
          0.87387657 0.3996416 0.27681464,
          0.92796642 0.24963585 0.27669522,
          0.95633209 0.10550532 0.27257568,
          0.9677574 0.072444506 0.24124163,
          0.93975985 0.23910774 0.24429284,
          0.88725281 0.39120889 0.24441393,
          0.81620079 0.52175206 0.24817546,
          0.54618388 0.80050331 0.24673393,
          0.63798624 0.7485947 0.18049802,
          0.71327156 0.68924475 0.12722181,
          0.73302078 0.677571 0.059817757,
          0.84541649 0.53133428 0.054359186,
          0.81578809 0.57808816 -0.017433608,
          0.90014613 0.43523446 -0.017547339,
          0.82215482 0.56138211 -0.094401181,
          0.90365273 0.4177064 -0.09451557,
          0.83718216 0.53205138 -0.12667783,
          0.90955794 0.39434975 -0.13112074,
          0.81531316 0.54458869 -0.19669162,
          0.88993347 0.40785182 -0.20414542,
          0.80319095 0.54721975 -0.23544613,
          0.88788748 0.39330781 -0.2386729,
          0.80585122 0.52001262 -0.28317949,
          0.96222788 0.23852114 -0.13124481,
          0.99045068 0.1001323 -0.094768412,
          0.9986884 -0.047957845 -0.017932039,
          0.99615693 -0.069038168 0.053900559,
          0.97103482 -0.23280939 0.053770166,
          0.99597591 0.076957569 0.045929596,
          0.97249866 0.22653431 0.054116521,
          0.99287277 0.11784218 -0.017800033,
          0.95972115 0.28039813 -0.017670613,
          0.96027088 0.26253235 -0.094639115,
          0.92164505 0.38422412 0.054242063,
          0.57056057 0.80701393 0.15228011,
          0.65875286 0.74474984 0.10673568,
          0.56951338 0.82009023 0.055736531,
          0.66636109 0.74450743 0.04088486,
          0.65566868 0.7548508 -0.01728702,
          0.70896947 0.70502621 -0.017332545,
          0.66342586 0.74353838 -0.083766803,
          0.71802121 0.68960375 -0.094299115,
          0.65555131 0.74487388 -0.12415877,
          0.73453611 0.66510254 -0.13451944,
          0.63504332 0.74499965 -0.20419478,
          0.72545844 0.65615481 -0.20777611,
          0.68848121 0.6849668 -0.23835731,
          0.70425832 0.64810097 -0.28980246,
          0.60692304 0.72551441 -0.32445857,
          0.59840751 0.74812287 -0.28674144,
          0.5464896 0.79740632 -0.25591481,
          0.62621301 0.74236864 -0.23821452,
          0.56949335 0.80484742 -0.16702731,
          0.56818449 0.81801885 -0.089507349,
          0.15366447 -0.98309481 -0.099557944,
          0.071594402 -0.98452634 -0.15994434,
          0.17304386 -0.97526407 -0.13753515,
          0.17782018 -0.96159875 -0.20906444,
          0.32568479 -0.92294121 -0.20520492,
          0.31135753 -0.91956061 -0.23971815,
          0.45915824 -0.85541421 -0.23966707,
          0.45902407 -0.84036517 -0.28824183,
          0.57925874 -0.76399523 -0.28420174,
          0.59188348 -0.73845649 -0.3230418,
          0.69928938 -0.65299892 -0.2908383,
          0.70706636 -0.62544078 -0.32997125,
          0.7930696 -0.51469147 -0.3257814,
          0.78091735 -0.50880277 -0.36233655,
          0.85764229 -0.37039545 -0.35673079,
          0.83509564 -0.3749989 -0.40248147,
          0.59431726 -0.76771104 -0.23959725,
          0.47384271 -0.85637945 -0.20515193,
          0.31052411 -0.94132996 -0.13218413,
          0.82758254 -0.34406045 -0.44354197,
          0.7644676 -0.47448048 -0.43641445,
          0.74394178 -0.48076653 -0.4641273,
          0.66999167 -0.59515065 -0.44374195,
          0.65414166 -0.59715879 -0.46421996,
          0.54633141 -0.69709969 -0.46429953,
          0.8132596 -0.35112754 -0.46402407,
          0.56779218 -0.69785333 -0.43659237,
          0.43912303 -0.78110993 -0.44388995,
          0.42347944 -0.77783769 -0.46436378,
          0.28896812 -0.83714986 -0.46441102,
          0.30901664 -0.84486312 -0.43670937,
          0.14407535 -0.88624018 -0.44025064,
          0.14650081 -0.87340319 -0.4644399,
          0.066268027 -0.89305907 -0.44503272,
          0.068562038 -0.91961741 -0.38678554,
          0.15069184 -0.90142268 -0.40586838,
          0.17885524 -0.91464227 -0.36254719,
          0.27432975 -0.87192917 -0.4055647,
          0.3166734 -0.87501293 -0.3661561,
          0.41478583 -0.8145594 -0.40551901,
          0.44259548 -0.82014751 -0.3625845,
          0.54382199 -0.73475409 -0.40545553,
          0.57216704 -0.73566723 -0.36251721,
          0.65788531 -0.63471043 -0.40537584,
          0.68598557 -0.63092434 -0.36243382,
          0.75383568 -0.51718283 -0.40528226,
          0.45046869 -0.83113194 -0.32603335,
          0.30763379 -0.89135361 -0.3329418,
          0.30199969 -0.90779471 -0.29104117,
          0.13765725 -0.93437141 -0.32863447,
          0.069727115 -0.95751911 -0.27981311,
          0.15845999 -0.94429815 -0.28842941,
          0.13173983 -0.96226716 -0.23808932,
          -0.19098611 0.77409595 0.60357249,
          -0.10529303 0.82954931 0.54841703,
          -0.18888703 0.81755209 0.54399472,
          -0.12723921 0.84010917 0.52728248,
          -0.18889922 0.82923895 0.52600372,
          -0.22007036 0.83166945 0.50979894,
          -0.29855075 0.79993933 0.5205425,
          -0.31176105 0.80822903 0.49957061,
          -0.40813187 0.75889403 0.50745273,
          -0.40192029 0.77866232 0.48181438,
          -0.52463567 0.6901201 0.49848938,
          -0.52145052 0.70724559 0.4773815,
          -0.63936841 0.60106325 0.47951123,
          -0.53466791 0.71480727 0.45075598,
          -0.63867021 0.62533045 0.44839966,
          -0.55666572 0.71403158 0.42459658,
          -0.6758371 0.60103309 0.42661873,
          -0.65208989 0.64817387 0.39325494,
          -0.75706369 0.52001584 0.39552262,
          -0.67838293 0.64129126 0.35852784,
          -0.77511966 0.52030426 0.35843128,
          -0.69043308 0.64680558 0.32395178,
          -0.78791177 0.52375001 0.32385358,
          -0.71806318 0.63851827 0.27691108,
          -0.80524904 0.52194768 0.28132656,
          -0.80135119 0.54474163 0.24716969,
          -0.8806774 0.38652354 0.27387384,
          -0.88013142 0.40937403 0.24037825,
          -0.9352653 0.25357565 0.24693756,
          -0.89965439 0.39687413 0.1819696,
          -0.95258468 0.23826244 0.18924437,
          -0.95873129 0.25136268 0.13285761,
          -0.32891941 0.81283045 0.48074809,
          -0.36499155 0.81542277 0.44929591,
          -0.46050349 0.76296026 0.4536829,
          -0.28615475 0.78730166 0.54614264,
          -0.28422716 0.75047261 0.59666228,
          -0.27959436 0.73393852 0.61900032,
          -0.37098306 0.70522588 0.60417563,
          -0.41694996 0.66665733 0.61783552,
          -0.48038587 0.6401096 0.59957409,
          -0.52872771 0.5819909 0.61784601,
          -0.58240354 0.54887378 0.59961969,
          -0.62391323 0.47904268 0.61745477,
          -0.66718352 0.44157663 0.59989697,
          -0.69959551 0.36091959 0.61668724,
          -0.73572481 0.31883353 0.59754014,
          -0.75341558 0.23122947 0.61554676,
          -0.7746079 0.18595535 0.60448593,
          -0.78545058 0.07149148 0.61478168,
          -0.79840064 0.077924013 0.59706318,
          -0.79994553 -0.046061397 0.59830225,
          -0.83633047 0.060933158 0.54482895,
          -0.83567506 -0.073161773 0.54432952,
          -0.85056746 -0.076474592 0.52027547,
          -0.82627875 -0.21608531 0.52016413,
          -0.84300369 -0.1975731 0.50030959,
          -0.79788405 -0.32942897 0.50483429,
          -0.8014878 -0.35632235 0.48026228,
          -0.73261142 -0.46171534 0.50009954,
          -0.73103553 -0.4884665 0.47643226,
          -0.64662611 -0.59119892 0.48203579,
          -0.65757459 -0.60118014 0.45406845,
          -0.54263169 -0.69296408 0.47471216,
          -0.55182379 -0.70467365 0.44601074,
          -0.42105439 -0.78778124 0.44957089,
          -0.666058 -0.60891289 0.43080387,
          -0.75270593 -0.50465137 0.42280117,
          -0.8252576 -0.36835581 0.42809337,
          -0.84829605 -0.35172626 0.39583129,
          -0.87601942 -0.23161575 0.42301792,
          -0.89603448 -0.21142232 0.39041358,
          -0.89982456 -0.093722075 0.42606574,
          -0.91859412 -0.044373933 0.39270324,
          -0.90288204 0.070393741 0.42408571,
          -0.91551262 0.099405967 0.38981426,
          -0.88537377 0.24464014 0.39530304,
          -0.90526086 0.22234921 0.36202723,
          -0.85651714 0.37405506 0.35561401,
          -0.91174924 0.24959898 0.32621098,
          -0.85794854 0.4019039 0.3199963,
          -0.83292216 0.39256033 0.39004743,
          -0.83043677 0.36101228 0.424317,
          -0.75949818 0.48840588 0.42967695,
          -0.8078028 0.38283971 0.44820595,
          -0.73390412 0.50676429 0.45229936,
          -0.80242449 0.36050826 0.47555089,
          -0.73787189 0.47296426 0.48150808,
          -0.79090428 0.35530904 0.49822283,
          -0.71250039 0.4874807 0.50468385,
          -0.78139937 0.3455475 0.51962674,
          -0.71389085 0.46631831 0.52240509,
          -0.76115978 0.35209751 0.54466796,
          -0.70156896 0.45760754 0.54625678,
          -0.61860579 0.60143232 0.50557494,
          -0.63256121 0.57227349 0.52189022,
          -0.51739925 0.6805796 0.5187577,
          -0.51870096 0.65847725 0.54530454,
          -0.40344414 0.7501598 0.52392083,
          -0.39604002 0.73636538 0.54856032,
          -0.62163609 0.56009907 0.5475927,
          -0.90374464 -0.24048899 0.35413364,
          -0.9287647 -0.096752167 0.35782,
          -0.94519562 -0.045709342 0.32328922,
          -0.95865709 0.078129612 0.27362841,
          -0.96558529 0.099908926 0.24013208,
          -0.93152452 0.23075543 0.28109443,
          -0.94219965 0.10007899 0.31975618,
          -0.93177235 0.074219704 0.35537544,
          -0.75450796 -0.47945163 0.44815615,
          -0.8229565 -0.34356844 0.45244157,
          -0.85423702 -0.21109982 0.47509587,
          -0.86870772 -0.21464661 0.44640094,
          -0.89047575 -0.053684283 0.45185289,
          -0.87277108 -0.082744502 0.48106557,
          -0.87609297 0.066875763 0.47748172,
          -0.88861144 0.098407328 0.4479796,
          -0.85917342 0.23966438 0.45208642,
          -0.87737405 0.21396326 0.42945832,
          -0.81550485 -0.19266839 0.5457387,
          -0.77925026 -0.34972546 0.52005881,
          -0.71077383 -0.47375381 0.51995951,
          -0.63638842 -0.58186424 0.50640291,
          -0.53484118 -0.68303889 0.49739614,
          -0.42283833 -0.76960248 0.47845563,
          -0.28949636 -0.84272724 0.45387521,
          -0.84723347 0.22183909 0.48268315,
          -0.86123621 0.091939159 0.4998194,
          -0.83381957 0.21830127 0.50703996,
          -0.85175776 0.076796599 0.51827699,
          -0.82708079 0.20795482 0.52219933,
          -0.8083359 0.21763027 0.54701936,
          -0.86369538 -0.041911367 0.50226861,
          -0.46976009 0.77080965 0.43032315,
          -0.47475061 0.78220785 0.40343869,
          -0.50088906 0.7855708 0.36330259,
          -0.54526782 0.73869991 0.39623922,
          -0.58236074 0.72759384 0.36257848,
          -0.57994223 0.74327683 0.33347648,
          -0.53423023 0.79092681 0.2983838,
          -0.62444961 0.73043281 0.2766417,
          -0.68776983 0.68349141 0.24456543,
          -0.73436874 0.65306336 0.18496169,
          -0.82273304 0.53591704 0.18948168,
          -0.81678396 0.56334686 0.1245167,
          -0.90689397 0.40778711 0.10608054,
          -0.96333051 0.26164034 0.059486687,
          -0.60733151 0.75511086 0.24689287,
          -0.64865255 0.73835182 0.18462546,
          -0.70935631 0.69401658 0.1231042,
          -0.72505254 0.68575609 0.063541636,
          -0.83404899 0.54900247 0.054394007,
          -0.73000419 0.68319011 -0.018578207,
          -0.84211063 0.53915495 -0.012717554,
          -0.65814877 0.75144249 -0.046631973,
          -0.65527624 0.75533694 -0.0088945078,
          -0.65877354 0.74919879 0.068692721,
          -0.65565366 0.74985927 0.088483743,
          -0.63895744 0.75475758 0.14857453,
          -0.5588125 0.80313301 0.20665427,
          -0.90554059 0.4217363 0.046203658,
          0.097356781 0.78814381 0.60774249,
          0.14851458 0.77076501 0.61956829,
          0.21161805 0.76831388 0.60407931,
          0.2914423 0.72914153 0.6192044,
          0.30317956 0.7419762 0.59795779,
          0.38672712 0.69832522 0.60231555,
          0.32726219 0.77092505 0.54641938,
          0.42040592 0.72631788 0.54380262,
          0.50578433 0.66653538 0.54764301,
          0.59430486 0.59027606 0.54623795,
          0.49432734 0.62794715 0.6011014,
          0.58841056 0.54245961 0.59959215,
          0.52872139 0.58200157 0.6178413,
          0.62391382 0.4790436 0.61745358,
          0.41949379 0.66397548 0.61900055,
          0.69300514 0.46935534 0.54721975,
          0.76764888 0.33529893 0.54615921,
          0.81259704 0.20374143 0.54605448,
          0.83615696 0.075361907 0.54328835,
          0.66787392 0.43615463 0.60308683,
          0.73225993 0.32136375 0.60043383,
          0.69959539 0.36091807 0.61668831,
          0.75341552 0.23123099 0.61554629,
          0.77570456 0.19185312 0.6012277,
          0.80160683 0.072190091 0.59347713,
          0.83606601 -0.055165742 0.54584831,
          0.78545082 0.071491197 0.61478132,
          0.79752731 -0.049338024 0.60126215,
          0.8155064 -0.19266129 0.54573894,
          0.7821914 -0.33848551 0.52307194,
          0.72324586 -0.45446876 0.51997459,
          0.63820863 -0.56781155 0.51988441,
          0.53560007 -0.66553271 0.51980656,
          0.4182452 -0.74494153 0.51974338,
          0.29712081 -0.80193847 0.51827979,
          0.16210556 -0.83889991 0.51958519,
          0.095399857 -0.85780925 0.50503683,
          0.060206577 -0.83189017 0.55166483,
          0.78325361 -0.090913229 0.61501914,
          0.7782675 -0.18454936 0.60020095,
          0.76783538 -0.33230034 0.54772741,
          0.69879383 -0.46269965 0.54552394,
          0.62557745 -0.55926698 0.54394251,
          0.5208692 -0.6559158 0.5463239,
          0.3928428 -0.74048603 0.54530269,
          0.25987259 -0.79772937 0.54414541,
          0.75392693 -0.22826298 0.61602777,
          0.73576963 -0.30903533 0.60261118,
          0.6768682 -0.42802179 0.59887135,
          0.59285724 -0.54175222 0.59583974,
          0.70099831 -0.35821012 0.61667407,
          0.626127 -0.47678202 0.61696357,
          0.5316264 -0.58035088 0.61690062,
          0.48905569 -0.63131446 0.60188597,
          0.37963018 -0.705006 0.5990389,
          0.25400075 -0.7588774 0.59965718,
          0.12108838 -0.79035956 0.60055751,
          0.13858436 -0.82670897 0.545295,
          0.06916444 -0.78734112 0.61262572,
          0.16176136 -0.77206379 0.61461431,
          0.29583997 -0.73031527 0.61572587,
          0.42039669 -0.66573989 0.61648774,
          0.23662195 0.80243444 0.54782206,
          -0.94479531 -0.2527639 -0.20849997,
          -0.94410145 -0.22687304 -0.23916741,
          -0.87860757 -0.38102102 -0.28787464,
          -0.79495007 -0.51178372 -0.32577872,
          -0.68975997 -0.62994194 -0.35693747,
          -0.57348424 -0.73167139 -0.3684738,
          -0.43320194 -0.80486292 -0.40562546,
          -0.29212359 -0.84892583 -0.4404417,
          -0.28896931 -0.83715343 -0.46440393,
          -0.94965917 -0.25612673 0.1804066,
          -0.89675635 -0.36686155 0.24746846,
          -0.79748881 -0.53851014 0.27206323,
          -0.70784217 -0.64697331 0.28352249,
          -0.69702941 -0.63713002 0.32896101,
          -0.58491111 -0.74680132 0.31649163,
          -0.57728076 -0.73709011 0.35134754,
          -0.45416397 -0.83038855 0.32278475,
          -0.44444048 -0.82143611 0.35737279,
          -0.30686626 -0.89316982 0.32875636,
          0 0.00079615391 -0.9999997,
          1.3576752e-013 0.00079615391 -0.9999997,
          -1.3576752e-013 0.00079615391 -0.9999997,
          0 0.9999997 0.00079615391,
          0.4202556 0.59339428 0.68649006,
          0.25749019 0.67941451 0.68709159,
          0.36057147 0.59613222 0.71736652,
          0.25147438 0.62160599 0.74186701,
          0.35818431 0.51357579 0.77970755,
          0.22380735 0.51298839 0.82870573,
          0.34165788 0.37743369 0.86070538,
          0.20312722 0.37802592 0.90323621,
          0.29549113 0.22816446 0.92769933,
          0.14951983 0.22813706 0.9620797,
          0.22857636 0.076139912 0.97054404,
          0.076799683 0.076121129 0.99413657,
          0.153143 -0.077696934 0.98514491,
          -8.0010809e-010 -0.077706359 0.99697638,
          0.074982703 -0.22967562 0.97037458,
          -0.074982703 -0.22967559 0.97037458,
          1.0179739e-009 -0.36573541 0.93071884,
          -0.13180263 -0.37985387 0.91560864,
          -1.4761624e-009 -0.5047856 0.86324471,
          -0.1540118 -0.51397699 0.84386492,
          -0.065011501 -0.63891453 0.7665258,
          -0.19526082 -0.62623531 0.75478637,
          -0.12372415 -0.69804305 0.70528603,
          -0.24560532 -0.68418753 0.6867063,
          -5.9667457e-016 -0.70305133 0.7111392,
          0.065011501 -0.63891459 0.76652569,
          0.15401182 -0.51397705 0.84386498,
          0.13180262 -0.3798539 0.91560864,
          0.27322394 -0.37911358 0.8840937,
          0.22316852 -0.22965726 0.94734013,
          0.3660579 -0.22962101 0.9018181,
          0.30265146 -0.077668905 0.94993144,
          0.44497705 -0.07762292 0.89217156,
          0.37492818 0.076177038 0.92391884,
          0.51238173 0.076231614 0.85536754,
          0.43444943 0.22820933 0.871306,
          0.56309694 0.22827069 0.79423821,
          0.47185236 0.37703687 0.79699343,
          0.57412672 0.35858366 0.73606813,
          0.46914178 0.49481338 0.73148197,
          0.56818563 0.44463298 0.69243532,
          0.49028343 0.53726912 0.68626827,
          0.65130001 0.32462776 0.68587548,
          0.6412254 0.23034951 0.7319625,
          0.69516158 0.15749113 0.70138931,
          0.64025515 0.078932345 0.7640962,
          0.70000494 0.056658879 0.71188694,
          0.67364019 -0.070776902 0.7356627,
          0.72193384 -0.06744533 0.6886673,
          0.68553376 -0.19351497 0.70185143,
          0.57674187 -0.077560075 0.8132363,
          0.61684895 -0.22423227 0.75446492,
          0.6267792 -0.32180715 0.70963937,
          0.50025946 -0.22956772 0.8348887,
          0.53868628 -0.37216789 0.75584924,
          0.54115349 -0.4430095 0.71476954,
          0.40800458 -0.37853426 0.8308093,
          0.43213272 -0.5049724 0.74717081,
          0.47444227 -0.52100348 0.70954919,
          0.39553314 -0.60003334 0.69535142,
          0.31465456 -0.60277247 0.73325157,
          0.24560532 -0.68418753 0.6867063,
          0.19526082 -0.62623525 0.75478643,
          0.12372415 -0.69804305 0.70528603,
          0.29202074 -0.5145871 0.80617869,
          0.14080223 0.69258934 0.70745659,
          0.11989644 0.63734424 0.76119471,
          0.08311265 0.51223558 0.85481411,
          0.059692465 0.37881395 0.92354578,
          0 0.22812787 0.9736312,
          -0.076799683 0.076121129 0.99413657,
          -0.153143 -0.077696934 0.98514491,
          -0.22316852 -0.22965726 0.94734013,
          -0.27322394 -0.37911358 0.8840937,
          -0.29202074 -0.5145871 0.80617863,
          -0.31465456 -0.60277247 0.73325157,
          -0.39553314 -0.60003334 0.69535142,
          0 0.69895017 0.71517044,
          -1.102011e-009 0.62927061 0.77718633,
          -0.071187302 0.50341165 0.8611092,
          -0.07171198 0.36431187 0.92851186,
          -0.14951983 0.22813706 0.9620797,
          -0.22857636 0.076139912 0.97054404,
          -0.30265146 -0.077668905 0.94993144,
          -0.3660579 -0.22962104 0.9018181,
          -0.40800458 -0.37853429 0.8308093,
          -0.43213275 -0.5049724 0.74717081,
          -0.47444227 -0.52100348 0.70954919,
          -0.54115349 -0.4430095 0.71476954,
          -0.53868634 -0.37216792 0.7558493,
          -0.50025952 -0.22956772 0.83488864,
          -0.44497699 -0.077622913 0.89217162,
          -0.37492815 0.076177031 0.92391884,
          -0.2954911 0.22816443 0.92769933,
          -0.20312722 0.37802592 0.90323621,
          -0.6267792 -0.32180715 0.70963937,
          -0.61684895 -0.22423223 0.75446492,
          -0.68553376 -0.19351496 0.70185143,
          -0.67364019 -0.070776887 0.7356627,
          -0.72193384 -0.06744533 0.6886673,
          -0.70000494 0.056658879 0.71188694,
          -0.57674193 -0.077560075 0.8132363,
          -0.64025527 0.078932345 0.7640962,
          -0.69516158 0.15749113 0.70138931,
          -0.51238173 0.076231614 0.8553676,
          -0.56309694 0.22827069 0.79423821,
          -0.6412254 0.23034951 0.7319625,
          -0.57412672 0.35858363 0.73606813,
          -0.65130001 0.32462776 0.68587548,
          -0.56818563 0.44463298 0.69243532,
          -0.43444946 0.22820933 0.871306,
          -0.47185236 0.37703687 0.79699343,
          -0.47157976 0.49200279 0.73180997,
          -0.49028343 0.53726912 0.68626827,
          -0.37161756 0.59370929 0.7137295,
          -0.35907269 0.51640052 0.77743,
          -0.25890741 0.62171978 0.73921007,
          -0.22380738 0.51298845 0.82870579,
          -0.11989644 0.63734424 0.76119465,
          -0.14080223 0.69258928 0.70745659,
          -0.26053602 0.67196918 0.69323772,
          -0.34165788 0.37743366 0.86070538,
          0.79360163 -0.51560766 0.32302544,
          0.81033009 -0.51685822 0.27608502,
          -0.10529304 0.82954943 0.54841709,
          0.73453605 0.66510248 -0.13451943,
          0.80801278 0.36376518 -0.4634549,
          0.80585134 0.52001268 -0.28317952,
          -0.90410018 0.40671948 -0.1310814,
          -0.89154118 0.40113419 -0.21034707,
          -0.78137594 0.53455573 -0.32202798,
          0.88820666 -0.092736349 0.44998792,
          0.31052414 -0.94133008 -0.13218415,
          -0.87170011 0.39227715 -0.29369676,
          0.77570468 0.19185315 0.60122776,
          0.75341564 0.23123102 0.61554635,
          0.91472799 -0.095335759 0.39266273,
          -0.37098303 0.70522583 0.60417557,
          -0.4034442 0.75015992 0.52392089,
          -0.98879445 0.11082024 -0.10002302,
          0.89075398 0.072933391 0.44859588,
          -0.36499158 0.81542289 0.44929597,
          -0.85156494 0.37955409 -0.36162972,
          0.31667343 -0.87501305 -0.36615613,
          0.94367039 -0.070083216 0.32338017,
          -0.43325683 -0.79442495 0.42564979,
          -0.96781617 -0.23143212 -0.098849408,
          0.78868324 0.35389799 0.50272775,
          -0.82886261 0.34574673 -0.43982521,
          -0.7534157 0.2312295 0.61554682,
          -0.90255833 0.23351409 -0.36174557,
          0.33717385 0.79651415 -0.5018757,
          -0.44444054 -0.82143623 0.35737282,
          0.80193108 0.35655773 0.47934675,
          -0.599159 -0.76492298 0.23643507,
          -0.9612084 -0.23699673 -0.14110692,
          -0.12148113 -0.79037035 0.60046422,
          -0.80242461 0.36050829 0.47555095,
          0.9817189 -0.047151256 0.1844043,
          0.95633221 0.10550533 0.27257571,
          0.90252596 0.23902938 0.35820669,
          0.41478589 -0.81455952 -0.40551907,
          -0.454218 -0.84711385 0.27583393,
          0.92532814 -0.37892899 -0.01344889,
          -0.79840052 0.077924006 0.59706312,
          -0.83292228 0.39256039 0.39004749,
          0.12108839 -0.79035968 0.60055757,
          -0.87737417 0.21396329 0.42945838,
          -0.89758915 0.065200001 -0.43598494,
          -0.46103528 -0.86813372 0.18382199,
          0.92796654 0.24963588 0.27669525,
          -0.6552763 0.75533706 -0.0088945087,
          0.85052943 0.38497353 0.35832289,
          0.066911004 -0.93844694 0.33888119,
          -0.83968753 -0.52682036 -0.13185364,
          -0.85056758 -0.0764746 0.52027553,
          -0.61624432 -0.78657287 0.039322723,
          -0.46944717 -0.875103 0.11753437,
          -0.065536186 -0.93853277 0.33891216,
          -0.90288216 0.070393749 0.42408577,
          -0.88343048 -0.066652656 -0.46379763,
          -0.91174936 0.24959901 0.32621101,
          -0.88862097 -0.21009456 -0.40769258,
          -0.65814877 0.75144249 -0.04663197,
          0.41294533 -0.76002109 0.50184089,
          -0.79495019 -0.51178378 -0.32577875,
          -0.93526542 0.25357568 0.24693759,
          -0.78462118 -0.50307608 -0.36233175,
          0.075030141 -0.99276805 0.093713611,
          -0.76619035 -0.33794335 0.54657739,
          -0.73281163 0.67283928 -0.10136274,
          0.89286864 -0.3857196 -0.23239236,
          0.68178731 0.63767278 0.35852402,
          0.78091747 -0.50880283 -0.36233658,
          0.99287289 0.11784219 -0.017800035,
          -0.5463686 -0.69706535 -0.46430725,
          0.90300649 0.41295066 0.11853782,
          -0.8960346 -0.21142235 0.39041364,
          -0.62363005 0.74415916 -0.2394007,
          -0.17939968 -0.98348534 -0.023926485,
          0.81608301 0.54479247 0.19289862,
          -0.83758241 0.53882682 -0.090119898,
          -0.95589215 -0.099577449 0.27632359,
          0.58221889 -0.74354661 0.32887626,
          -0.90374476 -0.24048902 0.35413367,
          -0.17833342 -0.96149468 -0.2091061,
          -0.45119503 -0.77598107 -0.44076824,
          0.85764241 -0.37039548 -0.35673082,
          0.15366448 -0.98309493 -0.099557959,
          -0.96864671 -0.046857841 0.24398382,
          0.92164516 0.38422418 0.054242071,
          -0.1187655 -0.89008617 -0.44004723,
          -0.57689059 0.74500078 -0.33491951,
          0.960271 0.26253238 -0.09463913,
          -0.84829617 -0.35172629 0.39583135,
          0.69109946 -0.63156742 0.35143152,
          0.38043195 0.78908688 0.48230037,
          0.49619427 0.77414984 0.39304391,
          0.75923449 -0.49212557 0.42588222,
          0.77826762 -0.18454938 0.60020101,
          0.3521817 -0.93574613 -0.018638855,
          -0.9294346 -0.24901409 0.27229309,
          0.82758266 -0.34406048 -0.44354203,
          0.77367353 -0.49739045 0.39246944,
          0.22746184 0.82100224 0.52365696,
          0.097356796 0.78814393 0.60774255,
          -0.87386489 -0.35994565 0.3268019,
          0.83744895 -0.22160611 0.49956977,
          0.92978424 -0.066846795 -0.36198476,
          0.87753236 -0.19917524 -0.43619537,
          0.85591972 -0.19903511 0.47727001,
          -0.95883155 0.26922485 -0.090333953,
          0.6587528 0.74474978 0.10673566,
          0.88343048 -0.066652656 -0.46379763,
          0.91039735 0.06553515 -0.40851194,
          0.8878876 0.39330786 -0.23867293,
          0.83718228 0.53205144 -0.12667784,
          0.89050502 0.20788181 -0.40470505 ]
      normalBinding PER_VERTEX_INDEXED
      materialBinding OVERALL

    }
    coordIndex [ 120, 121, 122, 123, 124, 125, 126, 127,
        128, 129, 130, 131, 132, 133, 134, 135,
        136, 137, 138, 139, 140, 141, 142, 143,
        144, 145, 146, 147, 148, 149, 150, 151,
        152, 153, 154, 155, 156, 157, 158, 159,
        160, 161, 162, 163, 164, 165, 166, 167,
        168, 169, 170, 171, 172, 173, 174, 175,
        176, 177, 178, 179, 180, 181, 182, 183,
        184, 185, 186, 187, 188, 189, 190, -1,
        122, 124, 126, -1, 189, 187, 191, 185,
        192, 193, 194, 195, 196, 197, 198, 199,
        200, 201, 202, 203, -1, 185, 183, 193,
        195, -1, 183, 181, 195, 204, 197, 205,
        199, 201, -1, 181, 179, 204, 206, 205,
        207, 201, 203, -1, 179, 177, 206, 208,
        207, 203, -1, 177, 175, 208, 203, -1,
        203, 175, 173, -1, 141, 139, 143, 209,
        210, 211, 212, 213, 214, 215, 216, 217,
        218, 219, 220, 221, 222, 223, 224, 225,
        226, 227, 228, 229, 230, 231, 232, 233,
        234, 235, -1, 143, 210, 145, 212, 236,
        214, 237, 238, 239, 240, 241, 242, 243,
        244, 245, 246, 247, 248, 249, 250, 251,
        252, 253, -1, 252, 250, 254, 255, 256,
        257, 258, 259, 260, 261, 262, 263, 264,
        265, 218, 216, -1, 254, 256, 266, 267,
        268, 269, 270, 271, 272, 273, 274, 275,
        222, 220, -1, 220, 275, 218, 264, -1,
        275, 273, 264, 262, -1, 273, 271, 262,
        260, -1, 271, 269, 260, 258, -1, 269,
        267, 258, 256, -1, 222, 224, 274, 276,
        272, 277, 270, 278, 268, 266, -1, 266,
        278, 279, 280, 281, 282, 228, 226, -1,
        228, 230, 281, 232, 279, -1, 278, 277,
        280, 282, -1, 277, 276, 282, 226, -1,
        224, 226, 276, -1, 250, 248, 255, 257,
        -1, 248, 246, 257, 259, -1, 246, 244,
        259, 261, -1, 244, 242, 261, 263, -1,
        242, 240, 263, 265, -1, 240, 238, 265,
        216, -1, 214, 216, 238, -1, 145, 236,
        147, 283, 284, 285, 286, 287, 288, 289,
        290, 291, 292, 293, 294, 295, 296, 297,
        298, 299, 300, 301, 302, 303, 304, 169,
        167, -1, 169, 303, 171, 173, -1, 173,
        303, 301, -1, 301, 299, 253, 305, 306,
        307, 308, 309, 310, 311, 312, 313, 314,
        287, 315, 285, 239, 283, 237, 236, -1,
        239, 241, 315, 243, 314, 245, 312, 247,
        310, 249, 308, 251, 306, 253, -1, 287,
        313, 289, 291, -1, 313, 311, 291, 293,
        -1, 311, 309, 293, 295, -1, 309, 307,
        295, 297, -1, 307, 305, 297, 299, -1,
        147, 284, 149, 151, -1, 126, 128, 316,
        317, 318, 132, 134, -1, 134, 136, 318,
        319, 320, 321, 322, 323, 324, 138, 140,
        -1, 316, 318, 320, -1, 138, 323, 136,
        319, -1, 319, 323, 321, -1, 132, 317,
        130, 128, -1, 121, 325, 123, 326, 125,
        327, 127, 129, -1, 325, 328, 326, 329,
        327, 330, 331, 332, 333, 334, 335, 336,
        337, 338, 339, 340, 139, 209, -1, 209,
        340, 211, 341, 342, 343, 344, 345, 346,
        347, 348, 349, 350, 351, 352, 353, 354,
        355, 356, 357, 358, -1, 355, 353, 357,
        359, -1, 359, 353, 360, 361, 362, 351,
        363, 349, 364, 347, 365, 366, 367, 345,
        368, 343, 336, 338, -1, 366, 347, 345,
        -1, 361, 353, 351, -1, 343, 341, 338,
        340, -1, 336, 334, 368, 367, -1, 360,
        362, 369, 370, -1, 211, 342, 213, 215,
        -1, 139, 137, 339, 135, 337, 133, 335,
        131, 333, 331, -1, 131, 129, 331, 327,
        -1, 328, 371, 329, 372, 330, 373, 332,
        374, 334, 367, -1, 371, 375, 372, 376,
        373, 377, 374, 378, 367, 365, -1, 375,
        379, 376, 380, 377, 381, 378, 382, 365,
        383, 364, 363, -1, 363, 383, 362, 384,
        370, 385, 386, 387, -1, 384, 383, 385,
        382, 388, 381, 380, -1, 385, 388, 387,
        380, 379, -1, 389, 390, 391, 392, 393,
        394, 395, 396, 397, 398, 399, 400, 401,
        402, 403, 404, 405, 406, 407, 408, 409,
        410, 411, 412, 413, 414, 415, 416, 417,
        418, 419, 420, 421, 422, 423, 424, 425,
        426, 427, 428, 429, 430, 431, 432, 433,
        434, 435, 436, 173, 437, 438, 439, 440,
        441, 442, 443, 444, 445, 446, 447, 448,
        449, 450, 451, 452, 453, 454, 455, 456,
        457, 458, 459, 460, 461, 462, 463, 464,
        465, 466, 467, 468, 469, 470, 471, 472,
        473, 474, 475, 476, 477, 478, 479, -1,
        471, 469, 480, 481, 482, 483, 484, 485,
        486, 487, 488, 489, 490, 491, 492, 493,
        494, 495, 496, 497, 498, 499, 500, 501,
        502, 503, 504, 505, 506, 507, 508, 509,
        422, 424, -1, 480, 482, 510, 511, 512,
        486, 488, -1, 486, 511, 484, 482, -1,
        469, 467, 481, 483, -1, 467, 465, 483,
        513, 485, 514, 515, 516, 517, 518, 519,
        520, 521, 522, 523, 524, 525, 526, 527,
        528, 529, 530, 531, 532, 533, 534, 535,
        536, 537, 538, 539, 434, 432, -1, 485,
        515, 487, 540, 489, 541, 491, 542, 493,
        543, 495, 544, 497, 545, 499, 546, 501,
        547, 548, 549, 550, 551, 552, 553, 554,
        555, 426, 428, -1, 426, 424, 554, 552,
        -1, 424, 509, 552, 507, 550, 505, 548,
        503, 501, -1, 515, 517, 540, 519, 556,
        521, 557, 523, 558, 559, 544, 560, 545,
        561, 546, 562, 547, 563, 549, 564, 551,
        553, -1, 544, 543, 558, 557, -1, 543,
        542, 557, 556, -1, 542, 541, 556, 540,
        -1, 523, 525, 559, 565, 560, 566, 561,
        567, 562, 568, 563, 569, 564, 570, 553,
        571, 555, 428, -1, 428, 571, 430, 432,
        -1, 432, 571, 539, 570, 537, 569, 535,
        568, 572, 567, 573, 566, 565, -1, 535,
        572, 533, 531, -1, 572, 573, 531, 529,
        -1, 573, 565, 529, 527, -1, 565, 525,
        527, -1, 513, 465, 514, 463, 461, -1,
        514, 461, 516, 459, 518, 457, 520, 455,
        522, 453, 524, 526, -1, 453, 451, 526,
        449, 528, 447, 530, 445, 532, 574, 534,
        575, 576, 577, 578, 436, 434, -1, 434,
        538, 578, 576, -1, 538, 536, 576, 534,
        -1, 436, 577, 437, 439, -1, 577, 575,
        439, 441, -1, 575, 574, 441, 443, -1,
        574, 445, 443, -1, 173, 301, 435, 433,
        -1, 433, 301, 431, 429, -1, 301, 253,
        429, 579, 427, 580, 581, 582, 583, 584,
        585, 586, 587, 588, 589, 590, 591, 592,
        593, 594, 595, 596, 597, 598, 599, 600,
        601, 602, 603, 604, 605, 606, 607, 608,
        609, -1, 609, 610, 607, 611, 612, 613,
        614, 615, 616, 403, 405, -1, 403, 615,
        401, 617, 399, 618, 397, 619, 620, -1,
        395, 397, 620, -1, 615, 613, 617, 621,
        618, 619, -1, 619, 621, 622, 610, -1,
        610, 621, 611, 613, -1, 607, 612, 605,
        614, 603, 616, 601, 405, 599, 407, 597,
        411, 595, 413, 593, 415, 591, 417, 589,
        419, 587, 421, 585, 423, 583, 425, 581,
        427, -1, 411, 407, 409, -1, 579, 253,
        580, 623, 582, 624, 584, 625, 586, 626,
        588, 627, 590, 628, 592, 629, 594, 630,
        596, 631, 598, 600, -1, 253, 252, 623,
        624, -1, 252, 254, 624, 625, -1, 390,
        632, 392, 633, 394, 634, 396, 398, -1,
        632, 635, 633, 636, 634, 637, 398, 400,
        -1, 389, 390, 391, 392, 393, 394, 395,
        396, 397, 398, 399, 400, 401, 402, 403,
        404, 405, 406, 407, 408, 409, 410, 411,
        412, 413, 414, 415, 416, 417, 418, 419,
        420, 421, 422, 423, 424, 425, 426, 427,
        428, 429, 430, 431, 432, 433, 434, 435,
        436, 173, 437, 438, 439, 440, 441, 442,
        443, 444, 445, 446, 447, 448, 449, 450,
        451, 452, 453, 454, 455, 456, 457, 458,
        459, 460, 461, 462, 463, 464, 465, 466,
        467, 468, 469, 470, 471, 472, 473, 474,
        475, 476, 477, 478, 479, -1, 471, 469,
        480, 481, 482, 483, 484, 485, 486, 487,
        488, 489, 490, 491, 492, 493, 494, 495,
        496, 497, 498, 499, 500, 501, 502, 503,
        504, 505, 506, 507, 508, 509, 422, 424,
        -1, 480, 482, 510, 511, 512, 486, 488,
        -1, 486, 511, 484, 482, -1, 469, 467,
        481, 483, -1, 467, 465, 483, 513, 485,
        514, 515, 516, 517, 518, 519, 520, 521,
        522, 523, 524, 525, 526, 527, 528, 529,
        530, 531, 532, 533, 534, 535, 536, 537,
        538, 539, 434, 432, -1, 485, 515, 487,
        540, 489, 541, 491, 542, 493, 543, 495,
        544, 497, 545, 499, 546, 501, 547, 548,
        549, 550, 551, 552, 553, 554, 555, 426,
        428, -1, 426, 424, 554, 552, -1, 424,
        509, 552, 507, 550, 505, 548, 503, 501,
        -1, 515, 517, 540, 519, 556, 521, 557,
        523, 558, 559, 544, 560, 545, 561, 546,
        562, 547, 563, 549, 564, 551, 553, -1,
        544, 543, 558, 557, -1, 543, 542, 557,
        556, -1, 542, 541, 556, 540, -1, 523,
        525, 559, 565, 560, 566, 561, 567, 562,
        568, 563, 569, 564, 570, 553, 571, 555,
        428, -1, 428, 571, 430, 432, -1, 432,
        571, 539, 570, 537, 569, 535, 568, 572,
        567, 573, 566, 565, -1, 535, 572, 533,
        531, -1, 572, 573, 531, 529, -1, 573,
        565, 529, 527, -1, 527, 565, 525, -1,
        513, 465, 514, 463, 461, -1, 514, 461,
        516, 459, 518, 457, 520, 455, 522, 453,
        524, 526, -1, 453, 451, 526, 449, 528,
        447, 530, 445, 532, 574, 534, 575, 576,
        577, 578, 436, 434, -1, 434, 538, 578,
        576, -1, 538, 536, 576, 534, -1, 436,
        577, 437, 439, -1, 577, 575, 439, 441,
        -1, 575, 574, 441, 443, -1, 443, 574,
        445, -1, 173, 301, 435, 433, -1, 433,
        301, 431, 429, -1, 301, 253, 429, 579,
        427, 580, 581, 582, 583, 584, 585, 586,
        587, 588, 589, 590, 591, 592, 593, 594,
        595, 596, 597, 598, 599, 600, 601, 602,
        603, 604, 605, 606, 607, 608, 609, -1,
        609, 610, 607, 611, 612, 613, 614, 615,
        616, 403, 405, -1, 403, 615, 401, 617,
        399, 618, 397, 619, 620, -1, 620, 395,
        397, -1, 615, 613, 617, 621, 618, 619,
        -1, 619, 621, 622, 610, -1, 610, 621,
        611, 613, -1, 607, 612, 605, 614, 603,
        616, 601, 405, 599, 407, 597, 411, 595,
        413, 593, 415, 591, 417, 589, 419, 587,
        421, 585, 423, 583, 425, 581, 427, -1,
        409, 411, 407, -1, 579, 253, 580, 623,
        582, 624, 584, 625, 586, 626, 588, 627,
        590, 628, 592, 629, 594, 630, 596, 631,
        598, 600, -1, 253, 252, 623, 624, -1,
        252, 254, 624, 625, -1, 390, 632, 392,
        633, 394, 634, 396, 398, -1, 632, 635,
        633, 636, 634, 637, 398, 400, -1, 120,
        121, 122, 123, 124, 125, 126, 127, 128,
        129, 130, 131, 132, 133, 134, 135, 136,
        137, 138, 139, 140, 141, 142, 143, 144,
        145, 146, 147, 148, 149, 150, 151, 152,
        153, 154, 155, 156, 157, 158, 159, 160,
        161, 162, 163, 164, 165, 166, 167, 168,
        169, 170, 171, 172, 173, 174, 175, 176,
        177, 178, 179, 180, 181, 182, 183, 184,
        185, 186, 187, 188, 189, 190, -1, 126,
        122, 124, -1, 189, 187, 191, 185, 192,
        193, 194, 195, 196, 197, 198, 199, 200,
        201, 202, 203, -1, 185, 183, 193, 195,
        -1, 183, 181, 195, 204, 197, 205, 199,
        201, -1, 181, 179, 204, 206, 205, 207,
        201, 203, -1, 179, 177, 206, 208, 207,
        203, -1, 177, 175, 208, 203, -1, 173,
        203, 175, -1, 141, 139, 143, 209, 210,
        211, 212, 213, 214, 215, 216, 217, 218,
        219, 220, 221, 222, 223, 224, 225, 226,
        227, 228, 229, 230, 231, 232, 233, 234,
        235, -1, 143, 210, 145, 212, 236, 214,
        237, 238, 239, 240, 241, 242, 243, 244,
        245, 246, 247, 248, 249, 250, 251, 252,
        253, -1, 252, 250, 254, 255, 256, 257,
        258, 259, 260, 261, 262, 263, 264, 265,
        218, 216, -1, 254, 256, 266, 267, 268,
        269, 270, 271, 272, 273, 274, 275, 222,
        220, -1, 220, 275, 218, 264, -1, 275,
        273, 264, 262, -1, 273, 271, 262, 260,
        -1, 271, 269, 260, 258, -1, 269, 267,
        258, 256, -1, 222, 224, 274, 276, 272,
        277, 270, 278, 268, 266, -1, 266, 278,
        279, 280, 281, 282, 228, 226, -1, 228,
        230, 281, 232, 279, -1, 278, 277, 280,
        282, -1, 277, 276, 282, 226, -1, 276,
        224, 226, -1, 250, 248, 255, 257, -1,
        248, 246, 257, 259, -1, 246, 244, 259,
        261, -1, 244, 242, 261, 263, -1, 242,
        240, 263, 265, -1, 240, 238, 265, 216,
        -1, 238, 214, 216, -1, 145, 236, 147,
        283, 284, 285, 286, 287, 288, 289, 290,
        291, 292, 293, 294, 295, 296, 297, 298,
        299, 300, 301, 302, 303, 304, 169, 167,
        -1, 169, 303, 171, 173, -1, 301, 173,
        303, -1, 301, 299, 253, 305, 306, 307,
        308, 309, 310, 311, 312, 313, 314, 287,
        315, 285, 239, 283, 237, 236, -1, 239,
        241, 315, 243, 314, 245, 312, 247, 310,
        249, 308, 251, 306, 253, -1, 287, 313,
        289, 291, -1, 313, 311, 291, 293, -1,
        311, 309, 293, 295, -1, 309, 307, 295,
        297, -1, 307, 305, 297, 299, -1, 147,
        284, 149, 151, -1, 126, 128, 316, 317,
        318, 132, 134, -1, 134, 136, 318, 319,
        320, 321, 322, 323, 324, 138, 140, -1,
        320, 316, 318, -1, 138, 323, 136, 319,
        -1, 321, 319, 323, -1, 132, 317, 130,
        128, -1, 121, 325, 123, 326, 125, 327,
        127, 129, -1, 325, 328, 326, 329, 327,
        330, 331, 332, 333, 334, 335, 336, 337,
        338, 339, 340, 139, 209, -1, 209, 340,
        211, 341, 342, 343, 344, 345, 346, 347,
        348, 349, 350, 351, 352, 353, 354, 355,
        356, 357, 358, -1, 355, 353, 357, 359,
        -1, 359, 353, 360, 361, 362, 351, 363,
        349, 364, 347, 365, 366, 367, 345, 368,
        343, 336, 338, -1, 345, 366, 347, -1,
        351, 361, 353, -1, 343, 341, 338, 340,
        -1, 336, 334, 368, 367, -1, 360, 362,
        369, 370, -1, 211, 342, 213, 215, -1,
        139, 137, 339, 135, 337, 133, 335, 131,
        333, 331, -1, 131, 129, 331, 327, -1,
        328, 371, 329, 372, 330, 373, 332, 374,
        334, 367, -1, 371, 375, 372, 376, 373,
        377, 374, 378, 367, 365, -1, 375, 379,
        376, 380, 377, 381, 378, 382, 365, 383,
        364, 363, -1, 363, 383, 362, 384, 370,
        385, 386, 387, -1, 384, 383, 385, 382,
        388, 381, 380, -1, 385, 388, 387, 380,
        379, -1, 54, 118, 52, 119, -1, 119,
        118, 117, 116, 115, 114, 113, 112, 111,
        110, 109, 108, 107, 106, 105, 104, 103,
        102, 101, 100, 99, 98, 97, 96, 95,
        94, 93, 92, 91, 90, 89, 88, 87,
        86, 85, 84, 83, 82, 81, 80, 79,
        78, 77, 76, 75, 74, 73, 72, 71,
        70, 69, 68, 67, 66, 65, 64, 62,
        63, 60, -1, 62, 60, 61, 59, -1,
        60, 58, 59, 56, -1, 58, 57, 56,
        55, 53, 54, 52, -1, 0, 51, 1,
        50, -1, 51, 49, 50, 48, -1, 49,
        46, 48, 47, -1, 47, 46, 44, 45,
        42, -1, 44, 42, 43, 41, -1, 42,
        40, 41, 39, -1, 40, 38, 39, 36,
        -1, 38, 37, 36, 35, 34, 33, 32,
        31, 30, 29, 28, 27, 26, 24, 25,
        22, -1, 24, 23, 22, 21, 20, 19,
        18, 17, 16, 15, 14, 12, 13, 11,
        -1, 12, 10, 11, 8, -1, 10, 9,
        8, 6, 7, 4, -1, 6, 5, 4,
        2, 3, 1, -1, 2, 0, 1, -1,
        215, 342, 999, 1000, 219, 1001, 221, 1002,
        223, 1003, 225, 1004, 227, 1005, 229, 1006,
        231, 233, -1, 233, 1006, 235, 1007, -1,
        1007, 1006, 358, 356, -1, 1006, 1005, 356,
        354, -1, 1005, 1004, 354, 352, -1, 1004,
        1003, 352, 350, -1, 1003, 1002, 350, 348,
        -1, 1002, 1001, 348, 346, -1, 1001, 1000,
        346, 344, -1, 342, 344, 1000, -1, 219,
        217, 999, 215, -1, 140, 929, 324, 931,
        322, 932, -1, 931, 929, 932, 927, 933,
        934, 932, -1, 927, 926, 934, 935, 936,
        925, 924, 918, 917, 800, 798, 799, 797,
        855, 858, 853, 859, 895, 894, 893, 892,
        890, 891, 888, 833, 835, 834, 836, 897,
        898, 186, 184, -1, 184, 898, 182, 899,
        180, 900, 178, 901, 176, 902, 174, 172,
        -1, 172, 902, 170, 842, 168, 841, 166,
        843, 164, 844, 162, 845, 846, 847, 848,
        849, 850, 851, 852, 853, 854, 855, 856,
        857, 803, 801, 802, 800, 918, -1, 800,
        801, 799, 857, 855, -1, 853, 851, 895,
        893, -1, 893, 851, 890, 849, 889, 847,
        845, -1, 890, 889, 888, 887, 835, 886,
        837, 839, 838, 840, 900, 901, -1, 900,
        899, 838, 836, 837, 835, -1, 899, 898,
        836, -1, 889, 845, 887, 886, -1, 845,
        844, 886, 843, 839, 841, 840, 842, 901,
        902, -1, 162, 846, 160, 848, 878, 879,
        156, 880, 154, 881, 152, 882, 150, 807,
        808, 806, 922, 921, 928, 927, 929, -1,
        927, 921, 926, 919, 925, 918, -1, 925,
        935, 926, -1, 918, 919, 802, 920, 804,
        806, 805, 807, 882, -1, 882, 881, 805,
        883, 803, 856, -1, 805, 803, 804, 802,
        -1, 806, 920, 921, 919, -1, 150, 808,
        148, 923, 146, 144, -1, 144, 923, 142,
        937, 930, 928, 929, -1, 929, 140, 930,
        142, -1, 928, 937, 922, 923, 808, -1,
        156, 158, 878, 160, -1, 848, 850, 879,
        885, 880, 884, 881, 883, -1, 883, 884,
        856, 885, 854, 852, -1, 850, 852, 885,
        -1, 936, 924, 916, 917, 915, 798, 796,
        797, 795, 858, 859, -1, 916, 915, 912,
        914, 913, 794, 792, 793, 791, 862, 789,
        864, 866, 865, 867, 905, 907, 906, 829,
        831, 830, 832, 896, 897, 186, -1, 186,
        188, 896, 828, 830, 829, -1, 188, 190,
        828, 826, 827, 825, 908, 823, 869, 870,
        868, 872, 866, 871, 789, 787, 788, 786,
        811, 810, 910, 911, 792, 913, -1, 913,
        911, 912, 810, -1, 810, 786, 809, 784,
        782, 783, 781, 779, 780, 778, 475, 477,
        -1, 782, 781, 780, -1, 866, 867, 868,
        869, -1, 869, 867, 908, 907, 829, -1,
        908, 829, 827, 828, -1, 826, 824, 825,
        823, -1, 824, 822, 823, 821, 870, 877,
        872, 874, 873, 875, 785, 783, 784, -1,
        784, 786, 785, 787, 873, 871, 872, -1,
        822, 820, 821, 819, 877, 874, -1, 820,
        818, 819, 817, 874, 876, 875, 812, 783,
        779, -1, 818, 816, 817, 815, 876, 813,
        812, 777, 779, 778, -1, 778, 777, 477,
        479, -1, 479, 777, 814, 813, 815, -1,
        816, 814, 815, -1, 897, 832, 834, 833,
        -1, 832, 831, 833, 909, 891, 892, -1,
        831, 906, 909, 904, 892, 903, 894, 863,
        861, 862, 860, 793, 795, 794, 796, 914,
        915, -1, 795, 859, 860, 861, -1, 861,
        859, 894, -1, 862, 863, 864, 865, -1,
        863, 903, 865, 905, -1, 903, 904, 905,
        906, -1, 910, 792, 790, 791, 789, -1,
        789, 788, 790, 811, 910, -1, 284, 1008,
        151, 153, -1, 284, 286, 1008, 288, 153,
        1009, 155, 157, -1, 288, 290, 1009, 157,
        -1, 290, 1010, 157, 159, -1, 290, 292,
        1010, 1011, 159, 1012, 161, 163, -1, 292,
        294, 1011, 1013, 1012, 1014, 163, 165, -1,
        294, 296, 1013, 1015, 1014, 1016, 165, 167,
        -1, 167, 1016, 304, 1017, 302, 300, -1,
        300, 1017, 298, 1015, 296, -1, 1016, 1015,
        1017, -1, 637, 638, 400, 639, 402, 640,
        404, 641, 406, 408, -1, 641, 642, 408,
        643, 410, 644, 645, 646, 647, 648, 649,
        650, 651, 508, 422, -1, 422, 420, 651,
        418, 649, 416, 647, 414, 645, 412, 410,
        -1, 508, 650, 506, 652, 504, 653, 654,
        655, 656, 657, 658, 659, 660, 661, 662,
        663, 664, 665, 666, 667, 668, 669, 670,
        671, 512, 510, -1, 669, 510, 671, -1,
        512, 488, 670, 490, 672, 492, 673, 494,
        674, 496, 675, 498, 676, 500, 677, 502,
        654, 504, -1, 654, 656, 677, 658, 678,
        660, 679, 662, 680, 664, 673, 666, 672,
        668, 670, -1, 673, 674, 680, 679, -1,
        674, 675, 679, 678, -1, 675, 676, 678,
        677, -1, 669, 667, 681, 665, 682, 663,
        683, 661, 684, 685, 686, 687, 688, 689,
        690, 691, 692, 693, 694, 695, 696, 640,
        639, -1, 640, 695, 641, 642, -1, 695,
        693, 642, 697, 643, 698, 644, 699, 646,
        700, 701, 653, 652, -1, 652, 650, 701,
        648, 646, -1, 653, 700, 655, 702, 703,
        704, 705, 706, 689, 691, -1, 689, 687,
        705, 707, 703, 657, 655, -1, 657, 707,
        659, 685, 661, -1, 707, 687, 685, -1,
        700, 699, 702, 704, -1, 699, 698, 704,
        706, -1, 698, 697, 706, 691, -1, 691,
        697, 693, -1, 681, 682, 708, 709, 710,
        711, 712, 713, 714, 715, 716, 717, 718,
        719, 720, 694, 721, 696, 639, -1, 639,
        638, 721, 722, 723, 635, 724, -1, 635,
        722, 636, 637, -1, 638, 637, 722, -1,
        721, 723, 720, 725, 718, 724, 726, -1,
        724, 725, 723, -1, 718, 726, 716, 727,
        714, 712, -1, 727, 710, 712, -1, 694,
        719, 692, 717, 690, 688, -1, 717, 715,
        688, 686, -1, 715, 713, 686, 684, -1,
        713, 711, 684, 709, 683, 682, -1, 625,
        254, 728, 266, 729, 730, 731, 732, 733,
        734, 735, 736, 737, 738, 739, 740, 741,
        742, 602, 604, -1, 602, 600, 741, 631,
        739, 630, 737, 629, 743, 628, 744, 627,
        745, 626, 728, 625, -1, 728, 729, 745,
        731, 744, 733, 743, 735, 737, -1, 604,
        742, 746, 747, 748, 749, 750, 751, -1,
        748, 752, 746, 608, 606, -1, 604, 746,
        606, -1, 749, 753, 751, 754, 755, 756,
        -1, 754, 757, 756, 758, 759, 234, -1,
        234, 758, 232, 760, 761, 762, 763, 764,
        765, 766, 767, 768, 769, 770, 740, 742,
        -1, 742, 770, 747, 749, -1, 770, 768,
        749, 753, -1, 768, 766, 753, 754, -1,
        766, 764, 754, 757, -1, 764, 762, 757,
        758, -1, 760, 758, 762, -1, 740, 738,
        769, 736, 767, 771, 765, 772, 763, 761,
        -1, 736, 734, 771, 773, 772, 774, 761,
        232, -1, 232, 774, 279, 775, 776, 773,
        732, 734, -1, 775, 774, 773, -1, 732,
        730, 776, 266, 279, -1, 476, 478, 938,
        939, 940, 941, 942, 943, 944, 945, 470,
        468, -1, 468, 945, 466, 946, 947, 948,
        949, 950, 951, -1, 950, 948, 952, 943,
        941, -1, 948, 946, 943, 945, -1, 466,
        947, 464, 953, 462, 954, 460, 955, 458,
        956, 456, 454, -1, 947, 949, 953, 957,
        958, 959, 960, -1, 959, 957, 951, 949,
        -1, 953, 958, 954, 961, 955, 962, 956,
        963, 454, 452, -1, 958, 960, 961, 964,
        962, 965, 963, 966, 452, 967, 450, 968,
        448, 969, 446, 970, 444, 971, 442, 972,
        440, 973, 974, 203, 173, -1, 173, 438,
        974, 440, -1, 964, 975, 965, 976, 966,
        977, 967, 978, 968, 979, 969, 980, 970,
        981, 971, 982, 972, 973, -1, 975, 983,
        976, 984, 977, 985, 978, 986, 979, 980,
        -1, 983, 987, 984, 985, -1, 987, 988,
        985, 986, -1, 988, 989, 986, 990, 980,
        991, 981, 992, 982, 993, 994, 203, 973,
        -1, 994, 973, 982, -1, 203, 993, 202,
        995, -1, 993, 992, 995, 996, -1, 992,
        991, 996, 997, -1, 991, 990, 997, 989,
        -1, 470, 472, 944, 998, 942, 940, -1,
        472, 474, 998, 940, -1, 940, 474, 938,
        476, -1, 637, 638, 400, 639, 402, 640,
        404, 641, 406, 408, -1, 641, 642, 408,
        643, 410, 644, 645, 646, 647, 648, 649,
        650, 651, 508, 422, -1, 422, 420, 651,
        418, 649, 416, 647, 414, 645, 412, 410,
        -1, 508, 650, 506, 652, 504, 653, 654,
        655, 656, 657, 658, 659, 660, 661, 662,
        663, 664, 665, 666, 667, 668, 669, 670,
        671, 512, 510, -1, 510, 671, 669, -1,
        512, 488, 670, 490, 672, 492, 673, 494,
        674, 496, 675, 498, 676, 500, 677, 502,
        654, 504, -1, 654, 656, 677, 658, 678,
        660, 679, 662, 680, 664, 673, 666, 672,
        668, 670, -1, 673, 674, 680, 679, -1,
        674, 675, 679, 678, -1, 675, 676, 678,
        677, -1, 669, 667, 681, 665, 682, 663,
        683, 661, 684, 685, 686, 687, 688, 689,
        690, 691, 692, 693, 694, 695, 696, 640,
        639, -1, 640, 695, 641, 642, -1, 695,
        693, 642, 697, 643, 698, 644, 699, 646,
        700, 701, 653, 652, -1, 652, 650, 701,
        648, 646, -1, 653, 700, 655, 702, 703,
        704, 705, 706, 689, 691, -1, 689, 687,
        705, 707, 703, 657, 655, -1, 657, 707,
        659, 685, 661, -1, 687, 685, 707, -1,
        700, 699, 702, 704, -1, 699, 698, 704,
        706, -1, 698, 697, 706, 691, -1, 697,
        693, 691, -1, 681, 682, 708, 709, 710,
        711, 712, 713, 714, 715, 716, 717, 718,
        719, 720, 694, 721, 696, 639, -1, 639,
        638, 721, 722, 723, 635, 724, -1, 635,
        722, 636, 637, -1, 637, 722, 638, -1,
        721, 723, 720, 725, 718, 724, 726, -1,
        725, 723, 724, -1, 718, 726, 716, 727,
        714, 712, -1, 710, 712, 727, -1, 694,
        719, 692, 717, 690, 688, -1, 717, 715,
        688, 686, -1, 715, 713, 686, 684, -1,
        713, 711, 684, 709, 683, 682, -1, 625,
        254, 728, 266, 729, 730, 731, 732, 733,
        734, 735, 736, 737, 738, 739, 740, 741,
        742, 602, 604, -1, 602, 600, 741, 631,
        739, 630, 737, 629, 743, 628, 744, 627,
        745, 626, 728, 625, -1, 728, 729, 745,
        731, 744, 733, 743, 735, 737, -1, 604,
        742, 746, 747, 748, 749, 750, 751, -1,
        748, 752, 746, 608, 606, -1, 746, 606,
        604, -1, 749, 753, 751, 754, 755, 756,
        -1, 754, 757, 756, 758, 759, 234, -1,
        234, 758, 232, 760, 761, 762, 763, 764,
        765, 766, 767, 768, 769, 770, 740, 742,
        -1, 742, 770, 747, 749, -1, 770, 768,
        749, 753, -1, 768, 766, 753, 754, -1,
        766, 764, 754, 757, -1, 764, 762, 757,
        758, -1, 758, 762, 760, -1, 740, 738,
        769, 736, 767, 771, 765, 772, 763, 761,
        -1, 736, 734, 771, 773, 772, 774, 761,
        232, -1, 232, 774, 279, 775, 776, 773,
        732, 734, -1, 774, 773, 775, -1, 732,
        730, 776, 266, 279, -1, 479, 477, 777,
        778, 779, 780, 781, 782, 783, 784, 785,
        786, 787, 788, 789, 790, 791, 792, 793,
        794, 795, 796, 797, 798, 799, 800, 801,
        802, 803, 804, 805, 806, 807, 808, 150,
        148, -1, 782, 809, 784, 786, -1, 809,
        810, 786, 811, 788, 790, -1, 781, 783,
        779, 812, 777, 813, 814, 815, 816, 817,
        818, 819, 820, 821, 822, 823, 824, 825,
        826, 827, 828, 829, 830, 831, 832, 833,
        834, 835, 836, 837, 838, 839, 840, 841,
        842, 168, 170, -1, 479, 777, 814, -1,
        168, 841, 166, 843, 164, 844, 162, 845,
        846, 847, 848, 849, 850, 851, 852, 853,
        854, 855, 856, 857, 803, 801, -1, 801,
        857, 799, 855, 797, 858, 795, 859, 860,
        861, 862, 863, 864, 865, 866, 867, 868,
        869, 870, 823, 821, -1, 795, 860, 793,
        862, 791, 789, -1, 862, 864, 789, 866,
        871, 872, 873, 874, 875, 876, 812, 813,
        -1, 813, 876, 815, 817, -1, 876, 874,
        817, 819, -1, 812, 783, 875, 785, 873,
        787, 871, 789, -1, 866, 868, 872, 870,
        877, 821, 819, -1, 819, 874, 877, 872,
        -1, 855, 853, 858, 859, -1, 162, 846,
        160, 848, 878, 879, 156, 880, 154, 881,
        152, 882, 150, 807, -1, 807, 882, 805,
        881, 883, 884, 856, 885, 854, 852, -1,
        852, 885, 850, 879, 848, -1, 879, 885,
        880, 884, 881, -1, 856, 803, 883, 805,
        -1, 156, 158, 878, 160, -1, 841, 839,
        843, 886, 844, 845, -1, 839, 837, 886,
        835, 887, 888, 889, 890, 849, 851, -1,
        849, 847, 889, 845, 887, 886, -1, 835,
        833, 888, 891, 890, 892, 893, 894, 895,
        859, 853, -1, 853, 851, 895, 893, -1,
        851, 890, 893, -1, 859, 894, 861, 863,
        -1, 826, 828, 190, 188, -1, 780, 778,
        475, 477, -1, 188, 828, 896, 830, 832,
        -1, 188, 896, 186, 897, 898, 836, 899,
        838, 900, 840, 901, 842, 902, 170, 172,
        -1, 172, 174, 902, 176, 901, 178, 900,
        180, 899, 182, 898, 184, 186, -1, 836,
        897, 834, 832, -1, 832, 897, 896, -1,
        894, 903, 863, 865, -1, 894, 892, 903,
        904, 905, 906, 907, 829, 908, 827, 825,
        -1, 825, 823, 908, 869, 867, -1, 908,
        867, 907, 905, -1, 867, 865, 905, 903,
        -1, 829, 906, 831, 909, 833, 891, -1,
        891, 909, 892, 904, -1, 904, 909, 906,
        -1, 790, 811, 910, 810, 911, 912, 913,
        914, 794, 796, -1, 794, 792, 913, 911,
        -1, 911, 792, 910, 790, -1, 796, 914,
        915, 912, 916, -1, 796, 915, 798, 917,
        800, 918, 802, 919, 920, 921, 806, 922,
        808, 923, 148, 146, -1, 146, 923, 144,
        142, -1, 806, 804, 920, 802, -1, 915,
        916, 917, 924, 918, 925, 919, 926, 921,
        927, 928, 929, 930, 140, 142, -1, 140,
        929, 324, 931, 322, 932, -1, 931, 929,
        932, 927, 933, 934, 932, -1, 927, 926,
        934, 935, 936, 925, 924, -1, 936, 924,
        916, -1, 935, 926, 925, -1, 921, 928,
        922, 937, 923, 142, -1, 142, 937, 930,
        928, -1, 476, 478, 938, 939, 940, 941,
        942, 943, 944, 945, 470, 468, -1, 468,
        945, 466, 946, 947, 948, 949, 950, 951,
        -1, 950, 948, 952, 943, 941, -1, 948,
        946, 943, 945, -1, 466, 947, 464, 953,
        462, 954, 460, 955, 458, 956, 456, 454,
        -1, 947, 949, 953, 957, 958, 959, 960,
        -1, 959, 957, 951, 949, -1, 953, 958,
        954, 961, 955, 962, 956, 963, 454, 452,
        -1, 958, 960, 961, 964, 962, 965, 963,
        966, 452, 967, 450, 968, 448, 969, 446,
        970, 444, 971, 442, 972, 440, 973, 974,
        203, 173, -1, 173, 438, 974, 440, -1,
        964, 975, 965, 976, 966, 977, 967, 978,
        968, 979, 969, 980, 970, 981, 971, 982,
        972, 973, -1, 975, 983, 976, 984, 977,
        985, 978, 986, 979, 980, -1, 983, 987,
        984, 985, -1, 987, 988, 985, 986, -1,
        988, 989, 986, 990, 980, 991, 981, 992,
        982, 993, 994, 203, 973, -1, 973, 982,
        994, -1, 203, 993, 202, 995, -1, 993,
        992, 995, 996, -1, 992, 991, 996, 997,
        -1, 991, 990, 997, 989, -1, 470, 472,
        944, 998, 942, 940, -1, 472, 474, 998,
        940, -1, 940, 474, 938, 476, -1, 215,
        342, 999, 1000, 219, 1001, 221, 1002, 223,
        1003, 225, 1004, 227, 1005, 229, 1006, 231,
        233, -1, 233, 1006, 235, 1007, -1, 1007,
        1006, 358, 356, -1, 1006, 1005, 356, 354,
        -1, 1005, 1004, 354, 352, -1, 1004, 1003,
        352, 350, -1, 1003, 1002, 350, 348, -1,
        1002, 1001, 348, 346, -1, 1001, 1000, 346,
        344, -1, 344, 1000, 342, -1, 219, 217,
        999, 215, -1, 284, 1008, 151, 153, -1,
        284, 286, 1008, 288, 153, 1009, 155, 157,
        -1, 288, 290, 1009, 157, -1, 290, 1010,
        157, 159, -1, 290, 292, 1010, 1011, 159,
        1012, 161, 163, -1, 292, 294, 1011, 1013,
        1012, 1014, 163, 165, -1, 294, 296, 1013,
        1015, 1014, 1016, 165, 167, -1, 167, 1016,
        304, 1017, 302, 300, -1, 300, 1017, 298,
        1015, 296, -1, 1015, 1017, 1016, -1, 814,
        816, 1104, 1103, 1105, 1107, 1091, 1090, 1080,
        1081, 1071, 1072, 1031, 1033, 1032, 1034, 1042,
        1036, 1041, 1040, 1065, 995, 996, -1, 995,
        1040, 202, 1038, 200, 1039, 198, 1076, 196,
        1085, 194, 192, -1, 1040, 1036, 1038, 1037,
        1039, 1075, 1076, 1085, -1, 814, 1104, 479,
        1106, 478, 1077, 1067, 1068, 1023, 1025, 1024,
        1026, 1050, 1048, 1049, 1047, 1058, 1060, 1059,
        1061, 987, 988, -1, 987, 983, 1059, 1057,
        1058, 1056, 1049, 1051, 1050, 1052, 1024, 1022,
        1023, 1021, 1067, 939, 478, -1, 939, 1021,
        941, 1020, 952, 1054, 950, 951, -1, 1021,
        1022, 1020, 1054, -1, 1022, 1052, 1054, 1053,
        951, 959, -1, 1052, 1051, 1053, 1055, 959,
        960, -1, 1051, 1056, 1055, 960, -1, 960,
        1056, 964, 1057, 975, 983, -1, 1104, 1105,
        1106, 1078, 1077, 1068, -1, 1105, 1091, 1078,
        1079, 1069, 1070, 1027, 1029, 1028, 1030, 1046,
        1044, 1045, 1043, 1062, 1066, 1063, 1064, 997,
        996, -1, 996, 1064, 1065, 1066, 1041, 1043,
        1042, 1044, 1032, 1030, 1031, 1029, 1071, 1070,
        1080, 1079, 1091, -1, 997, 989, 1063, 988,
        1061, -1, 1063, 1061, 1062, 1060, 1045, 1047,
        1046, 1048, 1028, 1026, 1027, 1025, 1069, 1068,
        1078, -1, 1075, 1084, 1085, 1086, 192, 191,
        -1, 191, 1086, 1092, 1087, 1094, 1088, 1096,
        1089, 1100, 1090, 1107, -1, 1090, 1089, 1081,
        1082, 1072, 1073, 1033, 1035, 1034, 1036, -1,
        1036, 1035, 1037, 1074, 1075, 1084, -1, 1035,
        1073, 1074, 1083, 1084, 1087, 1086, -1, 1087,
        1083, 1088, 1082, 1089, -1, 1083, 1073, 1082,
        -1, 191, 1092, 189, 1093, 190, 826, -1,
        1092, 1094, 1093, 1095, 826, 824, -1, 1094,
        1096, 1095, 1097, 1098, 1099, 822, 820, -1,
        822, 824, 1098, 1095, -1, 1096, 1100, 1097,
        1101, 1099, 1102, 820, 818, -1, 818, 1102,
        816, 1103, -1, 1102, 1101, 1103, 1107, -1,
        1101, 1100, 1107, -1, 47, 632, 48, 390,
        389, -1, 48, 389, 50, 1, -1, 389,
        120, 1, 3, -1, 3, 120, 4, 122,
        7, 126, 316, -1, 7, 316, 8, 320,
        11, 322, 13, 932, 14, 934, 16, 936,
        18, 916, 912, -1, 18, 912, 20, 810,
        22, 809, 25, 782, 780, -1, 25, 780,
        26, 475, 473, -1, 26, 473, 28, 471,
        30, 480, 510, -1, 30, 510, 32, 669,
        34, 681, 36, 708, 39, 710, 41, 727,
        43, 726, 44, 724, 635, -1, 44, 635,
        47, 632, -1, 71, 1019, 73, 75, -1,
        75, 1019, 77, 79, -1, 79, 1019, 81,
        83, -1, 83, 1019, 85, 87, -1, 87,
        1019, 89, 91, -1, 91, 1019, 93, 95,
        -1, 95, 1019, 97, 99, -1, 99, 1019,
        101, 103, -1, 103, 1019, 105, 107, -1,
        107, 1019, 109, 111, -1, 111, 1019, 113,
        115, -1, 115, 1019, 117, 119, -1, 119,
        1019, 52, 53, -1, 53, 1019, 56, 59,
        -1, 59, 1019, 61, 62, -1, 62, 1019,
        65, 67, -1, 67, 1019, 69, 71, -1,
        5, 1018, 2, 0, -1, 0, 1018, 51,
        49, -1, 49, 1018, 46, 45, -1, 45,
        1018, 42, 40, -1, 40, 1018, 38, 37,
        -1, 37, 1018, 35, 33, -1, 33, 1018,
        31, 29, -1, 29, 1018, 27, 24, -1,
        24, 1018, 23, 21, -1, 21, 1018, 19,
        17, -1, 17, 1018, 15, 12, -1, 12,
        1018, 10, 9, -1, 9, 1018, 6, 5,
        -1, 748, 750, 96, 94, -1, 750, 751,
        94, 92, -1, 751, 755, 92, 90, -1,
        755, 756, 90, 88, -1, 756, 759, 88,
        86, -1, 759, 234, 86, 235, 84, 1007,
        82, 358, 80, 357, 78, 359, 76, 360,
        74, 369, 72, 370, 70, 386, 68, 387,
        379, -1, 68, 379, 66, 375, 64, 371,
        63, 328, 60, 325, 58, 121, 57, 120,
        55, 54, -1, 120, 389, 54, 118, -1,
        118, 389, 116, 391, 114, 393, 112, 395,
        110, 620, 108, 619, 106, 622, 104, 610,
        609, -1, 104, 609, 102, 608, 100, 752,
        98, 748, 96, -1 ]
    materialIndex 0
    normalIndex [ 108, 109, 110, 111, 112, 113, 114, 115,
        1233, 117, 118, 1151, 120, 121, 122, 123,
        124, 125, 126, 1149, 1222, 129, 130, 1252,
        132, 133, 134, 135, 136, 137, 138, 139,
        1230, 141, 1223, 1242, 144, 145, 1247, 147,
        148, 149, 150, 151, 152, 153, 154, 155,
        1166, 157, 158, 159, 160, 161, 162, 163,
        164, 165, 166, 167, 168, 169, 170, 171,
        172, 173, 1210, 175, 176, 177, 178, -1,
        110, 112, 114, -1, 177, 175, 179, 173,
        180, 181, 182, 183, 184, 185, 186, 187,
        188, 1177, 190, 191, -1, 173, 171, 181,
        183, -1, 171, 169, 183, 192, 185, 193,
        187, 1177, -1, 169, 167, 192, 194, 193,
        195, 1177, 191, -1, 167, 165, 194, 196,
        195, 191, -1, 165, 163, 196, 191, -1,
        191, 163, 161, -1, 129, 1149, 1252, 197,
        1160, 199, 200, 201, 1167, 1176, 204, 205,
        206, 207, 208, 209, 210, 211, 212, 213,
        214, 215, 216, 217, 218, 219, 220, 1232,
        222, 223, -1, 1252, 1160, 133, 200, 224,
        1167, 225, 226, 227, 228, 229, 230, 231,
        232, 1197, 234, 235, 236, 237, 238, 239,
        240, 241, -1, 240, 238, 242, 1220, 244,
        245, 246, 247, 248, 249, 250, 251, 252,
        1195, 206, 204, -1, 242, 244, 254, 255,
        1226, 257, 258, 259, 260, 261, 262, 263,
        210, 208, -1, 208, 263, 206, 252, -1,
        263, 261, 252, 250, -1, 261, 259, 250,
        248, -1, 259, 257, 248, 246, -1, 257,
        255, 246, 244, -1, 210, 212, 262, 264,
        260, 265, 258, 266, 1226, 254, -1, 254,
        266, 267, 268, 269, 270, 216, 214, -1,
        216, 218, 269, 220, 267, -1, 266, 265,
        268, 270, -1, 265, 264, 270, 214, -1,
        212, 214, 264, -1, 238, 236, 1220, 245,
        -1, 236, 234, 245, 247, -1, 234, 232,
        247, 249, -1, 232, 230, 249, 251, -1,
        230, 228, 251, 1195, -1, 228, 226, 1195,
        204, -1, 1167, 204, 226, -1, 133, 224,
        135, 271, 272, 273, 274, 275, 276, 277,
        278, 279, 280, 1175, 282, 283, 1183, 285,
        286, 287, 288, 1199, 290, 291, 292, 157,
        155, -1, 157, 291, 159, 161, -1, 161,
        291, 1199, -1, 1199, 287, 241, 293, 294,
        295, 296, 1190, 1198, 299, 300, 301, 302,
        275, 303, 273, 227, 271, 225, 224, -1,
        227, 229, 303, 231, 302, 1197, 300, 235,
        1198, 237, 296, 239, 294, 241, -1, 275,
        301, 277, 279, -1, 301, 299, 279, 1175,
        -1, 299, 1190, 1175, 283, -1, 1190, 295,
        283, 285, -1, 295, 293, 285, 287, -1,
        135, 272, 137, 139, -1, 114, 1233, 304,
        305, 1219, 120, 122, -1, 122, 124, 1219,
        307, 308, 309, 310, 311, 1211, 126, 1222,
        -1, 304, 1219, 308, -1, 126, 311, 124,
        307, -1, 307, 311, 309, -1, 120, 305,
        118, 1233, -1, 109, 313, 111, 314, 113,
        315, 115, 117, -1, 313, 316, 314, 317,
        315, 318, 319, 1163, 321, 322, 1154, 324,
        325, 326, 1150, 328, 1149, 197, -1, 197,
        328, 199, 329, 330, 331, 332, 333, 334,
        335, 336, 337, 1208, 339, 340, 341, 342,
        343, 1227, 1216, 346, -1, 343, 341, 1216,
        347, -1, 347, 341, 348, 349, 350, 339,
        351, 337, 352, 335, 353, 354, 355, 333,
        356, 331, 324, 326, -1, 354, 335, 333,
        -1, 349, 341, 339, -1, 331, 329, 326,
        328, -1, 324, 322, 356, 355, -1, 348,
        350, 357, 358, -1, 199, 330, 201, 1176,
        -1, 1149, 125, 1150, 123, 325, 121, 1154,
        1151, 321, 319, -1, 1151, 117, 319, 315,
        -1, 316, 359, 317, 360, 318, 361, 1163,
        1171, 322, 355, -1, 359, 363, 360, 1169,
        361, 365, 1171, 366, 355, 353, -1, 363,
        367, 1169, 368, 365, 369, 366, 370, 353,
        1203, 352, 351, -1, 351, 1203, 350, 372,
        358, 373, 1201, 375, -1, 372, 1203, 373,
        370, 1189, 369, 368, -1, 373, 1189, 375,
        368, 367, -1, 1172, 378, 379, 380, 381,
        382, 383, 384, 385, 386, 387, 388, 389,
        390, 391, 392, 393, 394, 395, 396, 397,
        398, 399, 400, 401, 402, 403, 404, 405,
        406, 407, 408, 409, 410, 411, 412, 413,
        414, 415, 416, 417, 418, 419, 420, 421,
        422, 423, 424, 425, 426, 427, 428, 429,
        430, 1205, 432, 433, 434, 435, 436, 437,
        438, 439, 1248, 441, 442, 443, 444, 445,
        446, 447, 1168, 449, 450, 451, 452, 453,
        454, 455, 456, 457, 458, 459, 460, 1245,
        462, 463, 464, 465, 466, 467, 468, -1,
        460, 458, 469, 1237, 471, 472, 473, 474,
        475, 476, 477, 478, 1213, 480, 481, 1193,
        483, 1181, 485, 486, 487, 1165, 489, 490,
        491, 492, 493, 494, 495, 496, 497, 498,
        410, 412, -1, 469, 471, 499, 500, 1238,
        475, 477, -1, 475, 500, 473, 471, -1,
        458, 456, 1237, 472, -1, 456, 454, 472,
        502, 474, 503, 504, 505, 506, 1174, 508,
        509, 510, 511, 1161, 513, 1152, 1251, 516,
        517, 518, 519, 1239, 521, 522, 523, 524,
        525, 526, 527, 528, 422, 420, -1, 474,
        504, 476, 529, 478, 530, 480, 531, 1193,
        532, 1181, 533, 486, 534, 1165, 535, 490,
        536, 537, 1144, 539, 540, 541, 542, 543,
        544, 414, 416, -1, 414, 412, 543, 541,
        -1, 412, 498, 541, 496, 539, 494, 537,
        492, 490, -1, 504, 506, 529, 508, 545,
        510, 546, 1161, 547, 548, 533, 1157, 534,
        550, 535, 551, 536, 1143, 1144, 553, 540,
        542, -1, 533, 532, 547, 546, -1, 532,
        531, 546, 545, -1, 531, 530, 545, 529,
        -1, 1161, 1152, 548, 554, 1157, 555, 550,
        556, 551, 557, 1143, 1236, 553, 1224, 542,
        560, 544, 416, -1, 416, 560, 418, 420,
        -1, 420, 560, 528, 1224, 526, 1236, 524,
        557, 1244, 556, 562, 555, 554, -1, 524,
        1244, 522, 1239, -1, 1244, 562, 1239, 518,
        -1, 562, 554, 518, 516, -1, 554, 1152,
        516, -1, 502, 454, 503, 452, 450, -1,
        503, 450, 505, 1168, 1174, 446, 509, 444,
        511, 442, 513, 1251, -1, 442, 1248, 1251,
        438, 517, 436, 519, 434, 521, 563, 523,
        564, 565, 566, 567, 424, 422, -1, 422,
        527, 567, 565, -1, 527, 525, 565, 523,
        -1, 424, 566, 426, 428, -1, 566, 564,
        428, 430, -1, 564, 563, 430, 432, -1,
        563, 434, 432, -1, 425, 1194, 423, 421,
        -1, 421, 1194, 419, 417, -1, 1194, 569,
        417, 570, 415, 571, 572, 573, 574, 575,
        576, 1241, 578, 579, 580, 581, 582, 583,
        584, 585, 1212, 587, 588, 589, 590, 591,
        592, 593, 1249, 595, 596, 1250, 598, 599,
        1254, -1, 1254, 601, 598, 602, 1255, 1258,
        605, 606, 607, 391, 393, -1, 391, 606,
        389, 608, 387, 609, 385, 1147, 611, -1,
        383, 385, 611, -1, 606, 1258, 608, 612,
        609, 1147, -1, 1147, 612, 613, 601, -1,
        601, 612, 602, 1258, -1, 598, 1255, 596,
        605, 1249, 607, 592, 393, 590, 395, 588,
        399, 1212, 401, 584, 403, 582, 405, 580,
        407, 578, 409, 576, 411, 574, 413, 572,
        415, -1, 399, 395, 397, -1, 570, 569,
        571, 614, 573, 615, 575, 616, 1241, 617,
        579, 618, 581, 619, 583, 620, 585, 621,
        587, 622, 589, 591, -1, 569, 1209, 614,
        615, -1, 1209, 624, 615, 616, -1, 378,
        625, 380, 626, 382, 627, 384, 386, -1,
        625, 628, 626, 629, 627, 630, 386, 388,
        -1, 377, 378, 379, 380, 381, 382, 383,
        384, 385, 386, 387, 388, 389, 390, 391,
        392, 393, 394, 395, 396, 397, 398, 399,
        400, 401, 402, 403, 404, 405, 406, 407,
        408, 409, 410, 411, 412, 413, 414, 415,
        416, 417, 418, 419, 420, 421, 422, 423,
        424, 425, 426, 427, 428, 429, 430, 431,
        432, 433, 434, 435, 436, 437, 438, 439,
        440, 441, 442, 443, 444, 445, 446, 447,
        448, 449, 450, 451, 452, 453, 454, 455,
        456, 457, 458, 459, 460, 461, 462, 463,
        464, 465, 466, 467, 468, -1, 460, 458,
        469, 470, 471, 472, 473, 474, 475, 476,
        477, 478, 479, 480, 481, 482, 483, 484,
        485, 486, 487, 488, 489, 490, 491, 492,
        493, 494, 495, 496, 497, 498, 410, 412,
        -1, 469, 471, 499, 500, 501, 475, 477,
        -1, 475, 500, 473, 471, -1, 458, 456,
        470, 472, -1, 456, 454, 472, 502, 474,
        503, 504, 505, 506, 507, 508, 509, 510,
        511, 512, 513, 514, 515, 516, 517, 518,
        519, 520, 521, 522, 523, 524, 525, 526,
        527, 528, 422, 420, -1, 474, 504, 476,
        529, 478, 530, 480, 531, 482, 532, 484,
        533, 486, 534, 488, 535, 490, 536, 537,
        538, 539, 540, 541, 542, 543, 544, 414,
        416, -1, 414, 412, 543, 541, -1, 412,
        498, 541, 496, 539, 494, 537, 492, 490,
        -1, 504, 506, 529, 508, 545, 510, 546,
        512, 547, 548, 533, 549, 534, 550, 535,
        551, 536, 552, 538, 553, 540, 542, -1,
        533, 532, 547, 546, -1, 532, 531, 546,
        545, -1, 531, 530, 545, 529, -1, 512,
        514, 548, 554, 549, 555, 550, 556, 551,
        557, 552, 558, 553, 559, 542, 560, 544,
        416, -1, 416, 560, 418, 420, -1, 420,
        560, 528, 559, 526, 558, 524, 557, 561,
        556, 562, 555, 554, -1, 524, 561, 522,
        520, -1, 561, 562, 520, 518, -1, 562,
        554, 518, 516, -1, 516, 554, 514, -1,
        502, 454, 503, 452, 450, -1, 503, 450,
        505, 448, 507, 446, 509, 444, 511, 442,
        513, 515, -1, 442, 440, 515, 438, 517,
        436, 519, 434, 521, 563, 523, 564, 565,
        566, 567, 424, 422, -1, 422, 527, 567,
        565, -1, 527, 525, 565, 523, -1, 424,
        566, 426, 428, -1, 566, 564, 428, 430,
        -1, 564, 563, 430, 432, -1, 432, 563,
        434, -1, 425, 568, 423, 421, -1, 421,
        568, 419, 417, -1, 568, 569, 417, 570,
        415, 571, 572, 573, 574, 575, 576, 577,
        578, 579, 580, 581, 582, 583, 584, 585,
        586, 587, 588, 589, 590, 591, 592, 593,
        594, 595, 596, 597, 598, 599, 600, -1,
        600, 601, 598, 602, 603, 604, 605, 606,
        607, 391, 393, -1, 391, 606, 389, 608,
        387, 609, 385, 610, 611, -1, 611, 383,
        385, -1, 606, 604, 608, 612, 609, 610,
        -1, 610, 612, 613, 601, -1, 601, 612,
        602, 604, -1, 598, 603, 596, 605, 594,
        607, 592, 393, 590, 395, 588, 399, 586,
        401, 584, 403, 582, 405, 580, 407, 578,
        409, 576, 411, 574, 413, 572, 415, -1,
        397, 399, 395, -1, 570, 569, 571, 614,
        573, 615, 575, 616, 577, 617, 579, 618,
        581, 619, 583, 620, 585, 621, 587, 622,
        589, 591, -1, 569, 623, 614, 615, -1,
        623, 624, 615, 616, -1, 378, 625, 380,
        626, 382, 627, 384, 386, -1, 625, 628,
        626, 629, 627, 630, 386, 388, -1, 108,
        109, 110, 111, 112, 113, 114, 115, 116,
        117, 118, 119, 120, 121, 122, 123, 124,
        125, 126, 127, 128, 129, 130, 131, 132,
        133, 134, 135, 136, 137, 138, 139, 140,
        141, 142, 143, 144, 145, 146, 147, 148,
        149, 150, 151, 152, 153, 154, 155, 156,
        157, 158, 159, 160, 161, 162, 163, 164,
        165, 166, 167, 168, 169, 170, 171, 172,
        173, 174, 175, 176, 177, 178, -1, 114,
        110, 112, -1, 177, 175, 179, 173, 180,
        181, 182, 183, 184, 185, 186, 187, 188,
        189, 190, 191, -1, 173, 171, 181, 183,
        -1, 171, 169, 183, 192, 185, 193, 187,
        189, -1, 169, 167, 192, 194, 193, 195,
        189, 191, -1, 167, 165, 194, 196, 195,
        191, -1, 165, 163, 196, 191, -1, 161,
        191, 163, -1, 129, 127, 131, 197, 198,
        199, 200, 201, 202, 203, 204, 205, 206,
        207, 208, 209, 210, 211, 212, 213, 214,
        215, 216, 217, 218, 219, 220, 221, 222,
        223, -1, 131, 198, 133, 200, 224, 202,
        225, 226, 227, 228, 229, 230, 231, 232,
        233, 234, 235, 236, 237, 238, 239, 240,
        241, -1, 240, 238, 242, 243, 244, 245,
        246, 247, 248, 249, 250, 251, 252, 253,
        206, 204, -1, 242, 244, 254, 255, 256,
        257, 258, 259, 260, 261, 262, 263, 210,
        208, -1, 208, 263, 206, 252, -1, 263,
        261, 252, 250, -1, 261, 259, 250, 248,
        -1, 259, 257, 248, 246, -1, 257, 255,
        246, 244, -1, 210, 212, 262, 264, 260,
        265, 258, 266, 256, 254, -1, 254, 266,
        267, 268, 269, 270, 216, 214, -1, 216,
        218, 269, 220, 267, -1, 266, 265, 268,
        270, -1, 265, 264, 270, 214, -1, 264,
        212, 214, -1, 238, 236, 243, 245, -1,
        236, 234, 245, 247, -1, 234, 232, 247,
        249, -1, 232, 230, 249, 251, -1, 230,
        228, 251, 253, -1, 228, 226, 253, 204,
        -1, 226, 202, 204, -1, 133, 224, 135,
        271, 272, 273, 274, 275, 276, 277, 278,
        279, 280, 281, 282, 283, 284, 285, 286,
        287, 288, 289, 290, 291, 292, 157, 155,
        -1, 157, 291, 159, 161, -1, 289, 161,
        291, -1, 289, 287, 241, 293, 294, 295,
        296, 297, 298, 299, 300, 301, 302, 275,
        303, 273, 227, 271, 225, 224, -1, 227,
        229, 303, 231, 302, 233, 300, 235, 298,
        237, 296, 239, 294, 241, -1, 275, 301,
        277, 279, -1, 301, 299, 279, 281, -1,
        299, 297, 281, 283, -1, 297, 295, 283,
        285, -1, 295, 293, 285, 287, -1, 135,
        272, 137, 139, -1, 114, 116, 304, 305,
        306, 120, 122, -1, 122, 124, 306, 307,
        308, 309, 310, 311, 312, 126, 128, -1,
        308, 304, 306, -1, 126, 311, 124, 307,
        -1, 309, 307, 311, -1, 120, 305, 118,
        116, -1, 109, 313, 111, 314, 113, 315,
        115, 117, -1, 313, 316, 314, 317, 315,
        318, 319, 320, 321, 322, 323, 324, 325,
        326, 327, 328, 127, 197, -1, 197, 328,
        199, 329, 330, 331, 332, 333, 334, 335,
        336, 337, 338, 339, 340, 341, 342, 343,
        344, 345, 346, -1, 343, 341, 345, 347,
        -1, 347, 341, 348, 349, 350, 339, 351,
        337, 352, 335, 353, 354, 355, 333, 356,
        331, 324, 326, -1, 333, 354, 335, -1,
        339, 349, 341, -1, 331, 329, 326, 328,
        -1, 324, 322, 356, 355, -1, 348, 350,
        357, 358, -1, 199, 330, 201, 203, -1,
        127, 125, 327, 123, 325, 121, 323, 119,
        321, 319, -1, 119, 117, 319, 315, -1,
        316, 359, 317, 360, 318, 361, 320, 362,
        322, 355, -1, 359, 363, 360, 364, 361,
        365, 362, 366, 355, 353, -1, 363, 367,
        364, 368, 365, 369, 366, 370, 353, 371,
        352, 351, -1, 351, 371, 350, 372, 358,
        373, 374, 375, -1, 372, 371, 373, 370,
        376, 369, 368, -1, 373, 376, 375, 368,
        367, -1, 107, 106, 107, 106, -1, 106,
        106, 105, 104, 103, 102, 101, 100, 99,
        98, 97, 96, 95, 94, 93, 92, 91,
        90, 89, 88, 87, 86, 85, 84, 83,
        82, 81, 80, 79, 78, 77, 76, 75,
        74, 73, 72, 71, 70, 69, 68, 67,
        66, 65, 64, 63, 62, 61, 60, 59,
        58, 57, 56, 55, 54, 53, 52, 51,
        51, 50, -1, 51, 50, 50, 49, -1,
        50, 48, 49, 47, -1, 48, 47, 47,
        46, 45, 44, 44, -1, 43, 42, 43,
        41, -1, 42, 40, 41, 39, -1, 40,
        37, 39, 38, -1, 38, 37, 36, 36,
        35, -1, 36, 35, 35, 34, -1, 35,
        33, 34, 32, -1, 33, 31, 32, 30,
        -1, 31, 30, 30, 29, 28, 27, 26,
        25, 24, 23, 22, 21, 20, 19, 19,
        17, -1, 19, 18, 17, 16, 15, 14,
        13, 12, 11, 10, 9, 8, 8, 7,
        -1, 8, 6, 7, 4, -1, 6, 5,
        4, 3, 3, 2, -1, 3, 2, 2,
        1, 1, 0, -1, 1, 0, 0, -1,
        203, 330, 998, 999, 207, 1000, 209, 1001,
        211, 1002, 213, 1003, 215, 1004, 217, 1005,
        219, 221, -1, 221, 1005, 223, 1006, -1,
        1006, 1005, 346, 344, -1, 1005, 1004, 344,
        342, -1, 1004, 1003, 342, 340, -1, 1003,
        1002, 340, 338, -1, 1002, 1001, 338, 336,
        -1, 1001, 1000, 336, 334, -1, 1000, 999,
        334, 332, -1, 330, 332, 999, -1, 207,
        205, 998, 203, -1, 128, 926, 312, 928,
        310, 929, -1, 928, 926, 929, 924, 930,
        931, 929, -1, 924, 923, 931, 932, 933,
        922, 921, 915, 914, 797, 795, 796, 794,
        852, 855, 850, 856, 892, 891, 890, 889,
        887, 888, 885, 830, 832, 831, 833, 894,
        895, 174, 172, -1, 172, 895, 170, 896,
        168, 897, 166, 898, 164, 899, 162, 160,
        -1, 160, 899, 158, 839, 156, 838, 154,
        840, 152, 841, 150, 842, 843, 844, 845,
        846, 847, 848, 849, 850, 851, 852, 853,
        854, 800, 798, 799, 797, 915, -1, 797,
        798, 796, 854, 852, -1, 850, 848, 892,
        890, -1, 890, 848, 887, 846, 886, 844,
        842, -1, 887, 886, 885, 884, 832, 883,
        834, 836, 835, 837, 897, 898, -1, 897,
        896, 835, 833, 834, 832, -1, 896, 895,
        833, -1, 886, 842, 884, 883, -1, 842,
        841, 883, 840, 836, 838, 837, 839, 898,
        899, -1, 150, 843, 148, 845, 875, 876,
        144, 877, 142, 878, 140, 879, 138, 804,
        805, 803, 919, 918, 925, 924, 926, -1,
        924, 918, 923, 916, 922, 915, -1, 922,
        932, 923, -1, 915, 916, 799, 917, 801,
        803, 802, 804, 879, -1, 879, 878, 802,
        880, 800, 853, -1, 802, 800, 801, 799,
        -1, 803, 917, 918, 916, -1, 138, 805,
        136, 920, 134, 132, -1, 132, 920, 130,
        934, 927, 925, 926, -1, 926, 128, 927,
        130, -1, 925, 934, 919, 920, 805, -1,
        144, 146, 875, 148, -1, 845, 847, 876,
        882, 877, 881, 878, 880, -1, 880, 881,
        853, 882, 851, 849, -1, 847, 849, 882,
        -1, 933, 921, 913, 914, 912, 795, 793,
        794, 792, 855, 856, -1, 913, 912, 909,
        911, 910, 791, 789, 790, 788, 859, 786,
        861, 863, 862, 864, 902, 904, 903, 826,
        828, 827, 829, 893, 894, 174, -1, 174,
        176, 893, 825, 827, 826, -1, 176, 178,
        825, 823, 824, 822, 905, 820, 866, 867,
        865, 869, 863, 868, 786, 784, 785, 783,
        808, 807, 907, 908, 789, 910, -1, 910,
        908, 909, 807, -1, 807, 783, 806, 781,
        779, 780, 778, 776, 777, 775, 464, 466,
        -1, 779, 778, 777, -1, 863, 864, 865,
        866, -1, 866, 864, 905, 904, 826, -1,
        905, 826, 824, 825, -1, 823, 821, 822,
        820, -1, 821, 819, 820, 818, 867, 874,
        869, 871, 870, 872, 782, 780, 781, -1,
        781, 783, 782, 784, 870, 868, 869, -1,
        819, 817, 818, 816, 874, 871, -1, 817,
        815, 816, 814, 871, 873, 872, 809, 780,
        776, -1, 815, 813, 814, 812, 873, 810,
        809, 774, 776, 775, -1, 775, 774, 466,
        468, -1, 468, 774, 811, 810, 812, -1,
        813, 811, 812, -1, 894, 829, 831, 830,
        -1, 829, 828, 830, 906, 888, 889, -1,
        828, 903, 906, 901, 889, 900, 891, 860,
        858, 859, 857, 790, 792, 791, 793, 911,
        912, -1, 792, 856, 857, 858, -1, 858,
        856, 891, -1, 859, 860, 861, 862, -1,
        860, 900, 862, 902, -1, 900, 901, 902,
        903, -1, 907, 789, 787, 788, 786, -1,
        786, 785, 787, 808, 907, -1, 272, 1007,
        139, 141, -1, 272, 274, 1007, 276, 141,
        1008, 143, 145, -1, 276, 278, 1008, 145,
        -1, 278, 1009, 145, 147, -1, 278, 280,
        1009, 1010, 147, 1011, 149, 151, -1, 280,
        282, 1010, 1012, 1011, 1013, 151, 153, -1,
        282, 284, 1012, 1014, 1013, 1015, 153, 155,
        -1, 155, 1015, 292, 1016, 290, 288, -1,
        288, 1016, 286, 1014, 284, -1, 1015, 1014,
        1016, -1, 630, 631, 388, 632, 390, 633,
        392, 634, 394, 396, -1, 634, 635, 396,
        636, 398, 637, 638, 639, 640, 641, 642,
        643, 644, 497, 410, -1, 410, 408, 644,
        406, 642, 404, 640, 402, 638, 400, 398,
        -1, 497, 643, 495, 645, 493, 646, 647,
        648, 649, 650, 651, 652, 653, 654, 655,
        656, 657, 658, 659, 660, 661, 662, 663,
        664, 501, 499, -1, 662, 499, 664, -1,
        501, 477, 663, 479, 665, 481, 666, 483,
        667, 485, 668, 487, 669, 489, 670, 491,
        647, 493, -1, 647, 649, 670, 651, 671,
        653, 672, 655, 673, 657, 666, 659, 665,
        661, 663, -1, 666, 667, 673, 672, -1,
        667, 668, 672, 671, -1, 668, 669, 671,
        670, -1, 662, 660, 674, 658, 675, 656,
        676, 654, 677, 678, 679, 680, 681, 682,
        683, 684, 685, 686, 687, 688, 689, 633,
        632, -1, 633, 688, 634, 635, -1, 688,
        686, 635, 690, 636, 691, 637, 692, 639,
        693, 694, 646, 645, -1, 645, 643, 694,
        641, 639, -1, 646, 693, 648, 695, 696,
        697, 698, 699, 682, 684, -1, 682, 680,
        698, 700, 696, 650, 648, -1, 650, 700,
        652, 678, 654, -1, 700, 680, 678, -1,
        693, 692, 695, 697, -1, 692, 691, 697,
        699, -1, 691, 690, 699, 684, -1, 684,
        690, 686, -1, 674, 675, 701, 702, 703,
        704, 705, 706, 707, 708, 709, 710, 711,
        712, 713, 687, 714, 689, 632, -1, 632,
        631, 714, 715, 716, 628, 717, -1, 628,
        715, 629, 630, -1, 631, 630, 715, -1,
        714, 716, 713, 718, 711, 717, 719, -1,
        717, 718, 716, -1, 711, 719, 709, 720,
        707, 705, -1, 720, 703, 705, -1, 687,
        712, 685, 710, 683, 681, -1, 710, 708,
        681, 679, -1, 708, 706, 679, 677, -1,
        706, 704, 677, 702, 676, 675, -1, 616,
        624, 721, 722, 723, 724, 725, 726, 727,
        728, 729, 730, 731, 732, 733, 734, 735,
        736, 593, 595, -1, 593, 591, 735, 622,
        733, 621, 731, 620, 737, 619, 738, 618,
        739, 617, 721, 616, -1, 721, 723, 739,
        725, 738, 727, 737, 729, 731, -1, 595,
        736, 740, 741, 742, 743, 744, 745, -1,
        742, 746, 740, 599, 597, -1, 595, 740,
        597, -1, 743, 747, 745, 748, 749, 750,
        -1, 748, 751, 750, 752, 753, 754, -1,
        754, 752, 755, 756, 757, 758, 759, 760,
        761, 762, 763, 764, 765, 766, 734, 736,
        -1, 736, 766, 741, 743, -1, 766, 764,
        743, 747, -1, 764, 762, 747, 748, -1,
        762, 760, 748, 751, -1, 760, 758, 751,
        752, -1, 756, 752, 758, -1, 734, 732,
        765, 730, 763, 767, 761, 768, 759, 757,
        -1, 730, 728, 767, 769, 768, 770, 757,
        755, -1, 755, 770, 771, 772, 773, 769,
        726, 728, -1, 772, 770, 769, -1, 726,
        724, 773, 722, 771, -1, 465, 467, 935,
        936, 937, 938, 939, 940, 941, 942, 459,
        457, -1, 457, 942, 455, 943, 944, 945,
        946, 947, 948, -1, 947, 945, 949, 940,
        938, -1, 945, 943, 940, 942, -1, 455,
        944, 453, 950, 451, 951, 449, 952, 447,
        953, 445, 443, -1, 944, 946, 950, 954,
        955, 956, 957, -1, 956, 954, 948, 946,
        -1, 950, 955, 951, 958, 952, 959, 953,
        960, 443, 441, -1, 955, 957, 958, 961,
        959, 962, 960, 963, 441, 964, 439, 965,
        437, 966, 435, 967, 433, 968, 431, 969,
        429, 970, 971, 972, 425, -1, 425, 427,
        971, 429, -1, 961, 973, 962, 974, 963,
        975, 964, 976, 965, 977, 966, 978, 967,
        979, 968, 980, 969, 970, -1, 973, 981,
        974, 982, 975, 983, 976, 984, 977, 978,
        -1, 981, 985, 982, 983, -1, 985, 986,
        983, 984, -1, 986, 987, 984, 988, 978,
        989, 979, 990, 980, 991, 992, 972, 970,
        -1, 992, 970, 980, -1, 972, 991, 993,
        994, -1, 991, 990, 994, 995, -1, 990,
        989, 995, 996, -1, 989, 988, 996, 987,
        -1, 459, 461, 941, 997, 939, 937, -1,
        461, 463, 997, 937, -1, 937, 463, 935,
        465, -1, 630, 631, 388, 632, 390, 633,
        392, 634, 394, 396, -1, 634, 635, 396,
        636, 398, 637, 638, 639, 640, 1184, 642,
        643, 644, 497, 410, -1, 410, 408, 644,
        406, 642, 404, 640, 402, 638, 400, 398,
        -1, 497, 643, 495, 645, 493, 646, 1179,
        648, 649, 650, 651, 1217, 653, 654, 1221,
        656, 657, 658, 659, 660, 661, 662, 663,
        664, 1238, 499, -1, 499, 664, 662, -1,
        1238, 477, 663, 1213, 665, 481, 666, 483,
        667, 485, 1191, 487, 1180, 489, 670, 491,
        1179, 493, -1, 1179, 649, 670, 651, 671,
        653, 672, 1221, 673, 657, 666, 659, 665,
        661, 663, -1, 666, 667, 673, 672, -1,
        667, 1191, 672, 671, -1, 1191, 1180, 671,
        670, -1, 662, 660, 674, 658, 675, 656,
        676, 654, 677, 678, 679, 680, 681, 682,
        1257, 684, 685, 686, 687, 1256, 1148, 633,
        632, -1, 633, 1256, 634, 635, -1, 1256,
        686, 635, 690, 636, 691, 637, 692, 639,
        693, 694, 646, 645, -1, 645, 643, 694,
        1184, 639, -1, 646, 693, 648, 695, 696,
        1215, 698, 1234, 682, 684, -1, 682, 680,
        698, 1231, 696, 650, 648, -1, 650, 1231,
        1217, 678, 654, -1, 680, 678, 1231, -1,
        693, 692, 695, 1215, -1, 692, 691, 1215,
        1234, -1, 691, 690, 1234, 684, -1, 690,
        686, 684, -1, 674, 675, 701, 1253, 703,
        704, 705, 706, 707, 708, 709, 1146, 711,
        712, 713, 687, 714, 1148, 632, -1, 632,
        631, 714, 715, 716, 628, 717, -1, 628,
        715, 629, 630, -1, 630, 715, 631, -1,
        714, 716, 713, 718, 711, 717, 719, -1,
        718, 716, 717, -1, 711, 719, 709, 720,
        707, 705, -1, 703, 705, 720, -1, 687,
        712, 685, 1146, 1257, 681, -1, 1146, 708,
        681, 679, -1, 708, 706, 679, 677, -1,
        706, 704, 677, 1253, 676, 675, -1, 616,
        624, 1229, 722, 723, 724, 725, 726, 727,
        728, 729, 730, 731, 732, 733, 1214, 1228,
        736, 593, 595, -1, 593, 591, 1228, 622,
        733, 621, 731, 620, 737, 619, 738, 618,
        1153, 617, 1229, 616, -1, 1229, 723, 1153,
        725, 738, 727, 737, 729, 731, -1, 595,
        736, 1243, 741, 742, 743, 744, 745, -1,
        742, 746, 1243, 599, 1250, -1, 1243, 1250,
        595, -1, 743, 747, 745, 748, 749, 750,
        -1, 748, 751, 750, 752, 753, 754, -1,
        754, 752, 755, 756, 757, 758, 1164, 1182,
        761, 762, 763, 764, 765, 766, 1214, 736,
        -1, 736, 766, 741, 743, -1, 766, 764,
        743, 747, -1, 764, 762, 747, 748, -1,
        762, 1182, 748, 751, -1, 1182, 758, 751,
        752, -1, 752, 758, 756, -1, 1214, 732,
        765, 730, 763, 767, 761, 768, 1164, 757,
        -1, 730, 728, 767, 769, 768, 770, 757,
        755, -1, 755, 770, 771, 772, 773, 769,
        726, 728, -1, 770, 769, 772, -1, 726,
        724, 773, 722, 771, -1, 468, 466, 774,
        1145, 776, 777, 778, 779, 780, 781, 782,
        783, 784, 785, 786, 787, 788, 789, 790,
        791, 792, 793, 794, 795, 796, 797, 798,
        799, 800, 801, 1207, 803, 804, 805, 138,
        136, -1, 779, 806, 781, 783, -1, 806,
        1162, 783, 808, 785, 787, -1, 778, 780,
        776, 809, 774, 810, 811, 1158, 813, 814,
        815, 816, 817, 818, 819, 820, 1170, 822,
        823, 1185, 825, 826, 827, 1196, 829, 830,
        831, 832, 833, 834, 835, 836, 837, 838,
        839, 1166, 158, -1, 468, 774, 811, -1,
        1166, 838, 154, 840, 152, 841, 150, 842,
        1235, 844, 1218, 846, 847, 1200, 849, 850,
        851, 852, 1202, 854, 800, 798, -1, 798,
        854, 796, 852, 794, 1186, 792, 856, 857,
        858, 859, 1178, 861, 862, 863, 864, 865,
        866, 867, 820, 818, -1, 792, 857, 790,
        859, 788, 786, -1, 859, 861, 786, 863,
        868, 869, 870, 871, 1159, 873, 809, 810,
        -1, 810, 873, 1158, 814, -1, 873, 871,
        814, 816, -1, 809, 780, 1159, 782, 870,
        784, 868, 786, -1, 863, 865, 869, 867,
        874, 818, 816, -1, 816, 871, 874, 869,
        -1, 852, 850, 1186, 856, -1, 150, 1235,
        148, 1218, 1225, 876, 144, 877, 1223, 878,
        1230, 879, 138, 804, -1, 804, 879, 1207,
        878, 880, 881, 1202, 882, 851, 849, -1,
        849, 882, 847, 876, 1218, -1, 876, 882,
        877, 881, 878, -1, 1202, 800, 880, 1207,
        -1, 144, 1247, 1225, 148, -1, 838, 836,
        840, 883, 841, 842, -1, 836, 834, 883,
        832, 884, 885, 886, 887, 846, 1200, -1,
        846, 844, 886, 842, 884, 883, -1, 832,
        830, 885, 888, 887, 889, 890, 891, 1188,
        856, 850, -1, 850, 1200, 1188, 890, -1,
        1200, 887, 890, -1, 856, 891, 858, 1178,
        -1, 823, 825, 178, 176, -1, 777, 1145,
        464, 466, -1, 176, 825, 893, 827, 829,
        -1, 176, 893, 1210, 894, 895, 833, 896,
        835, 897, 837, 898, 839, 899, 158, 160,
        -1, 160, 162, 899, 164, 898, 166, 897,
        168, 896, 170, 895, 172, 1210, -1, 833,
        894, 831, 829, -1, 829, 894, 893, -1,
        891, 900, 1178, 862, -1, 891, 889, 900,
        901, 902, 903, 904, 826, 905, 1185, 822,
        -1, 822, 820, 905, 866, 864, -1, 905,
        864, 904, 902, -1, 864, 862, 902, 900,
        -1, 826, 903, 1196, 906, 830, 888, -1,
        888, 906, 889, 901, -1, 901, 906, 903,
        -1, 787, 808, 907, 1162, 908, 909, 910,
        911, 791, 793, -1, 791, 789, 910, 908,
        -1, 908, 789, 907, 787, -1, 793, 911,
        912, 909, 913, -1, 793, 912, 795, 914,
        797, 915, 799, 916, 917, 918, 803, 919,
        805, 920, 136, 134, -1, 134, 920, 132,
        130, -1, 803, 801, 917, 799, -1, 912,
        913, 914, 921, 915, 922, 916, 923, 918,
        924, 925, 926, 927, 1222, 130, -1, 1222,
        926, 1211, 1204, 310, 1192, -1, 1204, 926,
        1192, 924, 930, 931, 1192, -1, 924, 923,
        931, 932, 933, 922, 921, -1, 933, 921,
        913, -1, 932, 923, 922, -1, 918, 925,
        919, 934, 920, 130, -1, 130, 934, 927,
        925, -1, 465, 467, 1246, 936, 937, 938,
        939, 940, 941, 942, 459, 457, -1, 457,
        942, 455, 943, 944, 945, 946, 947, 948,
        -1, 947, 945, 949, 940, 938, -1, 945,
        943, 940, 942, -1, 455, 944, 453, 950,
        451, 951, 449, 952, 447, 953, 445, 443,
        -1, 944, 946, 950, 954, 955, 956, 1156,
        -1, 956, 954, 948, 946, -1, 950, 955,
        951, 1155, 952, 959, 953, 960, 443, 441,
        -1, 955, 1156, 1155, 961, 959, 962, 960,
        963, 441, 964, 439, 965, 437, 966, 435,
        967, 433, 968, 1205, 969, 429, 970, 971,
        972, 425, -1, 425, 427, 971, 429, -1,
        961, 973, 962, 1240, 963, 975, 964, 976,
        965, 977, 966, 978, 967, 979, 968, 980,
        969, 970, -1, 973, 981, 1240, 982, 975,
        983, 976, 984, 977, 978, -1, 981, 985,
        982, 983, -1, 985, 986, 983, 984, -1,
        986, 987, 984, 988, 978, 989, 979, 990,
        980, 1187, 992, 972, 970, -1, 970, 980,
        992, -1, 972, 1187, 993, 994, -1, 1187,
        990, 994, 995, -1, 990, 989, 995, 996,
        -1, 989, 988, 996, 987, -1, 459, 1245,
        941, 997, 939, 937, -1, 1245, 463, 997,
        937, -1, 937, 463, 1246, 465, -1, 1176,
        330, 998, 999, 207, 1000, 209, 1206, 211,
        1002, 213, 1003, 215, 1004, 217, 1005, 219,
        1232, -1, 1232, 1005, 223, 1006, -1, 1006,
        1005, 346, 1227, -1, 1005, 1004, 1227, 342,
        -1, 1004, 1003, 342, 340, -1, 1003, 1002,
        340, 1208, -1, 1002, 1206, 1208, 336, -1,
        1206, 1000, 336, 334, -1, 1000, 999, 334,
        332, -1, 332, 999, 330, -1, 207, 205,
        998, 1176, -1, 272, 1007, 139, 141, -1,
        272, 274, 1007, 276, 141, 1008, 1242, 145,
        -1, 276, 278, 1008, 145, -1, 278, 1009,
        145, 147, -1, 278, 280, 1009, 1010, 147,
        1011, 149, 151, -1, 280, 282, 1010, 1012,
        1011, 1013, 151, 153, -1, 282, 1183, 1012,
        1014, 1013, 1173, 153, 155, -1, 155, 1173,
        292, 1016, 290, 288, -1, 288, 1016, 286,
        1014, 1183, -1, 1014, 1016, 1173, -1, 1141,
        1135, 1137, 1136, 1138, 1142, 1115, 1114, 1102,
        1103, 1091, 1092, 1034, 1036, 1035, 1037, 1048,
        1039, 1047, 1046, 1083, 1084, 1082, -1, 1084,
        1046, 1045, 1041, 1043, 1042, 1044, 1096, 1097,
        1107, 1108, 1109, -1, 1046, 1039, 1041, 1040,
        1042, 1095, 1096, 1107, -1, 1141, 1137, 1140,
        1139, 1098, 1099, 1087, 1088, 1026, 1028, 1027,
        1029, 1056, 1054, 1055, 1053, 1071, 1074, 1072,
        1075, 1073, 1076, -1, 1073, 1070, 1072, 1068,
        1071, 1066, 1055, 1057, 1056, 1058, 1027, 1025,
        1026, 1024, 1087, 1086, 1098, -1, 1086, 1024,
        1022, 1023, 1021, 1060, 1062, 1061, -1, 1024,
        1025, 1023, 1060, -1, 1025, 1058, 1060, 1059,
        1061, 1063, -1, 1058, 1057, 1059, 1064, 1063,
        1065, -1, 1057, 1066, 1064, 1065, -1, 1065,
        1066, 1067, 1068, 1069, 1070, -1, 1137, 1138,
        1139, 1100, 1099, 1088, -1, 1138, 1115, 1100,
        1101, 1089, 1090, 1030, 1032, 1031, 1033, 1052,
        1050, 1051, 1049, 1077, 1085, 1078, 1081, 1080,
        1082, -1, 1082, 1081, 1083, 1085, 1047, 1049,
        1048, 1050, 1035, 1033, 1034, 1032, 1091, 1090,
        1102, 1101, 1115, -1, 1080, 1079, 1078, 1076,
        1075, -1, 1078, 1075, 1077, 1074, 1051, 1053,
        1052, 1054, 1031, 1029, 1030, 1028, 1089, 1088,
        1100, -1, 1095, 1106, 1107, 1110, 1109, 1116,
        -1, 1116, 1110, 1117, 1111, 1122, 1112, 1125,
        1113, 1131, 1114, 1142, -1, 1114, 1113, 1103,
        1104, 1092, 1093, 1036, 1038, 1037, 1039, -1,
        1039, 1038, 1040, 1094, 1095, 1106, -1, 1038,
        1093, 1094, 1105, 1106, 1111, 1110, -1, 1111,
        1105, 1112, 1104, 1113, -1, 1105, 1093, 1104,
        -1, 1116, 1117, 1118, 1119, 1120, 1121, -1,
        1117, 1122, 1119, 1123, 1121, 1124, -1, 1122,
        1125, 1123, 1126, 1127, 1128, 1129, 1130, -1,
        1129, 1124, 1127, 1123, -1, 1125, 1131, 1126,
        1132, 1128, 1133, 1130, 1134, -1, 1134, 1133,
        1135, 1136, -1, 1133, 1132, 1136, 1142, -1,
        1132, 1131, 1142, -1, 1020, 1020, 1020, 1020,
        1020, -1, 1020, 1020, 1020, 1020, -1, 1020,
        1020, 1020, 1020, -1, 1020, 1020, 1020, 1020,
        1020, 1020, 1020, -1, 1020, 1020, 1020, 1020,
        1020, 1020, 1020, 1020, 1020, 1020, 1020, 1020,
        1020, 1020, 1020, -1, 1020, 1020, 1020, 1020,
        1020, 1020, 1020, 1020, 1020, -1, 1020, 1020,
        1020, 1020, 1020, -1, 1020, 1020, 1020, 1020,
        1020, 1020, 1020, -1, 1020, 1020, 1020, 1020,
        1020, 1020, 1020, 1020, 1020, 1020, 1020, 1020,
        1020, 1020, 1020, 1020, 1020, -1, 1020, 1020,
        1020, 1020, -1, 1017, 1017, 1017, 1017, -1,
        1017, 1017, 1017, 1017, -1, 1017, 1017, 1017,
        1017, -1, 1017, 1017, 1017, 1017, -1, 1017,
        1017, 1017, 1017, -1, 1017, 1017, 1017, 1017,
        -1, 1017, 1017, 1017, 1017, -1, 1017, 1017,
        1017, 1017, -1, 1017, 1017, 1017, 1017, -1,
        1017, 1017, 1017, 1017, -1, 1017, 1017, 1017,
        1017, -1, 1017, 1017, 1017, 1017, -1, 1017,
        1017, 1017, 1017, -1, 1017, 1017, 1017, 1017,
        -1, 1017, 1017, 1017, 1017, -1, 1017, 1017,
        1017, 1017, -1, 1017, 1017, 1017, 1017, -1,
        1020, 1020, 1020, 1020, -1, 1020, 1020, 1020,
        1020, -1, 1020, 1020, 1020, 1020, -1, 1020,
        1020, 1020, 1020, -1, 1020, 1020, 1020, 1020,
        -1, 1020, 1020, 1020, 1020, -1, 1020, 1020,
        1020, 1020, -1, 1020, 1020, 1020, 1020, -1,
        1020, 1020, 1020, 1020, -1, 1020, 1020, 1020,
        1020, -1, 1020, 1020, 1020, 1020, -1, 1020,
        1020, 1020, 1020, -1, 1020, 1020, 1020, 1020,
        -1, 1017, 1017, 1017, 1017, -1, 1017, 1017,
        1017, 1017, -1, 1017, 1017, 1017, 1017, -1,
        1017, 1017, 1017, 1017, -1, 1017, 1018, 1017,
        1017, -1, 1018, 1017, 1017, 1019, 1017, 1017,
        1017, 1017, 1017, 1017, 1017, 1017, 1017, 1017,
        1017, 1017, 1017, 1017, 1017, 1017, 1017, 1017,
        1017, -1, 1017, 1017, 1017, 1017, 1017, 1017,
        1017, 1017, 1017, 1017, 1017, 1017, 1017, 1017,
        1017, 1017, -1, 1017, 1017, 1017, 1017, -1,
        1017, 1017, 1017, 1017, 1017, 1017, 1017, 1017,
        1017, 1017, 1017, 1017, 1017, 1017, 1017, 1017,
        1017, -1, 1017, 1017, 1017, 1017, 1017, 1017,
        1017, 1017, 1017, -1 ]

  }
}

