#Inventor V2.1 ascii


DEF root Separator {

  DEF axis Separator {

    DEF X Separator {

      Material {
        ambientColor 1 0 0
        diffuseColor 1 0 0

      }
      Rotation {
        rotation -0 -0 -1  1.5707999

      }
      Translation {
        translation 0 0 0.1

      }
      Cylinder {
        radius 0.001
        height 0.2

      }
      Translation {
        translation 0 0 0.1

      }
      Cone {
        bottomRadius 0.0050000004
        height 0.0050000004

      }
      Text2 {
        string "X"

      }
    }
    DEF Y Separator {

      Material {
        ambientColor 0 1 0
        diffuseColor 0 1 0

      }
      Translation {
        translation 0 0 0.1

      }
      Cylinder {
        radius 0.001
        height 0.2

      }
      Translation {
        translation 0 0 0.1

      }
      Cone {
        bottomRadius 0.0050000004
        height 0.0050000004

      }
      Text2 {
        string "Y"

      }
    }
    DEF Z Separator {

      Material {
        ambientColor 0 0 1
        diffuseColor 0 0 1

      }
      Rotation {
        rotation 1 0 0  1.5707999

      }
      Translation {
        translation 0 0 0.1

      }
      Cylinder {
        radius 0.001
        height 0.2

      }
      Translation {
        translation 0 0 0.1

      }
      Cone {
        bottomRadius 0.0050000004
        height 0.0050000004

      }
      Text2 {
        string "Z"

      }
    }
  }
  Transform {
    translation 0 0 -0.31
    rotation -1 0 0  1.5700002
    scaleOrientation 0 0 1  0

  }
  VRMLShape {
    appearance 
    DEF material VRMLAppearance {
      material 
      DEF color VRMLMaterial {
        diffuseColor 1 0.40000001 0

      }

    }
    geometry 
    VRMLIndexedFaceSet {
      coord 
      VRMLCoordinate {
        point [ -4.0915087e-016 0.058000002 0.48200002,
            0.060000002 -0.0020000001 0.48200002,
            -0.0092445733 0.05728012 0.48200002,
            -0.018269226 0.055149261 0.48200002,
            -0.026071552 0.052038562 0.48200002,
            -0.034121029 0.047348928 0.48200002,
            -0.040700056 0.042084545 0.48200002,
            -0.047024883 0.03526064 0.48200002,
            -0.052240737 0.027505625 0.48200002,
            -0.055857249 0.019907836 0.48200002,
            -0.058565922 0.011023059 0.48200002,
            -0.05981487 0.0026905569 0.48200002,
            -0.059884384 -0.0057062996 0.48200002,
            -0.058585543 -0.014934444 0.48200002,
            -0.056198981 -0.023014963 0.48200002,
            -0.052273955 -0.031446785 0.48200002,
            -0.04706566 -0.039209075 0.48200002,
            -0.041400019 -0.045428284 0.48200002,
            -0.034195572 -0.051297314 0.48200002,
            -0.0269532 -0.055603754 0.48200002,
            -0.019207949 -0.058841128 0.48200002,
            -0.010170667 -0.061128069 0.48200002,
            -0.0017880814 -0.061973065 0.48200002,
            0.0074980683 -0.061526835 0.48200002,
            0.016655011 -0.059639551 0.48200002,
            0.024552865 -0.056746002 0.48200002,
            0.032713328 -0.052293114 0.48200002,
            0.039438251 -0.047215916 0.48200002,
            0.045361225 -0.041270871 0.48200002,
            0.050896667 -0.033766445 0.48200002,
            0.054847348 -0.02632579 0.48200002,
            0.057943281 -0.017563647 0.48200002,
            0.059481435 -0.0098490566 0.48200002,
            0.060000002 -0.014500001 0.31050003,
            0.060000002 -0.0026626075 0.46737975,
            0.060000002 -0.0046075061 0.45273033,
            0.060000002 -0.0080228401 0.43777958,
            0.060000002 -0.01230732 0.42458171,
            0.060000002 -0.018336941 0.41043565,
            0.060000002 -0.025664514 0.39687821,
            0.060000002 -0.033242743 0.38269073,
            0.060000002 -0.038273931 0.37096459,
            0.060000002 -0.041627243 0.35961968,
            0.060000002 -0.043580886 0.34802917,
            0.060000002 -0.043477274 0.34082872,
            0.060000002 -0.042177632 0.33452168,
            0.060000002 -0.039527461 0.32821661,
            0.060000002 -0.035792764 0.32281688,
            0.060000002 -0.031202918 0.31848249,
            0.060000002 -0.026000081 0.31530538,
            0.060000002 -0.021095607 0.31269744,
            0.060000002 -0.018458366 0.31138787,
            0.060000002 -0.016625397 0.31074798,
            0.060000002 -0.015559383 0.31054613,
            0.060000002 -0.014500001 0.31050003,
            0.05928012 -0.014500001 0.30125543,
            0.057149261 -0.014500001 0.29223078,
            0.054038562 -0.014500001 0.28442845,
            0.049348928 -0.014500001 0.27637899,
            0.044084545 -0.014500001 0.26979998,
            0.03726064 -0.014500001 0.26347515,
            0.029505624 -0.014500001 0.2582593,
            0.021907836 -0.014500001 0.25464278,
            0.01302306 -0.014500001 0.25193408,
            0.0046905568 -0.014500001 0.25068516,
            -0.0037062997 -0.014500001 0.25061563,
            -0.012934444 -0.014500001 0.25191447,
            -0.021014962 -0.014500001 0.25430104,
            -0.029446784 -0.014500001 0.25822607,
            -0.037209075 -0.014500001 0.26343438,
            -0.043428283 -0.014500001 0.26909998,
            -0.049297318 -0.014500001 0.27630442,
            -0.053603753 -0.014500001 0.28354684,
            -0.056841128 -0.014500001 0.29129207,
            -0.059128068 -0.014500001 0.30032936,
            -0.059973065 -0.014500001 0.30871192,
            -0.059526835 -0.014500001 0.31799808,
            -0.05763955 -0.014500001 0.32715502,
            -0.054746002 -0.014500001 0.33505288,
            -0.050293118 -0.014500001 0.34321332,
            -0.04521592 -0.014500001 0.34993824,
            -0.03927087 -0.014500001 0.35586125,
            -0.031766444 -0.014500001 0.36139667,
            -0.02432579 -0.014500001 0.36534736,
            -0.015563647 -0.014500001 0.36844328,
            -0.0063712886 -0.014500001 0.37015846,
            0.0020324956 -0.014500001 0.37046522,
            0.011274471 -0.014500001 0.36942744,
            0.019419879 -0.014500001 0.36726919,
            0.027148118 -0.014500001 0.36400521,
            0.035112225 -0.014500001 0.35914895,
            0.041581891 -0.014500001 0.35375425,
            0.047757838 -0.014500001 0.34681565,
            0.052822065 -0.014500001 0.33895296,
            0.056282293 -0.014500001 0.33129057,
            0.058816668 -0.014500001 0.32233873,
            0.059702266 -0.014500001 0.31644869,
            0.060000002 -0.0020000001 0.48200002,
            0.060000002 -0.0026626075 0.46737975,
            0.060000002 -0.0046075061 0.45273033,
            0.060000002 -0.0080228401 0.43777958,
            0.060000002 -0.01230732 0.42458171,
            0.060000002 -0.018336941 0.41043565,
            0.060000002 -0.025664514 0.39687821,
            0.060000002 -0.033242743 0.38269073,
            0.060000002 -0.038273931 0.37096459,
            0.060000002 -0.041627243 0.35961968,
            0.060000002 -0.043580886 0.34802917,
            0.060000002 -0.043477274 0.34082872,
            0.060000002 -0.042177632 0.33452168,
            0.060000002 -0.039527461 0.32821661,
            0.060000002 -0.035792764 0.32281688,
            0.060000002 -0.031202918 0.31848249,
            0.060000002 -0.026000081 0.31530538,
            0.060000002 -0.021095607 0.31269744,
            0.060000002 -0.018458366 0.31138787,
            0.060000002 -0.016625397 0.31074798,
            0.060000002 -0.015559383 0.31054613,
            0.05928012 0.0072445734 0.48200002,
            0.057149261 0.016269226 0.48200002,
            0.054038562 0.024071552 0.48200002,
            0.049348928 0.032121029 0.48200002,
            0.044084545 0.038700055 0.48200002,
            0.03726064 0.045024883 0.48200002,
            0.029505624 0.050240736 0.48200002,
            0.021907836 0.053857248 0.48200002,
            0.01302306 0.056565922 0.48200002,
            0.0065506287 0.057638939 0.48200002,
            -0.045216266 0.0213583 0.42821661,
            -0.045216266 0.027299447 0.43852425,
            -0.050296132 0.020554129 0.43614295,
            0.059319258 -0.020297593 0.32204065,
            0.059319258 -0.022255434 0.32354394,
            0.058769722 -0.022384631 0.32732052,
            0.059702478 -0.021996789 0.31984401,
            0.059319258 -0.024156639 0.32503986,
            -0.021014931 -0.026074765 0.25443801,
            -0.021014931 -0.037493952 0.25460786,
            -0.012934788 -0.02628603 0.25196105,
            0.059702478 -0.026356626 0.32283196,
            0.0020329873 0.057346746 0.47272402,
            -0.0063689011 0.057044812 0.47269693,
            0.059168823 -0.018910676 0.32198927,
            0.057150502 -0.019478088 0.33163619,
            0.057150502 -0.017854365 0.32992476,
            0.055162504 -0.052185796 0.37815264,
            0.052626316 -0.059834886 0.3691043,
            0.051863484 -0.060040731 0.37126228,
            -0.029447822 -0.036691386 0.25884563,
            0.057150509 -0.044130538 0.38675982,
            0.057150509 -0.051429186 0.37025672,
            0.054038703 -0.05201659 0.38243869,
            0.054038703 -0.059195992 0.36494669,
            -0.0088001713 -0.071661748 0.25949031,
            -0.012934788 -0.06840694 0.25859919,
            -0.012934788 -0.073487416 0.26194614,
            -0.057641406 -0.016673448 0.39402515,
            -0.05952961 -0.0220882 0.39439112,
            -0.05952961 -0.025788249 0.38779342,
            -0.0082864342 -0.07852231 0.26484036,
            -0.003707821 -0.074237302 0.26048273,
            -0.0098300288 -0.076912574 0.26376477,
            -0.003707821 -0.069084108 0.25712508,
            -0.00777356 -0.053916156 0.25200072,
            -0.003707821 -0.051427815 0.25111637,
            -0.0067506074 -0.04705238 0.25099382,
            -0.057641406 -0.012860782 0.40001366,
            -0.003707821 -0.057550631 0.25237489,
            -0.043428313 -0.055033114 0.2755402,
            -0.037210096 -0.062382724 0.27171779,
            -0.037210096 -0.057665966 0.26907411,
            -0.043428313 -0.059419353 0.27817139,
            -0.0098300288 -0.052071605 0.25203234,
            -0.0082864342 -0.044918001 0.25114074,
            -0.012934788 -0.050990187 0.25257263,
            -0.012934788 -0.057030533 0.25384596,
            -0.0049526924 -0.016496979 0.37251067,
            -0.0063689011 -0.015779804 0.37062082,
            -0.002147851 -0.015775535 0.37092388,
            -0.0063689011 -0.016496707 0.37191352,
            -0.037210096 -0.047099318 0.26552764,
            -0.037210096 -0.052409355 0.26693642,
            -0.029447822 -0.048858311 0.2596705,
            -0.0063689011 -0.015815612 0.3745431,
            -0.0042485199 -0.016457984 0.37277669,
            -0.031768154 0.038796518 0.44258443,
            -0.024325671 0.046965621 0.45254025,
            -0.031768154 0.043010905 0.45147535,
            -0.002147851 -0.016251361 0.37353474,
            0.0020329873 -0.013734905 0.38007155,
            -0.0063689011 -0.013797167 0.3797425,
            -0.039271235 0.033241451 0.44062236,
            0.0020329873 -0.015788311 0.37485909,
            -5.7296922e-005 -0.016450556 0.37292984,
            -0.054745849 -0.0049022362 0.404863,
            -0.054745849 -0.00084875827 0.41047698,
            0.0006390083 -0.016487727 0.37271559,
            0.0020329873 -0.016485037 0.37222394,
            0.0020329873 -0.015775459 0.37092903,
            0.008404607 -0.016423009 0.37253273,
            0.01302431 -0.015911562 0.3734113,
            0.0065495814 -0.015816849 0.37452301,
            0.0065495814 -0.016494915 0.37189561,
            0.0089033619 -0.015784385 0.37029848,
            0.010272539 -0.016139032 0.37044573,
            0.011646646 -0.016450424 0.37197083,
            0.01302431 -0.016529184 0.37080836,
            -0.053604234 -0.060516499 0.30486745,
            -0.053604234 -0.063866965 0.31230652,
            -0.049300086 -0.065437555 0.29690447,
            0.014090375 -0.016554706 0.37101001,
            0.016224181 -0.015806615 0.36872289,
            -0.049300086 -0.059358139 0.28951895,
            0.014623729 -0.016531479 0.37108326,
            -0.021014931 -0.020333312 0.25435242,
            -0.012934788 -0.020410856 0.25192904,
            0.017058818 -0.01639658 0.37103444,
            0.021907873 -0.014575351 0.37563407,
            0.01302431 -0.014020666 0.37856293,
            -0.05952961 -0.031124847 0.37695888,
            0.021907873 -0.016151322 0.3706004,
            -0.059973665 -0.039988983 0.36953735,
            0.019073263 -0.016590534 0.36975414,
            0.020020301 -0.016626477 0.36921722,
            0.020666022 -0.01582695 0.36728293,
            0.021907873 -0.016617237 0.36805823,
            -0.050296132 0.0074015977 0.41499773,
            -0.050296132 0.014595829 0.42518196,
            0.022789853 -0.016669743 0.36813974,
            0.024544712 -0.015849322 0.36569875,
            0.023229778 -0.016661724 0.36815545,
            -0.0063689011 0.055139281 0.46331802,
            0.025347479 -0.016584313 0.36781317,
            0.029506698 -0.016471099 0.36685324,
            -0.01556403 0.055331737 0.4725441,
            -0.01556403 0.053423367 0.46301219,
            -0.059973665 -0.043250211 0.35798901,
            -0.059131619 -0.04799189 0.36283678,
            -0.059131619 -0.05076931 0.35039076,
            0.027045526 -0.016741924 0.36635703,
            0.027870772 -0.016766867 0.36572582,
            0.029506698 -0.016735418 0.36439157,
            -0.056841988 -0.058016032 0.3204985,
            0.028332699 -0.015875693 0.3638314,
            -0.053604234 -0.065725237 0.32097012,
            -0.0081153782 -0.060269378 0.25375763,
            -0.056841988 -0.059365369 0.32874605,
            -0.003707821 -0.06362059 0.254453,
            -0.012934788 -0.06301868 0.25593004,
            -0.002147851 -0.016485959 0.37221929,
            -0.043428313 -0.050136726 0.27337608,
            0.01664155 -0.016559064 0.36987174,
            0.0065495814 0.057020798 0.47269508,
            0.024946501 -0.016659347 0.36674985,
            -0.0084575871 -0.066103444 0.2562322,
            -0.049300086 -0.055652738 0.28637445,
            -0.043428313 -0.063531041 0.28137571,
            -0.039271235 0.027315546 0.43089026,
            -0.059131619 -0.051944744 0.33781871,
            -0.056841988 -0.058873262 0.34220144,
            -0.01556403 0.050069004 0.45337662,
            -0.029447822 -0.025727678 0.25850528,
            -0.043428313 -0.045185603 0.2719003,
            -0.054745849 -0.0088119935 0.39939988,
            -0.037210096 -0.035625983 0.26447138,
            -0.049300086 -0.051686682 0.28375918,
            -0.024325671 0.042755764 0.44398344,
            -0.053604234 -0.055161044 0.29770941,
            -0.050296132 0.0033237706 0.40987527,
            -0.056841988 -0.05525475 0.31338152,
            -0.045216266 0.014197272 0.41872138,
            0.01302431 0.055945639 0.47259948,
            -0.029447822 -0.020205069 0.25833231,
            -0.057641406 -0.022384759 0.38427645,
            0.0020329873 0.055442762 0.46337315,
            -0.049300086 -0.047248278 0.28156134,
            -0.053604234 -0.051864341 0.29462507,
            -0.059131619 -0.051189013 0.33005679,
            -0.05952961 -0.034921817 0.36640492,
            -0.031768154 0.032885041 0.43339035,
            -0.059973665 -0.045059737 0.34623638,
            -0.0063689011 0.051786274 0.45384046,
            -0.037210096 -0.025266778 0.26390478,
            -0.043428313 -0.034466896 0.27059194,
            0.0065495814 0.055117238 0.46331611,
            -0.053604234 -0.048320953 0.29202577,
            -0.049300086 -0.042753242 0.28000033,
            -0.050296132 -0.00068629876 0.40495524,
            -0.056841988 -0.050673448 0.3064667,
            -0.045216266 0.010099459 0.41400376,
            -0.01556403 0.045862518 0.44508213,
            -0.039271235 0.020184077 0.42200175,
            -0.059131619 -0.049115177 0.32331571,
            -0.037210096 -0.020034177 0.26361629,
            -0.054745849 -0.014846504 0.39058769,
            0.021907873 0.053229813 0.47235775,
            -0.053604234 -0.044343289 0.28979409,
            -0.056841988 -0.047813784 0.30344677,
            -0.024325671 0.036854763 0.43517283,
            -0.059973665 -0.044854593 0.33892512,
            -0.057641406 -0.02670983 0.37470311,
            0.01302431 0.054042187 0.46312642,
            -0.043428313 -0.024765259 0.26977915,
            -0.05952961 -0.037433762 0.35555977,
            -0.053604234 -0.040306877 0.28814718,
            0.0020329873 0.052089736 0.45392409,
            -0.056841988 -0.044722356 0.30086452,
            -0.045216266 0.0060068048 0.40953109,
            -0.049300086 -0.032993712 0.2783711,
            -0.039271235 0.016068731 0.41764092,
            -0.059131619 -0.045437273 0.31668484,
            -0.031768154 0.025781617 0.42506886,
            -0.0063689011 0.047581382 0.44569126,
            -0.043428313 -0.019847833 0.26936528,
            0.029506698 0.049610928 0.47203559,
            -0.059973665 -0.043418575 0.33253297,
            -0.056841988 -0.04123741 0.29859659,
            -0.050296132 -0.0070548845 0.39711097,
            0.0065495814 0.05176371 0.45383754,
            -0.059131619 -0.043087598 0.31374002,
            -0.01556403 0.039969996 0.43657228,
            -0.054745849 -0.01962694 0.38186026,
            -0.05952961 -0.037838265 0.34874785,
            0.021907873 0.051325474 0.46264592,
            -0.049300086 -0.024127748 0.27724552,
            -0.039271235 0.011903364 0.4135623,
            -0.056841988 -0.037691288 0.2968578,
            -0.053604234 -0.03151207 0.28619498,
            -0.057641406 -0.029914469 0.36475256,
            -0.059131619 -0.040523577 0.31117767,
            -0.031768154 0.021649972 0.42104155,
            -0.024325671 0.029771762 0.42725521,
            -0.059973665 -0.040578961 0.32616559,
            0.01302431 0.050687328 0.4535498,
            -0.049300086 -0.019610606 0.2766726,
            0.0020329873 0.047884703 0.44580075,
            -0.045216266 -0.00063696917 0.40248406,
            0.037261635 0.044389829 0.47157067,
            -0.059131619 -0.037613623 0.30886745,
            -0.05952961 -0.037108704 0.34274232,
            -0.059973665 -0.038702521 0.32329041,
            -0.050296132 -0.012305846 0.38925797,
            -0.0063689011 0.041693948 0.4373478,
            0.029506698 0.047704753 0.46200487,
            -0.053604234 -0.02348651 0.28475484,
            0.0065495814 0.047557987 0.44568679,
            -0.056841988 -0.029927954 0.29456005,
            -0.057641406 -0.030919893 0.35843319,
            -0.031768154 0.017416677 0.41733137,
            -0.059131619 -0.034639474 0.30702132,
            -0.024325671 0.025628604 0.42346567,
            -0.054745849 -0.023429103 0.37268114,
            -0.059973665 -0.036627881 0.32074657,
            -0.01556403 0.032903641 0.42897123,
            -0.053604234 -0.019371714 0.28402215,
            -0.039271235 0.0050171381 0.40721759,
            0.021907873 0.047967553 0.4528209,
            -0.05952961 -0.035197705 0.33666679,
            0.044084612 0.038059056 0.4710069,
            -0.059973665 -0.034251504 0.31839707,
            -0.045216266 -0.0062753656 0.39535147,
            -0.057641406 -0.030886892 0.35280895,
            0.01302431 0.046479844 0.4453083,
            0.0594844 -0.010515119 0.46668023,
            -0.056841988 -0.022800867 0.29278359,
            -0.05952961 -0.033845488 0.33386886,
            0.059283759 -0.011909688 0.46655598,
            0.037261635 0.042480517 0.46107936,
            0.057150509 -0.020938341 0.46575168,
            -0.024325671 0.021346945 0.42001814,
            0.0594844 -0.012466619 0.45133618,
            0.0020329873 0.041998785 0.43748653,
            0.059283759 -0.013862378 0.45108855,
            -0.054745849 -0.024952639 0.36678669,
            0.054038703 -0.028742459 0.46505639,
            -0.059131619 -0.028079664 0.30432013,
            -0.059973665 -0.031807978 0.31645131,
            0.057150509 -0.022898858 0.4494853,
            0.0594844 -0.015889794 0.43566474,
            -0.050296132 -0.016725723 0.38087609,
            -0.01556403 0.028751589 0.42536837,
            0.059283759 -0.017286938 0.43528911,
            0.049351722 -0.036795314 0.46433893,
            -0.056841988 -0.01911604 0.29188025,
            0.054038703 -0.030709939 0.44809926,
            -0.05952961 -0.032312952 0.33134544,
            -0.031768154 0.010303742 0.4116433,
            0.044084631 -0.043373354 0.46375284,
            0.049351715 0.031477399 0.47042072,
            0.057150509 -0.026332375 0.43285713,
            0.029506698 0.044342916 0.45184842,
            0.0594844 -0.020184169 0.42180258,
            -0.0063689011 0.034637719 0.42992136,
            0.059283759 -0.021583064 0.42130899,
            0.0065495814 0.041671667 0.43734089,
            0.049351722 -0.03877021 0.44666877,
            -0.057641406 -0.029891629 0.34702128,
            -0.039271235 -0.00096244167 0.40071976,
            0.037261646 -0.049699474 0.4631891,
            0.054038703 -0.034151148 0.43075463,
            -0.054745849 -0.02552042 0.36149144,
            -0.05952961 -0.030527666 0.32895243,
            0.057150509 -0.030639781 0.41811308,
            0.021907873 0.043756086 0.44434997,
            0.044084612 0.036145531 0.45995671,
            0.044084631 -0.045354526 0.44550002,
            -0.059131619 -0.022000821 0.30215129,
            0.0594844 -0.026233327 0.40689349,
            -0.050296132 -0.018784586 0.37542108,
            0.059283759 -0.027635705 0.40626436,
            -0.01556403 0.024432058 0.42212701,
            0.02950668 -0.054915275 0.4627243,
            -0.057641406 -0.029056363 0.3442995,
            0.049351722 -0.042219292 0.42858469,
            -0.045216266 -0.011204143 0.38762608,
            -0.059973665 -0.026364824 0.31337556,
            -0.05952961 -0.028671792 0.32689622,
            0.054038703 -0.038468227 0.41535023,
            -0.0063689011 0.03048096 0.42642188,
            0.037261646 -0.05168695 0.44437569,
            0.01302431 0.040591449 0.43685788,
            0.057150509 -0.036715027 0.40219116,
            -0.024325671 0.014072379 0.41479808,
            0.044084631 -0.048809994 0.42681178,
            -0.059131619 -0.018817447 0.30104908,
            0.054038674 0.023421388 0.46970317,
            0.021907674 -0.058529027 0.46240222,
            0.0594844 -0.033598538 0.3925308,
            0.037261635 0.039113156 0.45044452,
            -0.057641406 -0.0280584 0.34179625,
            0.049351722 -0.046546258 0.41249889,
            0.0020329873 0.034945767 0.43009007,
            0.059283759 -0.035007618 0.39175868,
            -0.054745849 -0.025315074 0.35595217,
            0.02950668 -0.05690828 0.44344833,
            -0.031768154 0.0040053423 0.40573922,
            -0.050296132 -0.01997333 0.37046596,
            0.054038703 -0.04456313 0.39866999,
            0.037261646 -0.055148482 0.42510629,
            0.029506698 0.040126406 0.44307163,
            0.049351715 0.029559219 0.45878926,
            -0.045216266 -0.013703761 0.38253316,
            0.013023433 -0.061238889 0.46216059,
            -0.057641406 -0.026856037 0.33936033,
            0.044084631 -0.053144947 0.4101693,
            -0.039271235 -0.0063396553 0.3935726,
            0.021907674 -0.060526203 0.44280538,
            -0.054745849 -0.024925731 0.35329604,
            -0.059973665 -0.021258486 0.31084272,
            0.0594844 -0.041056585 0.37734839,
            0.0065495814 0.034618042 0.42991045,
            0.049351722 -0.052661579 0.39503619,
            -0.0063689011 0.026140582 0.42329466,
            -0.05952961 -0.024465472 0.32340536,
            0.02950668 -0.060374737 0.42369953,
            0.0020329873 0.030788505 0.42660907,
            0.0046928842 -0.062483225 0.46204954,
            0.059283759 -0.042444333 0.37639958,
            0.021907873 0.037861753 0.43563554,
            0.057150502 0.0156151 0.46900788,
            -0.01556403 0.017030589 0.41727424,
            0.037261646 -0.059491012 0.40792838,
            -0.057641406 -0.025579514 0.3371951,
            -0.054745849 -0.024388883 0.35081017,
            0.013023433 -0.063239686 0.44232264,
            -0.059973665 -0.01854017 0.30955616,
            0.044084631 -0.059277073 0.3920674,
            0.044084612 0.032771572 0.4487415,
            0.021907674 -0.06399598 0.42272425,
            -0.050296132 -0.020584572 0.36518344,
            -0.024325671 0.0075469059 0.40931743,
            -0.003707821 -0.062549524 0.4620434,
            -0.045216266 -0.015403988 0.37785834,
            0.037261635 0.034889564 0.44122633,
            -0.039271235 -0.0092273699 0.38879886,
            0.0594844 -0.045766555 0.36469138,
            0.01302431 0.033534046 0.42931643,
            0.02950668 -0.06472338 0.40608007,
            -0.054745849 -0.023689372 0.34833723,
            0.059283759 -0.047097251 0.36357722,
            0.0065495814 0.030461984 0.42640996,
            0.049351722 -0.060154509 0.37797958,
            0.054038674 0.021497237 0.45735991,
            0.0046928842 -0.06448634 0.4421002,
            -0.031768154 -0.0017912937 0.39913243,
            -0.050296132 -0.020656204 0.36259523,
            0.037261646 -0.065639459 0.3892118,
            -0.05952961 -0.020436222 0.32046938,
            0.0020329873 0.02644462 0.42350212,
            0.013023433 -0.066711836 0.42199203,
            0.029506698 0.034223776 0.43400547,
            -0.054745849 -0.022912469 0.34607786,
            -0.012934788 -0.061249662 0.46215898,
            0.049351715 0.026178468 0.44697052,
            0.021907674 -0.068348721 0.40479878,
            -0.057641406 -0.022592735 0.33329469,
            -0.050296132 -0.020596029 0.3601273,
            0.044084631 -0.066802546 0.37433684,
            -0.0063689011 0.018668799 0.4186452,
            0.057150509 -0.05571273 0.35636401,
            -0.045216266 -0.016687965 0.37278745,
            -0.039271235 -0.011378204 0.38437113,
            -0.003707821 -0.064553991 0.44208691,
            -0.05952961 -0.018232794 0.31897882,
            0.0594844 -0.048667032 0.35250589,
            -0.01556403 0.010327156 0.41212624,
            0.059283759 -0.049917318 0.35124248,
            0.01302431 0.029381538 0.42575142,
            0.02950668 -0.070885479 0.38685676,
            0.0065495814 0.026122218 0.42328146,
            0.0046928842 -0.067959413 0.42165464,
            0.044084612 0.028539553 0.43898803,
            -0.031768154 -0.0050416132 0.39465737,
            0.057150502 0.013684945 0.45597467,
            -0.050296132 -0.020416373 0.35761607,
            -0.021014931 -0.058856405 0.462372,
            0.021907873 0.03079325 0.42781454,
            0.044084631 -0.070654713 0.36479503,
            -0.024325671 0.0014511349 0.40309566,
            0.013023433 -0.071067445 0.403837,
            -0.045216266 -0.017139357 0.37025514,
            0.037261646 -0.073196605 0.37083328,
            -0.057641406 -0.019625418 0.32996124,
            0.054038703 -0.063160226 0.35012874,
            0.037261635 0.02897468 0.43165272,
            -0.054745849 -0.020977544 0.34182402,
            -0.012934788 -0.063254476 0.44231597,
            -0.045216266 -0.01747187 0.36780202,
            0.021907674 -0.074520484 0.3852244,
            -0.050296132 -0.020155804 0.35525936,
            0.057150509 -0.058012247 0.34306261,
            0.054038674 0.018108243 0.44480231,
            -0.039271235 -0.013254969 0.37948668,
            0.0594844 -0.050026923 0.34014833,
            0.01302431 0.025055153 0.4225516,
            0.044084631 -0.073758692 0.35499063,
            0.049351722 -0.067210972 0.35946706,
            0.0020329873 0.018960265 0.4188886,
            0.059283759 -0.05117175 0.33874869,
            -0.031768154 -0.0076137604 0.39046085,
            -0.057641406 -0.017929452 0.32826969,
            -0.003707821 -0.068026803 0.4216345,
            0.049351715 0.021937802 0.43666044,
            0.037261646 -0.077030063 0.36091051,
            0.021907873 0.026649341 0.42408639,
            -0.024325671 -0.0020573868 0.39883375,
            -0.029447822 -0.054928295 0.46272171,
            0.0046928842 -0.07231608 0.40339404,
            -0.0063689011 0.011867232 0.41368178,
            0.02950668 -0.07846918 0.36794424,
            -0.045216266 -0.017720517 0.3652592,
            -0.039271235 -0.014040999 0.37700367,
            0.049351722 -0.070845678 0.34369439,
            0.029506698 0.02713958 0.42581242,
            -0.021014931 -0.06086047 0.44273937,
            -0.01556403 0.0039963769 0.40620631,
            0.0594844 -0.049408015 0.33252579,
            0.0065495814 0.018651078 0.41862941,
            -0.054745849 -0.018926069 0.33814779,
            0.054038703 -0.065009885 0.33599165,
            -0.039271235 -0.014719523 0.37456357,
            0.013023433 -0.077246748 0.38399938,
            -0.045216266 -0.017885175 0.3628222,
            0.044084612 0.022609575 0.42879918,
            0.059283759 -0.050461337 0.3310512,
            0.057150502 0.010288016 0.44270095,
            -0.050296132 -0.019308098 0.35063991,
            0.037261646 -0.080056399 0.35068521,
            -0.031768154 -0.010044944 0.3857508,
            0.057150509 -0.058583844 0.32968703,
            -0.024325671 -0.004929868 0.39480221,
            -0.012934788 -0.066725627 0.42198199,
            0.021907873 0.022356579 0.42070609,
            0.02950668 -0.082287319 0.35770729,
            -0.054745849 -0.017667586 0.33628312,
            0.029506698 0.023006929 0.42186671,
            -0.037210096 -0.0497148 0.46318594,
            -0.039271235 -0.015345598 0.37199295,
            0.021907674 -0.082123056 0.36594215,
            0.054038674 0.013857103 0.43381089,
            -0.01556403 0.00028557846 0.4021121,
            -0.003707821 -0.072383039 0.40336794,
            0.0020329873 0.012141891 0.41395867,
            0.044084631 -0.077124186 0.33843803,
            0.0594844 -0.047511224 0.32589197,
            -0.031768154 -0.011143942 0.38331392,
            0.059283759 -0.048458494 0.32435933,
            0.037261635 0.021867165 0.42292336,
            0.01302431 0.017627824 0.4177722,
            -0.029447822 -0.056930397 0.44343519,
            -0.0063689011 0.0054060132 0.40792859,
            -0.039271235 -0.015884798 0.36948508,
            -0.050296132 -0.018203165 0.34660938,
            0.049351722 -0.072231248 0.32869473,
            0.0046928842 -0.078499228 0.38343558,
            0.049351715 0.015991963 0.425832,
            0.057150509 -0.057281118 0.32150394,
            -0.045216266 -0.017933017 0.35790139,
            0.02950668 -0.085249692 0.34713492,
            -0.031768154 -0.012146065 0.38088599,
            -0.024325671 -0.0077564488 0.39021662,
            0.054038703 -0.064991139 0.32185394,
            0.0065495814 0.011851829 0.41366521,
            0.029506698 0.018758869 0.41824597,
            -0.021014931 -0.064328924 0.42262426,
            -0.01556403 -0.0028226438 0.39821029,
            -0.043428313 -0.04404356 0.46369097,
            -0.050296132 -0.017396647 0.34456596,
            0.021907674 -0.08593069 0.35548744,
            0.037261635 0.0177506 0.41866365,
            0.0594844 -0.044076107 0.31934017,
            0.057150502 0.0060268161 0.43104926,
            0.013023433 -0.08486414 0.36444026,
            -0.031768154 -0.013125174 0.37828928,
            -0.024325671 -0.0090786442 0.38781261,
            0.037261646 -0.083162948 0.33338252,
            0.044084612 0.015473246 0.41941977,
            0.059283759 -0.044883963 0.31776369,
            -0.0063689011 0.0015837919 0.40392771,
            -0.012934788 -0.071079649 0.40382507,
            0.021907873 0.015040106 0.41560498,
            -0.037210096 -0.051713768 0.4443593,
            0.0020329873 0.0056570019 0.40823436,
            -0.045216266 -0.01760767 0.35357907,
            0.044084631 -0.078130774 0.32273358,
            0.057150509 -0.054591648 0.3144362,
            0.01302431 0.010891049 0.41269383,
            -0.039271235 -0.016721619 0.36429852,
            0.054038703 -0.063176565 0.31325099,
            -0.031768154 -0.014014469 0.37571511,
            -0.003707821 -0.078567103 0.38340312,
            -0.024325671 -0.010311533 0.38539332,
            0.021907674 -0.088848799 0.34467459,
            0.054038674 0.0078916922 0.42219958,
            0.049351722 -0.071603194 0.31377068,
            -0.01556403 -0.0059598312 0.39372256,
            0.0594844 -0.039440062 0.31385788,
            0.037261635 0.013566949 0.41469583,
            -0.045216266 -0.017173212 0.35138863,
            -0.049300086 -0.036836099 0.46433288,
            -0.024325671 -0.011542452 0.38277808,
            -0.029447822 -0.060394589 0.42367977,
            -0.0063689011 -0.0016549688 0.40009815,
            0.0065495814 0.0053911298 0.40790871,
            0.013023433 -0.088664055 0.35382217,
            0.044084612 0.01137606 0.41477922,
            0.059283759 -0.040087827 0.31226677,
            0.049351715 0.0088252909 0.41577697,
            0.0046928842 -0.086124316 0.36374983,
            -0.01556403 -0.0074573569 0.39134437,
            0.029506698 0.011590227 0.412716,
            -0.021014931 -0.068679407 0.40466949,
            0.0020329873 0.0018158833 0.40425089,
            0.057150509 -0.050114408 0.30755675,
            -0.039271235 -0.017082999 0.35971919,
            -0.024325671 -0.012681209 0.38015646,
            -0.031768154 -0.015589006 0.37027967,
            -0.043428313 -0.046038769 0.44536498,
            0.054038703 -0.059893548 0.30585819,
            0.057150502 4.2309737e-005 0.41867933,
            0.021907873 0.0084606009 0.41023713,
            0.037261646 -0.083805181 0.31700003,
            0.02950668 -0.088142678 0.32921377,
            0.049351722 -0.069260634 0.30473429,
            -0.01556403 -0.0088715013 0.38893187,
            -0.039271235 -0.016976094 0.35739937,
            0.044084631 -0.077004842 0.30716735,
            0.01302431 0.0045109894 0.40683183,
            -0.012934788 -0.077261329 0.38398665,
            -0.0063689011 -0.0049645188 0.39566478,
            0.0065495814 0.0015718968 0.4039084,
            0.013023433 -0.091549046 0.34282884,
            0.0594844 -0.033853851 0.30965367,
            0.044084612 0.0072704465 0.41039056,
            -0.053604234 -0.029587764 0.46497849,
            0.049351715 0.0047481665 0.41074046,
            0.0020329873 -0.0014460849 0.40043476,
            -0.037210096 -0.05517244 0.42508161,
            -0.01556403 -0.010300284 0.38630196,
            0.0046928842 -0.089920893 0.35305658,
            0.054038674 0.00068750972 0.41131786,
            0.037261635 0.0066116741 0.40854707,
            0.059283759 -0.034324665 0.30808565,
            -0.0063689011 -0.0065593319 0.39330095,
            -0.031768154 -0.01659237 0.3654601,
            0.057150509 -0.044281721 0.30196491,
            -0.024325671 -0.014781651 0.37454325,
            -0.003707821 -0.086194284 0.36371157,
            0.029506698 0.0052199787 0.40696183,
            0.054038703 -0.054635886 0.29873338,
            -0.01556403 -0.011634699 0.38364294,
            -0.029447822 -0.064739592 0.406057,
            0.0065495814 -0.0016654182 0.40007916,
            -0.049300086 -0.038826231 0.44664344,
            0.01302431 0.00076302671 0.40277469,
            -0.0063689011 -0.0080740256 0.39089221,
            0.049351722 -0.065365106 0.29700595,
            0.049351715 0.00072363659 0.40591422,
            0.02950668 -0.088484667 0.31227195,
            -0.031768154 -0.016791428 0.36301962,
            0.021907674 -0.091593772 0.32632485,
            0.044084631 -0.074231133 0.29777667,
            0.021907873 0.0022849829 0.40410921,
            0.037261646 -0.082200274 0.3008163,
            0.0020329873 -0.0047868527 0.39601144,
            -0.021014931 -0.074855886 0.38506371,
            0.054038674 -0.0033651483 0.40579662,
            0.057150502 -0.0071985214 0.4069967,
            -0.056841988 -0.021838522 0.46566868,
            0.0594844 -0.027605549 0.30682743,
            -0.0063689011 -0.0096126841 0.38825411,
            0.044084612 0.00057395292 0.40349147,
            0.0046928842 -0.092790782 0.34198031,
            -0.024325671 -0.016242551 0.36955243,
            0.0020329873 -0.0063992753 0.3936502,
            -0.043428313 -0.049491528 0.42660716,
            0.01302431 -0.00239272 0.39890134,
            0.059283759 -0.02789068 0.30532175,
            0.0065495814 -0.0049741641 0.39564586,
            -0.003707821 -0.08999107 0.35301402,
            -0.01556403 -0.014147982 0.37788969,
            0.057150509 -0.037372846 0.29793361,
            0.037261635 0.00054309808 0.40223518,
            0.054038703 -0.047907058 0.29305947,
            -0.0063689011 -0.011055222 0.38557407,
            0.021907873 -0.0012837695 0.39990735,
            0.049351722 -0.059301954 0.28962782,
            0.0020329873 -0.0079321256 0.39124209,
            -0.024325671 -0.016659394 0.36702624,
            -0.053604234 -0.031572536 0.44792947,
            0.054038674 -0.0072904727 0.40043467,
            -0.037210096 -0.059510373 0.40789962,
            0.029506698 -0.00068279204 0.40047988,
            0.0065495814 -0.0065685026 0.39328197,
            -0.012934788 -0.084884241 0.36442947,
            0.044084631 -0.069835246 0.28977409,
            0.057150502 -0.011227541 0.40100572,
            0.049351715 -0.0057037724 0.39823499,
            0.0020329873 -0.0094908029 0.38860244,
            0.021907674 -0.091727898 0.30899522,
            0.037261646 -0.079012141 0.29108468,
            0.01302431 -0.0055948012 0.39443469,
            0.0594844 -0.02179065 0.30456027,
            0.0065495814 -0.0080826236 0.39087313,
            -0.01556403 -0.015967866 0.37276459,
            -0.029447822 -0.070907079 0.38683301,
            0.021907873 -0.0042332569 0.39592192,
            0.059283759 -0.021914095 0.3031151,
            0.044084612 -0.0051290207 0.39650288,
            -0.059131619 -0.012797463 0.46647403,
            0.029506698 -0.0040132077 0.39608455,
            -0.049300086 -0.042271547 0.42854652,
            -0.003707821 -0.092860356 0.34193316,
            0.01302431 -0.0071289139 0.39206195,
            0.0020329873 -0.010952221 0.38591823,
            0.054038703 -0.040007778 0.28915772,
            0.057150502 -0.01505677 0.39512467,
            0.057150509 -0.029736711 0.29557347,
            0.0065495814 -0.009620999 0.38823494,
            0.0594844 -0.018718209 0.30342314,
            -0.01556403 -0.016555211 0.37017143,
            0.037261635 -0.0049657049 0.39524263,
            -0.012934788 -0.088685386 0.35380986,
            0.01302431 -0.0085807145 0.38965067,
            0.054038674 -0.013388474 0.39180058,
            0.044084631 -0.06311395 0.28218898,
            0.0065495814 -0.01106168 0.38555431,
            0.021907873 -0.0071649812 0.39137048,
            -0.043428313 -0.053821906 0.40990472,
            0.029506698 -0.0066877264 0.39194939,
            -0.056841988 -0.023817355 0.44930458,
            0.049351715 -0.011026787 0.39054272,
            0.059283759 -0.018764377 0.3020086,
            -0.021014931 -0.082469068 0.36575294,
            0.01302431 -0.01005131 0.38701746,
            0.037261635 -0.0079526138 0.39056784,
            0.037261646 -0.074134983 0.2828182,
            0.021907873 -0.0085464567 0.38897526,
            0.02950668 -0.082955047 0.28556624,
            0.044084612 -0.010159864 0.38889143,
            0.01302431 -0.011423808 0.38434911,
            -0.053604234 -0.035010431 0.43049732,
            0.057150502 -0.020835534 0.38556522,
            -0.037210096 -0.065665625 0.38918233,
            0.021907873 -0.009840358 0.386558,
            0.0065495814 -0.01380126 0.37972131,
            -0.059973665 -0.0044095702 0.4672212,
            0.029506698 -0.0092586726 0.3872847,
            0.057150509 -0.022713346 0.29375863,
            0.037261635 -0.010230331 0.38621619,
            -0.012934788 -0.091570884 0.34281522,
            0.054038703 -0.031332452 0.28714687,
            0.054038674 -0.018246541 0.38324669,
            0.021907873 -0.011139021 0.38393736,
            0.049351722 -0.042726878 0.28010133,
            0.044084631 -0.054704528 0.2763612,
            0.049351722 -0.051648233 0.28386924,
            0.029506698 -0.010436468 0.3848595,
            -0.021014931 -0.086277798 0.35527712,
            0.037261646 -0.066780537 0.27503389,
            0.044084612 -0.012730541 0.38387734,
            -0.049300086 -0.046592452 0.41245356,
            0.049351715 -0.015560545 0.38228795,
            0.021907873 -0.012339489 0.38130072,
            -0.059131619 -0.014769139 0.45090923,
            -0.029447822 -0.078503259 0.36792606,
            0.029506698 -0.011519693 0.38243425,
            0.057150509 -0.019063445 0.29285014,
            0.037261635 -0.012280372 0.38138795,
            0.02950668 -0.077681027 0.27708188,
            0.057150502 -0.025243171 0.37617624,
            0.044084612 -0.014527044 0.37926298,
            -0.056841988 -0.027247369 0.43258327,
            0.029506698 -0.012588846 0.37983042,
            0.049351715 -0.017698696 0.37692085,
            -0.043428313 -0.059963644 0.39173856,
            0.037261635 -0.013164093 0.37891945,
            0.054038674 -0.022171687 0.37420461,
            0.054038703 -0.023404285 0.28567064,
            -0.021014931 -0.089192927 0.34444144,
            0.029506698 -0.01356019 0.37723625,
            0.044084631 -0.044948179 0.27270275,
            0.037261635 -0.013943163 0.3764827,
            -0.05952961 0.0048804008 0.46804875,
            0.049351722 -0.032979142 0.27845111,
            0.044084612 -0.01594515 0.37423629,
            0.037261646 -0.057644121 0.26913956,
            -0.053604234 -0.039321907 0.4150174,
            0.049351715 -0.018994862 0.37203321,
            0.037261635 -0.014680885 0.37390319,
            -0.029447822 -0.082324222 0.3576864,
            0.054038674 -0.02378061 0.36840522,
            0.044084612 -0.016472118 0.37171525,
            0.054038703 -0.019322205 0.28493318,
            0.057150502 -0.028578429 0.36637139,
            -0.059973665 -0.0063744099 0.45239818,
            0.029506698 -0.015314749 0.37172985,
            -0.037210096 -0.073238529 0.37081093,
            0.037261635 -0.015321749 0.37137055,
            0.044084612 -0.016882222 0.36926451,
            0.049351715 -0.019755764 0.36680004,
            0.054038674 -0.024464309 0.36318287,
            -0.049300086 -0.052716829 0.39498785,
            0.057150502 -0.029674688 0.36015287,
            0.044084612 -0.017217822 0.36671457,
            -0.059131619 -0.018190015 0.43501741,
            0.049351715 -0.019911714 0.36422437,
            0.049351722 -0.024117345 0.27732432,
            0.044084631 -0.034324348 0.2713474,
            0.037261635 -0.016381705 0.36609587,
            0.037261646 -0.047084633 0.2655865,
            0.049351715 -0.019938115 0.36175916,
            -0.029447822 -0.085287884 0.34711176,
            0.044084612 -0.017458035 0.36425671,
            0.054038674 -0.024420569 0.35769689,
            -0.056841988 -0.031548847 0.41775882,
            0.057150502 -0.029764861 0.35460606,
            -0.057641406 0.014039755 0.46886474,
            0.049351715 -0.019855481 0.35923991,
            0.054038674 -0.024122274 0.35505435,
            -0.037210096 -0.077075556 0.36088482,
            0.037261635 -0.016932672 0.36144587,
            -0.043428313 -0.067510761 0.3739495,
            0.049351715 -0.019679215 0.35685995,
            0.049351722 -0.01958951 0.27676317,
            0.044084612 -0.017675593 0.35926351,
            0.054038674 -0.023678903 0.35257134,
            0.057150502 -0.028941246 0.34887502,
            0.037261635 -0.016906561 0.35909986,
            0.054038674 -0.02308418 0.35008976,
            -0.05952961 0.0029233473 0.4540475,
            0.02950668 -0.05448715 0.26106966,
            0.057150502 -0.028202688 0.34616762,
            0.044084612 -0.017492523 0.35488832,
            0.049351715 -0.01902087 0.35215974,
            0.054038674 -0.022398185 0.34780523,
            -0.053604234 -0.045428682 0.39825606,
            0.044084631 -0.024699915 0.27050605,
            0.057150502 -0.027304018 0.34366745,
            0.044084612 -0.0171146 0.35268223,
            -0.059973665 -0.0097868573 0.43727604,
            0.057150502 -0.026212938 0.34122238,
            0.049351715 -0.018074689 0.34807017,
            0.057150502 -0.025033051 0.33903041,
            0.037261646 -0.035618145 0.26451513,
            0.054038674 -0.020667616 0.34346402,
            0.02950668 -0.04884639 0.25971806,
            0.049351715 -0.017331248 0.34600934,
            0.054038674 -0.018787384 0.33972406,
            -0.037210096 -0.080103524 0.35065672,
            0.057150502 -0.022263406 0.33503732,
            0.054038674 -0.017596778 0.3378408,
            -0.054745849 0.021939088 0.46956849,
            -0.043428313 -0.071365155 0.3643645,
            0.051063251 -0.060165204 0.37346482,
            -0.059131619 -0.02247992 0.42095771,
            0.051863484 -0.065424129 0.3545509,
            0.051863484 -0.068117641 0.33957362,
            0.051863484 -0.068772987 0.32489365,
            0.044084631 -0.019808145 0.2700887,
            0.032167226 -0.084928341 0.34235319,
            -0.049300086 -0.060230739 0.37793866,
            0.033471331 -0.084623799 0.34003299,
            0.034756012 -0.084226951 0.33776215,
            0.024474919 -0.088997662 0.33937964,
            0.025747493 -0.088925801 0.33678016,
            0.027011108 -0.08875864 0.33421665,
            0.018957157 -0.091110513 0.33783576,
            0.021907674 -0.055936456 0.25695902,
            0.02950668 -0.060068201 0.26318404,
            0.017475408 -0.09206032 0.33441019,
            0.021907674 -0.061748158 0.25905636,
            0.01599147 -0.092889003 0.33098534,
            -0.057641406 0.012090601 0.4556739,
            0.01022444 -0.093273506 0.33625546,
            0.041919246 -0.077135637 0.29855713,
            -0.056841988 -0.037636682 0.40175053,
            0.040793795 -0.078499608 0.29903927,
            0.032167226 -0.086076424 0.30249414,
            0.0088316724 -0.093966305 0.33296925,
            0.013023433 -0.094182931 0.32415769,
            0.051863484 -0.053536985 0.29099029,
            0.01599147 -0.093750201 0.31888989,
            0.017475408 -0.093386754 0.31632936,
            0.013023433 -0.094161414 0.30653679,
            0.018957157 -0.092927359 0.31382379,
            0.007444812 -0.094546698 0.32968864,
            0.024474919 -0.090298586 0.3041909,
            0.037261646 -0.025260296 0.26394826,
            0.025747493 -0.089465253 0.30188343,
            0.034756012 -0.081798933 0.29233477,
            0.021907674 -0.050067298 0.25565091,
            0.027011108 -0.088559963 0.29964277,
            0.02950668 -0.086484641 0.29557925,
            -0.043428313 -0.074463032 0.35451347,
            0.021907674 -0.089453876 0.29195005,
            0.033471331 -0.083085753 0.29305831,
            0.032167226 -0.08429753 0.29384395,
            0.01022444 -0.094963007 0.3178091,
            0.0046928842 -0.095373556 0.32316145,
            0.02950668 -0.036685001 0.25888121,
            -0.00090395787 -0.094131283 0.33562914,
            0.00048107369 -0.094603904 0.33248743,
            0.051863484 -0.045636192 0.28616533,
            -0.05952961 -0.00047981887 0.43977794,
            0.0018734504 -0.094968662 0.32935873,
            -0.003707821 -0.095440187 0.32310626,
            0.013023433 -0.063008539 0.25595903,
            0.046838343 -0.057370711 0.28264022,
            0.0088316724 -0.095195547 0.31466621,
            -0.049300086 -0.064107105 0.36878729,
            0.01599147 -0.092962585 0.30132142,
            0.017475408 -0.092225596 0.29881343,
            0.018957157 -0.091403686 0.29637781,
            0.013023433 -0.091681629 0.28922755,
            -0.050296132 0.030103309 0.47029585,
            -0.059973665 -0.014066109 0.42392591,
            0.027011108 -0.085438974 0.28747806,
            0.025747493 -0.086564712 0.28852165,
            0.021907674 -0.085687935 0.28174174,
            0.024474919 -0.087610438 0.28961885,
            -0.053604234 -0.05290886 0.38195071,
            0.007444812 -0.095324978 0.31154919,
            0.0018734504 -0.095758855 0.31710035,
            -0.0098300288 -0.093340158 0.33620775,
            0.037261646 -0.02001876 0.26366898,
            0.041919246 -0.058745869 0.27550861,
            0.040793795 -0.060771167 0.27523372,
            -0.0082864342 -0.09404365 0.33291146,
            0.039641503 -0.062790051 0.27506247,
            -0.0067506074 -0.094627522 0.32962602,
            -0.012934788 -0.094203644 0.32414222,
            0.013023433 -0.057023581 0.25387454,
            0.034756012 -0.070588477 0.27531558,
            0.033471331 -0.072436266 0.27560923,
            0.032167226 -0.074238285 0.27600297,
            0.02950668 -0.069804288 0.26913324,
            0.00048107369 -0.095801197 0.31411001,
            0.0046928842 -0.095280871 0.30540624,
            -0.054745849 0.019996943 0.45707685,
            0.025747493 -0.0819638 0.27910554,
            0.021907674 -0.080138907 0.27310625,
            0.007444812 -0.094455004 0.2997137,
            0.018957157 -0.088052817 0.28399104,
            0.0088316724 -0.093904443 0.29694593,
            -0.059131619 -0.028545523 0.405828,
            0.017475408 -0.089099906 0.28521612,
            0.013023433 -0.087738812 0.27887234,
            0.01022444 -0.093267843 0.29423738,
            0.0046928842 -0.092706174 0.28797603,
            0.01599147 -0.090054758 0.28650191,
            -0.00090395787 -0.095745638 0.31115082,
            0.02950668 -0.025722466 0.25854063,
            0.027011108 -0.076135218 0.27274764,
            -0.0067506074 -0.095430173 0.31739435,
            -0.003707821 -0.09534429 0.30534279,
            0.021907674 -0.037424307 0.25497693,
            0.034756012 -0.061758701 0.26868612,
            -0.049300086 -0.067293778 0.35941538,
            -0.018328624 -0.091314286 0.33768877,
            0.033471331 -0.063804269 0.26862717,
            0.032167226 -0.065831885 0.26868224,
            0.013023433 -0.050983232 0.25259927,
            0.018957157 -0.084843017 0.27761826,
            -0.016981013 -0.092206307 0.33430117,
            -0.045216266 0.036827538 0.47089499,
            -0.021014931 -0.091923386 0.32605198,
            -0.015632035 -0.092985637 0.33091113,
            -0.053604234 -0.056807242 0.37323543,
            0.025747493 -0.075213909 0.27069336,
            -0.0082864342 -0.095270678 0.31459907,
            0.0046928842 -0.063588135 0.25453407,
            0.013023433 -0.068394512 0.25862828,
            0.017475408 -0.084270969 0.27564439,
            0.0046928842 -0.069047242 0.25720599,
            0.024474919 -0.074198365 0.26872122,
            -0.057641406 0.0086965291 0.44224507,
            -0.00090395787 -0.094855398 0.29928207,
            0.00048107369 -0.094466664 0.29632005,
            0.01022444 -0.089766599 0.28170538,
            -0.056841988 -0.045080509 0.38624024,
            0.0088316724 -0.090641938 0.28320608,
            0.0046928842 -0.088682607 0.27755275,
            0.0018734504 -0.093988262 0.29340994,
            -0.003707821 -0.092763737 0.28790674,
            0.007444812 -0.091424093 0.28475633,
            0.01599147 -0.083602116 0.27373457,
            0.02950668 -0.020192835 0.25837496,
            -0.023865514 -0.089263938 0.3391875,
            -0.0098300288 -0.095009103 0.31185105,
            0.027011108 -0.064110324 0.26336071,
            -0.05952961 -0.0047473544 0.42721373,
            0.025747493 -0.066105068 0.26361555,
            0.024474919 -0.068072796 0.26398179,
            0.0046928842 -0.057523202 0.2524555,
            0.021907674 -0.071900018 0.26504359,
            -0.025278376 -0.08914303 0.33661795,
            0.01022444 -0.086452551 0.27526119,
            0.013023433 -0.081983447 0.27012318,
            0.018957157 -0.075517423 0.26631182,
            -0.050296132 0.028168632 0.45852703,
            0.017475408 -0.07723818 0.26711103,
            0.013023433 -0.073472604 0.26197487,
            0.01599147 -0.078892976 0.26801541,
            -0.018328624 -0.093100347 0.31947291,
            -0.016981013 -0.093528777 0.3162027,
            0.0088316724 -0.085674651 0.27353939,
            -0.059973665 -0.020110963 0.40961128,
            -0.015632035 -0.093851492 0.31295064,
            -0.012934788 -0.094183378 0.30651662,
            -0.021014931 -0.092041723 0.30868143,
            -0.026680797 -0.088921301 0.33409175,
            -0.029447822 -0.088178791 0.32918778,
            0.0018734504 -0.090429343 0.28082234,
            -0.0098300288 -0.094154708 0.30003631,
            0.00048107369 -0.091158547 0.28253356,
            -0.003707821 -0.088736735 0.27747869,
            0.021907674 -0.026042834 0.25479317,
            -0.053604234 -0.060083181 0.36434555,
            -0.0082864342 -0.093974419 0.2968666,
            -0.00090395787 -0.091791414 0.28428894,
            -0.0067506074 -0.09369076 0.29375112,
            -0.012934788 -0.091700166 0.2892082,
            -0.039271235 0.042750888 0.47142279,
            0.007444812 -0.084810227 0.27187815,
            -0.032110602 -0.084966376 0.34232876,
            0.018957157 -0.067534655 0.26050144,
            -0.056841988 -0.049002364 0.37799132,
            -0.033415902 -0.084662251 0.34000659,
            0.0018734504 -0.087075308 0.27435023,
            0.0046928842 -0.082832374 0.26875097,
            0.013023433 -0.037978895 0.25204808,
            0.0046928842 -0.051404364 0.25119561,
            0.01022444 -0.076868199 0.26384458,
            0.0046928842 -0.074196123 0.26056299,
            -0.054745849 0.016610665 0.44437316,
            0.0088316724 -0.078469642 0.26493207,
            0.007444812 -0.080000475 0.26611546,
            -0.025278376 -0.09062399 0.31887615,
            0.00048107369 -0.086145408 0.27283454,
            -0.023865514 -0.091210589 0.31545854,
            -0.029447822 -0.088524282 0.31223652,
            0.021907674 -0.020313889 0.25470588,
            -0.034701832 -0.084267147 0.33773378,
            -0.059131619 -0.035946626 0.39124519,
            -0.018328624 -0.092358664 0.30197015,
            -0.049300086 -0.07092423 0.34363577,
            -0.043428313 -0.077798814 0.33787954,
            -0.0067506074 -0.090156727 0.28118768,
            -0.016981013 -0.092357874 0.29866323,
            -0.0082864342 -0.090706818 0.28312418,
            -0.012934788 -0.087759495 0.27884871,
            -0.00090395787 -0.085135013 0.27138025,
            -0.003707821 -0.082881212 0.2686733,
            -0.015632035 -0.092256643 0.29539707,
            -0.057641406 0.0044404548 0.4304558,
            -0.021014931 -0.089738652 0.29160738,
            -0.0098300288 -0.091148421 0.2851105,
            -0.032110602 -0.087059446 0.32486066,
            -0.037210096 -0.083207496 0.3333506,
            -0.040416319 -0.079293929 0.34406632,
            -0.045216266 0.034899227 0.45972174,
            0.0018734504 -0.077390656 0.26289064,
            -0.0067506074 -0.086819932 0.27472633,
            0.00048107369 -0.078882463 0.26420209,
            -0.00090395787 -0.080298074 0.2656056,
            -0.033415902 -0.086374618 0.32278663,
            0.018957157 -0.046256337 0.25398991,
            -0.043428313 -0.078773066 0.32209134,
            -0.037210096 -0.083854221 0.31695628,
            -0.0082864342 -0.085735269 0.27345189,
            -0.026680797 -0.089397974 0.30515838,
            -0.056841988 -0.0523737 0.36961672,
            -0.025278376 -0.08966206 0.30165997,
            -0.029447822 -0.086517356 0.29554677,
            -0.015632035 -0.08883968 0.282947,
            -0.023865514 -0.089815706 0.29819891,
            -0.016981013 -0.089222617 0.28506154,
            -0.021014931 -0.085955918 0.28137538,
            0.013023433 -0.02628329 0.25198185,
            -0.018328624 -0.089500375 0.28721416,
            -0.034701832 -0.08561001 0.32077628,
            -0.05952961 -0.010769108 0.41380185,
            -0.0098300288 -0.084569231 0.27225211,
            0.017475408 -0.044363197 0.25337979,
            -0.031768154 0.048288412 0.47191626,
            -0.0067506074 -0.080056787 0.26602042,
            -0.015632035 -0.085584037 0.27653953,
            -0.012934788 -0.082002543 0.27009645,
            0.0046928842 -0.038233824 0.25070164,
            -0.032110602 -0.086729378 0.30803213,
            -0.016981013 -0.084385842 0.27547902,
            -0.059131619 -0.039895799 0.38354033,
            0.01022444 -0.046903141 0.25154686,
            -0.033415902 -0.085718349 0.30604425,
            -0.023865514 -0.086597398 0.28594103,
            -0.050296132 0.024790354 0.44657302,
            -0.025278376 -0.086747289 0.28829166,
            -0.029447822 -0.082993351 0.2855247,
            -0.026680797 -0.086783707 0.29068097,
            -0.053604234 -0.064010009 0.34942508,
            -0.018328624 -0.083117425 0.2744866,
            0.0088316724 -0.044894751 0.25122771,
            -0.034701832 -0.084639415 0.30414081,
            -0.037210096 -0.082240678 0.30077639,
            -0.023865514 -0.083479457 0.27962571,
            -0.059973665 -0.027472161 0.39588875,
            -0.021014931 -0.080380723 0.27272186,
            -0.015632035 -0.076138176 0.2651799,
            -0.021014931 -0.067157835 0.26131907,
            -0.021014931 -0.072103813 0.26464626,
            0.013023433 -0.020405304 0.25195295,
            -0.016981013 -0.077337928 0.26693758,
            -0.018328624 -0.078447819 0.26878342,
            -0.025278376 -0.082134701 0.27885944,
            0.0018734504 -0.047153927 0.25060314,
            -0.039271235 0.040828414 0.46077436,
            -0.032110602 -0.08319626 0.29048166,
            -0.033415902 -0.083125964 0.29301658,
            -0.037210096 -0.07905969 0.29103339,
            -0.054745849 0.012364398 0.43325227,
            -0.026680797 -0.080723576 0.27816996,
            0.00048107369 -0.045073118 0.25050792,
            -0.003707821 -0.038247913 0.25062698,
            -0.032110602 -0.08028689 0.28430647,
            -0.029447822 -0.077716619 0.27703375,
            -0.049300086 -0.072314575 0.3286182,
            -0.023865514 -0.074371204 0.26840854,
            -0.029447822 -0.06510637 0.26578641,
            -0.029447822 -0.069831289 0.26908103,
            -0.025278376 -0.075362302 0.27043524,
            -0.026680797 -0.076252773 0.27255201,
            -0.033415902 -0.078840986 0.28380463,
            -0.034701832 -0.077338316 0.28337801,
            -0.037210096 -0.074179173 0.28275856,
            0.0046928842 -0.026393997 0.25068936,
            -0.012934788 -0.037982736 0.25202698,
            -0.032110602 -0.074274108 0.27594885,
            -0.024325671 0.052235041 0.47226802,
            -0.033415902 -0.072471827 0.27555227,
            -0.059131619 -0.043378398 0.37576696,
            -0.040416319 -0.074894242 0.28972971,
            -0.043428313 -0.074779578 0.29702684,
            -0.043428313 -0.070330136 0.28898731,
            -0.034701832 -0.070623539 0.27525589,
            -0.037210096 -0.06681399 0.27496916,
            -0.018328624 -0.046324234 0.25375932,
            -0.021014931 -0.050183296 0.25525883,
            -0.043428313 -0.077587686 0.30646586,
            -0.016981013 -0.044407289 0.2532157,
            -0.057641406 -0.0015583903 0.41793391,
            -0.04650899 -0.070262924 0.29668212,
            -0.049300086 -0.069339082 0.3046447,
            -0.023865514 -0.04571376 0.25607499,
            -0.025278376 -0.043555196 0.25667498,
            -0.04650899 -0.064944223 0.28887767,
            -0.045216266 0.031527486 0.44838524,
            -0.032110602 -0.044433545 0.26092869,
            -0.033415902 -0.042308401 0.2617349,
            -0.04650899 -0.039061151 0.27490997,
            0.059307426 0.0067881653 0.47280642,
            -0.059973665 -0.031446613 0.38868874,
            0.059319258 0.0063542249 0.46818295,
            0.058769722 0.0089324322 0.46392491,
            -0.056841988 -0.056617431 0.35561478,
            0.059319258 0.0055519943 0.46124956,
            0.059702478 0.0021652509 0.45848987,
            -0.021014931 -0.0619087 0.25865519,
            0.059319258 0.0044167116 0.45433095,
            0.058769722 0.0065179761 0.450232,
            0.0046928842 -0.02044813 0.25068671,
            0.059319258 0.0028901147 0.44723287,
            0.059702478 -0.00074642646 0.44415531,
            0.059319258 0.0010104286 0.4402076,
            -0.031768154 0.046371695 0.46175885,
            0.058769722 0.0027915048 0.4369303,
            -0.05952961 -0.018085819 0.401032,
            0.059319258 -0.00098835409 0.43393645,
            0.059702478 -0.0047685262 0.4308781,
            0.059319258 -0.003262613 0.42777255,
            0.058769722 -0.0020389112 0.42445651,
            -0.053604234 -0.065818697 0.33518273,
            0.059319258 -0.0061112498 0.42104667,
            0.059702478 -0.010188834 0.41757062,
            0.059319258 -0.0092699109 0.41450268,
            0.058769722 -0.0084780194 0.41167799,
            -0.021014931 -0.056072034 0.25656006,
            -0.031768154 -0.015904112 0.36181828,
            0.059319258 -0.012775674 0.40806687,
            -0.024325671 -0.015848164 0.36578324,
            0.059702478 -0.017077794 0.40439329,
            -0.039271235 0.037462369 0.44998205,
            -0.003707821 -0.026400443 0.25061753,
            0.058769722 -0.01480926 0.40144706,
            0.059319258 -0.016554542 0.40187004,
            -0.049300086 -0.071673535 0.31369722,
            0.059319258 -0.018587762 0.39859274,
            -0.059973665 -0.035032403 0.38147315,
            -0.01556403 -0.015804159 0.36889607,
            0.058769722 -0.019990804 0.39300367,
            -0.054745849 0.0063854246 0.42149797,
            0.059702478 -0.02362217 0.39345318,
            0.059319258 -0.022451838 0.39206347,
            0.059319258 -0.024270857 0.38882488,
            0.058769722 -0.023152974 0.38749918,
            0.059319258 -0.027098598 0.38353202,
            0.059702478 -0.030948304 0.37944922,
            -0.029447822 -0.060085904 0.2631312,
            0.059319258 -0.029670861 0.37816763,
            0.0035290245 -0.016124159 0.37123129,
            -0.003707821 -0.020452004 0.25061527,
            0.058769722 -0.028218966 0.37731579,
            0.0042799856 -0.015777124 0.37081093,
            -0.024325671 0.050322749 0.46246085,
            0.059319258 -0.031763479 0.37301958,
            0.012149674 -0.015792578 0.36971822,
            0.059702478 -0.03518527 0.36863163,
            0.059319258 -0.033544246 0.36778772,
            0.058769722 -0.03188682 0.36710072,
            -0.057641406 -0.008830932 0.40610319,
            0.059319258 -0.035032727 0.36241031,
            -0.029447822 -0.054498348 0.2610178,
            0.058769722 -0.034014266 0.3579855,
            0.059702478 -0.038040828 0.35764015,
            0.059319258 -0.036179539 0.35707805,
            0.059319258 -0.036576711 0.35371998,
            0.058769722 -0.034323249 0.3516514,
            0.059319258 -0.036667775 0.35036215,
            0.059702478 -0.039013397 0.34943223,
            0.059319258 -0.036484215 0.34735888,
            0.058769722 -0.033594348 0.34576216,
            0.059319258 -0.036053784 0.34443018,
            0.059702478 -0.038517512 0.34306595,
            0.059319258 -0.035306834 0.34132788,
            0.058769722 -0.032183006 0.34093961,
            0.059319258 -0.034304783 0.33840835,
            0.059702478 -0.036868963 0.3369168,
            0.059319258 -0.033699904 0.33698484,
            0.058769722 -0.030611996 0.33742189,
            0.058769722 -0.029693123 0.33577305,
            0.059319258 -0.032343067 0.33432952,
            0.059702478 -0.034635354 0.33215776,
            0.059319258 -0.031604916 0.33310345,
            0.059319258 -0.030777488 0.33186162,
            0.058769722 -0.027653143 0.33275199,
            0.059319258 -0.029051468 0.32962209,
            0.059702478 -0.031145111 0.32724297,
            0.058769722 -0.025979785 0.33074361,
            0.059319258 -0.02815908 0.32861969,
            0.059319258 -0.026271373 0.32673478 ]

      }
      normal 
      VRMLNormal {
        vector [ -0.027215969 0.99772525 -0.061673064,
            0.99782455 -0.065855496 0.0030214249,
            -0.16359097 0.9847542 -0.059137668,
            -0.30918729 0.94927025 -0.057351489,
            -0.44965956 0.89182228 -0.049591653,
            -0.57280278 0.81844181 -0.045277141,
            -0.69050485 0.72244322 -0.035761211,
            -0.78838533 0.61460721 -0.02658158,
            -0.87071341 0.49132502 -0.021398546,
            -0.93549442 0.3531324 -0.012157019,
            -0.97644883 0.2156437 -0.0067434022,
            -0.99776667 0.066782616 -0.001287568,
            -0.99673694 -0.080413096 0.0070135994,
            -0.9749319 -0.22223279 0.010970299,
            -0.92994994 -0.36728024 0.017271163,
            -0.86674505 -0.49824113 0.022556093,
            -0.7836132 -0.62076175 0.024600109,
            -0.68013179 -0.73252153 0.028859438,
            -0.56854123 -0.82209677 0.030297082,
            -0.43905663 -0.89791 0.031415302,
            -0.3028115 -0.95242041 0.034646779,
            -0.16372779 -0.98589921 0.034580845,
            -0.012757351 -0.99926627 0.036112729,
            0.1321127 -0.99054426 0.036990412,
            0.27678823 -0.96029794 0.034873262,
            0.41947323 -0.90710914 0.034572087,
            0.54470396 -0.83802563 0.031789217,
            0.66418678 -0.74703181 0.028274527,
            0.76651806 -0.64165151 0.027080912,
            0.85045254 -0.5255785 0.022309646,
            0.92030221 -0.39074603 0.019009575,
            0.96619105 -0.25753087 0.012360117,
            0.99118602 -0.13222466 0.008179279,
            0.99704725 0.0064970539 -0.076514669,
            0.99777293 -0.066356093 0.0067808214,
            0.99758071 -0.068245247 0.013240648,
            0.99723732 -0.071428113 0.020392917,
            0.99661028 -0.076714918 0.029709281,
            0.99547803 -0.085213877 0.041977599,
            0.99436617 -0.094007462 0.04897505,
            0.99413574 -0.0986505 0.044297002,
            0.99474323 -0.097526081 0.031216379,
            0.99541146 -0.094024204 0.017761163,
            0.99624568 -0.086477146 0.0040306603,
            0.99732226 -0.072169103 -0.011824517,
            0.99786127 -0.060996022 -0.023505114,
            0.99812019 -0.051590793 -0.033081748,
            0.99823254 -0.042064104 -0.041980863,
            0.99820238 -0.032466158 -0.050377525,
            0.99796176 -0.028798953 -0.056946024,
            0.99768138 -0.029261801 -0.061446454,
            0.9975844 -0.027768021 -0.063673265,
            0.99771738 -0.018830096 -0.064850248,
            0.99760795 -0.0080098556 -0.068660378,
            0.99874741 0.0021753178 0.049988456,
            0.98801357 -0.016437555 -0.15348974,
            0.96108121 -0.039733529 -0.27339381,
            0.89708877 -0.044327553 -0.4396213,
            0.8260234 -0.041974876 -0.56207067,
            0.73107916 -0.036074255 -0.68133837,
            0.60144699 -0.023749763 -0.79855961,
            0.49858579 -0.017515562 -0.8666634,
            0.36006394 -0.010142487 -0.93287253,
            0.22402012 -0.0030961188 -0.97457963,
            0.10248633 -0.0012010138 -0.99473369,
            -0.044457398 -3.0021389e-005 -0.99901128,
            -0.20930775 -0.0031634113 -0.97784472,
            -0.3570289 -0.0082291616 -0.93405712,
            -0.46966955 -0.013373214 -0.88274097,
            -0.61578888 -0.025424832 -0.78750092,
            -0.7284801 -0.033939306 -0.68422574,
            -0.8181873 -0.040147495 -0.57354832,
            -0.89237738 -0.043735791 -0.44916579,
            -0.94131517 -0.038751099 -0.33529699,
            -0.98372775 -0.027365185 -0.17756917,
            -0.99999905 0.0012691919 0.00042711583,
            -0.98795366 0.043623712 0.14847378,
            -0.95915556 0.087910563 0.26887241,
            -0.90098488 0.16026984 0.40316224,
            -0.81652421 0.24496131 0.52276391,
            -0.7175101 0.33275825 0.61192423,
            -0.57447511 0.3913433 0.71890801,
            -0.51938248 0.24632412 0.81827027,
            -0.38495818 0.28463411 0.87794679,
            -0.24539205 0.31801724 0.91577709,
            -0.12148979 0.35955659 0.92518073,
            0.043327447 0.40901333 0.91149926,
            0.17293313 0.41358963 0.89388913,
            0.30767322 0.36734602 0.87772095,
            0.43109667 0.33203536 0.83899236,
            0.48992229 0.49390912 0.7183522,
            0.63575786 0.41027021 0.65382737,
            0.75208092 0.32543302 0.57312107,
            0.85292345 0.22404873 0.4715122,
            0.92865092 0.1440988 0.34182304,
            0.97061092 0.087430313 0.2242105,
            0.99537617 0.039337035 0.08762899,
            0.99710202 0.07603763 -0.0024297405,
            0.99764544 0.068559252 -0.0017846467,
            0.99801648 0.061816968 -0.01191026,
            0.99774951 0.064419456 -0.018604156,
            0.99723285 0.069188476 -0.027195543,
            0.9963541 0.076205425 -0.038356353,
            0.99472624 0.089099817 -0.05080216,
            0.99377769 0.099203639 -0.05064214,
            0.99480337 0.095236339 -0.03600356,
            0.99544388 0.09258309 -0.02279819,
            0.99752545 0.069924854 -0.0073102997,
            0.99823725 0.059080154 0.0056456965,
            0.99861586 0.050399709 0.01503926,
            0.99880594 0.043282092 0.022657257,
            0.99891102 0.0363153 0.029289441,
            0.99834299 0.03722867 0.043879345,
            0.99879563 0.025440479 0.041952699,
            0.99874228 0.023112053 0.044493806,
            0.99883801 0.019668192 0.043997653,
            0.99879813 0.013667296 0.047069725,
            0.99876511 0.0057567242 0.049346566,
            0.98803258 0.15417333 -0.00471935,
            0.95284474 0.30309644 -0.01481544,
            0.89700794 0.44139829 -0.0233298,
            0.82695258 0.56141061 -0.031106936,
            0.72921413 0.68312556 -0.039827887,
            0.64027065 0.7667712 -0.045994967,
            0.49827847 0.86530191 -0.054507945,
            0.35761598 0.931898 -0.060638692,
            0.23878114 0.96897835 -0.06375365,
            0.099589974 0.99303311 -0.06298402,
            -0.58001614 0.68531376 -0.44037059,
            -0.64134568 0.68801659 -0.33957154,
            -0.75849801 0.58947349 -0.27785212,
            0.9866482 0.084934406 0.13896589,
            0.98671544 0.099693477 0.12827286,
            0.96509731 0.1852801 0.18509048,
            0.99734247 0.03583381 0.063434899,
            0.98821241 0.096499853 0.11884477,
            -0.389947 -0.0173632 -0.92067355,
            -0.36561829 -0.0079900976 -0.93073058,
            -0.23154582 -0.0073876488 -0.9727959,
            0.99761993 0.03190235 0.061129574,
            0.0027626995 0.99041176 -0.13811904,
            -0.10450255 0.98710823 -0.12122951,
            0.97109479 0.12818597 0.20135362,
            0.92026383 0.29813606 0.25343511,
            0.94828671 0.14204293 0.28385934,
            0.85472089 -0.47798485 0.2024416,
            0.80287576 -0.56106687 0.20148098,
            0.78316015 -0.57663935 0.23269571,
            -0.50512558 -0.01928165 -0.86283046,
            0.91206563 -0.37126631 0.17406213,
            0.91382056 -0.38111272 0.14030343,
            0.8227995 -0.51495373 0.24046542,
            0.84596455 -0.50856596 0.16032661,
            -0.16907753 -0.55400032 -0.81516647,
            -0.3162272 -0.47957709 -0.81853902,
            -0.27205434 -0.57010782 -0.77521831,
            -0.88666189 0.39717743 -0.23681401,
            -0.97551334 0.18947002 -0.11169071,
            -0.98297828 0.1638979 -0.083013341,
            -0.16970532 -0.67938793 -0.71388531,
            -0.076701112 -0.61645478 -0.78364563,
            -0.23078761 -0.65343279 -0.72094572,
            -0.024289329 -0.50280964 -0.86405581,
            -0.14883251 -0.20374036 -0.96764594,
            -0.028323492 -0.1530796 -0.98780793,
            -0.093621366 -0.058279123 -0.99390066,
            -0.88188708 0.39416936 -0.25866127,
            -0.030621005 -0.27736473 -0.9602766,
            -0.78590906 -0.28772086 -0.54732412,
            -0.68356222 -0.3910135 -0.61632061,
            -0.68778116 -0.29980984 -0.66111362,
            -0.79449433 -0.34522331 -0.4995994,
            -0.19665499 -0.1387496 -0.97060567,
            -0.187556 -0.021978393 -0.98200804,
            -0.26512501 -0.10229203 -0.95877272,
            -0.28700054 -0.24573612 -0.92587501,
            -0.023334548 0.98464125 0.17302333,
            -0.11221563 0.74381387 0.65889955,
            -0.02566359 0.7279945 0.6851024,
            -0.0074997372 0.99993014 0.0091286041,
            -0.68666154 -0.11057417 -0.71851885,
            -0.67984843 -0.21802287 -0.70019436,
            -0.55858368 -0.16171063 -0.81353182,
            0.039448697 0.94980246 -0.31035295,
            0.021262201 0.9977414 -0.063718453,
            -0.39071345 0.79849237 -0.45798793,
            -0.35007757 0.87099028 -0.34470522,
            -0.48866799 0.81321168 -0.31605431,
            0.0089890994 0.9362132 -0.35131764,
            -0.0023330995 0.91904366 -0.39414883,
            0.02558348 0.92064112 -0.38957068,
            -0.52274626 0.75365174 -0.39842871,
            -0.011501058 0.94154048 -0.3367033,
            -0.02064419 0.99760389 -0.066032961,
            -0.71022666 0.57085526 -0.41194946,
            -0.7517395 0.5443688 -0.37222338,
            0.0083725667 0.98553771 0.16924967,
            0.00015491806 0.99512774 -0.098593824,
            0.037179243 0.73162651 0.68069106,
            -0.004560621 0.99451619 -0.10448296,
            -0.058179781 0.94158345 -0.33171627,
            -0.026422398 0.94128501 -0.33657756,
            -0.0027588091 0.99564475 0.093187563,
            0.074441202 0.67305768 0.73583418,
            0.12325758 0.88000292 0.45869634,
            0.005329486 0.99556744 -0.093899734,
            0.078263178 0.93781036 0.3382107,
            -0.91765416 -0.3381646 -0.20869997,
            -0.89243364 -0.4269897 -0.14574637,
            -0.87481129 -0.41153306 -0.25562829,
            -0.044271901 0.99743026 -0.056328498,
            0.20614438 0.64425713 0.73650336,
            -0.87819767 -0.3477551 -0.32838279,
            0.022660671 0.99889767 -0.041110128,
            -0.3614431 -0.012205514 -0.93231428,
            -0.21109028 -0.0038576103 -0.97745895,
            -0.061592784 0.94910526 -0.30887783,
            -0.05767832 0.94213152 -0.33024442,
            -0.050538782 0.92874736 -0.36725205,
            -0.97076142 0.21842955 -0.099553205,
            -0.070084296 0.96117175 -0.26690283,
            -0.99928921 -0.036003802 0.011171604,
            0.0044979574 0.99982226 0.018308895,
            0.058774687 0.9976753 0.034488216,
            0.23574874 0.73319769 0.63784295,
            0.17958586 0.88637692 0.42671397,
            -0.58757049 0.64687365 -0.48612285,
            -0.71783745 0.59488517 -0.36169183,
            0.054524858 0.99579096 0.073671497,
            0.3302432 0.58172244 0.74332929,
            -0.054952566 0.98336864 -0.17310789,
            -0.10642953 0.96391213 -0.2440207,
            -0.064284481 0.9777351 -0.19975391,
            -0.045206141 0.98193318 -0.18374878,
            -0.24880034 0.95857954 -0.13864948,
            -0.23456605 0.93146312 -0.27812827,
            -0.99938023 -0.034661651 0.0061440463,
            -0.96717215 -0.24382541 0.071604475,
            -0.97147566 -0.23415025 0.037532493,
            0.049728081 0.9946698 0.090327866,
            0.11596061 0.98209679 0.14845519,
            0.23907652 0.90506566 0.3517082,
            -0.94318575 -0.31921878 -0.09219525,
            0.36289874 0.63339001 0.68346298,
            -0.87219954 -0.48747703 -0.040425308,
            -0.1683723 -0.31713912 -0.93331325,
            -0.9320783 -0.36201119 -0.013340157,
            -0.046964139 -0.38141635 -0.92320961,
            -0.29826429 -0.35732102 -0.88507634,
            -0.008293937 0.98376161 0.1792881,
            -0.78992862 -0.22519702 -0.57034999,
            0.098324649 0.95349127 0.28493255,
            0.12931652 0.98170012 -0.13979304,
            0.16409557 0.92808932 0.3342495,
            -0.17154559 -0.4347209 -0.88407564,
            -0.86584401 -0.30131954 -0.39940044,
            -0.7829861 -0.43285871 -0.4467282,
            -0.43249506 0.73917353 -0.51630479,
            -0.97444302 -0.22457777 0.0050617051,
            -0.92309725 -0.38241419 0.040629346,
            -0.22201726 0.89412314 -0.38891143,
            -0.51544601 -0.029064877 -0.85642904,
            -0.77426565 -0.1378472 -0.61766565,
            -0.68509614 0.59868741 -0.41499001,
            -0.63926536 -0.041543942 -0.76786321,
            -0.85458356 -0.25056395 -0.45486775,
            -0.28211513 0.83464372 -0.47305483,
            -0.92211831 -0.29389611 -0.25164053,
            -0.51631063 0.66627687 -0.53805059,
            -0.96331394 -0.24033929 -0.1194291,
            -0.43811309 0.69813287 -0.566275,
            0.23497972 0.96342719 -0.12881187,
            -0.51918465 -0.026260696 -0.85425854,
            -0.82846433 0.48991153 -0.27135479,
            0.0084974859 0.95937794 -0.2819961,
            -0.86231691 -0.19299959 -0.468146,
            -0.92252213 -0.2473895 -0.29622835,
            -0.97801471 -0.20337425 -0.04610892,
            -0.97864878 0.197311 -0.057575271,
            -0.30194902 0.75304592 -0.58459258,
            -0.99973238 -0.023121413 0.00074567762,
            -0.10166041 0.9184854 -0.38216451,
            -0.64125788 -0.045565721 -0.76597136,
            -0.73874897 -0.05849361 -0.67143762,
            0.12181111 0.9519285 -0.28105903,
            -0.91898108 -0.20754607 -0.33525887,
            -0.866238 -0.12572171 -0.48355526,
            -0.4852148 0.68885326 -0.53856081,
            -0.95897532 -0.22650331 -0.17047754,
            -0.36747557 0.6927734 -0.62050515,
            -0.16612053 0.84030116 -0.51604062,
            -0.33074963 0.71902227 -0.6112377,
            -0.98895162 -0.13712291 -0.056320388,
            -0.61967266 -0.034200251 -0.78411484,
            -0.59684229 0.66963696 -0.44200176,
            0.35249895 0.92793018 -0.12120291,
            -0.92015314 -0.16239779 -0.35629347,
            -0.96286625 -0.18563883 -0.19602756,
            -0.2364618 0.78138918 -0.57750905,
            -0.99853641 -0.053302631 -0.0091597149,
            -0.89742291 0.41224724 -0.15711252,
            0.2299559 0.94063497 -0.24965216,
            -0.76023704 -0.062812746 -0.64660209,
            -0.97714508 0.20977759 -0.034363274,
            -0.91435421 -0.099597253 -0.39247516,
            -0.0050518126 0.91190684 -0.41036618,
            -0.9633435 -0.1600765 -0.21527861,
            -0.31570217 0.70815498 -0.63154471,
            -0.84504753 -0.069703184 -0.53012836,
            -0.25782374 0.69329077 -0.67295974,
            -0.98558527 -0.14239933 -0.091346391,
            -0.23036775 0.71795368 -0.65686625,
            -0.067510322 0.8578074 -0.50951815,
            -0.7253831 -0.04124948 -0.68710828,
            0.50239182 0.85648072 -0.11850405,
            -0.99995267 -0.0084440717 -0.0048243157,
            -0.96267879 -0.13470453 -0.23474303,
            -0.36496857 0.73369646 -0.57313824,
            0.095482618 0.91030288 -0.40278003,
            -0.98758054 -0.11676016 -0.10512707,
            -0.1332556 0.76569235 -0.62925202,
            -0.72472793 0.62807471 -0.28335753,
            -0.99275953 0.1200164 0.0049598995,
            0.34306815 0.90422344 -0.25433087,
            -0.84274077 -0.075343266 -0.53302109,
            -0.1403361 0.67741889 -0.72208691,
            -0.96028656 -0.095841274 -0.26203826,
            -0.90172541 -0.078396425 -0.42514151,
            -0.88751948 0.44325125 -0.1258474,
            -0.98790407 -0.10262754 -0.11624592,
            -0.14729327 0.67449063 -0.72344118,
            -0.16455224 0.71856678 -0.6757102,
            -0.99970371 -0.020610185 -0.012952797,
            0.19466299 0.90200955 -0.38533762,
            -0.8139891 -0.054553658 -0.5783127,
            0.0024102805 0.84885305 -0.52862346,
            -0.18462853 0.72664112 -0.66174382,
            0.60346699 0.79262722 -0.087004058,
            -0.98773998 -0.089288637 -0.12805194,
            -0.9907195 0.13377801 0.024046369,
            -0.99973541 -0.017360032 -0.01509205,
            -0.45965278 0.77226949 -0.43854207,
            -0.062196333 0.7793712 -0.6234678,
            0.45996928 0.8617301 -0.21412478,
            -0.90997213 -0.080551878 -0.40677038,
            0.080792487 0.83876592 -0.53846473,
            -0.95513034 -0.074926406 -0.28655192,
            -0.94199628 0.33521056 -0.016641807,
            -0.047450785 0.62492806 -0.77923894,
            -0.98420268 -0.068724796 -0.16316228,
            -0.082336612 0.65123385 -0.75439715,
            -0.64775819 0.70872176 -0.27950472,
            -0.99974179 -0.015369697 -0.016736334,
            -0.083559111 0.70468742 -0.70458043,
            -0.89013165 -0.054768167 -0.45240039,
            -0.065769762 0.70027691 -0.7108351,
            0.29300469 0.88779765 -0.35491338,
            -0.98883444 0.14222121 0.044492688,
            0.72458267 0.68458855 -0.079489253,
            -0.99973917 -0.013404087 -0.018490607,
            -0.26924211 0.78791338 -0.55380619,
            -0.93497777 0.35366648 0.027142771,
            0.15827946 0.85053557 -0.50153452,
            0.99693263 -0.078009918 0.0063020396,
            -0.95919943 -0.075078376 -0.27257979,
            -0.99428993 0.092911549 0.052487701,
            0.97686458 -0.21339707 0.01404513,
            0.5926863 0.78146207 -0.19503844,
            0.95146787 -0.30671039 0.025252338,
            -0.025901316 0.59984767 -0.79969484,
            0.99705154 -0.075734884 0.012345292,
            0.0054144976 0.76331007 -0.64600962,
            0.97354358 -0.22533347 0.037918143,
            -0.81086391 0.57827109 -0.090012766,
            0.88732618 -0.45985851 0.03438732,
            -0.98621339 -0.056358553 -0.15558539,
            -0.99932957 -0.015713653 -0.033070061,
            0.94535965 -0.32130158 0.055322301,
            0.99610019 -0.085520782 0.021695545,
            -0.41876432 0.82123768 -0.38756302,
            -0.040460426 0.63038158 -0.77523035,
            0.96885246 -0.2391073 0.064440913,
            0.82012779 -0.57097816 0.037072524,
            -0.95055658 -0.054078136 -0.30580667,
            0.88924736 -0.45168421 0.072253115,
            -0.99116051 0.11411458 0.067666315,
            -0.036765382 0.65850168 -0.75168067,
            0.73113412 -0.68057072 0.047606986,
            0.82272303 0.56502217 -0.062263697,
            0.94593358 -0.31473762 0.078420743,
            0.42862621 0.84160417 -0.32860613,
            0.99609584 -0.083300538 0.029226152,
            -0.031310823 0.69794834 -0.71546334,
            0.96484238 -0.24692756 0.090033188,
            0.061902195 0.76212585 -0.64446282,
            0.81817031 -0.56953472 0.078914993,
            -0.93817085 0.3391715 0.069267951,
            -0.10131846 0.77458739 -0.62429881,
            0.61334383 -0.78765678 0.058361281,
            0.88030964 -0.461393 0.11032474,
            -0.76984322 0.63592482 -0.054231185,
            -0.9927479 0.094697684 0.074053928,
            0.93600041 -0.33321545 0.11344907,
            0.25419679 0.83391345 -0.48986983,
            0.71339494 0.68038023 -0.16778098,
            0.71650684 -0.69032043 0.10037718,
            -0.98828077 -0.053991091 -0.14278007,
            0.9946267 -0.094569527 0.042121325,
            -0.6049946 0.76867014 -0.20767207,
            0.95718139 -0.26333237 0.12024863,
            0.0034930648 0.57337594 -0.81928498,
            0.49181432 -0.86911201 0.05256414,
            -0.95859647 0.26677999 0.09960518,
            0.80603045 -0.57865947 0.12437104,
            -0.24393144 0.83069229 -0.50044751,
            -0.99971807 -0.0075772689 -0.022503885,
            -0.99512404 0.064480513 0.074635662,
            0.86242425 -0.48123765 0.15695423,
            -0.013414583 0.6167376 -0.78705448,
            0.61705935 -0.77810812 0.1174116,
            0.13286158 0.78634894 -0.60332674,
            0.92442286 -0.34894636 0.15387906,
            0.0096432334 0.61415619 -0.78912556,
            0.6991142 -0.69852448 0.15265261,
            -0.98160398 -0.044823181 -0.18559226,
            0.89532095 0.44298792 -0.046499204,
            0.36433047 -0.92922866 0.061623849,
            0.9925099 -0.10888877 0.055383548,
            0.54408503 0.77735049 -0.31574932,
            -0.94501388 0.30283293 0.1234542,
            0.78607237 -0.59243745 0.17637475,
            -0.00083408819 0.68697399 -0.72668153,
            0.94521934 -0.29446045 0.14090219,
            -0.83959049 0.54156053 0.042427704,
            0.4948355 -0.86113143 0.11657824,
            -0.014177663 0.71062011 -0.70343304,
            -0.5687995 0.80449599 -0.17103626,
            0.83776617 -0.50458872 0.20865759,
            0.58789504 -0.79113877 0.16875687,
            0.39275578 0.80323583 -0.44783387,
            0.8136819 0.56940347 -0.11705321,
            -0.36335865 0.8676495 -0.33934486,
            0.21809961 -0.97347748 0.069095373,
            -0.95558238 0.26056951 0.13771646,
            0.67490608 -0.70690292 0.2116366,
            -0.070837699 0.81754649 -0.57148898,
            0.34731159 -0.92908108 0.12721218,
            -0.84296471 0.53057182 0.08890444,
            -0.9999764 -0.001107792 -0.0067840745,
            0.99277687 -0.10922406 0.0496406,
            0.034428917 0.69148111 -0.72157359,
            0.75687933 -0.61100578 0.23196056,
            0.0070556849 0.55338877 -0.83289319,
            -0.992028 0.082491308 0.095266789,
            0.45732981 -0.86960489 0.18610941,
            0.0017949806 0.61037701 -0.79210901,
            0.060700282 -0.99599928 0.065580666,
            0.94667959 -0.29968849 0.11825608,
            0.17812033 0.76024121 -0.62474519,
            0.95423782 0.29794863 -0.025627369,
            0.02779888 0.58161622 -0.81298828,
            0.55130339 -0.79993147 0.23701093,
            -0.95856291 0.23088965 0.16687456,
            -0.84470081 0.52129441 0.1213781,
            0.22948493 -0.96341008 0.13848357,
            -0.99923247 -0.0080206357 -0.038342983,
            0.63800585 -0.72008806 0.2728034,
            0.67162824 0.69689858 -0.25149155,
            0.31332827 -0.93030483 0.19067866,
            -0.61384034 0.7851786 -0.081820264,
            0.022679968 0.66535336 -0.74618393,
            -0.075185262 -0.99544638 0.058597032,
            -0.35893768 0.89305705 -0.27131692,
            0.4968971 0.76099271 -0.41711316,
            -0.17498478 0.87708437 -0.44732907,
            0.99395168 -0.10405343 0.035114825,
            0.089913331 0.71351016 -0.6948517,
            0.43009192 -0.86670434 0.25267464,
            -0.84473532 0.51316231 0.15194306,
            0.95367146 -0.29121995 0.075509779,
            0.013193511 0.6066125 -0.79488814,
            0.71916884 -0.63749617 0.2763961,
            0.88406998 0.45513728 -0.10616193,
            0.098034866 -0.98613262 0.13390945,
            -0.020998992 0.77934027 -0.62624907,
            -0.67779738 0.73497987 0.019884471,
            0.53328568 -0.79089242 0.30015928,
            -0.98953867 0.090483844 0.11236487,
            0.0021628737 0.54514629 -0.83833808,
            0.18551655 -0.96299338 0.19551812,
            0.29226235 0.76975608 -0.5675019,
            -0.86680377 0.4570215 0.19945566,
            -0.21175684 -0.97485638 0.069383763,
            0.79175752 0.58112508 -0.18818533,
            0.31526813 -0.91346818 0.25725827,
            -0.95581138 0.21863014 0.1965338,
            -0.64653963 0.76220649 0.032059349,
            0.60009813 -0.7386902 0.30695128,
            0.012325238 0.55199564 -0.83375585,
            0.92130268 -0.37856394 0.088829637,
            -0.29422233 0.92177379 -0.2525197,
            -0.13427091 0.90465891 -0.40442988,
            -0.057357505 -0.989968 0.12912557,
            -0.99219704 0.055605542 0.11159315,
            0.9937396 -0.10961317 0.021598462,
            0.032863285 0.66137862 -0.74933189,
            0.95700729 -0.287857 0.035711616,
            0.045373518 0.63496333 -0.7712087,
            0.43237773 -0.84746432 0.30798343,
            -0.0047622174 0.54499018 -0.83842891,
            0.050857011 -0.97888434 0.19798739,
            0.61679071 0.70209056 -0.35586235,
            -0.05522057 0.84541273 -0.53125143,
            0.94548965 0.31997761 -0.060528442,
            -0.63779855 0.76737255 0.065971859,
            -0.37012812 -0.92689675 0.062188689,
            0.11839838 0.70061749 -0.70364553,
            0.63644767 -0.72333282 0.2678133,
            0.015959213 0.72910434 -0.6842165,
            0.1957821 -0.94501114 0.26196045,
            -0.39699629 0.90970969 -0.12174616,
            0.49617642 -0.80549562 0.32401517,
            -0.93822789 0.26178971 0.22626211,
            0.86229092 -0.49533078 0.10536493,
            0.38371813 0.74582714 -0.54452026,
            -0.84869981 0.47224444 0.23810469,
            -0.20022108 -0.96920085 0.14339183,
            -0.34758785 0.93193567 -0.10333733,
            0.29741195 -0.89786536 0.32462904,
            -0.61193484 0.78070289 0.12664406,
            0.93021631 -0.36519137 0.036508374,
            0.86633843 0.47205135 -0.16317227,
            -0.11527857 0.92997092 -0.34909162,
            0.99516469 -0.098020792 0.0062656566,
            0.0020744815 0.56663203 -0.82396835,
            0.64943796 -0.73766106 0.18462503,
            0.72909772 -0.65496719 0.19858135,
            0.00094688049 0.55932766 -0.82894611,
            0.96559936 -0.25999019 -0.004793914,
            -0.027858568 0.86112893 -0.50762284,
            -0.95406199 0.14386731 0.26280782,
            -0.079643562 -0.97831964 0.19117428,
            0.75437063 0.59488314 -0.27755892,
            0.5117867 -0.81271225 0.27851951,
            0.057870995 0.63540965 -0.77000356,
            0.009428855 0.79482353 -0.60676742,
            -0.49251625 -0.86873823 0.052169293,
            0.067904912 -0.96171868 0.26549205,
            0.01301223 0.61848789 -0.78568655,
            0.38653582 -0.85886824 0.33605862,
            -0.32358861 0.94327921 -0.074261919,
            -0.18717474 0.94706845 -0.26081991,
            0.74555278 -0.65647852 0.1148351,
            0.22677092 0.72279519 -0.65279549,
            -0.34626505 -0.92931825 0.12832785,
            0.034437325 0.71755213 -0.6956529,
            0.99637723 -0.084129281 -0.012438588,
            -0.014105205 0.55889761 -0.8291167,
            -0.79176497 0.53806025 0.28913558,
            0.87676889 -0.47950521 0.03675843,
            -0.14944279 0.95461184 -0.25764903,
            0.1816656 -0.9280892 0.32503548,
            -0.2529425 0.96542114 -0.063103497,
            0.52985591 0.70610863 -0.46974814,
            0.97376913 -0.22378622 -0.041150529,
            0.93808073 0.3322446 -0.098072015,
            -0.60391182 0.76737911 0.21545272,
            0.55103695 -0.81257778 0.18993606,
            -0.033977505 0.89395136 -0.44687414,
            0.94180143 -0.33588925 -0.013728892,
            0.016008645 0.83483511 -0.55026716,
            -0.19177139 -0.95948845 0.20641151,
            -0.0050644493 0.58391166 -0.81180143,
            0.40269259 -0.86993539 0.28469458,
            -0.86265951 0.33446413 0.37941039,
            0.12555857 0.66771489 -0.73375189,
            -0.60375351 -0.79526931 0.055030588,
            -0.13087784 0.96444654 -0.22959501,
            0.28242061 -0.89606243 0.34250665,
            0.84230983 0.49115071 -0.22200246,
            0.029800527 0.77099299 -0.63614601,
            -0.070283748 -0.96271676 0.26122159,
            -0.0008798067 0.63383287 -0.77346957,
            0.66524184 -0.73956043 0.10248722,
            0.99736685 -0.068373308 -0.02417526,
            -0.038813721 0.92650479 -0.37427562,
            0.97894913 -0.18906112 -0.076905817,
            0.30433983 0.71979147 -0.6239211,
            -0.025162559 0.5831998 -0.81193894,
            -0.48082593 -0.86970705 0.11142721,
            0.013965892 0.68237627 -0.73086774,
            -0.1196188 0.97527474 -0.18582398,
            -0.50437587 0.83176214 0.23189813,
            0.76886153 -0.6389752 0.023720259,
            0.075344428 -0.94380456 0.32180157,
            0.66775578 0.63106751 -0.39478606,
            0.95980293 -0.27283344 -0.065880291,
            -0.34994975 0.93308127 0.083034083,
            0.40217122 -0.88780296 0.22375022,
            -0.0087974723 0.93418217 -0.35668799,
            0.032029226 0.8491807 -0.52713025,
            0.88798547 -0.4574047 -0.047568601,
            -0.016278517 0.62265813 -0.78232461,
            0.054762986 0.62342989 -0.77995914,
            -0.32201758 -0.92866904 0.18406104,
            0.030720526 0.80390936 -0.5939579,
            -0.72582299 -0.68591481 0.051980235,
            -0.79448986 0.35440311 0.49313724,
            0.28462344 -0.91350555 0.29068378,
            0.21283424 0.68980056 -0.69200933,
            0.99750555 -0.060633481 -0.036142845,
            0.91754729 0.36529016 -0.15706715,
            0.18104862 -0.92007053 0.34740701,
            0.0058493246 0.94388825 -0.33021331,
            0.022918778 0.88139063 -0.4718318,
            0.59013218 -0.80408603 0.072039612,
            0.4265804 0.70449078 -0.56720537,
            0.9807564 -0.15549892 -0.11805534,
            0.015899243 0.74483204 -0.66706252,
            -0.1937058 -0.9435854 0.26856026,
            -0.024590138 0.60154533 -0.79846007,
            -0.60649961 -0.78634149 0.11758086,
            -0.00033672134 0.69588286 -0.71815526,
            -0.20225605 0.97740132 0.061474282,
            0.69124365 -0.72262168 -0.00046911658,
            0.95940518 -0.24792884 -0.13443595,
            -0.030630523 0.64461702 -0.76389176,
            -0.096694127 0.98871535 -0.11442094,
            0.91208488 -0.39238471 -0.1188924,
            -0.0014382616 0.96500778 -0.26221716,
            -0.046098534 -0.94153875 0.33373606,
            0.02903329 0.89588732 -0.44333172,
            0.28251371 -0.93076134 0.23209749,
            0.80860251 0.51104081 -0.2915464,
            0.79698032 -0.59808648 -0.084349439,
            0.039438259 0.83429378 -0.54990768,
            0.99770314 -0.049278203 -0.046476968,
            0.095133677 0.65363181 -0.75080961,
            -0.55456543 0.71157175 0.43141961,
            -0.81825072 -0.57367456 0.03692377,
            0.036513388 0.9087522 -0.41573581,
            -0.45543548 -0.87234324 0.17775196,
            0.014758761 0.77935755 -0.6264056,
            -0.016115647 0.6815902 -0.73155665,
            0.17710312 -0.94415581 0.27785638,
            0.335931 0.69760525 -0.6328485,
            0.98240262 -0.12566294 -0.13818093,
            0.56981647 0.65774792 -0.49262249,
            0.054398187 -0.93391639 0.3533285,
            0.038747247 0.85862529 -0.51113719,
            0.0070411111 0.6445663 -0.76451606,
            -0.3256743 -0.91135639 0.25172552,
            0.0013788707 0.74515319 -0.66689187,
            0.962713 -0.20077506 -0.18130937,
            -0.036181722 0.99745899 -0.061370373,
            0.041961551 0.93352211 -0.35605577,
            0.034624889 0.97003472 -0.24048634,
            -0.71652538 -0.69015324 0.10139017,
            0.91026491 -0.35257655 -0.21704258,
            0.90560079 0.37306225 -0.20177157,
            -0.024500918 0.66070664 -0.75024426,
            0.58874643 -0.80800694 -0.022415826,
            0.47561768 -0.87852651 0.044487305,
            0.85487068 -0.48886228 -0.17380947,
            0.042109437 0.87479854 -0.48265335,
            -0.49228045 0.67177105 0.55351937,
            0.70874506 -0.6993376 -0.092775702,
            -0.028111396 0.7109828 -0.70264727,
            -0.16668001 -0.93072057 0.32554099,
            0.016918303 0.81019598 -0.58591485,
            -0.015825123 0.74042261 -0.67195529,
            0.18754156 -0.95729035 0.22005279,
            0.99771351 -0.03784297 -0.05599628,
            0.21450335 0.6983977 -0.68280953,
            -0.89274526 -0.44908547 0.036443394,
            0.51576293 0.66367805 -0.54177481,
            -0.0010120552 0.78537166 -0.61902374,
            -0.57818788 -0.7958169 0.17992842,
            0.046068393 0.88953286 -0.45454273,
            0.061013427 -0.95430875 0.29252735,
            0.70242244 0.58112556 -0.41096929,
            0.096226186 0.69339931 -0.71409929,
            0.98193944 -0.093785405 -0.16431412,
            0.018659165 0.83727002 -0.54647112,
            0.055178683 0.9801541 -0.19040295,
            0.96846545 -0.14700079 -0.20116006,
            0.062217563 0.94556123 -0.31944144,
            -0.052210845 -0.93476802 0.351401,
            -0.011122158 0.72013342 -0.69374645,
            0.93007082 -0.27894476 -0.23907778,
            0.048630696 0.91525537 -0.3999283,
            -0.45519346 -0.85757053 0.23952398,
            -0.017951479 0.78183925 -0.62322158,
            -0.80590177 -0.58537 0.088680796,
            -0.03093862 0.75547189 -0.65445024,
            0.019953484 0.85479277 -0.5185858,
            0.85785043 -0.43379238 -0.27553019,
            0.45409888 0.68420911 -0.5706594,
            0.45698729 -0.88930053 -0.017527431,
            -0.15283871 0.96691966 0.20422225,
            0.35739881 -0.93263328 0.049611971,
            0.78614378 -0.56928796 -0.24060164,
            -0.021338739 0.7385354 -0.673877,
            0.62827498 -0.76663399 -0.13244942,
            -0.00025243938 0.81317556 -0.58201849,
            -0.28952685 -0.90199536 0.3202787,
            0.67230886 0.59443754 -0.44118571,
            0.85615289 0.43308073 -0.28185689,
            -0.95391506 -0.29923815 0.022419713,
            0.99748975 -0.029753799 -0.064255998,
            0.021344082 0.87144148 -0.49003494,
            0.1707347 0.74254429 -0.64767098,
            0.074223407 -0.97418219 0.21321331,
            0.068401545 0.9611665 -0.26735771,
            0.0017625389 0.83771533 -0.54610437,
            -0.70378268 -0.69560796 0.14428963,
            -0.027264692 0.79746073 -0.60275453,
            0.98000789 -0.068737492 -0.18670753,
            -0.020590371 0.81250811 -0.58258611,
            -0.053964373 -0.95029843 0.30662805,
            0.054109719 0.92848158 -0.36741549,
            0.96405673 -0.096618243 -0.24750663,
            0.083022013 0.74142963 -0.66587502,
            0.93951124 -0.19583482 -0.28101131,
            0.026321001 0.89917022 -0.43680689,
            -0.029890385 0.77229494 -0.63456047,
            0.8696866 -0.36289859 -0.33458897,
            0.00042612862 0.85459483 -0.51929522,
            -0.025253952 0.99967837 -0.0023226717,
            -0.89121759 -0.44748819 0.074064761,
            0.61505705 0.63518536 -0.46716648,
            -0.54978508 -0.79905134 0.24341998,
            -0.0040535419 0.7765215 -0.63007772,
            -0.020412497 0.83686048 -0.54703546,
            -0.14704047 -0.92575431 0.34836486,
            0.7851584 -0.50649309 -0.35635811,
            0.82717699 0.46731406 -0.31208283,
            0.41572598 0.72609609 -0.54768276,
            0.00030625303 0.87147313 -0.49044308,
            0.36501047 -0.93045038 -0.032084361,
            0.68658525 -0.64861786 -0.32847461,
            -0.032384526 0.83187205 -0.55402184,
            0.99693054 -0.029990615 -0.072319962,
            -0.024823008 0.85919923 -0.51103866,
            0.053373072 0.95276761 -0.29897353,
            -0.41555279 -0.85910475 0.29875547,
            -0.023160337 0.82366478 -0.5666039,
            0.97611845 -0.063812181 -0.20765537,
            0.17765184 0.80075914 -0.57203549,
            -0.98700279 -0.16024819 0.012082938,
            -0.0067257439 0.80627257 -0.59150594,
            -0.78194988 -0.60691726 0.1421473,
            -0.059107017 -0.97126776 0.23053251,
            -0.036514331 0.8446942 -0.53400218,
            0.0017273619 0.89709693 -0.44183028,
            0.93077147 -0.12389937 -0.34396726,
            0.79600072 0.5100348 -0.32595611,
            0.96389884 -0.075763129 -0.25526267,
            -0.026594438 0.87629575 -0.48103902,
            0.99713463 -0.013830033 -0.074372232,
            -0.038183898 0.99532515 0.088712536,
            0.093801521 0.80694067 -0.58313632,
            -0.16432524 -0.94636506 0.27819118,
            -0.039019968 0.87346435 -0.48532218,
            0.66188842 0.64081293 -0.38892472,
            0.78354752 -0.43804777 -0.44064426,
            -0.023448808 0.89856118 -0.43822119,
            -0.022566123 0.86051661 -0.50892228,
            -0.68029469 -0.70444375 0.20238116,
            0.023444083 0.86997712 -0.49253461,
            -0.94537449 -0.32184789 0.051778864,
            0.36760721 0.77782792 -0.50975353,
            0.97531378 -0.04562889 -0.2160579,
            -0.26187623 -0.90065879 0.34674853,
            -0.043360017 0.88373357 -0.46597731,
            0.06473843 0.8467434 -0.5280478,
            0.69435441 -0.57937539 -0.42684439,
            -0.038342088 0.87103206 -0.48972756,
            0.590114 -0.70803982 -0.38787246,
            0.22050308 0.84730399 -0.48317105,
            -0.041823536 0.90217024 -0.42934781,
            -0.86869943 -0.48181224 0.11497079,
            0.84080929 0.47837371 -0.25337389,
            -0.51123011 -0.80236638 0.30798042,
            -0.039359994 0.89566135 -0.44299167,
            -0.029196646 0.9165225 -0.39891604,
            -0.99985313 -0.017126452 -0.00062368735,
            0.0022987013 0.89327502 -0.44950452,
            0.9502151 -0.068918072 -0.30387744,
            0.16089267 0.90802717 -0.38678187,
            -0.17547891 -0.95949525 0.22039969,
            0.91707283 -0.084570341 -0.38964766,
            0.56898117 0.7232585 -0.39135346,
            -0.046125256 0.90231138 -0.42861018,
            0.86135548 -0.14021839 -0.48826793,
            0.80513787 -0.23545149 -0.54434884,
            0.86381239 -0.24319033 -0.4412331,
            0.002446752 0.90869808 -0.41744691,
            -0.28218672 -0.91050535 0.30224264,
            0.71934366 -0.46736181 -0.5139237,
            0.23692657 0.879605 -0.41250548,
            -0.76902717 -0.61010551 0.19070533,
            0.45371962 0.80193871 -0.38862941,
            -0.053701032 0.91615307 -0.3972151,
            -0.98262393 -0.18318015 0.029922066,
            -0.38227618 -0.86010659 0.33775964,
            -0.0062647569 0.92181182 -0.38758704,
            0.95376229 -0.054383554 -0.29560098,
            0.096889868 0.91926396 -0.38153139,
            0.58838642 -0.66762429 -0.45615706,
            0.82057565 0.52528083 -0.22524565,
            0.33348563 0.90362269 -0.26880005,
            -0.93916363 -0.33382145 0.080839016,
            -0.018096006 0.93251401 -0.36067998,
            0.45628858 0.8341465 -0.30983922,
            -0.64708161 -0.71579558 0.26253003,
            0.084173165 0.93467879 -0.34538454,
            0.71233779 0.66369098 -0.22823055,
            0.89424342 -0.071120463 -0.44189429,
            -0.29362077 -0.92646056 0.23549472,
            -0.042875379 0.93925995 -0.34051788,
            0.78024977 -0.15340248 -0.60636461,
            0.12359542 0.95497888 -0.26970282,
            -0.99162692 0.12827064 -0.014920275,
            0.84843338 -0.078418739 -0.52346092,
            0.28323457 0.92396271 -0.25704303,
            0.70874429 -0.26043937 -0.65563172,
            -0.8537702 -0.49342743 0.16614982,
            0.58868986 0.79444683 -0.14932662,
            0.078327946 0.96262413 -0.2592673,
            -0.39597997 -0.87331998 0.28374654,
            0.67652404 0.7138384 -0.18096967,
            0.27668679 0.93966758 -0.20116957,
            0.90509844 -0.065068461 -0.420194,
            0.86148196 0.49029142 -0.13214846,
            -0.99969494 -0.024402436 0.0038034669,
            -0.041345239 0.96411991 -0.26222774,
            -0.49186435 -0.80878174 0.32239971,
            0.021996561 0.96757668 -0.25161803,
            0.33355203 0.9364115 -0.1089789,
            0.54829055 0.82927257 -0.10809528,
            0.8189407 0.57372862 -0.013101879,
            -0.73914576 -0.6245113 0.25228795,
            0.87462175 0.48062485 -0.063533947,
            0.2768178 0.95384544 -0.11640803,
            -0.98025984 -0.1918819 0.047666684,
            0.58768833 0.80863482 -0.02705723,
            0.82920045 -0.064086005 -0.55526537,
            0.75860071 -0.06974259 -0.64781243,
            0.03859029 0.98720849 -0.15469387,
            0.68530244 -0.14231957 -0.71421683,
            0.5859561 0.81023908 0.012970822,
            -0.41837865 -0.87978137 0.22570801,
            0.22103399 0.97205687 -0.079052985,
            0.78048915 0.62510329 0.0090796016,
            -0.93014628 -0.34825975 0.11637478,
            0.9212085 0.38801003 0.028689219,
            -0.96089536 0.27571216 -0.025747871,
            0.57066482 0.81993467 0.045263935,
            0.78601348 0.61531591 0.059742045,
            -0.50703126 -0.81967443 0.26655799,
            0.058213215 0.99767971 -0.035304219,
            -0.61337745 -0.72815841 0.30586502,
            0.53773129 0.84012789 0.07092388,
            0.82933038 -0.054992981 -0.55604583,
            0.1890792 0.98195028 0.0047611003,
            0.83266783 0.54132158 0.11676986,
            0.91835046 0.39130783 0.059249841,
            0.46326363 0.69518751 0.54963732,
            0.81074154 0.56769174 0.14291367,
            -0.99124354 0.12926877 -0.026940815,
            0.58875442 -0.24255314 -0.77106178,
            0.92180485 0.37404639 0.10180944,
            0.2188995 0.96898896 0.11464436,
            0.54562908 0.82603806 0.14124466,
            0.75552553 0.63275814 0.16970068,
            -0.83637577 -0.50494474 0.21332225,
            0.73931152 -0.054782629 -0.67113137,
            0.93606991 0.32457176 0.13574366,
            0.57485265 0.64837247 0.49915674,
            -0.99965841 -0.025408633 0.006125886,
            0.93246752 0.32818127 0.15100139,
            0.51541609 0.82910991 0.21661741,
            0.91934836 0.34558406 0.18806987,
            0.65203756 -0.057102349 -0.75603324,
            0.79152501 0.56029141 0.24405274,
            0.56411964 -0.094893791 -0.82022208,
            0.74312919 0.48285177 0.46326357,
            0.78711551 0.53742707 0.30269009,
            -0.52637047 -0.82447743 0.20777628,
            0.92162329 0.31381255 0.22832482,
            0.87889367 0.26383153 0.3974151,
            -0.91149122 0.40900978 -0.043529887,
            -0.61680788 -0.73750913 0.27500606,
            0.71558309 -0.64841998 0.25979301,
            -0.97714567 -0.20096461 0.06927897,
            0.79689193 -0.58630335 0.14564224,
            0.81738925 -0.57256693 0.063575678,
            0.83405983 -0.55153739 -0.012275356,
            0.72618181 -0.045026813 -0.68602663,
            0.45274034 -0.87438989 0.17455207,
            -0.69954449 -0.65669709 0.28175607,
            0.4814201 -0.86556929 0.13792937,
            0.53529072 -0.83588856 0.1214668,
            0.35167882 -0.9186492 0.18001598,
            0.36643359 -0.91965395 0.14129043,
            0.41654733 -0.90191704 0.11416627,
            0.28975445 -0.94422579 0.15646091,
            0.4215849 -0.2723358 -0.86492735,
            0.55673361 -0.32772064 -0.76331306,
            0.24016778 -0.95961404 0.14649366,
            0.43050128 -0.36131725 -0.82711458,
            0.23183893 -0.96791106 0.096948154,
            -0.95627397 0.28695273 -0.056552749,
            0.16185027 -0.97225946 0.16886689,
            0.7357133 -0.63605011 -0.2327363,
            -0.91356659 -0.37417704 0.1593346,
            0.67585212 -0.70990962 -0.19812196,
            0.54250801 -0.83417922 -0.099146739,
            0.14171806 -0.98157352 0.12817696,
            0.18310802 -0.98007578 0.07696107,
            0.90170521 -0.26261708 -0.34345293,
            0.24002387 -0.97029954 0.030121263,
            0.27183387 -0.96234006 0.0028255112,
            0.203033 -0.97757638 -0.055874422,
            0.30970532 -0.95031971 -0.031226147,
            0.10170749 -0.98906231 0.1068235,
            0.37741297 -0.9217959 -0.088610224,
            0.63032508 -0.039961286 -0.77530211,
            0.40582347 -0.9055385 -0.12372294,
            0.62934166 -0.72328377 -0.28423539,
            0.43420693 -0.12220067 -0.89248604,
            0.453926 -0.88026953 -0.13811852,
            0.49135694 -0.84705824 -0.20263436,
            -0.65572512 -0.73043555 0.19101936,
            0.37040111 -0.90434599 -0.21204092,
            0.58740163 -0.7661261 -0.26078764,
            0.55160725 -0.80336487 -0.22435308,
            0.16693431 -0.98560041 0.026922543,
            0.083828896 -0.99491566 0.055816229,
            0.5283969 -0.044025764 -0.84785521,
            -0.029084556 -0.9853949 0.16778265,
            -0.0051291916 -0.99190605 0.12687017,
            0.90015221 -0.18729444 -0.39325163,
            -0.9898935 0.13558491 -0.041564226,
            0.03536503 -0.99373472 0.10602168,
            -0.036620017 -0.99720782 0.065080963,
            0.29293934 -0.36299923 -0.88454401,
            0.83319521 -0.32200849 -0.44955122,
            0.12338459 -0.99235153 0.0038240997,
            -0.71549433 -0.65383351 0.24610896,
            0.25274631 -0.96306241 -0.092898972,
            0.28698075 -0.9489243 -0.1310904,
            0.32615963 -0.92962211 -0.17153051,
            0.22830957 -0.94593072 -0.23041229,
            -0.83612233 0.54474205 -0.064463407,
            -0.99959558 -0.02694439 0.0090898937,
            0.4983601 -0.79812801 -0.33856899,
            0.46071681 -0.83492059 -0.30107728,
            0.43074238 -0.79974538 -0.41817254,
            0.42212623 -0.86876285 -0.25896063,
            -0.7999022 -0.54736078 0.24607442,
            0.11135262 -0.99277514 -0.044700339,
            0.035404269 -0.99872494 0.035986435,
            -0.15260315 -0.97346294 0.1705353,
            0.62636173 -0.033467636 -0.77881372,
            0.7836293 -0.32789266 -0.52764714,
            0.75384986 -0.36425182 -0.54683727,
            -0.12099832 -0.98320985 0.13659322,
            0.72572011 -0.40014923 -0.55965245,
            -0.095004231 -0.99103451 0.093940124,
            -0.1825778 -0.98165506 0.054941867,
            0.26515892 -0.260158 -0.92844415,
            0.67213702 -0.49704209 -0.54879951,
            0.63621712 -0.5325157 -0.55826062,
            0.60306823 -0.59106499 -0.53567803,
            0.56918579 -0.51749861 -0.63892305,
            0.0063166623 -0.99996531 -0.0054310123,
            0.052663576 -0.99585164 -0.074203163,
            -0.88824213 0.44901878 -0.096995063,
            0.49091101 -0.73607904 -0.46604085,
            0.42675507 -0.70670205 -0.5643158,
            0.11374822 -0.98835701 -0.10105313,
            0.35737598 -0.85895228 -0.36671963,
            0.14802192 -0.97879887 -0.14157048,
            -0.97061056 -0.22018541 0.097126581,
            0.31793252 -0.8879239 -0.33243039,
            0.27666375 -0.85706043 -0.43463156,
            0.18585265 -0.96498096 -0.18512313,
            0.081375867 -0.96709812 -0.24103762,
            0.27971107 -0.91765308 -0.28226665,
            -0.018588336 -0.99865246 -0.048453644,
            0.49992675 -0.024504973 -0.86572093,
            0.53432971 -0.63264316 -0.56058401,
            -0.094905056 -0.99517655 0.024835495,
            -0.084748164 -0.99406356 -0.068229415,
            0.40587401 -0.022468399 -0.91365284,
            0.66515535 -0.34253618 -0.66350389,
            -0.75258911 -0.63409621 0.17757145,
            -0.28113154 -0.94669467 0.15727149,
            0.64530605 -0.42890808 -0.63215339,
            0.60847104 -0.45240381 -0.65199214,
            0.24744016 -0.15982887 -0.95562971,
            0.37039688 -0.808357 -0.45756426,
            -0.2320326 -0.96157157 0.14676824,
            -0.74535221 0.66316336 -0.068296917,
            -0.33247954 -0.93924624 0.08528658,
            -0.22227812 -0.96999913 0.098458484,
            -0.81127572 -0.54410452 0.21396747,
            0.50673246 -0.60768431 -0.61150801,
            -0.1294841 -0.99157572 -0.0033887753,
            0.096391506 -0.38039657 -0.91978645,
            0.21796423 -0.49087182 -0.84352618,
            0.34141642 -0.78791994 -0.5124616,
            0.10252929 -0.52157176 -0.84702456,
            0.4759956 -0.58495486 -0.65670073,
            -0.95913821 0.27163166 -0.079185039,
            -0.024374021 -0.99436373 -0.10318307,
            0.0063126748 -0.98933357 -0.1455307,
            0.20277789 -0.89800698 -0.39046729,
            -0.8942638 -0.40406075 0.19242437,
            0.16245332 -0.92154795 -0.35264477,
            0.11479995 -0.88326037 -0.45461196,
            0.04259989 -0.98039973 -0.19235797,
            -0.068141207 -0.96796596 -0.24165811,
            0.12770489 -0.94589847 -0.29827419,
            0.31154019 -0.76838106 -0.55904675,
            0.50185627 -0.020972438 -0.86469674,
            -0.33309487 -0.92931134 0.15946241,
            -0.16041556 -0.98652625 -0.032137416,
            0.54808593 -0.40777135 -0.73029065,
            -0.98738086 0.14602934 -0.061273597,
            0.50993168 -0.44205037 -0.73794395,
            0.4804841 -0.48440772 -0.73108429,
            0.093384542 -0.24341288 -0.96541673,
            0.42521459 -0.54202145 -0.72484845,
            -0.38042775 -0.91266799 0.14937152,
            0.21104926 -0.84015381 -0.49959967,
            0.23983461 -0.74510652 -0.62233078,
            0.38760996 -0.59525013 -0.70387203,
            -0.82598889 0.55006027 -0.12319112,
            0.35411587 -0.65031242 -0.67208308,
            0.30824733 -0.57620627 -0.75694776,
            0.31570834 -0.68995494 -0.65137577,
            -0.28746957 -0.95680791 0.043357857,
            -0.28027081 -0.95991403 -0.0036527182,
            0.17589457 -0.82103938 -0.54309797,
            -0.99947983 -0.029594282 0.012813948,
            -0.23571365 -0.9714548 -0.026733538,
            -0.21806812 -0.9728967 -0.07693021,
            -0.33745015 -0.93955714 -0.05796396,
            -0.41077852 -0.90470374 0.11301405,
            -0.43119398 -0.89880013 0.078931339,
            0.044743296 -0.91436279 -0.40241599,
            -0.16515268 -0.98140043 -0.097865649,
            0.0086086262 -0.93302763 -0.35970181,
            -0.055621941 -0.87795877 -0.47549406,
            0.35521084 -0.012246268 -0.93470597,
            -0.83671248 -0.52416658 0.15862419,
            -0.13702284 -0.98034722 -0.14192978,
            -0.024035549 -0.95275348 -0.30279195,
            -0.1056548 -0.97593158 -0.19077356,
            -0.21824048 -0.94822747 -0.23072879,
            -0.64759266 0.75643516 -0.091812275,
            0.14258559 -0.79727662 -0.58653164,
            -0.44961992 -0.87615204 0.17378014,
            0.37074506 -0.47857136 -0.79593813,
            -0.89703625 -0.40427902 0.1785623,
            -0.47840434 -0.86721241 0.13810138,
            0.046139855 -0.85708958 -0.51309699,
            0.069426835 -0.76320612 -0.64241445,
            0.25379378 -0.0040472294 -0.96724987,
            0.096784994 -0.14897369 -0.98409325,
            0.21272902 -0.60263842 -0.76913798,
            0.125696 -0.60541379 -0.78592283,
            -0.8904171 0.43226159 -0.14250383,
            0.18280078 -0.67823166 -0.71174824,
            0.14326958 -0.71497065 -0.68431771,
            -0.4043721 -0.91414452 0.028689634,
            0.010185592 -0.83274931 -0.55355656,
            -0.37063265 -0.92837894 -0.027274404,
            -0.46474916 -0.88511992 -0.023893833,
            0.36476341 -0.013076646 -0.93100846,
            -0.52555549 -0.8419432 0.12215994,
            -0.96114779 -0.24667163 0.1238873,
            -0.30486113 -0.94827449 -0.088516459,
            -0.75435406 -0.64759445 0.10757055,
            -0.68441337 -0.72406083 0.085523121,
            -0.12711914 -0.90394598 -0.40831649,
            -0.27834663 -0.95148307 -0.13116074,
            -0.15330715 -0.92274159 -0.35361668,
            -0.21504487 -0.86954492 -0.44457552,
            -0.029184625 -0.79734373 -0.60281938,
            -0.089039981 -0.79278737 -0.60295939,
            -0.24941881 -0.95170534 -0.17901729,
            -0.94524902 0.30269158 -0.12199211,
            -0.36266479 -0.90736592 -0.21251208,
            -0.18036386 -0.93913066 -0.29240802,
            -0.48001757 -0.87610251 0.045027588,
            -0.59826332 -0.79898125 0.060910653,
            -0.5965513 -0.78876173 0.1482617,
            -0.74030536 0.65598589 -0.14707279,
            0.038166862 -0.61286378 -0.78926629,
            -0.10091341 -0.84924668 -0.5182631,
            0.010576753 -0.68784469 -0.72578079,
            -0.031702634 -0.72068399 -0.6925385,
            -0.51775038 -0.85516644 0.024998527,
            0.37052274 -0.080513552 -0.92532718,
            -0.69055277 -0.7232762 -0.0029156196,
            -0.62249756 -0.78185564 -0.034620941,
            -0.16466773 -0.82687908 -0.53773183,
            -0.43979871 -0.89426994 -0.082814865,
            -0.90842068 -0.39489955 0.13720843,
            -0.3965621 -0.91150534 -0.1090714,
            -0.50205249 -0.8492384 -0.16351603,
            -0.28011417 -0.88185847 -0.37929109,
            -0.38932037 -0.90680659 -0.16165254,
            -0.30966154 -0.89042103 -0.33355665,
            -0.37428546 -0.8291927 -0.41515052,
            0.21681938 -0.004938798 -0.97619921,
            -0.33149964 -0.90246594 -0.27506942,
            -0.54996401 -0.83517706 -0.0043496224,
            -0.98712903 0.14235765 -0.072873496,
            -0.21221034 -0.78581947 -0.5809083,
            0.28878632 -0.023556316 -0.95710379,
            -0.53318894 0.83943909 -0.10512671,
            -0.12187317 -0.71818662 -0.68509489,
            -0.2925438 -0.82306856 -0.48680204,
            -0.26747593 -0.7322318 -0.62633324,
            0.098731838 0.0011089038 -0.99511349,
            -0.51046342 -0.85683519 -0.072530217,
            -0.33149689 -0.79073024 -0.51464117,
            -0.96217 -0.24558873 0.11796205,
            0.22080465 -0.06084054 -0.97341859,
            -0.53869009 -0.83756161 -0.091124035,
            -0.43016323 -0.83246011 -0.34924152,
            -0.80981445 0.55878258 -0.1787807,
            -0.45303956 -0.83876169 -0.30204967,
            -0.51808316 -0.77024293 -0.3719081,
            -0.46993372 -0.84820098 -0.24437124,
            -0.83938956 -0.53299743 0.10648439,
            -0.36965469 -0.75471652 -0.54199481,
            0.13192144 -0.020070272 -0.99105698,
            -0.57945055 -0.80458319 -0.12993442,
            -0.65656668 -0.73769462 -0.15724763,
            -0.44668558 -0.77586728 -0.44553566,
            -0.9993 -0.033436265 0.016777679,
            -0.44144475 -0.69682485 -0.56529778,
            -0.31932265 -0.58874559 -0.742571,
            -0.43515232 -0.47308299 -0.76605147,
            -0.40486079 -0.56796753 -0.71658963,
            0.22599304 -0.0044587925 -0.97411871,
            -0.3437252 -0.65244842 -0.67539912,
            -0.37959251 -0.6752997 -0.63236052,
            -0.48220441 -0.74016225 -0.46865639,
            0.061554123 -0.058393151 -0.99639416,
            -0.60981774 0.76762515 -0.19716473,
            -0.56709075 -0.76528203 -0.30455142,
            -0.59141314 -0.77832276 -0.21081789,
            -0.67032987 -0.68050033 -0.29593438,
            -0.85277426 0.47263685 -0.22223967,
            -0.5179202 -0.70123595 -0.48992524,
            -0.024036275 -0.0191014 -0.99952859,
            -0.058086969 0.0028050097 -0.99830759,
            -0.58584112 -0.7093389 -0.39195481,
            -0.57400942 -0.65624911 -0.48974505,
            -0.77698946 -0.62926292 0.017762547,
            -0.47929311 -0.5503462 -0.68366462,
            -0.57400703 -0.44904965 -0.68474108,
            -0.57778311 -0.52282584 -0.62675339,
            -0.49806011 -0.61062074 -0.61569345,
            -0.53051573 -0.62825376 -0.56907833,
            -0.6187284 -0.65641689 -0.43161562,
            -0.6554569 -0.62044489 -0.43060943,
            -0.7185986 -0.53903908 -0.43937781,
            0.063210577 -0.0008270485 -0.99799991,
            -0.21021754 -0.006255588 -0.97763467,
            -0.59917235 -0.59710228 -0.53334916,
            -0.39859435 0.90931559 -0.11944772,
            -0.63876146 -0.56947201 -0.51738322,
            -0.96682245 -0.23750618 0.094048716,
            -0.72587174 -0.59708613 -0.34146515,
            -0.74394673 -0.62636602 -0.2328278,
            -0.77243328 -0.51082188 -0.37736967,
            -0.65671521 -0.47662425 -0.58442664,
            -0.7326048 -0.45666522 -0.5047248,
            -0.3569091 -0.068907768 -0.93159407,
            -0.40858242 -0.17607836 -0.89557624,
            -0.71577722 -0.6898073 -0.1087608,
            -0.2765677 -0.020696908 -0.96077156,
            -0.93091035 0.3227219 -0.17104562,
            -0.81510687 -0.50603473 -0.28200999,
            -0.82925075 -0.52899998 -0.18028344,
            -0.43004638 -0.074037127 -0.89976591,
            -0.48769048 -0.035988037 -0.87227458,
            -0.82758564 -0.43203625 -0.35839456,
            -0.69827771 0.67411441 -0.24078599,
            -0.56117392 -0.080314651 -0.8237921,
            -0.6184839 -0.042484324 -0.78464818,
            -0.81089389 -0.083095148 -0.57926351,
            0.98832953 0.15215953 -0.0072261104,
            -0.99923098 -0.035193298 0.017289007,
            0.99016088 0.13990904 -0.0026031961,
            0.97162455 0.23411833 -0.03367991,
            -0.91264778 -0.39738217 0.095715031,
            0.98793048 0.15340483 -0.021457115,
            0.99705899 0.075936757 -0.010343966,
            -0.41125965 -0.36848897 -0.83371538,
            0.98719466 0.15686734 -0.028971173,
            0.96830904 0.24239342 -0.060190942,
            0.069822401 -0.00092925871 -0.99755901,
            0.98658556 0.15869494 -0.038274176,
            0.99674588 0.078477427 -0.018413041,
            0.98505384 0.16555889 -0.047530577,
            -0.48442528 0.84645969 -0.22099376,
            0.96264946 0.25520533 -0.090422429,
            -0.97280562 0.1984852 -0.11938541,
            0.98418868 0.16750972 -0.057561088,
            0.99617034 0.082933947 -0.027687415,
            0.98228461 0.17437637 -0.068628915,
            0.95211887 0.27693546 -0.12952362,
            -0.85648149 -0.51513869 0.032735839,
            0.97992557 0.18161975 -0.082219772,
            0.9951961 0.089641824 -0.039357141,
            0.97590816 0.19438438 -0.099086136,
            0.93110031 0.31314325 -0.1870653,
            -0.4198631 -0.27178562 -0.86593741,
            -0.47617793 0.46410027 0.7469039,
            0.9713273 0.20595664 -0.11876512,
            -0.3054367 0.66724956 0.67932785,
            0.99322075 0.10151299 -0.056637038,
            -0.58927846 0.75378245 -0.29079705,
            -0.08158154 -0.0017688274 -0.99666512,
            0.92060375 0.33438069 -0.20168832,
            0.95768076 0.24216105 -0.15558153,
            -0.79819304 -0.59801966 -0.072528817,
            0.97905749 0.1784426 -0.098003425,
            -0.99928802 -0.03481767 0.014528495,
            -0.22240904 0.52929378 0.81876874,
            0.9153114 0.344221 -0.20908619,
            -0.8200776 0.49371952 -0.28933337,
            0.99134374 0.11492731 -0.063476704,
            0.97490376 0.18850867 -0.11843647,
            0.98339403 0.16340622 -0.078959145,
            0.90169907 0.37471604 -0.21570064,
            0.9626227 0.24160141 -0.12241896,
            0.99115849 0.12026518 -0.056046452,
            -0.55970502 -0.34427071 -0.75379568,
            0.9626351 0.24562711 -0.11402194,
            0.033840992 0.87097448 0.49016148,
            -0.094878703 -0.0014409211 -0.99548775,
            0.91553611 0.37100083 -0.15540898,
            0.060619548 0.66327417 0.74591732,
            -0.36196968 0.90366185 -0.22885208,
            0.966102 0.24186938 -0.090256363,
            0.17661913 0.65330851 0.73620212,
            0.99218434 0.11840192 -0.039386064,
            0.96764803 0.23977074 -0.078532167,
            0.93077344 0.3537491 -0.092316501,
            -0.88405812 0.39407364 -0.25129089,
            0.96989971 0.23645155 -0.058182973,
            -0.56151313 -0.24289754 -0.79101443,
            0.93894005 0.34001926 -0.052711893,
            0.9945209 0.10365145 -0.013581094,
            0.97246695 0.2292182 -0.04203574,
            0.97792953 0.20838514 -0.015149228,
            0.95591336 0.29353026 0.0083481967,
            0.98105192 0.19373718 0.0017407381,
            0.99509591 0.098861545 -0.0032471928,
            0.98340446 0.18046275 0.018679027,
            0.96405965 0.26084062 0.050510488,
            0.98518562 0.16847947 0.031996846,
            0.99640238 0.083626598 0.013740994,
            0.98646623 0.15745772 0.045732342,
            0.96717256 0.24030982 0.082634129,
            0.98735631 0.14880128 0.054641124,
            0.99699831 0.073001094 0.02579085,
            0.9864971 0.14825913 0.069589108,
            0.97093034 0.21741709 0.10011996,
            0.97037572 0.20854846 0.12197781,
            0.98828822 0.13428664 0.072480761,
            0.99735397 0.062587209 0.0369852,
            0.98946559 0.12145274 0.078785419,
            0.98728371 0.12938887 0.09235435,
            0.97225136 0.19145155 0.13443786,
            0.98879391 0.11613813 0.093800843,
            0.99692488 0.066081516 0.0421189,
            0.97085857 0.17848812 0.15992391,
            0.99482441 0.071991824 0.071704276,
            0.98868692 0.099994481 0.11180017 ]

      }
      coordIndex [ 129, 128, 130, -1, 132, 131, 133, -1,
          135, 134, 132, -1, 137, 136, 138, -1,
          139, 134, 135, -1, 113, 134, 139, -1,
          0, 140, 141, -1, 114, 134, 113, -1,
          115, 134, 114, -1, 131, 134, 96, -1,
          132, 134, 131, -1, 96, 134, 115, -1,
          133, 142, 143, -1, 144, 142, 95, -1,
          127, 140, 0, -1, 143, 142, 144, -1,
          131, 142, 133, -1, 96, 142, 131, -1,
          95, 142, 96, -1, 146, 145, 147, -1,
          137, 148, 136, -1, 149, 145, 150, -1,
          147, 145, 151, -1, 152, 145, 146, -1,
          150, 145, 152, -1, 151, 145, 149, -1,
          154, 153, 155, -1, 157, 156, 158, -1,
          159, 153, 160, -1, 161, 153, 159, -1,
          160, 153, 162, -1, 155, 153, 161, -1,
          164, 163, 165, -1, 166, 156, 157, -1,
          167, 163, 164, -1, 169, 168, 170, -1,
          171, 168, 169, -1, 165, 172, 173, -1,
          173, 172, 174, -1, 174, 172, 175, -1,
          163, 172, 165, -1, 175, 172, 163, -1,
          177, 176, 178, -1, 179, 176, 177, -1,
          181, 180, 182, -1, 183, 176, 179, -1,
          176, 184, 178, -1, 183, 184, 176, -1,
          186, 185, 187, -1, 189, 188, 190, -1,
          187, 185, 191, -1, 183, 188, 184, -1,
          190, 188, 183, -1, 192, 188, 189, -1,
          192, 193, 188, -1, 195, 194, 166, -1,
          166, 194, 156, -1, 197, 196, 192, -1,
          178, 196, 198, -1, 193, 196, 178, -1,
          192, 196, 193, -1, 198, 196, 197, -1,
          200, 199, 201, -1, 202, 199, 203, -1,
          203, 199, 204, -1, 201, 199, 202, -1,
          204, 205, 206, -1, 208, 207, 209, -1,
          200, 205, 199, -1, 199, 205, 204, -1,
          206, 210, 211, -1, 205, 210, 206, -1,
          209, 207, 212, -1, 200, 210, 205, -1,
          210, 213, 211, -1, 136, 214, 138, -1,
          200, 213, 210, -1, 66, 214, 67, -1,
          67, 214, 68, -1, 215, 214, 66, -1,
          138, 214, 215, -1, 217, 216, 218, -1,
          156, 219, 158, -1, 218, 216, 200, -1,
          220, 216, 217, -1, 200, 216, 213, -1,
          158, 219, 221, -1, 220, 222, 216, -1,
          224, 223, 225, -1, 222, 223, 224, -1,
          227, 226, 195, -1, 220, 223, 222, -1,
          128, 226, 227, -1, 195, 226, 194, -1,
          225, 228, 229, -1, 223, 228, 225, -1,
          220, 228, 223, -1, 220, 230, 228, -1,
          140, 231, 141, -1, 233, 232, 220, -1,
          141, 231, 234, -1, 234, 231, 235, -1,
          220, 232, 230, -1, 237, 236, 238, -1,
          233, 239, 232, -1, 219, 236, 221, -1,
          241, 240, 233, -1, 221, 236, 237, -1,
          233, 240, 239, -1, 208, 242, 207, -1,
          239, 240, 243, -1, 244, 242, 208, -1,
          243, 240, 241, -1, 167, 245, 163, -1,
          246, 242, 244, -1, 247, 245, 167, -1,
          163, 245, 175, -1, 175, 245, 248, -1,
          184, 249, 178, -1, 188, 249, 184, -1,
          178, 249, 193, -1, 170, 250, 181, -1,
          193, 249, 188, -1, 213, 251, 211, -1,
          211, 251, 224, -1, 224, 251, 222, -1,
          168, 250, 170, -1, 216, 251, 213, -1,
          222, 251, 216, -1, 127, 252, 140, -1,
          228, 253, 229, -1, 229, 253, 243, -1,
          230, 253, 228, -1, 232, 253, 230, -1,
          243, 253, 239, -1, 126, 252, 127, -1,
          239, 253, 232, -1, 248, 254, 154, -1,
          153, 254, 162, -1, 154, 254, 153, -1,
          256, 255, 171, -1, 162, 254, 247, -1,
          247, 254, 245, -1, 245, 254, 248, -1,
          212, 255, 256, -1, 185, 257, 191, -1,
          191, 257, 128, -1, 238, 258, 259, -1,
          259, 258, 246, -1, 235, 260, 186, -1,
          136, 261, 214, -1, 148, 261, 136, -1,
          181, 262, 180, -1, 250, 262, 181, -1,
          194, 263, 156, -1, 148, 264, 261, -1,
          255, 265, 171, -1, 168, 265, 250, -1,
          171, 265, 168, -1, 186, 266, 185, -1,
          260, 266, 186, -1, 207, 267, 212, -1,
          194, 268, 263, -1, 226, 268, 194, -1,
          242, 269, 207, -1, 257, 270, 128, -1,
          128, 270, 226, -1, 126, 271, 252, -1,
          261, 272, 214, -1, 68, 272, 69, -1,
          214, 272, 68, -1, 263, 273, 156, -1,
          156, 273, 219, -1, 252, 274, 140, -1,
          140, 274, 231, -1, 265, 275, 250, -1,
          250, 275, 262, -1, 212, 276, 255, -1,
          267, 276, 212, -1, 242, 277, 269, -1,
          258, 277, 246, -1, 246, 277, 242, -1,
          219, 278, 236, -1, 185, 279, 257, -1,
          238, 280, 258, -1, 278, 280, 236, -1,
          236, 280, 238, -1, 274, 281, 231, -1,
          231, 281, 235, -1, 235, 281, 260, -1,
          261, 282, 272, -1, 264, 282, 261, -1,
          180, 283, 264, -1, 264, 283, 282, -1,
          262, 283, 180, -1, 252, 284, 274, -1,
          265, 285, 275, -1, 255, 285, 265, -1,
          276, 285, 255, -1, 275, 286, 262, -1,
          268, 287, 263, -1, 269, 288, 207, -1,
          207, 288, 267, -1, 226, 289, 268, -1,
          270, 289, 226, -1, 281, 290, 260, -1,
          260, 290, 266, -1, 279, 291, 257, -1,
          257, 291, 270, -1, 277, 292, 269, -1,
          282, 293, 272, -1, 272, 293, 69, -1,
          263, 294, 273, -1, 287, 294, 263, -1,
          124, 295, 125, -1, 125, 295, 126, -1,
          126, 295, 271, -1, 275, 296, 286, -1,
          285, 296, 275, -1, 267, 297, 276, -1,
          288, 297, 267, -1, 185, 298, 279, -1,
          266, 298, 185, -1, 290, 298, 266, -1,
          277, 299, 292, -1, 258, 299, 277, -1,
          280, 299, 258, -1, 219, 300, 278, -1,
          273, 300, 219, -1, 295, 301, 271, -1,
          252, 301, 284, -1, 271, 301, 252, -1,
          283, 302, 282, -1, 278, 303, 280, -1,
          296, 304, 286, -1, 274, 305, 281, -1,
          276, 306, 285, -1, 297, 306, 276, -1,
          289, 307, 268, -1, 268, 307, 287, -1,
          304, 308, 286, -1, 283, 308, 302, -1,
          291, 309, 270, -1, 270, 309, 289, -1,
          269, 310, 288, -1, 292, 310, 269, -1,
          291, 311, 309, -1, 279, 311, 291, -1,
          305, 312, 281, -1, 281, 312, 290, -1,
          282, 313, 293, -1, 293, 313, 69, -1,
          69, 313, 70, -1, 70, 313, 71, -1,
          302, 313, 282, -1, 124, 314, 295, -1,
          299, 315, 292, -1, 285, 316, 296, -1,
          306, 316, 285, -1, 287, 317, 294, -1,
          307, 317, 287, -1, 274, 318, 305, -1,
          284, 318, 274, -1, 310, 319, 288, -1,
          288, 319, 297, -1, 290, 320, 298, -1,
          294, 321, 273, -1, 273, 321, 300, -1,
          280, 322, 299, -1, 299, 322, 315, -1,
          303, 322, 280, -1, 295, 323, 301, -1,
          308, 324, 302, -1, 309, 325, 289, -1,
          289, 325, 307, -1, 296, 326, 304, -1,
          316, 326, 296, -1, 304, 327, 308, -1,
          308, 327, 324, -1, 300, 328, 278, -1,
          278, 328, 303, -1, 321, 328, 300, -1,
          319, 329, 297, -1, 297, 329, 306, -1,
          309, 330, 325, -1, 311, 330, 309, -1,
          311, 331, 330, -1, 279, 331, 311, -1,
          320, 331, 298, -1, 298, 331, 279, -1,
          292, 332, 310, -1, 315, 332, 292, -1,
          284, 333, 318, -1, 301, 333, 284, -1,
          324, 334, 302, -1, 313, 334, 71, -1,
          302, 334, 313, -1, 305, 335, 312, -1,
          318, 335, 305, -1, 325, 336, 307, -1,
          307, 336, 317, -1, 123, 337, 124, -1,
          124, 337, 314, -1, 329, 338, 306, -1,
          306, 338, 316, -1, 315, 339, 332, -1,
          322, 339, 315, -1, 310, 340, 319, -1,
          332, 340, 310, -1, 294, 341, 321, -1,
          317, 341, 294, -1, 312, 342, 290, -1,
          290, 342, 320, -1, 335, 342, 312, -1,
          314, 343, 295, -1, 295, 343, 323, -1,
          327, 344, 324, -1, 318, 345, 335, -1,
          327, 346, 344, -1, 304, 346, 327, -1,
          326, 346, 304, -1, 322, 347, 339, -1,
          303, 347, 322, -1, 328, 347, 303, -1,
          330, 348, 325, -1, 338, 349, 316, -1,
          316, 349, 326, -1, 326, 349, 346, -1,
          331, 350, 330, -1, 330, 350, 348, -1,
          341, 351, 321, -1, 321, 351, 328, -1,
          319, 352, 329, -1, 340, 352, 319, -1,
          320, 353, 331, -1, 331, 353, 350, -1,
          342, 353, 320, -1, 324, 354, 334, -1,
          344, 354, 324, -1, 71, 354, 72, -1,
          72, 354, 73, -1, 334, 354, 71, -1,
          325, 355, 336, -1, 323, 356, 301, -1,
          301, 356, 333, -1, 339, 357, 332, -1,
          332, 357, 340, -1, 121, 358, 122, -1,
          122, 358, 123, -1, 123, 358, 337, -1,
          329, 359, 338, -1, 352, 359, 329, -1,
          317, 360, 341, -1, 336, 360, 317, -1,
          347, 361, 339, -1, 115, 116, 96, -1,
          339, 361, 357, -1, 116, 117, 96, -1,
          318, 362, 345, -1, 117, 54, 96, -1,
          333, 362, 318, -1, 32, 363, 1, -1,
          1, 363, 34, -1, 346, 364, 344, -1,
          357, 365, 340, -1, 31, 366, 32, -1,
          32, 366, 363, -1, 340, 365, 352, -1,
          358, 367, 337, -1, 337, 367, 314, -1,
          30, 368, 31, -1, 314, 367, 343, -1,
          31, 368, 366, -1, 350, 369, 348, -1,
          34, 370, 35, -1, 363, 370, 34, -1,
          335, 371, 342, -1, 345, 371, 335, -1,
          363, 372, 370, -1, 366, 372, 363, -1,
          368, 372, 366, -1, 328, 373, 347, -1,
          347, 373, 361, -1, 29, 374, 30, -1,
          351, 373, 328, -1, 349, 375, 346, -1,
          30, 374, 368, -1, 346, 375, 364, -1,
          349, 376, 375, -1, 359, 376, 338, -1,
          368, 377, 372, -1, 338, 376, 349, -1,
          35, 378, 36, -1, 341, 379, 351, -1,
          370, 378, 35, -1, 372, 378, 370, -1,
          353, 380, 350, -1, 372, 381, 378, -1,
          350, 380, 369, -1, 28, 382, 29, -1,
          354, 383, 73, -1, 344, 383, 354, -1,
          29, 382, 374, -1, 364, 383, 344, -1,
          374, 384, 368, -1, 73, 383, 74, -1,
          368, 384, 377, -1, 365, 385, 352, -1,
          352, 385, 359, -1, 325, 386, 355, -1,
          348, 386, 325, -1, 27, 387, 28, -1,
          28, 387, 382, -1, 121, 388, 358, -1,
          377, 389, 372, -1, 372, 389, 381, -1,
          343, 390, 323, -1, 367, 390, 343, -1,
          323, 390, 356, -1, 36, 391, 37, -1,
          371, 392, 342, -1, 353, 392, 380, -1,
          342, 392, 353, -1, 378, 391, 36, -1,
          378, 393, 391, -1, 381, 393, 378, -1,
          345, 394, 371, -1, 387, 395, 382, -1,
          361, 396, 357, -1, 382, 395, 374, -1,
          374, 395, 384, -1, 336, 397, 360, -1,
          26, 398, 27, -1, 355, 397, 336, -1,
          27, 398, 387, -1, 377, 399, 389, -1,
          373, 400, 361, -1, 359, 401, 376, -1,
          385, 401, 359, -1, 384, 399, 377, -1,
          381, 402, 393, -1, 389, 402, 381, -1,
          390, 403, 356, -1, 356, 403, 333, -1,
          333, 403, 362, -1, 358, 404, 367, -1,
          398, 405, 387, -1, 387, 405, 395, -1,
          375, 406, 364, -1, 37, 407, 38, -1,
          373, 408, 400, -1, 391, 407, 37, -1,
          393, 407, 391, -1, 379, 408, 351, -1,
          351, 408, 373, -1, 393, 409, 407, -1,
          380, 410, 369, -1, 25, 411, 26, -1,
          26, 411, 398, -1, 357, 412, 365, -1,
          396, 412, 357, -1, 395, 413, 384, -1,
          365, 412, 385, -1, 397, 414, 360, -1,
          384, 413, 399, -1, 360, 414, 341, -1,
          341, 414, 379, -1, 405, 413, 395, -1,
          376, 415, 375, -1, 375, 415, 406, -1,
          401, 416, 376, -1, 389, 417, 402, -1,
          376, 416, 415, -1, 399, 417, 389, -1,
          392, 418, 380, -1, 380, 418, 410, -1,
          398, 419, 405, -1, 345, 420, 394, -1,
          393, 421, 409, -1, 403, 420, 362, -1,
          362, 420, 345, -1, 402, 421, 393, -1,
          369, 422, 348, -1, 410, 422, 369, -1,
          405, 423, 413, -1, 419, 423, 405, -1,
          348, 422, 386, -1, 406, 424, 364, -1,
          383, 424, 74, -1, 364, 424, 383, -1,
          121, 425, 388, -1, 119, 425, 120, -1,
          120, 425, 121, -1, 24, 426, 25, -1,
          25, 426, 411, -1, 407, 427, 38, -1,
          38, 427, 39, -1, 367, 428, 390, -1,
          409, 427, 407, -1, 412, 429, 385, -1,
          399, 430, 417, -1, 413, 430, 399, -1,
          392, 431, 418, -1, 423, 430, 413, -1,
          409, 432, 427, -1, 371, 431, 392, -1,
          421, 432, 409, -1, 361, 433, 396, -1,
          426, 434, 411, -1, 400, 433, 361, -1,
          355, 435, 397, -1, 422, 435, 386, -1,
          386, 435, 355, -1, 398, 434, 419, -1,
          411, 434, 398, -1, 408, 436, 400, -1,
          417, 437, 402, -1, 402, 437, 421, -1,
          419, 438, 423, -1, 390, 439, 403, -1,
          428, 439, 390, -1, 434, 438, 419, -1,
          388, 440, 358, -1, 358, 440, 404, -1,
          425, 440, 388, -1, 408, 441, 436, -1,
          414, 441, 379, -1, 379, 441, 408, -1,
          23, 442, 24, -1, 24, 442, 426, -1,
          385, 443, 401, -1, 438, 444, 423, -1,
          423, 444, 430, -1, 429, 443, 385, -1,
          397, 445, 414, -1, 442, 446, 426, -1,
          426, 446, 434, -1, 396, 447, 412, -1,
          433, 447, 396, -1, 415, 448, 406, -1,
          421, 149, 432, -1, 39, 449, 40, -1,
          427, 449, 39, -1, 394, 450, 371, -1,
          371, 450, 431, -1, 430, 451, 417, -1,
          418, 452, 410, -1, 417, 451, 437, -1,
          444, 451, 430, -1, 415, 453, 448, -1,
          416, 453, 415, -1, 446, 454, 434, -1,
          434, 454, 438, -1, 418, 455, 452, -1,
          431, 455, 418, -1, 450, 455, 431, -1,
          22, 456, 23, -1, 23, 456, 442, -1,
          427, 457, 449, -1, 403, 458, 420, -1,
          119, 459, 425, -1, 432, 457, 427, -1,
          452, 460, 410, -1, 438, 461, 444, -1,
          410, 460, 422, -1, 454, 461, 438, -1,
          416, 462, 453, -1, 421, 151, 149, -1,
          401, 462, 416, -1, 437, 151, 421, -1,
          443, 462, 401, -1, 412, 463, 429, -1,
          442, 464, 446, -1, 447, 463, 412, -1,
          406, 465, 424, -1, 448, 465, 406, -1,
          424, 465, 74, -1, 74, 465, 75, -1,
          444, 466, 451, -1, 461, 466, 444, -1,
          404, 467, 367, -1, 367, 467, 428, -1,
          464, 468, 446, -1, 400, 469, 433, -1,
          446, 468, 454, -1, 436, 469, 400, -1,
          460, 470, 422, -1, 422, 470, 435, -1,
          21, 471, 22, -1, 441, 472, 436, -1,
          22, 471, 456, -1, 432, 150, 457, -1,
          436, 472, 469, -1, 428, 473, 439, -1,
          414, 474, 441, -1, 149, 150, 432, -1,
          40, 475, 41, -1, 441, 474, 472, -1,
          445, 474, 414, -1, 449, 475, 40, -1,
          458, 476, 420, -1, 394, 476, 450, -1,
          454, 477, 461, -1, 420, 476, 394, -1,
          463, 478, 429, -1, 429, 478, 443, -1,
          457, 479, 449, -1, 449, 479, 475, -1,
          450, 480, 455, -1, 466, 481, 451, -1,
          437, 481, 151, -1, 451, 481, 437, -1,
          425, 482, 440, -1, 456, 483, 442, -1,
          435, 484, 397, -1, 442, 483, 464, -1,
          397, 484, 445, -1, 433, 485, 447, -1,
          469, 485, 433, -1, 461, 486, 466, -1,
          453, 487, 448, -1, 448, 487, 465, -1,
          480, 488, 455, -1, 455, 488, 452, -1,
          464, 489, 468, -1, 483, 489, 464, -1,
          403, 490, 458, -1, 439, 490, 403, -1,
          443, 491, 462, -1, 478, 491, 443, -1,
          21, 492, 471, -1, 404, 493, 467, -1,
          482, 493, 440, -1, 20, 492, 21, -1,
          440, 493, 404, -1, 454, 494, 477, -1,
          453, 495, 487, -1, 462, 495, 453, -1,
          485, 496, 447, -1, 468, 494, 454, -1,
          447, 496, 463, -1, 466, 497, 481, -1,
          452, 498, 460, -1, 488, 498, 452, -1,
          486, 497, 466, -1, 457, 499, 479, -1,
          472, 500, 469, -1, 150, 499, 457, -1,
          472, 501, 500, -1, 474, 501, 472, -1,
          456, 502, 483, -1, 492, 502, 471, -1,
          465, 503, 75, -1, 471, 502, 456, -1,
          487, 503, 465, -1, 75, 503, 76, -1,
          479, 504, 475, -1, 475, 504, 41, -1,
          41, 504, 42, -1, 460, 505, 470, -1,
          479, 506, 504, -1, 450, 507, 480, -1,
          461, 508, 486, -1, 476, 507, 450, -1,
          480, 509, 488, -1, 477, 508, 461, -1,
          483, 510, 489, -1, 502, 510, 483, -1,
          428, 511, 473, -1, 467, 511, 428, -1,
          474, 512, 501, -1, 445, 512, 474, -1,
          484, 512, 445, -1, 425, 513, 482, -1,
          459, 513, 425, -1, 463, 514, 478, -1,
          19, 515, 20, -1, 496, 514, 463, -1,
          20, 515, 492, -1, 476, 516, 507, -1,
          497, 517, 481, -1, 458, 516, 476, -1,
          435, 518, 484, -1, 470, 518, 435, -1,
          468, 519, 494, -1, 489, 519, 468, -1,
          505, 518, 470, -1, 469, 520, 485, -1,
          497, 521, 517, -1, 508, 521, 486, -1,
          500, 520, 469, -1, 485, 520, 496, -1,
          487, 522, 503, -1, 486, 521, 497, -1,
          495, 522, 487, -1, 150, 523, 499, -1,
          473, 524, 439, -1, 439, 524, 490, -1,
          152, 523, 150, -1, 462, 525, 495, -1,
          495, 525, 522, -1, 491, 525, 462, -1,
          492, 526, 502, -1, 520, 527, 496, -1,
          496, 527, 514, -1, 494, 528, 477, -1,
          477, 528, 508, -1, 514, 529, 478, -1,
          478, 529, 491, -1, 491, 529, 525, -1,
          479, 530, 506, -1, 482, 531, 493, -1,
          499, 530, 479, -1, 501, 532, 500, -1,
          504, 533, 42, -1, 42, 533, 43, -1,
          507, 534, 480, -1, 480, 534, 509, -1,
          517, 535, 536, -1, 509, 537, 488, -1,
          488, 537, 498, -1, 504, 538, 533, -1,
          512, 539, 501, -1, 506, 538, 504, -1,
          503, 540, 76, -1, 526, 541, 502, -1,
          76, 540, 77, -1, 522, 540, 503, -1,
          77, 540, 78, -1, 467, 542, 511, -1,
          502, 541, 510, -1, 531, 542, 493, -1,
          493, 542, 467, -1, 521, 543, 517, -1,
          516, 544, 507, -1, 517, 543, 535, -1,
          507, 544, 534, -1, 484, 545, 512, -1,
          512, 545, 539, -1, 518, 545, 484, -1,
          18, 546, 19, -1, 19, 546, 515, -1,
          489, 547, 519, -1, 537, 548, 498, -1,
          460, 548, 505, -1, 498, 548, 460, -1,
          510, 547, 489, -1, 508, 549, 521, -1,
          514, 550, 529, -1, 528, 549, 508, -1,
          521, 549, 543, -1, 527, 550, 514, -1,
          532, 551, 500, -1, 535, 552, 536, -1,
          500, 551, 520, -1, 458, 553, 516, -1,
          524, 553, 490, -1, 490, 553, 458, -1,
          492, 554, 526, -1, 518, 555, 545, -1,
          515, 554, 492, -1, 505, 555, 518, -1,
          43, 556, 44, -1, 509, 557, 537, -1,
          534, 557, 509, -1, 533, 556, 43, -1,
          525, 558, 522, -1, 522, 558, 540, -1,
          499, 559, 530, -1, 520, 560, 527, -1,
          551, 560, 520, -1, 523, 559, 499, -1,
          494, 561, 528, -1, 519, 561, 494, -1,
          550, 562, 529, -1, 511, 563, 473, -1,
          533, 564, 556, -1, 473, 563, 524, -1,
          513, 565, 482, -1, 482, 565, 531, -1,
          538, 564, 533, -1, 529, 566, 525, -1,
          525, 566, 558, -1, 543, 567, 535, -1,
          539, 568, 501, -1, 530, 569, 506, -1,
          501, 568, 532, -1, 506, 569, 538, -1,
          545, 570, 539, -1, 526, 571, 541, -1,
          539, 570, 568, -1, 544, 572, 534, -1,
          549, 573, 543, -1, 543, 573, 567, -1,
          540, 574, 78, -1, 558, 574, 540, -1,
          516, 575, 544, -1, 553, 575, 516, -1,
          17, 576, 18, -1, 527, 577, 550, -1,
          18, 576, 546, -1, 560, 577, 527, -1,
          528, 578, 549, -1, 549, 578, 573, -1,
          531, 579, 542, -1, 545, 580, 570, -1,
          541, 581, 510, -1, 555, 580, 545, -1,
          510, 581, 547, -1, 571, 581, 541, -1,
          557, 582, 537, -1, 535, 583, 552, -1,
          537, 582, 548, -1, 567, 583, 535, -1,
          44, 584, 45, -1, 568, 585, 532, -1,
          532, 585, 551, -1, 556, 584, 44, -1,
          551, 585, 560, -1, 556, 586, 584, -1,
          524, 587, 553, -1, 564, 586, 556, -1,
          572, 588, 534, -1, 515, 589, 554, -1,
          534, 588, 557, -1, 546, 589, 515, -1,
          582, 590, 548, -1, 576, 589, 546, -1,
          505, 590, 555, -1, 548, 590, 505, -1,
          550, 591, 562, -1, 577, 591, 550, -1,
          566, 592, 558, -1, 583, 593, 552, -1,
          558, 592, 574, -1, 547, 594, 519, -1,
          511, 595, 563, -1, 542, 595, 511, -1,
          519, 594, 561, -1, 569, 596, 538, -1,
          562, 597, 529, -1, 529, 597, 566, -1,
          564, 596, 586, -1, 538, 596, 564, -1,
          566, 597, 592, -1, 573, 598, 567, -1,
          585, 599, 560, -1, 560, 599, 577, -1,
          570, 600, 568, -1, 530, 601, 569, -1,
          588, 602, 557, -1, 557, 602, 582, -1,
          559, 601, 530, -1, 544, 603, 572, -1,
          554, 604, 526, -1, 526, 604, 571, -1,
          575, 603, 544, -1, 570, 605, 600, -1,
          16, 606, 17, -1, 580, 605, 570, -1,
          17, 606, 576, -1, 574, 607, 78, -1,
          592, 607, 574, -1, 78, 607, 79, -1,
          578, 608, 573, -1, 79, 607, 80, -1,
          573, 608, 598, -1, 553, 609, 575, -1,
          584, 610, 45, -1, 587, 609, 553, -1,
          45, 610, 46, -1, 565, 611, 531, -1,
          586, 610, 584, -1, 531, 611, 579, -1,
          561, 612, 528, -1, 528, 612, 578, -1,
          577, 613, 591, -1, 578, 612, 608, -1,
          599, 613, 577, -1, 600, 614, 568, -1,
          568, 614, 585, -1, 567, 615, 583, -1,
          563, 616, 524, -1, 524, 616, 587, -1,
          586, 617, 610, -1, 590, 618, 555, -1,
          555, 618, 580, -1, 580, 618, 605, -1,
          571, 619, 581, -1, 572, 620, 588, -1,
          576, 621, 589, -1, 606, 621, 576, -1,
          590, 622, 618, -1, 582, 622, 590, -1,
          597, 623, 592, -1, 583, 624, 593, -1,
          615, 624, 583, -1, 596, 625, 586, -1,
          588, 626, 602, -1, 586, 625, 617, -1,
          591, 627, 562, -1, 569, 628, 596, -1,
          562, 627, 597, -1, 601, 628, 569, -1,
          597, 627, 623, -1, 596, 628, 625, -1,
          591, 629, 627, -1, 581, 630, 547, -1,
          547, 630, 594, -1, 613, 629, 591, -1,
          585, 631, 599, -1, 614, 631, 585, -1,
          608, 632, 598, -1, 542, 633, 595, -1,
          579, 633, 542, -1, 611, 633, 579, -1,
          624, 634, 593, -1, 605, 635, 600, -1,
          600, 635, 614, -1, 46, 636, 47, -1,
          575, 637, 603, -1, 617, 636, 610, -1,
          609, 637, 575, -1, 610, 636, 46, -1,
          623, 638, 592, -1, 607, 638, 80, -1,
          592, 638, 607, -1, 15, 639, 16, -1,
          16, 639, 606, -1, 631, 640, 599, -1,
          599, 640, 613, -1, 554, 641, 604, -1,
          589, 641, 554, -1, 621, 641, 589, -1,
          618, 642, 605, -1, 582, 643, 622, -1,
          626, 643, 602, -1, 608, 644, 632, -1,
          602, 643, 582, -1, 612, 644, 608, -1,
          587, 645, 609, -1, 616, 645, 587, -1,
          617, 646, 636, -1, 563, 647, 616, -1,
          630, 648, 594, -1, 561, 648, 612, -1,
          595, 647, 563, -1, 635, 649, 614, -1,
          594, 648, 561, -1, 614, 649, 631, -1,
          572, 650, 620, -1, 637, 650, 603, -1,
          604, 651, 571, -1, 603, 650, 572, -1,
          622, 652, 618, -1, 618, 652, 642, -1,
          571, 651, 619, -1, 641, 651, 604, -1,
          625, 653, 617, -1, 623, 654, 638, -1,
          627, 654, 623, -1, 613, 655, 629, -1,
          640, 655, 613, -1, 655, 656, 629, -1,
          629, 656, 627, -1, 627, 656, 654, -1,
          606, 657, 621, -1, 628, 658, 625, -1,
          611, 659, 633, -1, 588, 660, 626, -1,
          620, 660, 588, -1, 650, 660, 620, -1,
          662, 661, 615, -1, 615, 661, 624, -1,
          634, 663, 601, -1, 649, 664, 631, -1,
          631, 664, 640, -1, 628, 663, 658, -1,
          638, 665, 80, -1, 601, 663, 628, -1,
          624, 666, 634, -1, 654, 665, 638, -1,
          661, 666, 624, -1, 80, 665, 81, -1,
          660, 667, 626, -1, 626, 667, 643, -1,
          619, 668, 581, -1, 642, 669, 605, -1,
          605, 669, 635, -1, 581, 668, 630, -1,
          643, 670, 622, -1, 644, 671, 632, -1,
          622, 670, 652, -1, 667, 670, 643, -1,
          47, 672, 48, -1, 645, 673, 609, -1,
          609, 673, 637, -1, 636, 672, 47, -1,
          646, 672, 636, -1, 15, 674, 639, -1,
          616, 675, 645, -1, 14, 674, 15, -1,
          647, 675, 616, -1, 642, 676, 669, -1,
          670, 676, 652, -1, 652, 676, 642, -1,
          621, 677, 641, -1, 640, 678, 655, -1,
          664, 678, 640, -1, 648, 679, 612, -1,
          633, 680, 595, -1, 612, 679, 644, -1,
          595, 680, 647, -1, 647, 680, 675, -1,
          637, 681, 650, -1, 646, 682, 672, -1,
          673, 681, 637, -1, 669, 683, 635, -1,
          635, 683, 649, -1, 656, 684, 654, -1,
          617, 685, 646, -1, 653, 685, 617, -1,
          655, 686, 656, -1, 646, 685, 682, -1,
          656, 686, 684, -1, 630, 687, 648, -1,
          650, 688, 660, -1, 625, 689, 653, -1,
          658, 689, 625, -1, 655, 690, 686, -1,
          641, 691, 651, -1, 678, 690, 655, -1,
          677, 691, 641, -1, 670, 692, 676, -1,
          639, 693, 606, -1, 606, 693, 657, -1,
          670, 694, 692, -1, 667, 694, 670, -1,
          674, 693, 639, -1, 649, 695, 664, -1,
          663, 696, 658, -1, 683, 695, 649, -1,
          675, 697, 645, -1, 645, 697, 673, -1,
          662, 698, 661, -1, 684, 699, 654, -1,
          654, 699, 665, -1, 700, 698, 662, -1,
          666, 701, 634, -1, 660, 702, 667, -1,
          663, 701, 696, -1, 634, 701, 663, -1,
          688, 702, 660, -1, 661, 703, 666, -1,
          676, 704, 669, -1, 619, 705, 668, -1,
          669, 704, 683, -1, 651, 705, 619, -1,
          680, 706, 675, -1, 675, 706, 697, -1,
          680, 707, 706, -1, 633, 707, 680, -1,
          659, 707, 633, -1, 13, 708, 14, -1,
          14, 708, 674, -1, 672, 709, 48, -1,
          48, 709, 49, -1, 664, 710, 678, -1,
          695, 710, 664, -1, 682, 709, 672, -1,
          673, 711, 681, -1, 644, 712, 671, -1,
          679, 712, 644, -1, 686, 713, 684, -1,
          683, 714, 695, -1, 704, 714, 683, -1,
          657, 715, 621, -1, 693, 715, 657, -1,
          694, 716, 692, -1, 621, 715, 677, -1,
          682, 717, 709, -1, 676, 718, 704, -1,
          716, 718, 692, -1, 692, 718, 676, -1,
          687, 719, 648, -1, 648, 719, 679, -1,
          686, 720, 713, -1, 690, 720, 686, -1,
          682, 721, 717, -1, 681, 722, 650, -1,
          685, 721, 682, -1, 650, 722, 688, -1,
          689, 723, 653, -1, 711, 722, 681, -1,
          653, 723, 685, -1, 710, 724, 678, -1,
          690, 724, 720, -1, 678, 724, 690, -1,
          702, 725, 667, -1, 667, 725, 694, -1,
          694, 725, 716, -1, 696, 726, 658, -1,
          714, 727, 695, -1, 695, 727, 710, -1,
          658, 726, 689, -1, 684, 728, 699, -1,
          713, 728, 684, -1, 674, 729, 693, -1,
          706, 730, 697, -1, 677, 731, 691, -1,
          688, 732, 702, -1, 718, 733, 704, -1,
          704, 733, 714, -1, 668, 734, 630, -1,
          714, 733, 727, -1, 687, 734, 719, -1,
          630, 734, 687, -1, 701, 735, 696, -1,
          706, 736, 730, -1, 707, 736, 706, -1,
          673, 737, 711, -1, 696, 735, 726, -1,
          730, 737, 697, -1, 697, 737, 673, -1,
          727, 738, 710, -1, 700, 739, 698, -1,
          701, 740, 735, -1, 710, 738, 724, -1,
          716, 741, 718, -1, 717, 742, 709, -1,
          49, 742, 50, -1, 709, 742, 49, -1,
          733, 743, 727, -1, 727, 743, 738, -1,
          720, 744, 713, -1, 713, 744, 728, -1,
          731, 745, 691, -1, 725, 746, 716, -1,
          691, 745, 651, -1, 651, 745, 705, -1,
          716, 746, 741, -1, 717, 747, 742, -1,
          711, 748, 722, -1, 724, 190, 720, -1,
          12, 749, 13, -1, 720, 190, 744, -1,
          13, 749, 708, -1, 732, 750, 702, -1,
          725, 750, 746, -1, 702, 750, 725, -1,
          693, 751, 715, -1, 679, 752, 712, -1,
          718, 753, 733, -1, 741, 753, 718, -1,
          733, 753, 743, -1, 738, 754, 724, -1,
          719, 752, 679, -1, 724, 754, 190, -1,
          685, 755, 721, -1, 736, 756, 730, -1,
          723, 755, 685, -1, 721, 757, 717, -1,
          743, 758, 738, -1, 738, 758, 754, -1,
          717, 757, 747, -1, 50, 759, 51, -1,
          51, 759, 52, -1, 52, 759, 53, -1,
          744, 760, 728, -1, 53, 759, 33, -1,
          33, 759, 55, -1, 742, 759, 50, -1,
          722, 761, 688, -1, 688, 761, 732, -1,
          748, 761, 722, -1, 719, 762, 752, -1,
          753, 763, 743, -1, 734, 762, 719, -1,
          756, 764, 730, -1, 735, 765, 726, -1,
          730, 764, 737, -1, 758, 766, 754, -1,
          746, 767, 741, -1, 715, 768, 677, -1,
          677, 768, 731, -1, 751, 768, 715, -1,
          746, 769, 767, -1, 750, 769, 746, -1,
          674, 770, 729, -1, 708, 770, 674, -1,
          711, 771, 748, -1, 737, 771, 711, -1,
          55, 772, 56, -1, 747, 772, 742, -1,
          190, 183, 744, -1, 759, 772, 55, -1,
          744, 183, 760, -1, 742, 772, 759, -1,
          668, 773, 734, -1, 743, 774, 758, -1,
          763, 774, 743, -1, 705, 773, 668, -1,
          732, 775, 750, -1, 750, 775, 769, -1,
          735, 776, 765, -1, 761, 775, 732, -1,
          740, 776, 735, -1, 754, 189, 190, -1,
          766, 189, 754, -1, 753, 777, 763, -1,
          767, 777, 741, -1, 741, 777, 753, -1,
          740, 778, 776, -1, 748, 779, 761, -1,
          183, 179, 760, -1, 774, 780, 758, -1,
          758, 780, 766, -1, 729, 781, 693, -1,
          693, 781, 751, -1, 756, 782, 764, -1,
          731, 783, 745, -1, 777, 784, 763, -1,
          766, 785, 189, -1, 780, 785, 766, -1,
          11, 786, 12, -1, 769, 787, 767, -1,
          12, 786, 749, -1, 757, 788, 747, -1,
          775, 789, 769, -1, 762, 790, 752, -1,
          755, 791, 721, -1, 764, 792, 737, -1,
          737, 792, 771, -1, 721, 791, 757, -1,
          757, 791, 788, -1, 763, 793, 774, -1,
          784, 793, 763, -1, 755, 794, 791, -1,
          795, 794, 796, -1, 767, 797, 777, -1,
          787, 797, 767, -1, 734, 798, 762, -1,
          773, 798, 734, -1, 776, 799, 765, -1,
          761, 800, 775, -1, 779, 800, 761, -1,
          775, 800, 789, -1, 781, 801, 751, -1,
          751, 801, 768, -1, 748, 802, 779, -1,
          771, 802, 748, -1, 792, 802, 771, -1,
          780, 218, 785, -1, 774, 803, 780, -1,
          793, 803, 774, -1, 780, 803, 218, -1,
          708, 804, 770, -1, 192, 201, 197, -1,
          218, 201, 785, -1, 749, 804, 708, -1,
          785, 201, 189, -1, 189, 201, 192, -1,
          773, 805, 798, -1, 777, 806, 784, -1,
          745, 805, 705, -1, 705, 805, 773, -1,
          797, 806, 777, -1, 783, 805, 745, -1,
          788, 807, 747, -1, 789, 808, 769, -1,
          56, 807, 57, -1, 769, 808, 787, -1,
          747, 807, 772, -1, 772, 807, 56, -1,
          778, 809, 776, -1, 764, 810, 792, -1,
          782, 810, 764, -1, 800, 811, 789, -1,
          201, 202, 197, -1, 729, 812, 781, -1,
          806, 813, 784, -1, 784, 813, 793, -1,
          779, 814, 800, -1, 770, 812, 729, -1,
          801, 815, 768, -1, 802, 814, 779, -1,
          808, 816, 787, -1, 787, 816, 797, -1,
          768, 815, 731, -1, 731, 815, 783, -1,
          792, 817, 802, -1, 810, 817, 792, -1,
          791, 818, 788, -1, 218, 200, 201, -1,
          762, 819, 790, -1, 798, 819, 762, -1,
          793, 820, 803, -1, 813, 820, 793, -1,
          803, 217, 218, -1, 820, 217, 803, -1,
          795, 821, 794, -1, 797, 822, 806, -1,
          816, 822, 797, -1, 10, 823, 11, -1,
          11, 823, 786, -1, 821, 824, 794, -1,
          791, 824, 818, -1, 811, 825, 789, -1,
          794, 824, 791, -1, 795, 826, 821, -1,
          789, 825, 808, -1, 781, 827, 801, -1,
          800, 828, 811, -1, 814, 828, 800, -1,
          822, 829, 806, -1, 805, 830, 798, -1,
          798, 830, 819, -1, 806, 829, 813, -1,
          802, 831, 814, -1, 817, 831, 802, -1,
          814, 831, 828, -1, 816, 832, 822, -1,
          808, 832, 816, -1, 788, 833, 807, -1,
          825, 832, 808, -1, 807, 833, 57, -1,
          818, 833, 788, -1, 810, 834, 817, -1,
          749, 835, 804, -1, 823, 835, 786, -1,
          786, 835, 749, -1, 217, 836, 220, -1,
          783, 837, 805, -1, 820, 836, 217, -1,
          813, 838, 820, -1, 805, 837, 830, -1,
          829, 838, 813, -1, 820, 838, 836, -1,
          832, 839, 822, -1, 811, 840, 825, -1,
          828, 840, 811, -1, 831, 841, 828, -1,
          801, 842, 815, -1, 827, 842, 801, -1,
          831, 843, 841, -1, 817, 843, 831, -1,
          834, 843, 817, -1, 839, 844, 822, -1,
          822, 844, 829, -1, 770, 845, 812, -1,
          804, 845, 770, -1, 840, 846, 825, -1,
          825, 846, 832, -1, 824, 847, 818, -1,
          821, 848, 824, -1, 836, 233, 220, -1,
          824, 848, 847, -1, 836, 849, 233, -1,
          838, 849, 836, -1, 826, 850, 821, -1,
          821, 850, 848, -1, 846, 851, 832, -1,
          830, 852, 819, -1, 832, 851, 839, -1,
          838, 853, 849, -1, 829, 853, 838, -1,
          844, 853, 829, -1, 828, 854, 840, -1,
          812, 855, 781, -1, 841, 854, 828, -1,
          781, 855, 827, -1, 843, 856, 841, -1,
          9, 857, 10, -1, 851, 858, 839, -1,
          10, 857, 823, -1, 839, 858, 844, -1,
          854, 859, 840, -1, 830, 860, 852, -1,
          837, 860, 830, -1, 840, 859, 846, -1,
          233, 861, 241, -1, 849, 861, 233, -1,
          783, 862, 837, -1, 815, 862, 783, -1,
          844, 863, 853, -1, 858, 863, 844, -1,
          842, 862, 815, -1, 833, 864, 57, -1,
          818, 864, 833, -1, 847, 864, 818, -1,
          853, 865, 849, -1, 57, 864, 58, -1,
          849, 865, 861, -1, 58, 864, 59, -1,
          859, 866, 846, -1, 846, 866, 851, -1,
          841, 867, 854, -1, 856, 867, 841, -1,
          861, 868, 241, -1, 241, 868, 90, -1,
          90, 868, 91, -1, 851, 869, 858, -1,
          823, 870, 835, -1, 866, 869, 851, -1,
          826, 871, 850, -1, 854, 872, 859, -1,
          867, 872, 854, -1, 859, 872, 866, -1,
          865, 873, 861, -1, 853, 874, 865, -1,
          863, 874, 853, -1, 869, 875, 858, -1,
          858, 875, 863, -1, 827, 876, 842, -1,
          863, 875, 874, -1, 847, 877, 864, -1,
          872, 878, 866, -1, 848, 877, 847, -1,
          861, 879, 868, -1, 873, 879, 861, -1,
          868, 879, 91, -1, 91, 879, 92, -1,
          835, 880, 804, -1, 870, 880, 835, -1,
          866, 881, 869, -1, 878, 881, 866, -1,
          804, 880, 845, -1, 865, 882, 873, -1,
          874, 882, 865, -1, 869, 883, 875, -1,
          848, 884, 877, -1, 881, 883, 869, -1,
          883, 885, 875, -1, 850, 884, 848, -1,
          874, 885, 882, -1, 875, 885, 874, -1,
          850, 886, 884, -1, 871, 886, 850, -1,
          882, 887, 873, -1, 873, 887, 879, -1,
          879, 887, 92, -1, 92, 887, 93, -1,
          885, 888, 882, -1, 882, 888, 887, -1,
          860, 889, 852, -1, 883, 890, 885, -1,
          885, 890, 888, -1, 888, 891, 887, -1,
          93, 891, 94, -1, 887, 891, 93, -1,
          8, 892, 9, -1, 888, 143, 891, -1,
          890, 143, 888, -1, 9, 892, 857, -1,
          891, 144, 94, -1, 94, 144, 95, -1,
          837, 893, 860, -1, 143, 144, 891, -1,
          517, 894, 481, -1, 536, 894, 517, -1,
          862, 893, 837, -1, 481, 894, 151, -1,
          894, 147, 151, -1, 536, 147, 894, -1,
          845, 895, 812, -1, 536, 146, 147, -1,
          152, 146, 536, -1, 536, 896, 152, -1,
          812, 895, 855, -1, 152, 896, 523, -1,
          552, 896, 536, -1, 523, 896, 552, -1,
          559, 897, 593, -1, 523, 897, 559, -1,
          593, 897, 552, -1, 552, 897, 523, -1,
          593, 898, 559, -1, 601, 898, 634, -1,
          559, 898, 601, -1, 634, 898, 593, -1,
          864, 899, 59, -1, 598, 900, 567, -1,
          877, 899, 864, -1, 842, 901, 862, -1,
          900, 902, 567, -1, 862, 901, 893, -1,
          662, 903, 902, -1, 902, 903, 567, -1,
          567, 903, 615, -1, 615, 903, 662, -1,
          632, 904, 598, -1, 598, 905, 900, -1,
          904, 905, 598, -1, 902, 906, 662, -1,
          900, 906, 902, -1, 700, 906, 905, -1,
          662, 906, 700, -1, 905, 906, 900, -1,
          671, 907, 632, -1, 632, 907, 904, -1,
          905, 907, 700, -1, 904, 907, 905, -1,
          909, 908, 871, -1, 907, 910, 700, -1,
          911, 908, 909, -1, 671, 910, 907, -1,
          910, 912, 700, -1, 892, 913, 857, -1,
          823, 913, 870, -1, 671, 914, 910, -1,
          910, 914, 912, -1, 712, 914, 671, -1,
          857, 913, 823, -1, 701, 915, 740, -1,
          666, 915, 701, -1, 855, 916, 827, -1,
          740, 917, 703, -1, 915, 917, 740, -1,
          666, 917, 915, -1, 703, 917, 666, -1,
          827, 916, 876, -1, 698, 918, 661, -1,
          661, 918, 703, -1, 914, 919, 912, -1,
          912, 919, 920, -1, 712, 919, 914, -1,
          689, 921, 723, -1, 796, 921, 726, -1,
          726, 921, 689, -1, 920, 922, 912, -1,
          912, 922, 700, -1, 922, 923, 700, -1,
          924, 923, 922, -1, 700, 925, 739, -1,
          923, 925, 700, -1, 924, 925, 923, -1,
          919, 926, 920, -1, 712, 926, 919, -1,
          739, 927, 698, -1, 877, 928, 899, -1,
          884, 928, 877, -1, 927, 929, 698, -1,
          740, 930, 778, -1, 908, 931, 871, -1,
          703, 930, 740, -1, 871, 931, 886, -1,
          918, 932, 933, -1, 893, 934, 860, -1,
          698, 932, 918, -1, 929, 932, 698, -1,
          860, 934, 889, -1, 935, 932, 929, -1,
          930, 936, 778, -1, 703, 936, 930, -1,
          933, 937, 918, -1, 918, 937, 703, -1,
          936, 937, 778, -1, 703, 937, 936, -1,
          926, 938, 920, -1, 920, 938, 922, -1,
          922, 938, 924, -1, 939, 938, 926, -1,
          884, 940, 928, -1, 886, 940, 884, -1,
          752, 941, 712, -1, 931, 940, 886, -1,
          941, 942, 712, -1, 755, 943, 794, -1,
          794, 943, 796, -1, 870, 944, 880, -1,
          921, 943, 723, -1, 796, 943, 921, -1,
          723, 943, 755, -1, 942, 945, 712, -1,
          946, 945, 942, -1, 926, 945, 939, -1,
          911, 947, 908, -1, 712, 945, 926, -1,
          765, 948, 726, -1, 726, 948, 796, -1,
          796, 948, 795, -1, 938, 949, 924, -1,
          893, 950, 934, -1, 939, 949, 938, -1,
          925, 951, 739, -1, 901, 950, 893, -1,
          924, 951, 925, -1, 951, 952, 739, -1,
          739, 952, 927, -1, 954, 953, 952, -1,
          7, 955, 8, -1, 952, 953, 927, -1,
          8, 955, 892, -1, 929, 953, 935, -1,
          927, 953, 929, -1, 944, 956, 880, -1,
          933, 957, 937, -1, 937, 957, 778, -1,
          845, 956, 895, -1, 957, 958, 959, -1,
          933, 958, 957, -1, 932, 960, 933, -1,
          880, 956, 845, -1, 958, 960, 959, -1,
          842, 961, 901, -1, 935, 960, 932, -1,
          933, 960, 958, -1, 876, 961, 842, -1,
          949, 962, 924, -1, 901, 961, 950, -1,
          946, 963, 945, -1, 945, 963, 939, -1,
          949, 963, 962, -1, 939, 963, 949, -1,
          790, 964, 752, -1, 928, 965, 899, -1,
          948, 966, 795, -1, 59, 965, 60, -1,
          795, 966, 826, -1, 765, 966, 948, -1,
          899, 965, 59, -1, 966, 967, 826, -1,
          765, 967, 966, -1, 964, 968, 752, -1,
          752, 968, 941, -1, 967, 969, 826, -1,
          765, 969, 967, -1, 799, 969, 765, -1,
          941, 970, 942, -1, 942, 970, 946, -1,
          968, 970, 941, -1, 971, 970, 968, -1,
          947, 972, 908, -1, 908, 972, 931, -1,
          776, 973, 799, -1, 776, 974, 973, -1,
          809, 975, 776, -1, 776, 975, 974, -1,
          974, 975, 976, -1, 962, 977, 978, -1,
          963, 977, 962, -1, 955, 979, 892, -1,
          946, 977, 963, -1, 892, 979, 913, -1,
          959, 980, 957, -1, 778, 980, 809, -1,
          981, 980, 959, -1, 957, 980, 778, -1,
          962, 982, 924, -1, 978, 982, 962, -1,
          960, 983, 959, -1, 935, 983, 960, -1,
          924, 984, 951, -1, 855, 985, 916, -1,
          982, 984, 924, -1, 983, 986, 987, -1,
          935, 986, 983, -1, 952, 988, 954, -1,
          989, 988, 984, -1, 984, 988, 951, -1,
          895, 985, 855, -1, 951, 988, 952, -1,
          954, 990, 953, -1, 953, 990, 935, -1,
          935, 990, 986, -1, 986, 990, 987, -1,
          977, 991, 978, -1, 940, 992, 928, -1,
          928, 992, 965, -1, 809, 993, 975, -1,
          975, 993, 976, -1, 980, 993, 809, -1,
          981, 993, 980, -1, 991, 994, 995, -1,
          946, 994, 977, -1, 970, 994, 946, -1,
          931, 996, 940, -1, 971, 994, 970, -1,
          940, 996, 992, -1, 977, 994, 991, -1,
          969, 997, 826, -1, 871, 997, 909, -1,
          826, 997, 871, -1, 799, 997, 969, -1,
          950, 998, 934, -1, 819, 999, 790, -1,
          799, 1000, 997, -1, 997, 1000, 909, -1,
          973, 1000, 799, -1, 1000, 1001, 909, -1,
          973, 1001, 1000, -1, 972, 1002, 931, -1,
          974, 1001, 973, -1, 976, 1001, 974, -1,
          987, 1003, 983, -1, 959, 1003, 981, -1,
          983, 1003, 959, -1, 999, 1004, 790, -1,
          790, 1004, 964, -1, 6, 1005, 7, -1,
          1006, 1004, 999, -1, 7, 1005, 955, -1,
          1006, 1007, 1004, -1, 1004, 1007, 964, -1,
          964, 1007, 968, -1, 968, 1007, 971, -1,
          950, 1008, 998, -1, 981, 1009, 993, -1,
          993, 1009, 976, -1, 961, 1008, 950, -1,
          994, 1010, 995, -1, 1012, 1011, 947, -1,
          971, 1010, 994, -1, 987, 1013, 1003, -1,
          1003, 1013, 981, -1, 1014, 1011, 1012, -1,
          947, 1011, 972, -1, 1009, 1015, 976, -1,
          981, 1015, 1009, -1, 870, 1016, 944, -1,
          995, 1017, 991, -1, 991, 1017, 978, -1,
          913, 1016, 870, -1, 1017, 1018, 978, -1,
          978, 1018, 982, -1, 954, 1019, 990, -1,
          916, 1020, 876, -1, 990, 1019, 987, -1,
          1019, 1021, 1022, -1, 876, 1020, 961, -1,
          954, 1021, 1019, -1, 1024, 1023, 1018, -1,
          1018, 1023, 982, -1, 984, 1023, 989, -1,
          982, 1023, 984, -1, 1021, 1025, 1022, -1,
          954, 1025, 1021, -1, 989, 1025, 988, -1,
          988, 1025, 954, -1, 987, 1026, 1013, -1,
          992, 1027, 965, -1, 1013, 1026, 981, -1,
          60, 1027, 61, -1, 61, 1027, 62, -1,
          819, 1028, 999, -1, 965, 1027, 60, -1,
          852, 1028, 819, -1, 999, 1028, 1006, -1,
          1010, 1029, 995, -1, 971, 1029, 1010, -1,
          976, 1030, 1001, -1, 944, 1031, 956, -1,
          909, 1030, 911, -1, 1001, 1030, 909, -1,
          976, 1032, 1030, -1, 1030, 1032, 911, -1,
          1015, 1033, 976, -1, 972, 1034, 1002, -1,
          1035, 1033, 1015, -1, 976, 1033, 1032, -1,
          1032, 1033, 911, -1, 1028, 1036, 1006, -1,
          1011, 1034, 972, -1, 852, 1036, 1028, -1,
          987, 1037, 1026, -1, 1022, 1037, 1019, -1,
          1019, 1037, 987, -1, 1026, 1037, 1038, -1,
          1015, 1039, 1035, -1, 981, 1039, 1015, -1,
          955, 1040, 979, -1, 1039, 1041, 1042, -1,
          981, 1041, 1039, -1, 1026, 1043, 981, -1,
          1038, 1043, 1026, -1, 1041, 1043, 1042, -1,
          981, 1043, 1041, -1, 1007, 1044, 971, -1,
          1006, 1044, 1007, -1, 1044, 1045, 971, -1,
          1014, 162, 1011, -1, 1022, 1046, 1037, -1,
          1037, 1046, 1038, -1, 895, 1047, 985, -1,
          1029, 1048, 1049, -1, 1031, 1047, 956, -1,
          971, 1048, 1029, -1, 1045, 1048, 971, -1,
          1050, 1048, 1045, -1, 1006, 1051, 1052, -1,
          1036, 1051, 1006, -1, 989, 1053, 1025, -1,
          956, 1047, 895, -1, 1025, 1053, 1022, -1,
          1049, 1054, 1029, -1, 1029, 1054, 995, -1,
          1053, 1055, 1056, -1, 989, 1055, 1053, -1,
          996, 1057, 992, -1, 1008, 1058, 998, -1,
          995, 1059, 1017, -1, 1054, 1059, 995, -1,
          989, 1060, 1055, -1, 1055, 1060, 1056, -1,
          1023, 1060, 989, -1, 1024, 1060, 1023, -1,
          1062, 1061, 1059, -1, 1059, 1061, 1017, -1,
          5, 1063, 6, -1, 1018, 1061, 1024, -1,
          1017, 1061, 1018, -1, 1022, 1064, 1046, -1,
          6, 1063, 1005, -1, 1046, 1064, 1038, -1,
          1036, 1065, 1051, -1, 889, 1065, 852, -1,
          852, 1065, 1036, -1, 911, 1066, 947, -1,
          1042, 1066, 1039, -1, 1012, 1066, 1042, -1,
          1020, 1067, 961, -1, 947, 1066, 1012, -1,
          1035, 1066, 1033, -1, 1033, 1066, 911, -1,
          1039, 1066, 1035, -1, 1051, 1068, 1052, -1,
          961, 1067, 1008, -1, 889, 1068, 1065, -1,
          1065, 1068, 1051, -1, 1053, 1069, 1022, -1,
          1056, 1069, 1053, -1, 1064, 1069, 1070, -1,
          996, 1071, 1057, -1, 1034, 1072, 1002, -1,
          1022, 1069, 1064, -1, 1014, 1073, 1074, -1,
          1042, 1073, 1012, -1, 1012, 1073, 1014, -1,
          979, 1075, 913, -1, 1038, 1073, 1043, -1,
          1043, 1073, 1042, -1, 1073, 1076, 1074, -1,
          1038, 1076, 1073, -1, 1070, 1077, 1064, -1,
          913, 1075, 1016, -1, 1064, 1077, 1038, -1,
          1038, 1077, 1076, -1, 1076, 1077, 1074, -1,
          1052, 1078, 1006, -1, 1006, 1078, 1044, -1,
          1069, 1079, 1070, -1, 1056, 1079, 1069, -1,
          162, 247, 1011, -1, 1081, 1080, 1078, -1,
          992, 1082, 1027, -1, 1078, 1080, 1044, -1,
          1057, 1082, 992, -1, 1027, 1082, 62, -1,
          1044, 1080, 1045, -1, 1045, 1080, 1050, -1,
          889, 1083, 1068, -1, 916, 1084, 1020, -1,
          1068, 1083, 1052, -1, 1048, 1085, 1049, -1,
          1050, 1085, 1048, -1, 985, 1084, 916, -1,
          934, 1086, 1087, -1, 1060, 1088, 1056, -1,
          1024, 1088, 1060, -1, 1049, 1089, 1054, -1,
          1085, 1089, 1049, -1, 998, 1086, 934, -1,
          1088, 1090, 1091, -1, 1024, 1090, 1088, -1,
          1079, 1092, 1070, -1, 1056, 1092, 1079, -1,
          1093, 1092, 1056, -1, 1059, 1094, 1062, -1,
          1089, 1094, 1054, -1, 1016, 1095, 944, -1,
          1054, 1094, 1059, -1, 944, 1095, 1031, -1,
          1096, 1094, 1089, -1, 1062, 1097, 1061, -1,
          1061, 1097, 1024, -1, 1075, 1095, 1016, -1,
          1024, 1097, 1090, -1, 1090, 1097, 1091, -1,
          1083, 1098, 1052, -1, 1078, 1098, 1081, -1,
          1099, 1098, 1083, -1, 1052, 1098, 1078, -1,
          1087, 1100, 934, -1, 934, 1100, 889, -1,
          1083, 1100, 1099, -1, 889, 1100, 1083, -1,
          1005, 1101, 955, -1, 1099, 1100, 1087, -1,
          1074, 1102, 1014, -1, 1077, 1102, 1074, -1,
          1014, 1102, 162, -1, 955, 1101, 1040, -1,
          162, 1102, 160, -1, 1063, 1101, 1005, -1,
          1070, 1102, 1077, -1, 1056, 1103, 1093, -1,
          1088, 1103, 1056, -1, 247, 167, 1011, -1,
          1102, 1104, 160, -1, 1011, 167, 1034, -1,
          1070, 1104, 1102, -1, 1092, 1105, 1070, -1,
          1093, 1105, 1092, -1, 1104, 1105, 160, -1,
          1070, 1105, 1104, -1, 1098, 1106, 1081, -1,
          1099, 1106, 1098, -1, 1002, 1107, 931, -1,
          1099, 1108, 1109, -1, 1087, 1108, 1099, -1,
          931, 1107, 996, -1, 1103, 1110, 1093, -1,
          1091, 1110, 1088, -1, 1088, 1110, 1103, -1,
          1081, 1111, 1080, -1, 1080, 1111, 1050, -1,
          1067, 1112, 1008, -1, 1111, 1113, 1050, -1,
          1114, 1113, 1111, -1, 1008, 1112, 1058, -1,
          1050, 1113, 1085, -1, 1062, 1115, 1097, -1,
          1097, 1115, 1091, -1, 1114, 1116, 1113, -1,
          1113, 1116, 1085, -1, 1089, 1116, 1096, -1,
          1085, 1116, 1089, -1, 1115, 1117, 1118, -1,
          1057, 1119, 1082, -1, 1062, 1117, 1115, -1,
          1094, 1120, 1062, -1, 1117, 1120, 1118, -1,
          1071, 1119, 1057, -1, 1062, 1120, 1117, -1,
          1096, 1120, 1094, -1, 1109, 1121, 1099, -1,
          1106, 1121, 1081, -1, 1031, 1122, 1047, -1,
          1099, 1121, 1106, -1, 1091, 1123, 1110, -1,
          1002, 1124, 1107, -1, 996, 1124, 1071, -1,
          4, 1125, 5, -1, 1107, 1124, 996, -1,
          1123, 1126, 1110, -1, 5, 1125, 1063, -1,
          1110, 1126, 1093, -1, 1093, 1126, 1105, -1,
          1105, 1126, 160, -1, 1091, 1127, 1123, -1,
          1118, 1127, 1115, -1, 1115, 1127, 1091, -1,
          1123, 1127, 1128, -1, 1123, 159, 1126, -1,
          1128, 159, 1123, -1, 1126, 159, 160, -1,
          1071, 1129, 1119, -1, 1081, 1130, 1111, -1,
          1109, 1130, 1121, -1, 1111, 1130, 1114, -1,
          167, 164, 1034, -1, 1121, 1130, 1081, -1,
          1034, 164, 1072, -1, 1127, 1131, 1128, -1,
          1118, 1131, 1127, -1, 1020, 1132, 1067, -1,
          1002, 1133, 1124, -1, 1084, 1132, 1020, -1,
          1072, 1133, 1002, -1, 1124, 1133, 1071, -1,
          1128, 161, 159, -1, 1130, 1134, 1114, -1,
          1109, 1134, 1130, -1, 1120, 1135, 1118, -1,
          1040, 1136, 979, -1, 1096, 1135, 1120, -1,
          1101, 1136, 1040, -1, 979, 1136, 1075, -1,
          1096, 1137, 1135, -1, 1135, 1137, 1138, -1,
          1114, 1139, 1116, -1, 1116, 1139, 1096, -1,
          1096, 1139, 1137, -1, 998, 1140, 1086, -1,
          1137, 1139, 1138, -1, 1058, 1140, 998, -1,
          1131, 1141, 1128, -1, 1118, 1141, 1131, -1,
          1071, 1142, 1129, -1, 1072, 1142, 1133, -1,
          1133, 1142, 1071, -1, 1134, 1143, 1114, -1,
          1109, 1143, 1134, -1, 1144, 1143, 1109, -1,
          1138, 1145, 1135, -1, 1122, 1146, 1047, -1,
          1141, 1145, 1147, -1, 1118, 1145, 1141, -1,
          1047, 1146, 985, -1, 1135, 1145, 1118, -1,
          155, 1148, 154, -1, 985, 1146, 1084, -1,
          1128, 1148, 161, -1, 1149, 1148, 1150, -1,
          161, 1148, 155, -1, 1082, 1151, 62, -1,
          62, 1151, 63, -1, 154, 1148, 1149, -1,
          63, 1151, 64, -1, 1119, 1151, 1082, -1,
          1148, 1152, 1150, -1, 1128, 1152, 1148, -1,
          1141, 1153, 1128, -1, 1147, 1153, 1141, -1,
          1128, 1153, 1152, -1, 1152, 1153, 1150, -1,
          1145, 1154, 1147, -1, 1138, 1154, 1145, -1,
          1142, 1155, 1129, -1, 1072, 1155, 1142, -1,
          1063, 1156, 1101, -1, 164, 1155, 1072, -1,
          1125, 1156, 1063, -1, 1114, 1157, 1139, -1,
          1139, 1157, 1138, -1, 1157, 1158, 1159, -1,
          1159, 1158, 1144, -1, 1143, 1158, 1114, -1,
          1144, 1158, 1143, -1, 1075, 1160, 1095, -1,
          1114, 1158, 1157, -1, 1154, 1161, 1147, -1,
          1138, 1161, 1154, -1, 1129, 1162, 1163, -1,
          1155, 1162, 1129, -1, 164, 1162, 1155, -1,
          1157, 1164, 1138, -1, 1159, 1164, 1157, -1,
          1161, 1164, 1165, -1, 1138, 1164, 1161, -1,
          1087, 1166, 1108, -1, 1150, 1167, 1149, -1,
          1149, 1167, 1168, -1, 1168, 1167, 1169, -1,
          1147, 1167, 1153, -1, 1153, 1167, 1150, -1,
          1086, 1166, 1087, -1, 1147, 1170, 1167, -1,
          1167, 1170, 1169, -1, 1170, 1171, 1169, -1,
          1161, 1171, 1147, -1, 1147, 1171, 1170, -1,
          1165, 1171, 1161, -1, 1159, 1172, 1164, -1,
          1164, 1172, 1165, -1, 1162, 165, 1163, -1,
          164, 165, 1162, -1, 1159, 1173, 1172, -1,
          1174, 1173, 1159, -1, 165, 173, 1163, -1,
          1129, 1175, 1119, -1, 1163, 173, 1176, -1,
          1176, 173, 174, -1, 1171, 1177, 1169, -1,
          1165, 1177, 1171, -1, 1172, 1177, 1165, -1,
          1173, 1177, 1172, -1, 3, 1178, 4, -1,
          1177, 1179, 1169, -1, 4, 1178, 1125, -1,
          1174, 1179, 1173, -1, 1173, 1179, 1177, -1,
          1132, 1180, 1067, -1, 1182, 1181, 1159, -1,
          1159, 1181, 1174, -1, 1174, 1181, 1183, -1,
          1183, 1181, 1182, -1, 169, 1184, 1185, -1,
          1067, 1180, 1112, -1, 1168, 1184, 169, -1,
          1179, 1184, 1169, -1, 1174, 1184, 1179, -1,
          1169, 1184, 1168, -1, 1185, 1184, 1174, -1,
          1187, 1186, 174, -1, 1109, 1188, 1144, -1,
          137, 1189, 1186, -1, 1186, 1189, 174, -1,
          1108, 1188, 1109, -1, 1176, 1189, 137, -1,
          174, 1189, 1176, -1, 1095, 1190, 1031, -1,
          1192, 1191, 1182, -1, 1160, 1190, 1095, -1,
          209, 1191, 1192, -1, 1182, 1191, 1183, -1,
          182, 1193, 1187, -1, 1031, 1190, 1122, -1,
          1186, 1193, 137, -1, 1187, 1193, 1186, -1,
          137, 1194, 148, -1, 1193, 1194, 137, -1,
          182, 1194, 1193, -1, 1191, 1195, 1183, -1,
          209, 1195, 1191, -1, 1183, 1195, 256, -1,
          212, 1195, 209, -1, 256, 1195, 212, -1,
          1101, 1196, 1136, -1, 182, 1197, 1194, -1,
          1194, 1197, 148, -1, 1156, 1196, 1101, -1,
          180, 1197, 182, -1, 1197, 1198, 148, -1,
          148, 1198, 264, -1, 264, 1198, 180, -1,
          1129, 1163, 1175, -1, 180, 1198, 1197, -1,
          262, 1199, 283, -1, 286, 1199, 262, -1,
          283, 1199, 308, -1, 308, 1199, 286, -1,
          97, 1200, 118, -1, 118, 1200, 119, -1,
          1084, 1201, 1132, -1, 119, 1200, 459, -1,
          98, 1200, 97, -1, 1200, 1202, 459, -1,
          98, 1202, 1200, -1, 1146, 1201, 1084, -1,
          459, 1203, 513, -1, 1202, 1203, 459, -1,
          1112, 1204, 1058, -1, 1202, 1205, 1203, -1,
          1058, 1204, 1140, -1, 98, 1206, 1202, -1,
          1202, 1206, 1205, -1, 99, 1206, 98, -1,
          154, 1207, 248, -1, 1203, 1208, 513, -1,
          1205, 1208, 1203, -1, 1149, 1207, 154, -1,
          1206, 1208, 1205, -1, 99, 1208, 1206, -1,
          513, 1209, 565, -1, 1175, 1210, 1119, -1,
          64, 1210, 65, -1, 1208, 1209, 513, -1,
          1151, 1210, 64, -1, 1119, 1210, 1151, -1,
          1208, 1211, 1209, -1, 99, 1212, 1208, -1,
          1208, 1212, 1211, -1, 100, 1212, 99, -1,
          1209, 1213, 565, -1, 1211, 1213, 1209, -1,
          1178, 1214, 1125, -1, 1212, 1213, 1211, -1,
          100, 1213, 1212, -1, 565, 1215, 611, -1,
          1125, 1214, 1156, -1, 1213, 1215, 565, -1,
          1122, 1216, 1146, -1, 1146, 1216, 1201, -1,
          1190, 1216, 1122, -1, 1213, 1217, 1215, -1,
          100, 1218, 1213, -1, 1196, 130, 1136, -1,
          1213, 1218, 1217, -1, 101, 1218, 100, -1,
          1218, 1219, 1217, -1, 1075, 130, 1160, -1,
          101, 1219, 1218, -1, 1136, 130, 1075, -1,
          1215, 1219, 611, -1, 1217, 1219, 1215, -1,
          1219, 1220, 611, -1, 611, 1220, 659, -1,
          1140, 1221, 1086, -1, 1219, 1222, 1220, -1,
          1086, 1221, 1166, -1, 102, 1223, 101, -1,
          1219, 1223, 1222, -1, 101, 1223, 1219, -1,
          1220, 1224, 659, -1, 1222, 1224, 1220, -1,
          1223, 1224, 1222, -1, 102, 1224, 1223, -1,
          1224, 1225, 659, -1, 248, 1226, 175, -1,
          659, 1225, 707, -1, 1207, 1226, 248, -1,
          699, 1227, 665, -1, 665, 1227, 81, -1,
          1144, 1182, 1159, -1, 81, 1227, 82, -1,
          82, 1227, 83, -1, 1188, 1182, 1144, -1,
          1224, 1228, 1225, -1, 728, 1229, 699, -1,
          1227, 1229, 83, -1, 760, 1229, 728, -1,
          699, 1229, 1227, -1, 103, 1230, 102, -1,
          102, 1230, 1224, -1, 1224, 1230, 1228, -1,
          1156, 1231, 1196, -1, 1175, 1232, 1210, -1,
          707, 1233, 736, -1, 1163, 1232, 1175, -1,
          103, 1234, 1230, -1, 1225, 1234, 707, -1,
          1108, 1235, 1188, -1, 1228, 1234, 1225, -1,
          1230, 1234, 1228, -1, 707, 1234, 1233, -1,
          1166, 1235, 1108, -1, 103, 1236, 1234, -1,
          1234, 1236, 1233, -1, 1132, 1237, 1180, -1,
          1229, 1238, 83, -1, 760, 1238, 1229, -1,
          83, 1238, 84, -1, 84, 1238, 85, -1,
          1201, 1237, 1132, -1, 736, 1239, 756, -1,
          1233, 1239, 736, -1, 1160, 1240, 1190, -1,
          1236, 1239, 1233, -1, 104, 1241, 103, -1,
          103, 1241, 1236, -1, 104, 1242, 1241, -1,
          1241, 1242, 1236, -1, 1236, 1242, 1239, -1,
          2, 234, 3, -1, 104, 1243, 1242, -1,
          1242, 1243, 1239, -1, 3, 234, 1178, -1,
          1239, 1244, 756, -1, 1243, 1244, 1239, -1,
          175, 1187, 174, -1, 756, 1244, 782, -1,
          179, 177, 760, -1, 760, 177, 1238, -1,
          1238, 177, 85, -1, 1226, 1187, 175, -1,
          1243, 1245, 1244, -1, 1163, 1176, 1232, -1,
          1201, 157, 1237, -1, 1216, 157, 1201, -1,
          177, 178, 85, -1, 85, 178, 86, -1,
          105, 1246, 104, -1, 104, 1246, 1243, -1,
          1149, 1247, 1207, -1, 1243, 1246, 1245, -1,
          1168, 1247, 1149, -1, 1207, 1247, 1226, -1,
          178, 198, 86, -1, 1180, 237, 1112, -1,
          105, 1248, 1246, -1, 1244, 1248, 782, -1,
          1245, 1248, 1244, -1, 1112, 237, 1204, -1,
          1246, 1248, 1245, -1, 202, 1249, 197, -1,
          197, 1249, 198, -1, 1232, 1250, 1210, -1,
          782, 1251, 810, -1, 1210, 1250, 65, -1,
          65, 1250, 66, -1, 1248, 1251, 782, -1,
          198, 1252, 86, -1, 202, 1252, 1249, -1,
          1249, 1252, 198, -1, 1178, 1253, 1214, -1,
          234, 1253, 1178, -1, 1248, 1254, 1251, -1,
          1231, 129, 1196, -1, 202, 203, 1252, -1,
          1196, 129, 130, -1, 1252, 203, 86, -1,
          86, 203, 87, -1, 203, 204, 87, -1,
          206, 1255, 204, -1, 204, 1255, 87, -1,
          106, 1256, 105, -1, 1140, 259, 1221, -1,
          105, 1256, 1248, -1, 1204, 259, 1140, -1,
          1248, 1256, 1254, -1, 1256, 1257, 1254, -1,
          1251, 1257, 810, -1, 106, 1257, 1256, -1,
          1254, 1257, 1251, -1, 1257, 1258, 810, -1,
          810, 1258, 834, -1, 206, 211, 1255, -1,
          1190, 1259, 1216, -1, 1240, 1259, 1190, -1,
          87, 211, 88, -1, 1255, 211, 87, -1,
          1257, 1260, 1258, -1, 1226, 1261, 1187, -1,
          1247, 1261, 1226, -1, 211, 224, 88, -1,
          1258, 1262, 834, -1, 1235, 1192, 1188, -1,
          834, 1262, 843, -1, 1188, 1192, 1182, -1,
          107, 1263, 106, -1, 1257, 1263, 1260, -1,
          106, 1263, 1257, -1, 1221, 244, 1166, -1,
          1166, 244, 1235, -1, 1258, 1264, 1262, -1,
          1263, 1264, 1260, -1, 1260, 1264, 1258, -1,
          1168, 169, 1247, -1, 225, 229, 224, -1,
          224, 229, 88, -1, 88, 229, 89, -1,
          1156, 187, 1231, -1, 1264, 1265, 1262, -1,
          1214, 187, 1156, -1, 229, 243, 89, -1,
          90, 243, 241, -1, 130, 227, 1160, -1,
          89, 243, 90, -1, 1160, 227, 1240, -1,
          843, 1266, 856, -1, 1262, 1266, 843, -1,
          1265, 1267, 1262, -1, 1232, 138, 1250, -1,
          1262, 1267, 1266, -1, 108, 1268, 107, -1,
          1176, 138, 1232, -1, 107, 1268, 1263, -1,
          0, 141, 2, -1, 1264, 1268, 1265, -1,
          1263, 1268, 1264, -1, 1265, 1268, 1267, -1,
          2, 141, 234, -1, 1267, 1269, 1266, -1,
          157, 158, 1237, -1, 1266, 1270, 856, -1,
          856, 1270, 867, -1, 1269, 1271, 1266, -1,
          1266, 1271, 1270, -1, 1176, 137, 138, -1,
          109, 1272, 108, -1, 108, 1272, 1268, -1,
          1268, 1272, 1267, -1, 1261, 182, 1187, -1,
          1267, 1272, 1269, -1, 1269, 1272, 1271, -1,
          1271, 1273, 1270, -1, 187, 191, 1231, -1,
          1231, 191, 129, -1, 867, 1274, 872, -1,
          1270, 1274, 867, -1, 169, 170, 1247, -1,
          1273, 1275, 1270, -1, 1247, 170, 1261, -1,
          1270, 1275, 1274, -1, 110, 1276, 109, -1,
          109, 1276, 1272, -1, 1272, 1276, 1271, -1,
          1180, 221, 237, -1, 1237, 221, 1180, -1,
          1271, 1276, 1273, -1, 1273, 1276, 1275, -1,
          158, 221, 1237, -1, 1275, 1277, 1274, -1,
          872, 1278, 878, -1, 1183, 256, 1174, -1,
          1274, 1278, 872, -1, 1277, 1278, 1274, -1,
          1174, 256, 1185, -1, 1216, 166, 157, -1,
          1259, 166, 1216, -1, 1278, 1279, 878, -1,
          878, 1279, 881, -1, 234, 235, 1253, -1,
          1277, 1280, 1278, -1, 111, 1281, 110, -1,
          110, 1281, 1276, -1, 1276, 1281, 1275, -1,
          1275, 1281, 1277, -1, 1250, 215, 66, -1,
          1277, 1281, 1280, -1, 138, 215, 1250, -1,
          1278, 1282, 1279, -1, 1259, 195, 166, -1,
          227, 195, 1240, -1, 1280, 1282, 1278, -1,
          1281, 1282, 1280, -1, 1240, 195, 1259, -1,
          1282, 1283, 1279, -1, 1279, 1284, 881, -1,
          881, 1284, 883, -1, 1204, 238, 259, -1,
          1283, 1284, 1279, -1, 237, 238, 1204, -1,
          1283, 1285, 1284, -1, 112, 1286, 111, -1,
          111, 1286, 1281, -1, 1281, 1286, 1282, -1,
          244, 208, 1235, -1, 1282, 1286, 1283, -1,
          1235, 208, 1192, -1, 1283, 1286, 1285, -1,
          1192, 208, 209, -1, 883, 1287, 890, -1,
          1284, 1287, 883, -1, 170, 181, 1261, -1,
          112, 1288, 1286, -1, 1285, 1288, 1284, -1,
          1286, 1288, 1285, -1, 1261, 181, 182, -1,
          1284, 1288, 1287, -1, 1185, 171, 169, -1,
          256, 171, 1185, -1, 1288, 1289, 1287, -1,
          1221, 246, 244, -1, 890, 133, 143, -1,
          259, 246, 1221, -1, 1287, 133, 890, -1,
          1289, 135, 1287, -1, 1287, 135, 133, -1,
          1214, 186, 187, -1, 1288, 139, 1289, -1,
          235, 186, 1253, -1, 1289, 139, 135, -1,
          113, 139, 112, -1, 1253, 186, 1214, -1,
          112, 139, 1288, -1, 135, 132, 133, -1,
          191, 128, 129, -1, 130, 128, 227, -1 ]
      ccw TRUE
      solid FALSE
      convex TRUE
      creaseAngle 0

    }

  }
  USE material
  USE color
  IndexedTriangleStripSet {
    vertexProperty 
    VertexProperty {
      vertex [ -0.045216266 0.027299447 0.43852425,
          -0.045216266 0.0213583 0.42821661,
          -0.050296132 0.020554129 0.43614295,
          0.059319258 -0.022255434 0.32354394,
          0.059319258 -0.020297593 0.32204065,
          0.058769722 -0.022384631 0.32732052,
          0.059319258 -0.024156639 0.32503986,
          0.059702478 -0.021996789 0.31984401,
          -0.021014931 -0.037493952 0.25460786,
          -0.021014931 -0.026074765 0.25443801,
          -0.012934788 -0.02628603 0.25196105,
          0.059702478 -0.026356626 0.32283196,
          0.060000002 -0.026000081 0.31530538,
          -4.0915087e-016 0.058000002 0.48200002,
          0.0020329873 0.057346746 0.47272402,
          -0.0063689011 0.057044812 0.47269693,
          0.060000002 -0.021095607 0.31269744,
          0.060000002 -0.018458366 0.31138787,
          0.059702266 -0.014500001 0.31644869,
          0.059168823 -0.018910676 0.32198927,
          0.057150502 -0.019478088 0.33163619,
          0.057150502 -0.017854365 0.32992476,
          0.058816668 -0.014500001 0.32233873,
          0.0065506287 0.057638939 0.48200002,
          0.052626316 -0.059834886 0.3691043,
          0.055162504 -0.052185796 0.37815264,
          0.051863484 -0.060040731 0.37126228,
          -0.029447822 -0.036691386 0.25884563,
          0.057150509 -0.044130538 0.38675982,
          0.057150509 -0.051429186 0.37025672,
          0.054038703 -0.05201659 0.38243869,
          0.054038703 -0.059195992 0.36494669,
          -0.012934788 -0.06840694 0.25859919,
          -0.0088001713 -0.071661748 0.25949031,
          -0.012934788 -0.073487416 0.26194614,
          -0.05952961 -0.0220882 0.39439112,
          -0.057641406 -0.016673448 0.39402515,
          -0.05952961 -0.025788249 0.38779342,
          -0.0082864342 -0.07852231 0.26484036,
          -0.003707821 -0.074237302 0.26048273,
          -0.0098300288 -0.076912574 0.26376477,
          -0.003707821 -0.069084108 0.25712508,
          -0.003707821 -0.051427815 0.25111637,
          -0.00777356 -0.053916156 0.25200072,
          -0.0067506074 -0.04705238 0.25099382,
          -0.057641406 -0.012860782 0.40001366,
          -0.003707821 -0.057550631 0.25237489,
          -0.037210096 -0.062382724 0.27171779,
          -0.043428313 -0.055033114 0.2755402,
          -0.037210096 -0.057665966 0.26907411,
          -0.043428313 -0.059419353 0.27817139,
          -0.0098300288 -0.052071605 0.25203234,
          -0.0082864342 -0.044918001 0.25114074,
          -0.012934788 -0.050990187 0.25257263,
          -0.012934788 -0.057030533 0.25384596,
          -0.0063689011 -0.015779804 0.37062082,
          -0.0049526924 -0.016496979 0.37251067,
          -0.002147851 -0.015775535 0.37092388,
          -0.0063689011 -0.016496707 0.37191352,
          -0.037210096 -0.052409355 0.26693642,
          -0.037210096 -0.047099318 0.26552764,
          -0.029447822 -0.048858311 0.2596705,
          -0.0063689011 -0.015815612 0.3745431,
          -0.0042485199 -0.016457984 0.37277669,
          -0.024325671 0.046965621 0.45254025,
          -0.031768154 0.038796518 0.44258443,
          -0.031768154 0.043010905 0.45147535,
          0.0020329873 -0.013734905 0.38007155,
          -0.002147851 -0.016251361 0.37353474,
          -0.0063689011 -0.013797167 0.3797425,
          -0.039271235 0.033241451 0.44062236,
          0.0020329873 -0.015788311 0.37485909,
          -5.7296922e-005 -0.016450556 0.37292984,
          -0.054745849 -0.00084875827 0.41047698,
          -0.054745849 -0.0049022362 0.404863,
          0.0020329873 -0.016485037 0.37222394,
          0.0006390083 -0.016487727 0.37271559,
          0.0020329873 -0.015775459 0.37092903,
          0.01302431 -0.015911562 0.3734113,
          0.008404607 -0.016423009 0.37253273,
          0.0065495814 -0.015816849 0.37452301,
          0.0065495814 -0.016494915 0.37189561,
          0.0089033619 -0.015784385 0.37029848,
          0.010272539 -0.016139032 0.37044573,
          0.011646646 -0.016450424 0.37197083,
          0.01302431 -0.016529184 0.37080836,
          -0.053604234 -0.063866965 0.31230652,
          -0.053604234 -0.060516499 0.30486745,
          -0.049300086 -0.065437555 0.29690447,
          0.014090375 -0.016554706 0.37101001,
          0.016224181 -0.015806615 0.36872289,
          -0.049300086 -0.059358139 0.28951895,
          0.014623729 -0.016531479 0.37108326,
          -0.021014931 -0.020333312 0.25435242,
          -0.012934444 -0.014500001 0.25191447,
          -0.021014962 -0.014500001 0.25430104,
          -0.029446784 -0.014500001 0.25822607,
          -0.012934788 -0.020410856 0.25192904,
          0.021907873 -0.014575351 0.37563407,
          0.017058818 -0.01639658 0.37103444,
          0.01302431 -0.014020666 0.37856293,
          -0.05952961 -0.031124847 0.37695888,
          0.021907873 -0.016151322 0.3706004,
          -0.059973665 -0.039988983 0.36953735,
          0.019073263 -0.016590534 0.36975414,
          0.020666022 -0.01582695 0.36728293,
          0.020020301 -0.016626477 0.36921722,
          0.021907873 -0.016617237 0.36805823,
          -0.050296132 0.014595829 0.42518196,
          -0.050296132 0.0074015977 0.41499773,
          0.022789853 -0.016669743 0.36813974,
          0.024544712 -0.015849322 0.36569875,
          0.023229778 -0.016661724 0.36815545,
          -0.0063689011 0.055139281 0.46331802,
          0.029506698 -0.016471099 0.36685324,
          0.025347479 -0.016584313 0.36781317,
          -0.01556403 0.055331737 0.4725441,
          -0.01556403 0.053423367 0.46301219,
          -0.059131619 -0.04799189 0.36283678,
          -0.059973665 -0.043250211 0.35798901,
          -0.059131619 -0.05076931 0.35039076,
          0.027045526 -0.016741924 0.36635703,
          0.029506698 -0.016735418 0.36439157,
          0.027870772 -0.016766867 0.36572582,
          -0.056841988 -0.058016032 0.3204985,
          0.028332699 -0.015875693 0.3638314,
          -0.053604234 -0.065725237 0.32097012,
          -0.0081153782 -0.060269378 0.25375763,
          -0.056841988 -0.059365369 0.32874605,
          -0.003707821 -0.06362059 0.254453,
          -0.012934788 -0.06301868 0.25593004,
          -0.002147851 -0.016485959 0.37221929,
          -0.043428313 -0.050136726 0.27337608,
          0.01664155 -0.016559064 0.36987174,
          0.0065495814 0.057020798 0.47269508,
          0.024946501 -0.016659347 0.36674985,
          0.01302306 0.056565922 0.48200002,
          -0.0084575871 -0.066103444 0.2562322,
          -0.043428313 -0.063531041 0.28137571,
          -0.049300086 -0.055652738 0.28637445,
          -0.039271235 0.027315546 0.43089026,
          -0.059131619 -0.051944744 0.33781871,
          -0.056841988 -0.058873262 0.34220144,
          -0.01556403 0.050069004 0.45337662,
          -0.029447822 -0.025727678 0.25850528,
          -0.043428313 -0.045185603 0.2719003,
          -0.054745849 -0.0088119935 0.39939988,
          -0.037210096 -0.035625983 0.26447138,
          -0.049300086 -0.051686682 0.28375918,
          -0.024325671 0.042755764 0.44398344,
          -0.053604234 -0.055161044 0.29770941,
          -0.050296132 0.0033237706 0.40987527,
          -0.056841988 -0.05525475 0.31338152,
          -0.045216266 0.014197272 0.41872138,
          0.01302431 0.055945639 0.47259948,
          -0.029447822 -0.020205069 0.25833231,
          -0.037209075 -0.014500001 0.26343438,
          -0.057641406 -0.022384759 0.38427645,
          0.0020329873 0.055442762 0.46337315,
          -0.049300086 -0.047248278 0.28156134,
          -0.053604234 -0.051864341 0.29462507,
          -0.059131619 -0.051189013 0.33005679,
          -0.05952961 -0.034921817 0.36640492,
          -0.031768154 0.032885041 0.43339035,
          -0.059973665 -0.045059737 0.34623638,
          -0.0063689011 0.051786274 0.45384046,
          -0.037210096 -0.025266778 0.26390478,
          -0.043428313 -0.034466896 0.27059194,
          0.0065495814 0.055117238 0.46331611,
          -0.053604234 -0.048320953 0.29202577,
          -0.049300086 -0.042753242 0.28000033,
          -0.050296132 -0.00068629876 0.40495524,
          -0.056841988 -0.050673448 0.3064667,
          -0.045216266 0.010099459 0.41400376,
          -0.01556403 0.045862518 0.44508213,
          -0.039271235 0.020184077 0.42200175,
          -0.059131619 -0.049115177 0.32331571,
          -0.037210096 -0.020034177 0.26361629,
          -0.054745849 -0.014846504 0.39058769,
          0.029505624 0.050240736 0.48200002,
          0.021907873 0.053229813 0.47235775,
          0.021907836 0.053857248 0.48200002,
          -0.053604234 -0.044343289 0.28979409,
          -0.056841988 -0.047813784 0.30344677,
          -0.024325671 0.036854763 0.43517283,
          -0.059973665 -0.044854593 0.33892512,
          -0.057641406 -0.02670983 0.37470311,
          0.01302431 0.054042187 0.46312642,
          -0.043428313 -0.024765259 0.26977915,
          -0.05952961 -0.037433762 0.35555977,
          -0.053604234 -0.040306877 0.28814718,
          0.0020329873 0.052089736 0.45392409,
          -0.056841988 -0.044722356 0.30086452,
          -0.045216266 0.0060068048 0.40953109,
          -0.049300086 -0.032993712 0.2783711,
          -0.039271235 0.016068731 0.41764092,
          -0.059131619 -0.045437273 0.31668484,
          -0.031768154 0.025781617 0.42506886,
          -0.0063689011 0.047581382 0.44569126,
          -0.043428313 -0.019847833 0.26936528,
          -0.043428283 -0.014500001 0.26909998,
          -0.049297318 -0.014500001 0.27630442,
          0.029506698 0.049610928 0.47203559,
          -0.059973665 -0.043418575 0.33253297,
          -0.056841988 -0.04123741 0.29859659,
          -0.050296132 -0.0070548845 0.39711097,
          0.0065495814 0.05176371 0.45383754,
          -0.059131619 -0.043087598 0.31374002,
          -0.01556403 0.039969996 0.43657228,
          -0.054745849 -0.01962694 0.38186026,
          -0.05952961 -0.037838265 0.34874785,
          0.021907873 0.051325474 0.46264592,
          -0.049300086 -0.024127748 0.27724552,
          -0.039271235 0.011903364 0.4135623,
          -0.056841988 -0.037691288 0.2968578,
          -0.053604234 -0.03151207 0.28619498,
          -0.057641406 -0.029914469 0.36475256,
          -0.059131619 -0.040523577 0.31117767,
          -0.031768154 0.021649972 0.42104155,
          -0.024325671 0.029771762 0.42725521,
          -0.059973665 -0.040578961 0.32616559,
          0.01302431 0.050687328 0.4535498,
          -0.049300086 -0.019610606 0.2766726,
          0.0020329873 0.047884703 0.44580075,
          -0.045216266 -0.00063696917 0.40248406,
          0.03726064 0.045024883 0.48200002,
          0.037261635 0.044389829 0.47157067,
          -0.059131619 -0.037613623 0.30886745,
          -0.05952961 -0.037108704 0.34274232,
          -0.059973665 -0.038702521 0.32329041,
          -0.050296132 -0.012305846 0.38925797,
          -0.0063689011 0.041693948 0.4373478,
          0.029506698 0.047704753 0.46200487,
          -0.053604234 -0.02348651 0.28475484,
          0.0065495814 0.047557987 0.44568679,
          -0.056841988 -0.029927954 0.29456005,
          -0.057641406 -0.030919893 0.35843319,
          -0.031768154 0.017416677 0.41733137,
          -0.059131619 -0.034639474 0.30702132,
          -0.024325671 0.025628604 0.42346567,
          -0.054745849 -0.023429103 0.37268114,
          -0.059973665 -0.036627881 0.32074657,
          -0.01556403 0.032903641 0.42897123,
          -0.053604234 -0.019371714 0.28402215,
          -0.053603753 -0.014500001 0.28354684,
          -0.056841128 -0.014500001 0.29129207,
          -0.039271235 0.0050171381 0.40721759,
          0.021907873 0.047967553 0.4528209,
          -0.05952961 -0.035197705 0.33666679,
          0.049348928 0.032121029 0.48200002,
          0.044084612 0.038059056 0.4710069,
          0.044084545 0.038700055 0.48200002,
          -0.059973665 -0.034251504 0.31839707,
          -0.045216266 -0.0062753656 0.39535147,
          -0.057641406 -0.030886892 0.35280895,
          0.060000002 -0.016625397 0.31074798,
          0.060000002 -0.015559383 0.31054613,
          0.01302431 0.046479844 0.4453083,
          0.060000002 -0.014500001 0.31050003,
          0.059481435 -0.0098490566 0.48200002,
          0.0594844 -0.010515119 0.46668023,
          0.060000002 -0.0020000001 0.48200002,
          0.060000002 -0.0026626075 0.46737975,
          -0.056841988 -0.022800867 0.29278359,
          -0.05952961 -0.033845488 0.33386886,
          0.057943281 -0.017563647 0.48200002,
          0.059283759 -0.011909688 0.46655598,
          0.037261635 0.042480517 0.46107936,
          0.054847348 -0.02632579 0.48200002,
          0.057150509 -0.020938341 0.46575168,
          -0.024325671 0.021346945 0.42001814,
          0.0594844 -0.012466619 0.45133618,
          0.060000002 -0.0046075061 0.45273033,
          0.0020329873 0.041998785 0.43748653,
          0.059283759 -0.013862378 0.45108855,
          -0.054745849 -0.024952639 0.36678669,
          0.050896667 -0.033766445 0.48200002,
          0.054038703 -0.028742459 0.46505639,
          -0.059131619 -0.028079664 0.30432013,
          -0.059973665 -0.031807978 0.31645131,
          0.057150509 -0.022898858 0.4494853,
          0.0594844 -0.015889794 0.43566474,
          0.060000002 -0.0080228401 0.43777958,
          -0.050296132 -0.016725723 0.38087609,
          -0.01556403 0.028751589 0.42536837,
          0.059283759 -0.017286938 0.43528911,
          0.045361225 -0.041270871 0.48200002,
          0.049351722 -0.036795314 0.46433893,
          -0.056841988 -0.01911604 0.29188025,
          0.054038703 -0.030709939 0.44809926,
          -0.059128068 -0.014500001 0.30032936,
          -0.05952961 -0.032312952 0.33134544,
          -0.031768154 0.010303742 0.4116433,
          0.039438251 -0.047215916 0.48200002,
          0.044084631 -0.043373354 0.46375284,
          0.049351715 0.031477399 0.47042072,
          0.057150509 -0.026332375 0.43285713,
          0.029506698 0.044342916 0.45184842,
          0.0594844 -0.020184169 0.42180258,
          0.060000002 -0.01230732 0.42458171,
          -0.0063689011 0.034637719 0.42992136,
          0.059283759 -0.021583064 0.42130899,
          0.0065495814 0.041671667 0.43734089,
          0.049351722 -0.03877021 0.44666877,
          -0.057641406 -0.029891629 0.34702128,
          -0.039271235 -0.00096244167 0.40071976,
          0.032713328 -0.052293114 0.48200002,
          0.037261646 -0.049699474 0.4631891,
          0.054038703 -0.034151148 0.43075463,
          -0.054745849 -0.02552042 0.36149144,
          -0.05952961 -0.030527666 0.32895243,
          0.057150509 -0.030639781 0.41811308,
          0.021907873 0.043756086 0.44434997,
          0.044084612 0.036145531 0.45995671,
          0.044084631 -0.045354526 0.44550002,
          -0.059131619 -0.022000821 0.30215129,
          0.0594844 -0.026233327 0.40689349,
          0.060000002 -0.018336941 0.41043565,
          -0.050296132 -0.018784586 0.37542108,
          0.059283759 -0.027635705 0.40626436,
          -0.01556403 0.024432058 0.42212701,
          0.024552865 -0.056746002 0.48200002,
          0.02950668 -0.054915275 0.4627243,
          -0.057641406 -0.029056363 0.3442995,
          0.049351722 -0.042219292 0.42858469,
          -0.045216266 -0.011204143 0.38762608,
          -0.059973665 -0.026364824 0.31337556,
          -0.05952961 -0.028671792 0.32689622,
          0.054038703 -0.038468227 0.41535023,
          -0.0063689011 0.03048096 0.42642188,
          0.037261646 -0.05168695 0.44437569,
          0.01302431 0.040591449 0.43685788,
          0.057150509 -0.036715027 0.40219116,
          -0.024325671 0.014072379 0.41479808,
          0.044084631 -0.048809994 0.42681178,
          -0.059131619 -0.018817447 0.30104908,
          0.054038674 0.023421388 0.46970317,
          0.057149261 0.016269226 0.48200002,
          0.054038562 0.024071552 0.48200002,
          0.016655011 -0.059639551 0.48200002,
          0.021907674 -0.058529027 0.46240222,
          0.0594844 -0.033598538 0.3925308,
          0.060000002 -0.025664514 0.39687821,
          0.037261635 0.039113156 0.45044452,
          -0.057641406 -0.0280584 0.34179625,
          0.049351722 -0.046546258 0.41249889,
          0.0020329873 0.034945767 0.43009007,
          0.059283759 -0.035007618 0.39175868,
          -0.054745849 -0.025315074 0.35595217,
          0.02950668 -0.05690828 0.44344833,
          -0.031768154 0.0040053423 0.40573922,
          -0.050296132 -0.01997333 0.37046596,
          0.054038703 -0.04456313 0.39866999,
          0.037261646 -0.055148482 0.42510629,
          0.029506698 0.040126406 0.44307163,
          0.049351715 0.029559219 0.45878926,
          -0.045216266 -0.013703761 0.38253316,
          0.0074980683 -0.061526835 0.48200002,
          0.013023433 -0.061238889 0.46216059,
          -0.057641406 -0.026856037 0.33936033,
          0.044084631 -0.053144947 0.4101693,
          -0.039271235 -0.0063396553 0.3935726,
          0.021907674 -0.060526203 0.44280538,
          -0.054745849 -0.024925731 0.35329604,
          -0.059973665 -0.021258486 0.31084272,
          0.0594844 -0.041056585 0.37734839,
          0.060000002 -0.033242743 0.38269073,
          0.0065495814 0.034618042 0.42991045,
          0.049351722 -0.052661579 0.39503619,
          -0.0063689011 0.026140582 0.42329466,
          -0.05952961 -0.024465472 0.32340536,
          0.02950668 -0.060374737 0.42369953,
          0.0020329873 0.030788505 0.42660907,
          -0.0017880814 -0.061973065 0.48200002,
          0.0046928842 -0.062483225 0.46204954,
          0.059283759 -0.042444333 0.37639958,
          0.021907873 0.037861753 0.43563554,
          0.057150502 0.0156151 0.46900788,
          -0.01556403 0.017030589 0.41727424,
          0.037261646 -0.059491012 0.40792838,
          -0.057641406 -0.025579514 0.3371951,
          -0.054745849 -0.024388883 0.35081017,
          0.013023433 -0.063239686 0.44232264,
          -0.059973665 -0.01854017 0.30955616,
          -0.059973065 -0.014500001 0.30871192,
          0.044084631 -0.059277073 0.3920674,
          0.044084612 0.032771572 0.4487415,
          0.021907674 -0.06399598 0.42272425,
          -0.050296132 -0.020584572 0.36518344,
          -0.024325671 0.0075469059 0.40931743,
          -0.010170667 -0.061128069 0.48200002,
          -0.003707821 -0.062549524 0.4620434,
          -0.045216266 -0.015403988 0.37785834,
          0.037261635 0.034889564 0.44122633,
          -0.039271235 -0.0092273699 0.38879886,
          0.0594844 -0.045766555 0.36469138,
          0.060000002 -0.038273931 0.37096459,
          0.01302431 0.033534046 0.42931643,
          0.02950668 -0.06472338 0.40608007,
          -0.054745849 -0.023689372 0.34833723,
          0.059283759 -0.047097251 0.36357722,
          0.0065495814 0.030461984 0.42640996,
          0.049351722 -0.060154509 0.37797958,
          0.054038674 0.021497237 0.45735991,
          0.0046928842 -0.06448634 0.4421002,
          -0.031768154 -0.0017912937 0.39913243,
          -0.050296132 -0.020656204 0.36259523,
          0.037261646 -0.065639459 0.3892118,
          -0.05952961 -0.020436222 0.32046938,
          0.0020329873 0.02644462 0.42350212,
          0.013023433 -0.066711836 0.42199203,
          0.029506698 0.034223776 0.43400547,
          -0.054745849 -0.022912469 0.34607786,
          -0.012934788 -0.061249662 0.46215898,
          0.049351715 0.026178468 0.44697052,
          -0.019207949 -0.058841128 0.48200002,
          0.021907674 -0.068348721 0.40479878,
          -0.057641406 -0.022592735 0.33329469,
          -0.050296132 -0.020596029 0.3601273,
          0.044084631 -0.066802546 0.37433684,
          -0.0063689011 0.018668799 0.4186452,
          0.057150509 -0.05571273 0.35636401,
          -0.045216266 -0.016687965 0.37278745,
          -0.039271235 -0.011378204 0.38437113,
          -0.003707821 -0.064553991 0.44208691,
          -0.05952961 -0.018232794 0.31897882,
          -0.059526835 -0.014500001 0.31799808,
          0.0594844 -0.048667032 0.35250589,
          0.060000002 -0.041627243 0.35961968,
          -0.01556403 0.010327156 0.41212624,
          0.059283759 -0.049917318 0.35124248,
          0.01302431 0.029381538 0.42575142,
          0.02950668 -0.070885479 0.38685676,
          0.0065495814 0.026122218 0.42328146,
          0.0046928842 -0.067959413 0.42165464,
          0.044084612 0.028539553 0.43898803,
          -0.031768154 -0.0050416132 0.39465737,
          0.057150502 0.013684945 0.45597467,
          -0.050296132 -0.020416373 0.35761607,
          -0.0269532 -0.055603754 0.48200002,
          -0.021014931 -0.058856405 0.462372,
          0.021907873 0.03079325 0.42781454,
          0.044084631 -0.070654713 0.36479503,
          -0.024325671 0.0014511349 0.40309566,
          0.013023433 -0.071067445 0.403837,
          -0.045216266 -0.017139357 0.37025514,
          0.037261646 -0.073196605 0.37083328,
          -0.057641406 -0.019625418 0.32996124,
          0.054038703 -0.063160226 0.35012874,
          0.037261635 0.02897468 0.43165272,
          -0.054745849 -0.020977544 0.34182402,
          -0.012934788 -0.063254476 0.44231597,
          -0.045216266 -0.01747187 0.36780202,
          0.021907674 -0.074520484 0.3852244,
          -0.050296132 -0.020155804 0.35525936,
          0.057150509 -0.058012247 0.34306261,
          0.054038674 0.018108243 0.44480231,
          -0.039271235 -0.013254969 0.37948668,
          0.0594844 -0.050026923 0.34014833,
          0.060000002 -0.043580886 0.34802917,
          0.01302431 0.025055153 0.4225516,
          0.044084631 -0.073758692 0.35499063,
          0.049351722 -0.067210972 0.35946706,
          0.0020329873 0.018960265 0.4188886,
          0.059283759 -0.05117175 0.33874869,
          -0.031768154 -0.0076137604 0.39046085,
          -0.057641406 -0.017929452 0.32826969,
          -0.003707821 -0.068026803 0.4216345,
          -0.05763955 -0.014500001 0.32715502,
          -0.054746002 -0.014500001 0.33505288,
          0.049351715 0.021937802 0.43666044,
          0.037261646 -0.077030063 0.36091051,
          0.021907873 0.026649341 0.42408639,
          -0.024325671 -0.0020573868 0.39883375,
          -0.034195572 -0.051297314 0.48200002,
          -0.029447822 -0.054928295 0.46272171,
          0.0046928842 -0.07231608 0.40339404,
          -0.0063689011 0.011867232 0.41368178,
          0.02950668 -0.07846918 0.36794424,
          -0.045216266 -0.017720517 0.3652592,
          -0.039271235 -0.014040999 0.37700367,
          0.049351722 -0.070845678 0.34369439,
          0.029506698 0.02713958 0.42581242,
          -0.021014931 -0.06086047 0.44273937,
          -0.01556403 0.0039963769 0.40620631,
          0.0594844 -0.049408015 0.33252579,
          0.060000002 -0.043477274 0.34082872,
          0.0065495814 0.018651078 0.41862941,
          -0.054745849 -0.018926069 0.33814779,
          0.054038703 -0.065009885 0.33599165,
          -0.039271235 -0.014719523 0.37456357,
          0.013023433 -0.077246748 0.38399938,
          -0.045216266 -0.017885175 0.3628222,
          0.044084612 0.022609575 0.42879918,
          0.059283759 -0.050461337 0.3310512,
          0.057150502 0.010288016 0.44270095,
          -0.050296132 -0.019308098 0.35063991,
          0.037261646 -0.080056399 0.35068521,
          -0.031768154 -0.010044944 0.3857508,
          0.057150509 -0.058583844 0.32968703,
          -0.024325671 -0.004929868 0.39480221,
          -0.012934788 -0.066725627 0.42198199,
          0.021907873 0.022356579 0.42070609,
          0.02950668 -0.082287319 0.35770729,
          -0.054745849 -0.017667586 0.33628312,
          0.029506698 0.023006929 0.42186671,
          -0.041400019 -0.045428284 0.48200002,
          -0.037210096 -0.0497148 0.46318594,
          -0.039271235 -0.015345598 0.37199295,
          0.021907674 -0.082123056 0.36594215,
          0.054038674 0.013857103 0.43381089,
          -0.01556403 0.00028557846 0.4021121,
          -0.003707821 -0.072383039 0.40336794,
          0.0020329873 0.012141891 0.41395867,
          0.044084631 -0.077124186 0.33843803,
          0.0594844 -0.047511224 0.32589197,
          0.060000002 -0.042177632 0.33452168,
          -0.031768154 -0.011143942 0.38331392,
          0.059283759 -0.048458494 0.32435933,
          0.037261635 0.021867165 0.42292336,
          0.01302431 0.017627824 0.4177722,
          -0.029447822 -0.056930397 0.44343519,
          -0.0063689011 0.0054060132 0.40792859,
          -0.039271235 -0.015884798 0.36948508,
          -0.050296132 -0.018203165 0.34660938,
          0.049351722 -0.072231248 0.32869473,
          0.0046928842 -0.078499228 0.38343558,
          0.049351715 0.015991963 0.425832,
          0.057150509 -0.057281118 0.32150394,
          -0.045216266 -0.017933017 0.35790139,
          0.02950668 -0.085249692 0.34713492,
          -0.031768154 -0.012146065 0.38088599,
          -0.024325671 -0.0077564488 0.39021662,
          0.054038703 -0.064991139 0.32185394,
          0.0065495814 0.011851829 0.41366521,
          0.029506698 0.018758869 0.41824597,
          -0.021014931 -0.064328924 0.42262426,
          -0.01556403 -0.0028226438 0.39821029,
          -0.04706566 -0.039209075 0.48200002,
          -0.043428313 -0.04404356 0.46369097,
          -0.050296132 -0.017396647 0.34456596,
          -0.050293118 -0.014500001 0.34321332,
          0.021907674 -0.08593069 0.35548744,
          -0.04521592 -0.014500001 0.34993824,
          0.037261635 0.0177506 0.41866365,
          0.0594844 -0.044076107 0.31934017,
          0.060000002 -0.039527461 0.32821661,
          0.057150502 0.0060268161 0.43104926,
          0.013023433 -0.08486414 0.36444026,
          -0.031768154 -0.013125174 0.37828928,
          -0.024325671 -0.0090786442 0.38781261,
          0.037261646 -0.083162948 0.33338252,
          0.044084612 0.015473246 0.41941977,
          0.059283759 -0.044883963 0.31776369,
          -0.0063689011 0.0015837919 0.40392771,
          -0.012934788 -0.071079649 0.40382507,
          0.021907873 0.015040106 0.41560498,
          -0.037210096 -0.051713768 0.4443593,
          0.0020329873 0.0056570019 0.40823436,
          -0.045216266 -0.01760767 0.35357907,
          0.044084631 -0.078130774 0.32273358,
          0.057150509 -0.054591648 0.3144362,
          0.01302431 0.010891049 0.41269383,
          -0.039271235 -0.016721619 0.36429852,
          0.054038703 -0.063176565 0.31325099,
          -0.031768154 -0.014014469 0.37571511,
          -0.003707821 -0.078567103 0.38340312,
          -0.024325671 -0.010311533 0.38539332,
          0.021907674 -0.088848799 0.34467459,
          0.054038674 0.0078916922 0.42219958,
          0.049351722 -0.071603194 0.31377068,
          -0.01556403 -0.0059598312 0.39372256,
          0.0594844 -0.039440062 0.31385788,
          0.060000002 -0.035792764 0.32281688,
          0.037261635 0.013566949 0.41469583,
          -0.045216266 -0.017173212 0.35138863,
          -0.052273955 -0.031446785 0.48200002,
          -0.049300086 -0.036836099 0.46433288,
          -0.024325671 -0.011542452 0.38277808,
          -0.029447822 -0.060394589 0.42367977,
          -0.0063689011 -0.0016549688 0.40009815,
          0.0065495814 0.0053911298 0.40790871,
          0.013023433 -0.088664055 0.35382217,
          0.044084612 0.01137606 0.41477922,
          0.059283759 -0.040087827 0.31226677,
          0.049351715 0.0088252909 0.41577697,
          0.0046928842 -0.086124316 0.36374983,
          -0.01556403 -0.0074573569 0.39134437,
          0.029506698 0.011590227 0.412716,
          -0.021014931 -0.068679407 0.40466949,
          0.0020329873 0.0018158833 0.40425089,
          0.057150509 -0.050114408 0.30755675,
          -0.039271235 -0.017082999 0.35971919,
          -0.024325671 -0.012681209 0.38015646,
          -0.031768154 -0.015589006 0.37027967,
          -0.043428313 -0.046038769 0.44536498,
          0.054038703 -0.059893548 0.30585819,
          0.057150502 4.2309737e-005 0.41867933,
          0.021907873 0.0084606009 0.41023713,
          0.02950668 -0.088142678 0.32921377,
          0.037261646 -0.083805181 0.31700003,
          0.049351722 -0.069260634 0.30473429,
          -0.01556403 -0.0088715013 0.38893187,
          -0.039271235 -0.016976094 0.35739937,
          0.044084631 -0.077004842 0.30716735,
          -0.03927087 -0.014500001 0.35586125,
          0.01302431 0.0045109894 0.40683183,
          -0.012934788 -0.077261329 0.38398665,
          -0.0063689011 -0.0049645188 0.39566478,
          0.0065495814 0.0015718968 0.4039084,
          0.013023433 -0.091549046 0.34282884,
          0.0594844 -0.033853851 0.30965367,
          0.060000002 -0.031202918 0.31848249,
          0.044084612 0.0072704465 0.41039056,
          -0.053604234 -0.029587764 0.46497849,
          0.049351715 0.0047481665 0.41074046,
          -0.056198981 -0.023014963 0.48200002,
          0.0020329873 -0.0014460849 0.40043476,
          -0.037210096 -0.05517244 0.42508161,
          -0.01556403 -0.010300284 0.38630196,
          0.0046928842 -0.089920893 0.35305658,
          0.054038674 0.00068750972 0.41131786,
          0.037261635 0.0066116741 0.40854707,
          0.059283759 -0.034324665 0.30808565,
          -0.0063689011 -0.0065593319 0.39330095,
          -0.031768154 -0.01659237 0.3654601,
          0.057150509 -0.044281721 0.30196491,
          -0.024325671 -0.014781651 0.37454325,
          -0.003707821 -0.086194284 0.36371157,
          0.029506698 0.0052199787 0.40696183,
          0.054038703 -0.054635886 0.29873338,
          -0.01556403 -0.011634699 0.38364294,
          -0.029447822 -0.064739592 0.406057,
          0.0065495814 -0.0016654182 0.40007916,
          -0.049300086 -0.038826231 0.44664344,
          0.01302431 0.00076302671 0.40277469,
          -0.0063689011 -0.0080740256 0.39089221,
          0.049351722 -0.065365106 0.29700595,
          0.049351715 0.00072363659 0.40591422,
          0.02950668 -0.088484667 0.31227195,
          -0.031768154 -0.016791428 0.36301962,
          0.021907674 -0.091593772 0.32632485,
          0.044084631 -0.074231133 0.29777667,
          0.021907873 0.0022849829 0.40410921,
          0.037261646 -0.082200274 0.3008163,
          0.0020329873 -0.0047868527 0.39601144,
          -0.021014931 -0.074855886 0.38506371,
          0.054038674 -0.0033651483 0.40579662,
          0.057150502 -0.0071985214 0.4069967,
          -0.058585543 -0.014934444 0.48200002,
          -0.056841988 -0.021838522 0.46566868,
          0.0594844 -0.027605549 0.30682743,
          -0.0063689011 -0.0096126841 0.38825411,
          0.044084612 0.00057395292 0.40349147,
          0.0046928842 -0.092790782 0.34198031,
          -0.024325671 -0.016242551 0.36955243,
          0.0020329873 -0.0063992753 0.3936502,
          -0.043428313 -0.049491528 0.42660716,
          0.01302431 -0.00239272 0.39890134,
          0.059283759 -0.02789068 0.30532175,
          0.0065495814 -0.0049741641 0.39564586,
          -0.003707821 -0.08999107 0.35301402,
          -0.01556403 -0.014147982 0.37788969,
          0.057150509 -0.037372846 0.29793361,
          0.037261635 0.00054309808 0.40223518,
          0.054038703 -0.047907058 0.29305947,
          -0.0063689011 -0.011055222 0.38557407,
          0.021907873 -0.0012837695 0.39990735,
          0.049351722 -0.059301954 0.28962782,
          0.0020329873 -0.0079321256 0.39124209,
          -0.024325671 -0.016659394 0.36702624,
          -0.053604234 -0.031572536 0.44792947,
          0.054038674 -0.0072904727 0.40043467,
          -0.037210096 -0.059510373 0.40789962,
          0.029506698 -0.00068279204 0.40047988,
          0.0065495814 -0.0065685026 0.39328197,
          -0.012934788 -0.084884241 0.36442947,
          0.044084631 -0.069835246 0.28977409,
          0.057150502 -0.011227541 0.40100572,
          0.049351715 -0.0057037724 0.39823499,
          0.0020329873 -0.0094908029 0.38860244,
          0.021907674 -0.091727898 0.30899522,
          0.037261646 -0.079012141 0.29108468,
          0.01302431 -0.0055948012 0.39443469,
          0.0594844 -0.02179065 0.30456027,
          0.0065495814 -0.0080826236 0.39087313,
          -0.01556403 -0.015967866 0.37276459,
          -0.029447822 -0.070907079 0.38683301,
          0.021907873 -0.0042332569 0.39592192,
          0.059283759 -0.021914095 0.3031151,
          0.044084612 -0.0051290207 0.39650288,
          -0.059884384 -0.0057062996 0.48200002,
          -0.059131619 -0.012797463 0.46647403,
          0.029506698 -0.0040132077 0.39608455,
          -0.049300086 -0.042271547 0.42854652,
          -0.003707821 -0.092860356 0.34193316,
          0.01302431 -0.0071289139 0.39206195,
          0.0020329873 -0.010952221 0.38591823,
          0.054038703 -0.040007778 0.28915772,
          0.057150502 -0.01505677 0.39512467,
          0.057150509 -0.029736711 0.29557347,
          0.0065495814 -0.009620999 0.38823494,
          0.0594844 -0.018718209 0.30342314,
          -0.01556403 -0.016555211 0.37017143,
          0.05928012 -0.014500001 0.30125543,
          0.037261635 -0.0049657049 0.39524263,
          -0.012934788 -0.088685386 0.35380986,
          0.01302431 -0.0085807145 0.38965067,
          0.054038674 -0.013388474 0.39180058,
          0.044084631 -0.06311395 0.28218898,
          0.0065495814 -0.01106168 0.38555431,
          0.021907873 -0.0071649812 0.39137048,
          -0.043428313 -0.053821906 0.40990472,
          0.029506698 -0.0066877264 0.39194939,
          -0.056841988 -0.023817355 0.44930458,
          0.049351715 -0.011026787 0.39054272,
          0.059283759 -0.018764377 0.3020086,
          0.057149261 -0.014500001 0.29223078,
          -0.021014931 -0.082469068 0.36575294,
          0.01302431 -0.01005131 0.38701746,
          0.037261635 -0.0079526138 0.39056784,
          0.037261646 -0.074134983 0.2828182,
          0.021907873 -0.0085464567 0.38897526,
          0.02950668 -0.082955047 0.28556624,
          0.044084612 -0.010159864 0.38889143,
          0.01302431 -0.011423808 0.38434911,
          -0.053604234 -0.035010431 0.43049732,
          0.057150502 -0.020835534 0.38556522,
          -0.037210096 -0.065665625 0.38918233,
          0.021907873 -0.009840358 0.386558,
          0.0065495814 -0.01380126 0.37972131,
          -0.05981487 0.0026905569 0.48200002,
          -0.059973665 -0.0044095702 0.4672212,
          0.029506698 -0.0092586726 0.3872847,
          0.057150509 -0.022713346 0.29375863,
          0.037261635 -0.010230331 0.38621619,
          -0.012934788 -0.091570884 0.34281522,
          0.054038703 -0.031332452 0.28714687,
          0.054038674 -0.018246541 0.38324669,
          0.021907873 -0.011139021 0.38393736,
          0.049351722 -0.042726878 0.28010133,
          0.044084631 -0.054704528 0.2763612,
          0.049351722 -0.051648233 0.28386924,
          0.029506698 -0.010436468 0.3848595,
          -0.021014931 -0.086277798 0.35527712,
          0.037261646 -0.066780537 0.27503389,
          0.044084612 -0.012730541 0.38387734,
          -0.049300086 -0.046592452 0.41245356,
          0.049351715 -0.015560545 0.38228795,
          0.021907873 -0.012339489 0.38130072,
          -0.059131619 -0.014769139 0.45090923,
          -0.029447822 -0.078503259 0.36792606,
          0.029506698 -0.011519693 0.38243425,
          0.057150509 -0.019063445 0.29285014,
          0.037261635 -0.012280372 0.38138795,
          0.054038562 -0.014500001 0.28442845,
          0.02950668 -0.077681027 0.27708188,
          0.057150502 -0.025243171 0.37617624,
          0.044084612 -0.014527044 0.37926298,
          -0.056841988 -0.027247369 0.43258327,
          0.029506698 -0.012588846 0.37983042,
          0.049351715 -0.017698696 0.37692085,
          -0.043428313 -0.059963644 0.39173856,
          0.037261635 -0.013164093 0.37891945,
          0.054038674 -0.022171687 0.37420461,
          0.054038703 -0.023404285 0.28567064,
          -0.021014931 -0.089192927 0.34444144,
          0.029506698 -0.01356019 0.37723625,
          0.044084631 -0.044948179 0.27270275,
          0.037261635 -0.013943163 0.3764827,
          -0.058565922 0.011023059 0.48200002,
          -0.05952961 0.0048804008 0.46804875,
          0.049351722 -0.032979142 0.27845111,
          0.044084612 -0.01594515 0.37423629,
          0.037261646 -0.057644121 0.26913956,
          -0.053604234 -0.039321907 0.4150174,
          0.049351715 -0.018994862 0.37203321,
          0.037261635 -0.014680885 0.37390319,
          -0.029447822 -0.082324222 0.3576864,
          0.054038674 -0.02378061 0.36840522,
          0.044084612 -0.016472118 0.37171525,
          0.054038703 -0.019322205 0.28493318,
          0.057150502 -0.028578429 0.36637139,
          -0.059973665 -0.0063744099 0.45239818,
          0.029506698 -0.015314749 0.37172985,
          -0.037210096 -0.073238529 0.37081093,
          0.037261635 -0.015321749 0.37137055,
          0.044084612 -0.016882222 0.36926451,
          0.049351715 -0.019755764 0.36680004,
          0.054038674 -0.024464309 0.36318287,
          -0.049300086 -0.052716829 0.39498785,
          0.057150502 -0.029674688 0.36015287,
          0.044084612 -0.017217822 0.36671457,
          -0.059131619 -0.018190015 0.43501741,
          0.049351715 -0.019911714 0.36422437,
          0.049351722 -0.024117345 0.27732432,
          0.044084631 -0.034324348 0.2713474,
          0.037261635 -0.016381705 0.36609587,
          0.037261646 -0.047084633 0.2655865,
          0.049351715 -0.019938115 0.36175916,
          -0.029447822 -0.085287884 0.34711176,
          0.044084612 -0.017458035 0.36425671,
          0.054038674 -0.024420569 0.35769689,
          -0.056841988 -0.031548847 0.41775882,
          0.057150502 -0.029764861 0.35460606,
          -0.055857249 0.019907836 0.48200002,
          -0.057641406 0.014039755 0.46886474,
          0.049351715 -0.019855481 0.35923991,
          0.054038674 -0.024122274 0.35505435,
          -0.037210096 -0.077075556 0.36088482,
          0.037261635 -0.016932672 0.36144587,
          -0.043428313 -0.067510761 0.3739495,
          0.049351715 -0.019679215 0.35685995,
          0.049351722 -0.01958951 0.27676317,
          0.044084612 -0.017675593 0.35926351,
          0.049348928 -0.014500001 0.27637899,
          0.044084545 -0.014500001 0.26979998,
          0.054038674 -0.023678903 0.35257134,
          0.057150502 -0.028941246 0.34887502,
          0.037261635 -0.016906561 0.35909986,
          0.035112225 -0.014500001 0.35914895,
          0.041581891 -0.014500001 0.35375425,
          0.054038674 -0.02308418 0.35008976,
          -0.05952961 0.0029233473 0.4540475,
          0.02950668 -0.05448715 0.26106966,
          0.057150502 -0.028202688 0.34616762,
          0.044084612 -0.017492523 0.35488832,
          0.049351715 -0.01902087 0.35215974,
          0.054038674 -0.022398185 0.34780523,
          -0.053604234 -0.045428682 0.39825606,
          0.044084631 -0.024699915 0.27050605,
          0.057150502 -0.027304018 0.34366745,
          0.044084612 -0.0171146 0.35268223,
          0.047757838 -0.014500001 0.34681565,
          -0.059973665 -0.0097868573 0.43727604,
          0.057150502 -0.026212938 0.34122238,
          0.049351715 -0.018074689 0.34807017,
          0.057150502 -0.025033051 0.33903041,
          0.037261646 -0.035618145 0.26451513,
          0.054038674 -0.020667616 0.34346402,
          0.02950668 -0.04884639 0.25971806,
          0.049351715 -0.017331248 0.34600934,
          0.052822065 -0.014500001 0.33895296,
          0.054038674 -0.018787384 0.33972406,
          -0.037210096 -0.080103524 0.35065672,
          0.057150502 -0.022263406 0.33503732,
          0.054038674 -0.017596778 0.3378408,
          0.056282293 -0.014500001 0.33129057,
          -0.052240737 0.027505625 0.48200002,
          -0.054745849 0.021939088 0.46956849,
          -0.043428313 -0.071365155 0.3643645,
          0.051063251 -0.060165204 0.37346482,
          -0.059131619 -0.02247992 0.42095771,
          0.051863484 -0.065424129 0.3545509,
          0.051863484 -0.068117641 0.33957362,
          0.051863484 -0.068772987 0.32489365,
          0.044084631 -0.019808145 0.2700887,
          0.032167226 -0.084928341 0.34235319,
          -0.049300086 -0.060230739 0.37793866,
          0.033471331 -0.084623799 0.34003299,
          0.034756012 -0.084226951 0.33776215,
          0.024474919 -0.088997662 0.33937964,
          0.025747493 -0.088925801 0.33678016,
          0.027011108 -0.08875864 0.33421665,
          0.018957157 -0.091110513 0.33783576,
          0.02950668 -0.060068201 0.26318404,
          0.021907674 -0.055936456 0.25695902,
          0.017475408 -0.09206032 0.33441019,
          0.021907674 -0.061748158 0.25905636,
          0.01599147 -0.092889003 0.33098534,
          -0.057641406 0.012090601 0.4556739,
          0.01022444 -0.093273506 0.33625546,
          0.041919246 -0.077135637 0.29855713,
          -0.056841988 -0.037636682 0.40175053,
          0.040793795 -0.078499608 0.29903927,
          0.032167226 -0.086076424 0.30249414,
          0.0088316724 -0.093966305 0.33296925,
          0.013023433 -0.094182931 0.32415769,
          0.051863484 -0.053536985 0.29099029,
          0.01599147 -0.093750201 0.31888989,
          0.017475408 -0.093386754 0.31632936,
          0.013023433 -0.094161414 0.30653679,
          0.018957157 -0.092927359 0.31382379,
          0.007444812 -0.094546698 0.32968864,
          0.024474919 -0.090298586 0.3041909,
          0.037261646 -0.025260296 0.26394826,
          0.025747493 -0.089465253 0.30188343,
          0.034756012 -0.081798933 0.29233477,
          0.021907674 -0.050067298 0.25565091,
          0.027011108 -0.088559963 0.29964277,
          0.02950668 -0.086484641 0.29557925,
          -0.043428313 -0.074463032 0.35451347,
          0.021907674 -0.089453876 0.29195005,
          0.033471331 -0.083085753 0.29305831,
          0.032167226 -0.08429753 0.29384395,
          0.01022444 -0.094963007 0.3178091,
          0.0046928842 -0.095373556 0.32316145,
          0.02950668 -0.036685001 0.25888121,
          -0.00090395787 -0.094131283 0.33562914,
          0.00048107369 -0.094603904 0.33248743,
          0.051863484 -0.045636192 0.28616533,
          -0.05952961 -0.00047981887 0.43977794,
          0.0018734504 -0.094968662 0.32935873,
          -0.003707821 -0.095440187 0.32310626,
          0.013023433 -0.063008539 0.25595903,
          0.046838343 -0.057370711 0.28264022,
          0.0088316724 -0.095195547 0.31466621,
          -0.049300086 -0.064107105 0.36878729,
          0.01599147 -0.092962585 0.30132142,
          0.017475408 -0.092225596 0.29881343,
          0.013023433 -0.091681629 0.28922755,
          0.018957157 -0.091403686 0.29637781,
          -0.047024883 0.03526064 0.48200002,
          -0.050296132 0.030103309 0.47029585,
          -0.059973665 -0.014066109 0.42392591,
          0.027011108 -0.085438974 0.28747806,
          0.025747493 -0.086564712 0.28852165,
          0.021907674 -0.085687935 0.28174174,
          0.024474919 -0.087610438 0.28961885,
          -0.053604234 -0.05290886 0.38195071,
          0.007444812 -0.095324978 0.31154919,
          0.0018734504 -0.095758855 0.31710035,
          -0.0098300288 -0.093340158 0.33620775,
          0.037261646 -0.02001876 0.26366898,
          0.041919246 -0.058745869 0.27550861,
          0.03726064 -0.014500001 0.26347515,
          0.040793795 -0.060771167 0.27523372,
          -0.0082864342 -0.09404365 0.33291146,
          0.039641503 -0.062790051 0.27506247,
          -0.0067506074 -0.094627522 0.32962602,
          -0.012934788 -0.094203644 0.32414222,
          0.013023433 -0.057023581 0.25387454,
          0.034756012 -0.070588477 0.27531558,
          0.033471331 -0.072436266 0.27560923,
          0.032167226 -0.074238285 0.27600297,
          0.02950668 -0.069804288 0.26913324,
          0.00048107369 -0.095801197 0.31411001,
          0.0046928842 -0.095280871 0.30540624,
          -0.054745849 0.019996943 0.45707685,
          0.025747493 -0.0819638 0.27910554,
          0.021907674 -0.080138907 0.27310625,
          0.007444812 -0.094455004 0.2997137,
          0.018957157 -0.088052817 0.28399104,
          0.0088316724 -0.093904443 0.29694593,
          -0.059131619 -0.028545523 0.405828,
          0.017475408 -0.089099906 0.28521612,
          0.013023433 -0.087738812 0.27887234,
          0.01022444 -0.093267843 0.29423738,
          0.0046928842 -0.092706174 0.28797603,
          0.01599147 -0.090054758 0.28650191,
          -0.00090395787 -0.095745638 0.31115082,
          0.02950668 -0.025722466 0.25854063,
          0.027011108 -0.076135218 0.27274764,
          -0.0067506074 -0.095430173 0.31739435,
          -0.003707821 -0.09534429 0.30534279,
          0.021907674 -0.037424307 0.25497693,
          0.034756012 -0.061758701 0.26868612,
          -0.049300086 -0.067293778 0.35941538,
          -0.018328624 -0.091314286 0.33768877,
          0.033471331 -0.063804269 0.26862717,
          0.032167226 -0.065831885 0.26868224,
          0.013023433 -0.050983232 0.25259927,
          0.018957157 -0.084843017 0.27761826,
          -0.016981013 -0.092206307 0.33430117,
          -0.040700056 0.042084545 0.48200002,
          -0.045216266 0.036827538 0.47089499,
          -0.021014931 -0.091923386 0.32605198,
          -0.015632035 -0.092985637 0.33091113,
          -0.053604234 -0.056807242 0.37323543,
          0.025747493 -0.075213909 0.27069336,
          -0.0082864342 -0.095270678 0.31459907,
          0.013023433 -0.068394512 0.25862828,
          0.0046928842 -0.063588135 0.25453407,
          0.017475408 -0.084270969 0.27564439,
          0.0046928842 -0.069047242 0.25720599,
          0.024474919 -0.074198365 0.26872122,
          -0.057641406 0.0086965291 0.44224507,
          -0.00090395787 -0.094855398 0.29928207,
          0.00048107369 -0.094466664 0.29632005,
          0.01022444 -0.089766599 0.28170538,
          -0.056841988 -0.045080509 0.38624024,
          0.0088316724 -0.090641938 0.28320608,
          0.0046928842 -0.088682607 0.27755275,
          -0.003707821 -0.092763737 0.28790674,
          0.0018734504 -0.093988262 0.29340994,
          0.007444812 -0.091424093 0.28475633,
          0.01599147 -0.083602116 0.27373457,
          0.02950668 -0.020192835 0.25837496,
          0.029505624 -0.014500001 0.2582593,
          0.021907836 -0.014500001 0.25464278,
          -0.023865514 -0.089263938 0.3391875,
          -0.0098300288 -0.095009103 0.31185105,
          0.027011108 -0.064110324 0.26336071,
          -0.05952961 -0.0047473544 0.42721373,
          0.025747493 -0.066105068 0.26361555,
          0.024474919 -0.068072796 0.26398179,
          0.0046928842 -0.057523202 0.2524555,
          0.021907674 -0.071900018 0.26504359,
          -0.025278376 -0.08914303 0.33661795,
          0.01022444 -0.086452551 0.27526119,
          0.013023433 -0.081983447 0.27012318,
          0.018957157 -0.075517423 0.26631182,
          -0.050296132 0.028168632 0.45852703,
          0.017475408 -0.07723818 0.26711103,
          0.013023433 -0.073472604 0.26197487,
          0.01599147 -0.078892976 0.26801541,
          -0.018328624 -0.093100347 0.31947291,
          -0.016981013 -0.093528777 0.3162027,
          0.0088316724 -0.085674651 0.27353939,
          -0.059973665 -0.020110963 0.40961128,
          -0.015632035 -0.093851492 0.31295064,
          -0.012934788 -0.094183378 0.30651662,
          -0.021014931 -0.092041723 0.30868143,
          -0.026680797 -0.088921301 0.33409175,
          -0.029447822 -0.088178791 0.32918778,
          0.0018734504 -0.090429343 0.28082234,
          -0.0098300288 -0.094154708 0.30003631,
          0.00048107369 -0.091158547 0.28253356,
          -0.003707821 -0.088736735 0.27747869,
          0.021907674 -0.026042834 0.25479317,
          -0.053604234 -0.060083181 0.36434555,
          -0.0082864342 -0.093974419 0.2968666,
          -0.00090395787 -0.091791414 0.28428894,
          -0.012934788 -0.091700166 0.2892082,
          -0.0067506074 -0.09369076 0.29375112,
          -0.034121029 0.047348928 0.48200002,
          -0.039271235 0.042750888 0.47142279,
          0.007444812 -0.084810227 0.27187815,
          -0.032110602 -0.084966376 0.34232876,
          0.018957157 -0.067534655 0.26050144,
          -0.056841988 -0.049002364 0.37799132,
          -0.033415902 -0.084662251 0.34000659,
          0.0018734504 -0.087075308 0.27435023,
          0.0046928842 -0.082832374 0.26875097,
          0.013023433 -0.037978895 0.25204808,
          0.0046928842 -0.051404364 0.25119561,
          0.01022444 -0.076868199 0.26384458,
          0.0046928842 -0.074196123 0.26056299,
          -0.054745849 0.016610665 0.44437316,
          0.0088316724 -0.078469642 0.26493207,
          0.007444812 -0.080000475 0.26611546,
          -0.025278376 -0.09062399 0.31887615,
          0.00048107369 -0.086145408 0.27283454,
          -0.029447822 -0.088524282 0.31223652,
          -0.023865514 -0.091210589 0.31545854,
          0.021907674 -0.020313889 0.25470588,
          -0.034701832 -0.084267147 0.33773378,
          -0.059131619 -0.035946626 0.39124519,
          -0.018328624 -0.092358664 0.30197015,
          -0.049300086 -0.07092423 0.34363577,
          -0.043428313 -0.077798814 0.33787954,
          -0.0067506074 -0.090156727 0.28118768,
          -0.016981013 -0.092357874 0.29866323,
          -0.0082864342 -0.090706818 0.28312418,
          -0.012934788 -0.087759495 0.27884871,
          -0.00090395787 -0.085135013 0.27138025,
          -0.003707821 -0.082881212 0.2686733,
          -0.015632035 -0.092256643 0.29539707,
          -0.057641406 0.0044404548 0.4304558,
          -0.021014931 -0.089738652 0.29160738,
          -0.0098300288 -0.091148421 0.2851105,
          -0.032110602 -0.087059446 0.32486066,
          -0.037210096 -0.083207496 0.3333506,
          -0.040416319 -0.079293929 0.34406632,
          -0.045216266 0.034899227 0.45972174,
          0.0018734504 -0.077390656 0.26289064,
          -0.0067506074 -0.086819932 0.27472633,
          0.00048107369 -0.078882463 0.26420209,
          -0.00090395787 -0.080298074 0.2656056,
          -0.033415902 -0.086374618 0.32278663,
          0.018957157 -0.046256337 0.25398991,
          -0.043428313 -0.078773066 0.32209134,
          -0.037210096 -0.083854221 0.31695628,
          -0.0082864342 -0.085735269 0.27345189,
          -0.026680797 -0.089397974 0.30515838,
          -0.056841988 -0.0523737 0.36961672,
          -0.025278376 -0.08966206 0.30165997,
          -0.029447822 -0.086517356 0.29554677,
          -0.015632035 -0.08883968 0.282947,
          -0.023865514 -0.089815706 0.29819891,
          -0.016981013 -0.089222617 0.28506154,
          -0.021014931 -0.085955918 0.28137538,
          0.013023433 -0.02628329 0.25198185,
          -0.018328624 -0.089500375 0.28721416,
          -0.034701832 -0.08561001 0.32077628,
          -0.05952961 -0.010769108 0.41380185,
          -0.0098300288 -0.084569231 0.27225211,
          0.017475408 -0.044363197 0.25337979,
          -0.026071552 0.052038562 0.48200002,
          -0.031768154 0.048288412 0.47191626,
          -0.0067506074 -0.080056787 0.26602042,
          -0.015632035 -0.085584037 0.27653953,
          -0.012934788 -0.082002543 0.27009645,
          0.0046928842 -0.038233824 0.25070164,
          -0.032110602 -0.086729378 0.30803213,
          -0.016981013 -0.084385842 0.27547902,
          -0.059131619 -0.039895799 0.38354033,
          0.01022444 -0.046903141 0.25154686,
          -0.033415902 -0.085718349 0.30604425,
          -0.023865514 -0.086597398 0.28594103,
          -0.050296132 0.024790354 0.44657302,
          -0.025278376 -0.086747289 0.28829166,
          -0.029447822 -0.082993351 0.2855247,
          -0.026680797 -0.086783707 0.29068097,
          -0.053604234 -0.064010009 0.34942508,
          -0.018328624 -0.083117425 0.2744866,
          0.0088316724 -0.044894751 0.25122771,
          -0.034701832 -0.084639415 0.30414081,
          -0.037210096 -0.082240678 0.30077639,
          -0.023865514 -0.083479457 0.27962571,
          -0.059973665 -0.027472161 0.39588875,
          -0.021014931 -0.080380723 0.27272186,
          -0.015632035 -0.076138176 0.2651799,
          -0.021014931 -0.067157835 0.26131907,
          -0.021014931 -0.072103813 0.26464626,
          0.013023433 -0.020405304 0.25195295,
          0.01302306 -0.014500001 0.25193408,
          0.0046905568 -0.014500001 0.25068516,
          -0.016981013 -0.077337928 0.26693758,
          -0.018328624 -0.078447819 0.26878342,
          -0.025278376 -0.082134701 0.27885944,
          0.0018734504 -0.047153927 0.25060314,
          -0.039271235 0.040828414 0.46077436,
          -0.032110602 -0.08319626 0.29048166,
          -0.033415902 -0.083125964 0.29301658,
          -0.037210096 -0.07905969 0.29103339,
          -0.054745849 0.012364398 0.43325227,
          -0.026680797 -0.080723576 0.27816996,
          0.00048107369 -0.045073118 0.25050792,
          -0.003707821 -0.038247913 0.25062698,
          -0.032110602 -0.08028689 0.28430647,
          -0.029447822 -0.077716619 0.27703375,
          -0.049300086 -0.072314575 0.3286182,
          -0.023865514 -0.074371204 0.26840854,
          -0.029447822 -0.06510637 0.26578641,
          -0.029447822 -0.069831289 0.26908103,
          -0.025278376 -0.075362302 0.27043524,
          -0.026680797 -0.076252773 0.27255201,
          -0.033415902 -0.078840986 0.28380463,
          -0.034701832 -0.077338316 0.28337801,
          -0.037210096 -0.074179173 0.28275856,
          0.0046928842 -0.026393997 0.25068936,
          -0.012934788 -0.037982736 0.25202698,
          -0.032110602 -0.074274108 0.27594885,
          -0.018269226 0.055149261 0.48200002,
          -0.024325671 0.052235041 0.47226802,
          -0.033415902 -0.072471827 0.27555227,
          -0.059131619 -0.043378398 0.37576696,
          -0.043428313 -0.074779578 0.29702684,
          -0.040416319 -0.074894242 0.28972971,
          -0.043428313 -0.070330136 0.28898731,
          -0.034701832 -0.070623539 0.27525589,
          -0.037210096 -0.06681399 0.27496916,
          -0.021014931 -0.050183296 0.25525883,
          -0.018328624 -0.046324234 0.25375932,
          -0.043428313 -0.077587686 0.30646586,
          -0.016981013 -0.044407289 0.2532157,
          -0.057641406 -0.0015583903 0.41793391,
          -0.049300086 -0.069339082 0.3046447,
          -0.04650899 -0.070262924 0.29668212,
          -0.023865514 -0.04571376 0.25607499,
          -0.025278376 -0.043555196 0.25667498,
          -0.04650899 -0.064944223 0.28887767,
          -0.045216266 0.031527486 0.44838524,
          -0.032110602 -0.044433545 0.26092869,
          -0.033415902 -0.042308401 0.2617349,
          -0.04650899 -0.039061151 0.27490997,
          0.059307426 0.0067881653 0.47280642,
          0.05928012 0.0072445734 0.48200002,
          -0.059973665 -0.031446613 0.38868874,
          0.059319258 0.0063542249 0.46818295,
          0.058769722 0.0089324322 0.46392491,
          -0.056841988 -0.056617431 0.35561478,
          0.059319258 0.0055519943 0.46124956,
          0.059702478 0.0021652509 0.45848987,
          -0.021014931 -0.0619087 0.25865519,
          0.059319258 0.0044167116 0.45433095,
          0.058769722 0.0065179761 0.450232,
          0.0046928842 -0.02044813 0.25068671,
          -0.0037062997 -0.014500001 0.25061563,
          0.059319258 0.0028901147 0.44723287,
          0.059702478 -0.00074642646 0.44415531,
          0.059319258 0.0010104286 0.4402076,
          -0.031768154 0.046371695 0.46175885,
          0.058769722 0.0027915048 0.4369303,
          -0.05952961 -0.018085819 0.401032,
          0.059319258 -0.00098835409 0.43393645,
          0.059702478 -0.0047685262 0.4308781,
          0.059319258 -0.003262613 0.42777255,
          0.058769722 -0.0020389112 0.42445651,
          -0.053604234 -0.065818697 0.33518273,
          0.059319258 -0.0061112498 0.42104667,
          0.059702478 -0.010188834 0.41757062,
          0.059319258 -0.0092699109 0.41450268,
          0.058769722 -0.0084780194 0.41167799,
          -0.021014931 -0.056072034 0.25656006,
          -0.031768154 -0.015904112 0.36181828,
          -0.031766444 -0.014500001 0.36139667,
          -0.02432579 -0.014500001 0.36534736,
          0.059319258 -0.012775674 0.40806687,
          -0.024325671 -0.015848164 0.36578324,
          0.059702478 -0.017077794 0.40439329,
          -0.039271235 0.037462369 0.44998205,
          -0.003707821 -0.026400443 0.25061753,
          0.058769722 -0.01480926 0.40144706,
          0.059319258 -0.016554542 0.40187004,
          -0.049300086 -0.071673535 0.31369722,
          0.059319258 -0.018587762 0.39859274,
          -0.059973665 -0.035032403 0.38147315,
          -0.01556403 -0.015804159 0.36889607,
          -0.015563647 -0.014500001 0.36844328,
          -0.0063712886 -0.014500001 0.37015846,
          0.058769722 -0.019990804 0.39300367,
          -0.054745849 0.0063854246 0.42149797,
          0.059702478 -0.02362217 0.39345318,
          0.059319258 -0.022451838 0.39206347,
          -0.0092445733 0.05728012 0.48200002,
          0.059319258 -0.024270857 0.38882488,
          0.058769722 -0.023152974 0.38749918,
          0.059319258 -0.027098598 0.38353202,
          0.0020324956 -0.014500001 0.37046522,
          0.059702478 -0.030948304 0.37944922,
          -0.029447822 -0.060085904 0.2631312,
          0.059319258 -0.029670861 0.37816763,
          0.0035290245 -0.016124159 0.37123129,
          -0.003707821 -0.020452004 0.25061527,
          0.058769722 -0.028218966 0.37731579,
          0.0042799856 -0.015777124 0.37081093,
          -0.024325671 0.050322749 0.46246085,
          0.059319258 -0.031763479 0.37301958,
          0.011274471 -0.014500001 0.36942744,
          0.012149674 -0.015792578 0.36971822,
          0.059702478 -0.03518527 0.36863163,
          0.059319258 -0.033544246 0.36778772,
          0.058769722 -0.03188682 0.36710072,
          -0.057641406 -0.008830932 0.40610319,
          0.019419879 -0.014500001 0.36726919,
          0.059319258 -0.035032727 0.36241031,
          -0.029447822 -0.054498348 0.2610178,
          0.058769722 -0.034014266 0.3579855,
          0.059702478 -0.038040828 0.35764015,
          0.059319258 -0.036179539 0.35707805,
          0.027148118 -0.014500001 0.36400521,
          0.059319258 -0.036576711 0.35371998,
          0.058769722 -0.034323249 0.3516514,
          0.059319258 -0.036667775 0.35036215,
          0.059702478 -0.039013397 0.34943223,
          0.059319258 -0.036484215 0.34735888,
          0.058769722 -0.033594348 0.34576216,
          0.059319258 -0.036053784 0.34443018,
          0.059702478 -0.038517512 0.34306595,
          0.059319258 -0.035306834 0.34132788,
          0.058769722 -0.032183006 0.34093961,
          0.059319258 -0.034304783 0.33840835,
          0.059702478 -0.036868963 0.3369168,
          0.059319258 -0.033699904 0.33698484,
          0.058769722 -0.030611996 0.33742189,
          0.058769722 -0.029693123 0.33577305,
          0.059319258 -0.032343067 0.33432952,
          0.059702478 -0.034635354 0.33215776,
          0.059319258 -0.031604916 0.33310345,
          0.059319258 -0.030777488 0.33186162,
          0.058769722 -0.027653143 0.33275199,
          0.059319258 -0.029051468 0.32962209,
          0.059702478 -0.031145111 0.32724297,
          0.058769722 -0.025979785 0.33074361,
          0.059319258 -0.02815908 0.32861969,
          0.059319258 -0.026271373 0.32673478,
          0.032139383 -0.0095000006 0.27219778,
          0.042426407 -0.0095000006 0.26807359,
          0.035267118 -0.0095000006 0.26195899,
          0.038302224 -0.0095000006 0.27836064,
          0.048541021 -0.0095000006 0.27523288,
          0.043301273 -0.0095000006 0.28550002,
          0.053460393 -0.0095000006 0.28326058,
          0.025 -0.0095000006 0.26719874,
          0.027239431 -0.0095000006 0.25703964,
          0.046984632 -0.0095000006 0.29339901,
          0.057063397 -0.0095000006 0.29195899,
          0.017101008 -0.0095000006 0.26351538,
          0.018541019 -0.0095000006 0.25343663,
          0.049240388 -0.0095000006 0.3018176,
          0.059261303 -0.0095000006 0.30111393,
          0.0086824093 -0.0095000006 0.26125962,
          0.0093860691 -0.0095000006 0.2512387,
          -2.8462562e-016 -0.0095000006 0.26050001,
          -2.8401332e-016 -0.0095000006 0.25050002,
          0.050000001 -0.0095000006 0.31050003,
          0.060000002 -0.0095000006 0.31050003,
          -0.0093860691 -0.0095000006 0.2512387,
          0.059261303 -0.0095000006 0.31988609,
          -0.0086824093 -0.0095000006 0.26125962,
          0.049240388 -0.0095000006 0.31918243,
          -0.018541019 -0.0095000006 0.25343663,
          0.057063397 -0.0095000006 0.32904103,
          -0.017101008 -0.0095000006 0.26351538,
          0.046984632 -0.0095000006 0.32760102,
          -0.027239431 -0.0095000006 0.25703964,
          0.053460393 -0.0095000006 0.33773947,
          -0.025 -0.0095000006 0.26719874,
          0.043301273 -0.0095000006 0.3355,
          -0.035267118 -0.0095000006 0.26195899,
          0.048541021 -0.0095000006 0.34576714,
          -0.032139383 -0.0095000006 0.27219778,
          0.038302224 -0.0095000006 0.34263939,
          -0.042426407 -0.0095000006 0.26807359,
          0.042426407 -0.0095000006 0.35292643,
          -0.038302224 -0.0095000006 0.27836064,
          0.032139383 -0.0095000006 0.34880224,
          -0.048541021 -0.0095000006 0.27523288,
          0.035267118 -0.0095000006 0.35904104,
          -0.043301273 -0.0095000006 0.28550002,
          0.025 -0.0095000006 0.35380128,
          -0.053460393 -0.0095000006 0.28326058,
          0.027239431 -0.0095000006 0.36396042,
          -0.046984632 -0.0095000006 0.29339901,
          0.017101008 -0.0095000006 0.35748464,
          -0.057063397 -0.0095000006 0.29195899,
          0.018541019 -0.0095000006 0.3675634,
          -0.049240388 -0.0095000006 0.3018176,
          0.0086824093 -0.0095000006 0.35974041,
          -0.059261303 -0.0095000006 0.30111393,
          0.0093860691 -0.0095000006 0.36976132,
          -0.050000001 -0.0095000006 0.31050003,
          -4.3009848e-016 -0.0095000006 0.36050001,
          -0.060000002 -0.0095000006 0.31050003,
          -2.987086e-016 -0.0095000006 0.37050003,
          -0.0093860691 -0.0095000006 0.36976132,
          -0.0086824093 -0.0095000006 0.35974041,
          -0.059261303 -0.0095000006 0.31988609,
          -0.049240388 -0.0095000006 0.31918243,
          -0.057063397 -0.0095000006 0.32904103,
          -0.046984632 -0.0095000006 0.32760102,
          -0.018541019 -0.0095000006 0.3675634,
          -0.017101008 -0.0095000006 0.35748464,
          -0.027239431 -0.0095000006 0.36396042,
          -0.025 -0.0095000006 0.35380128,
          -0.053460393 -0.0095000006 0.33773947,
          -0.043301273 -0.0095000006 0.3355,
          -0.035267118 -0.0095000006 0.35904104,
          -0.032139383 -0.0095000006 0.34880224,
          -0.048541021 -0.0095000006 0.34576714,
          -0.038302224 -0.0095000006 0.34263939,
          -0.042426407 -0.0095000006 0.35292643,
          -2.9462604e-016 -0.0020000001 0.50200003,
          -2.9462604e-016 0.058000002 0.50200003,
          -0.0093860691 0.057261303 0.50200003,
          -0.018541019 0.055063397 0.50200003,
          -0.027239431 0.051460393 0.50200003,
          -0.035267118 0.04654102 0.50200003,
          -0.042426407 0.040426407 0.50200003,
          -0.048541021 0.033267118 0.50200003,
          -0.053460393 0.02523943 0.50200003,
          -0.057063397 0.016541021 0.50200003,
          -0.059261303 0.0073860683 0.50200003,
          -0.060000002 -0.0020000001 0.50200003,
          -0.059261303 -0.011386069 0.50200003,
          -0.057063397 -0.02054102 0.50200003,
          -0.053460393 -0.029239431 0.50200003,
          -0.048541021 -0.037267119 0.50200003,
          -0.042426407 -0.044426408 0.50200003,
          -0.035267118 -0.050541021 0.50200003,
          -0.027239431 -0.055460393 0.50200003,
          -0.018541019 -0.059063394 0.50200003,
          -0.0093860691 -0.061261304 0.50200003,
          -3.0197368e-016 -0.062000003 0.50200003,
          0.0093860691 -0.061261304 0.50200003,
          0.018541019 -0.059063394 0.50200003,
          0.027239431 -0.055460393 0.50200003,
          0.035267118 -0.050541021 0.50200003,
          0.042426407 -0.044426408 0.50200003,
          0.048541021 -0.037267119 0.50200003,
          0.053460393 -0.029239431 0.50200003,
          0.057063397 -0.02054102 0.50200003,
          0.059261303 -0.011386069 0.50200003,
          0.060000002 -0.0020000001 0.50200003,
          0.059261303 0.0073860683 0.50200003,
          0.057063397 0.016541021 0.50200003,
          0.053460393 0.02523943 0.50200003,
          0.048541021 0.033267118 0.50200003,
          0.042426407 0.040426407 0.50200003,
          0.035267118 0.04654102 0.50200003,
          0.027239431 0.051460393 0.50200003,
          0.018541019 0.055063397 0.50200003,
          0.0093860691 0.057261303 0.50200003,
          -3.0148168e-016 0.0075000003 0.31050003,
          -0.038302224 0.0075000003 0.27836064,
          -0.043301273 0.0075000003 0.28550002,
          -0.046984632 0.0075000003 0.29339901,
          -0.049240388 0.0075000003 0.3018176,
          -0.050000001 0.0075000003 0.31050003,
          -0.049240388 0.0075000003 0.31918243,
          -0.046984632 0.0075000003 0.32760102,
          -0.043301273 0.0075000003 0.3355,
          -0.038302224 0.0075000003 0.34263939,
          -0.032139383 0.0075000003 0.34880224,
          -0.025 0.0075000003 0.35380128,
          -0.017101008 0.0075000003 0.35748464,
          -0.0086824093 0.0075000003 0.35974041,
          -4.4744568e-016 0.0075000003 0.36050001,
          0.0086824093 0.0075000003 0.35974041,
          0.017101008 0.0075000003 0.35748464,
          0.025 0.0075000003 0.35380128,
          0.032139383 0.0075000003 0.34880224,
          0.038302224 0.0075000003 0.34263939,
          0.043301273 0.0075000003 0.3355,
          0.046984632 0.0075000003 0.32760102,
          0.049240388 0.0075000003 0.31918243,
          0.050000001 0.0075000003 0.31050003,
          0.049240388 0.0075000003 0.3018176,
          0.046984632 0.0075000003 0.29339901,
          0.043301273 0.0075000003 0.28550002,
          0.038302224 0.0075000003 0.27836064,
          0.032139383 0.0075000003 0.27219778,
          0.025 0.0075000003 0.26719874,
          0.017101008 0.0075000003 0.26351538,
          0.0086824093 0.0075000003 0.26125962,
          -3.0197288e-016 0.0075000003 0.26050001,
          -0.0086824093 0.0075000003 0.26125962,
          -0.017101008 0.0075000003 0.26351538,
          -0.025 0.0075000003 0.26719874,
          -0.032139383 0.0075000003 0.27219778,
          0.035654698 -0.037053425 0.50200003,
          0.043971006 -0.042823412 0.50200003,
          0.039123755 -0.047489911 0.50200003,
          0.031076796 -0.041169286 0.50200003,
          0.033784498 -0.051584352 0.50200003,
          0.039692111 -0.032406196 0.50200003,
          0.048265301 -0.037643533 0.50200003,
          0.026027804 -0.044691376 0.50200003,
          0.028020382 -0.055055238 0.50200003,
          0.043127827 -0.027298037 0.50200003,
          0.051952623 -0.032015413 0.50200003,
          0.020584255 -0.04756631 0.50200003,
          0.021903893 -0.057858929 0.50200003,
          0.045909774 -0.021806385 0.50200003,
          0.054986618 -0.026009835 0.50200003,
          0.057329122 -0.019702319 0.50200003,
          0.014828672 -0.049750507 0.50200003,
          0.01551195 -0.059960157 0.50200003,
          0.047995776 -0.016014488 0.50200003,
          0.058950678 -0.013172185 0.50200003,
          0.0088483002 -0.05121085 0.50200003,
          0.0089249369 -0.061332505 0.50200003,
          0.049354207 -0.010010148 0.50200003,
          0.059830897 -0.0065015545 0.50200003,
          0.0027337978 -0.051925212 0.50200003,
          0.0022256856 -0.061958708 0.50200003,
          0.04996448 -0.0038843814 0.50200003,
          0.059958708 0.0002256856 0.50200003,
          -0.0034221467 -0.051882755 0.50200003,
          -0.0045015542 -0.061830897 0.50200003,
          0.049817342 0.0022699507 0.50200003,
          0.059332505 0.0069249361 0.50200003,
          -0.0095262155 -0.051084127 0.50200003,
          -0.011172185 -0.060950678 0.50200003,
          -0.017702319 -0.059329122 0.50200003,
          0.048915025 0.0083595542 0.50200003,
          0.05796016 0.01351195 0.50200003,
          -0.015485876 -0.049541432 0.50200003,
          0.047271207 0.014292119 0.50200003,
          0.055858929 0.019903893 0.50200003,
          -0.024009835 -0.056986619 0.50200003,
          -0.021210786 -0.047278058 0.50200003,
          0.044910807 0.019977711 0.50200003,
          0.053055238 0.026020382 0.50200003,
          -0.030015415 -0.053952623 0.50200003,
          -0.026614161 -0.044328317 0.50200003,
          0.041869599 0.025330143 0.50200003,
          0.049584351 0.031784497 0.50200003,
          -0.035643533 -0.050265301 0.50200003,
          -0.031614095 -0.040736921 0.50200003,
          0.038193695 0.030268278 0.50200003,
          0.045489911 0.037123755 0.50200003,
          -0.040823411 -0.045971006 0.50200003,
          -0.036134791 -0.036558311 0.50200003,
          0.033938814 0.034717262 0.50200003,
          0.040823411 0.041971005 0.50200003,
          -0.045489911 -0.041123755 0.50200003,
          -0.04010772 -0.03185584 0.50200003,
          0.035643533 0.0462653 0.50200003,
          0.029169453 0.038609643 0.50200003,
          -0.049584351 -0.035784498 0.50200003,
          -0.043472659 -0.026700776 0.50200003,
          0.030015415 0.049952623 0.50200003,
          0.023957916 0.041886427 0.50200003,
          -0.053055238 -0.030020382 0.50200003,
          -0.046178591 -0.021171277 0.50200003,
          0.024009835 0.052986618 0.50200003,
          0.018383197 0.044497937 0.50200003,
          -0.055858929 -0.023903893 0.50200003,
          -0.048184507 -0.015351159 0.50200003,
          0.017702319 0.055329122 0.50200003,
          0.012529811 0.046404589 0.50200003,
          -0.05796016 -0.017511951 0.50200003,
          -0.049459994 -0.0093286531 0.50200003,
          0.011172185 0.056950677 0.50200003,
          0.0064864834 0.047577471 0.50200003,
          -0.059332505 -0.010924937 0.50200003,
          0.0045015542 0.057830896 0.50200003,
          0.00034482853 0.047998812 0.50200003,
          -0.059958708 -0.0042256857 0.50200003,
          -0.049985722 -0.0031950516 0.50200003,
          -0.0022256856 0.057958707 0.50200003,
          -0.005802054 0.047662221 0.50200003,
          -0.059830897 0.0025015541 0.50200003,
          -0.049753711 0.0029566658 0.50200003,
          -0.0089249369 0.057332505 0.50200003,
          -0.011860983 0.046572804 0.50200003,
          -0.058950678 0.0091721844 0.50200003,
          -0.048767485 0.009033246 0.50200003,
          -0.01551195 0.05596016 0.50200003,
          -0.017740112 0.044747073 0.50200003,
          -0.057329122 0.015702318 0.50200003,
          -0.047041997 0.014942572 0.50200003,
          -0.021903893 0.053858928 0.50200003,
          -0.023350319 0.042212702 0.50200003,
          -0.054986618 0.022009835 0.50200003,
          -0.0446034 0.020595066 0.50200003,
          -0.028020382 0.051055238 0.50200003,
          -0.051952623 0.028015414 0.50200003,
          -0.041488659 0.025905045 0.50200003,
          -0.033784498 0.047584351 0.50200003,
          -0.028606558 0.039008107 0.50200003,
          -0.048265301 0.033643533 0.50200003,
          -0.037744991 0.030792007 0.50200003,
          -0.039123755 0.043489911 0.50200003,
          -0.03342915 0.03518188 0.50200003,
          -0.043971006 0.038823411 0.50200003,
          -0.036134791 -0.036558311 0.51900005,
          -0.045489911 -0.041123755 0.51900005,
          -0.040823411 -0.045971006 0.51900005,
          -0.031614095 -0.040736921 0.51900005,
          -0.035643533 -0.050265301 0.51900005,
          -0.04010772 -0.03185584 0.51900005,
          -0.049584351 -0.035784498 0.51900005,
          -0.026614161 -0.044328317 0.51900005,
          -0.030015415 -0.053952623 0.51900005,
          -0.043472659 -0.026700776 0.51900005,
          -0.053055238 -0.030020382 0.51900005,
          -0.021210786 -0.047278058 0.51900005,
          -0.024009835 -0.056986619 0.51900005,
          -0.046178591 -0.021171277 0.51900005,
          -0.055858929 -0.023903893 0.51900005,
          -0.015485876 -0.049541432 0.51900005,
          -0.017702319 -0.059329122 0.51900005,
          -0.048184507 -0.015351159 0.51900005,
          -0.05796016 -0.017511951 0.51900005,
          -0.0095262155 -0.051084127 0.51900005,
          -0.011172185 -0.060950678 0.51900005,
          -0.0045015542 -0.061830897 0.51900005,
          -0.049459994 -0.0093286531 0.51900005,
          -0.059332505 -0.010924937 0.51900005,
          -0.059958708 -0.0042256857 0.51900005,
          -0.0034221467 -0.051882755 0.51900005,
          0.0022256856 -0.061958708 0.51900005,
          -0.049985722 -0.0031950516 0.51900005,
          -0.059830897 0.0025015541 0.51900005,
          0.0027337978 -0.051925212 0.51900005,
          0.0089249369 -0.061332505 0.51900005,
          -0.049753711 0.0029566658 0.51900005,
          -0.058950678 0.0091721844 0.51900005,
          0.0088483002 -0.05121085 0.51900005,
          0.01551195 -0.059960157 0.51900005,
          -0.048767485 0.009033246 0.51900005,
          -0.057329122 0.015702318 0.51900005,
          0.014828672 -0.049750507 0.51900005,
          0.021903893 -0.057858929 0.51900005,
          -0.047041997 0.014942572 0.51900005,
          -0.054986618 0.022009835 0.51900005,
          0.020584255 -0.04756631 0.51900005,
          0.028020382 -0.055055238 0.51900005,
          -0.0446034 0.020595066 0.51900005,
          -0.051952623 0.028015414 0.51900005,
          0.026027804 -0.044691376 0.51900005,
          0.033784498 -0.051584352 0.51900005,
          -0.041488659 0.025905045 0.51900005,
          -0.048265301 0.033643533 0.51900005,
          0.031076796 -0.041169286 0.51900005,
          0.039123755 -0.047489911 0.51900005,
          -0.037744991 0.030792007 0.51900005,
          -0.043971006 0.038823411 0.51900005,
          0.035654698 -0.037053425 0.51900005,
          0.043971006 -0.042823412 0.51900005,
          -0.03342915 0.03518188 0.51900005,
          -0.039123755 0.043489911 0.51900005,
          0.039692111 -0.032406196 0.51900005,
          -0.028606558 0.039008107 0.51900005,
          0.048265301 -0.037643533 0.51900005,
          -0.033784498 0.047584351 0.51900005,
          0.043127827 -0.027298037 0.51900005,
          -0.023350319 0.042212702 0.51900005,
          0.051952623 -0.032015413 0.51900005,
          -0.028020382 0.051055238 0.51900005,
          0.045909774 -0.021806385 0.51900005,
          0.054986618 -0.026009835 0.51900005,
          -0.021903893 0.053858928 0.51900005,
          -0.017740112 0.044747073 0.51900005,
          0.057329122 -0.019702319 0.51900005,
          0.047995776 -0.016014488 0.51900005,
          -0.01551195 0.05596016 0.51900005,
          -0.011860983 0.046572804 0.51900005,
          0.058950678 -0.013172185 0.51900005,
          0.049354207 -0.010010148 0.51900005,
          -0.0089249369 0.057332505 0.51900005,
          -0.005802054 0.047662221 0.51900005,
          0.059830897 -0.0065015545 0.51900005,
          0.04996448 -0.0038843814 0.51900005,
          -0.0022256856 0.057958707 0.51900005,
          0.00034482853 0.047998812 0.51900005,
          0.059958708 0.0002256856 0.51900005,
          0.049817342 0.0022699507 0.51900005,
          0.0045015542 0.057830896 0.51900005,
          0.0064864834 0.047577471 0.51900005,
          0.059332505 0.0069249361 0.51900005,
          0.048915025 0.0083595542 0.51900005,
          0.011172185 0.056950677 0.51900005,
          0.012529811 0.046404589 0.51900005,
          0.05796016 0.01351195 0.51900005,
          0.047271207 0.014292119 0.51900005,
          0.017702319 0.055329122 0.51900005,
          0.018383197 0.044497937 0.51900005,
          0.055858929 0.019903893 0.51900005,
          0.044910807 0.019977711 0.51900005,
          0.024009835 0.052986618 0.51900005,
          0.023957916 0.041886427 0.51900005,
          0.053055238 0.026020382 0.51900005,
          0.041869599 0.025330143 0.51900005,
          0.030015415 0.049952623 0.51900005,
          0.029169453 0.038609643 0.51900005,
          0.049584351 0.031784497 0.51900005,
          0.038193695 0.030268278 0.51900005,
          0.035643533 0.0462653 0.51900005,
          0.033938814 0.034717262 0.51900005,
          0.045489911 0.037123755 0.51900005,
          0.040823411 0.041971005 0.51900005 ]
      normal [ -0.64134574 0.68801665 -0.33957157,
          -0.5800162 0.68531382 -0.44037065,
          -0.75849801 0.58947349 -0.27785212,
          0.98671544 0.099693477 0.12827286,
          0.9866482 0.084934406 0.13896589,
          0.96509731 0.1852801 0.18509048,
          0.98821241 0.096499853 0.11884477,
          0.99734247 0.03583381 0.063434899,
          -0.36561829 -0.0079900976 -0.93073058,
          -0.38994706 -0.017363202 -0.92067367,
          -0.23154585 -0.0073876497 -0.97279602,
          0.99761993 0.03190235 0.061129574,
          0.99879575 0.025440482 0.041952703,
          -0.027215973 0.99772537 -0.061673071,
          0.0027626997 0.99041188 -0.13811906,
          -0.10450255 0.98710823 -0.12122951,
          0.99874228 0.023112053 0.044493806,
          0.99883801 0.019668192 0.043997653,
          0.99537629 0.039337039 0.087628998,
          0.97109479 0.12818597 0.20135362,
          0.92026383 0.29813606 0.25343511,
          0.94828671 0.14204293 0.28385934,
          0.97061104 0.087430321 0.22421053,
          0.099589989 0.99303323 -0.062984027,
          0.80287576 -0.56106687 0.20148098,
          0.85472101 -0.47798491 0.20244163,
          0.78316015 -0.57663935 0.23269571,
          -0.50512558 -0.01928165 -0.86283046,
          0.91206563 -0.37126631 0.17406213,
          0.91382056 -0.38111272 0.14030343,
          0.8227995 -0.51495373 0.24046542,
          0.84596455 -0.50856596 0.16032661,
          -0.31622723 -0.47957715 -0.81853914,
          -0.16907755 -0.55400038 -0.81516659,
          -0.27205437 -0.57010788 -0.77521843,
          -0.97551334 0.18947002 -0.11169071,
          -0.88666189 0.39717743 -0.23681401,
          -0.98297828 0.1638979 -0.083013341,
          -0.16970532 -0.67938793 -0.71388531,
          -0.076701112 -0.61645478 -0.78364563,
          -0.23078761 -0.65343279 -0.72094572,
          -0.024289332 -0.5028097 -0.86405593,
          -0.028323492 -0.1530796 -0.98780793,
          -0.14883253 -0.20374039 -0.96764606,
          -0.093621373 -0.058279131 -0.99390078,
          -0.8818872 0.39416942 -0.2586613,
          -0.030621005 -0.27736473 -0.9602766,
          -0.68356228 -0.39101356 -0.61632067,
          -0.78590906 -0.28772086 -0.54732412,
          -0.68778116 -0.29980984 -0.66111362,
          -0.79449445 -0.34522334 -0.49959946,
          -0.19665499 -0.1387496 -0.97060567,
          -0.187556 -0.021978393 -0.98200804,
          -0.26512501 -0.10229203 -0.95877272,
          -0.28700054 -0.24573612 -0.92587501,
          -0.11221563 0.74381387 0.65889955,
          -0.023334548 0.98464125 0.17302333,
          -0.025663594 0.72799456 0.68510246,
          -0.0074997381 0.99993026 0.009128605,
          -0.67984843 -0.21802287 -0.70019436,
          -0.68666154 -0.11057417 -0.71851885,
          -0.55858368 -0.16171063 -0.81353182,
          0.039448701 0.94980258 -0.31035298,
          0.021262201 0.9977414 -0.063718453,
          -0.35007757 0.87099028 -0.34470522,
          -0.39071345 0.79849237 -0.45798793,
          -0.48866799 0.81321168 -0.31605431,
          -0.0023330995 0.91904366 -0.39414883,
          0.0089890994 0.9362132 -0.35131764,
          0.025583483 0.92064124 -0.38957074,
          -0.52274626 0.75365174 -0.39842871,
          -0.011501059 0.9415406 -0.33670333,
          -0.02064419 0.99760389 -0.066032961,
          -0.75173962 0.54436886 -0.37222341,
          -0.71022666 0.57085526 -0.41194946,
          0.00015491806 0.99512774 -0.098593824,
          0.0083725667 0.98553771 0.16924967,
          0.037179243 0.73162651 0.68069106,
          -0.058179781 0.94158345 -0.33171627,
          -0.0045606215 0.99451631 -0.10448298,
          -0.026422398 0.94128501 -0.33657756,
          -0.0027588091 0.99564475 0.093187563,
          0.074441202 0.67305768 0.73583418,
          0.12325759 0.88000304 0.4586964,
          0.005329486 0.99556744 -0.093899734,
          0.078263186 0.93781048 0.33821073,
          -0.89243364 -0.4269897 -0.14574637,
          -0.91765416 -0.3381646 -0.20869997,
          -0.87481129 -0.41153306 -0.25562829,
          -0.044271901 0.99743026 -0.056328498,
          0.20614441 0.64425719 0.73650342,
          -0.87819767 -0.3477551 -0.32838279,
          0.022660671 0.99889767 -0.041110128,
          -0.3614431 -0.012205514 -0.93231428,
          -0.20930775 -0.0031634113 -0.97784472,
          -0.3570289 -0.0082291616 -0.93405712,
          -0.46966961 -0.013373216 -0.88274109,
          -0.21109028 -0.0038576103 -0.97745895,
          -0.057678327 0.94213164 -0.33024445,
          -0.061592784 0.94910526 -0.30887783,
          -0.050538789 0.92874748 -0.36725208,
          -0.97076142 0.21842955 -0.099553205,
          -0.070084296 0.96117175 -0.26690283,
          -0.99928921 -0.036003802 0.011171604,
          0.0044979574 0.99982226 0.018308895,
          0.23574877 0.73319775 0.63784301,
          0.058774695 0.99767542 0.03448822,
          0.17958587 0.88637704 0.42671403,
          -0.71783751 0.59488523 -0.36169186,
          -0.58757049 0.64687365 -0.48612285,
          0.054524858 0.99579096 0.073671497,
          0.3302432 0.58172244 0.74332929,
          -0.054952566 0.98336864 -0.17310789,
          -0.10642955 0.96391225 -0.24402073,
          -0.045206141 0.98193318 -0.18374878,
          -0.064284481 0.9777351 -0.19975391,
          -0.24880034 0.95857954 -0.13864948,
          -0.23456605 0.93146312 -0.27812827,
          -0.96717215 -0.24382541 0.071604475,
          -0.99938023 -0.034661651 0.0061440463,
          -0.97147566 -0.23415025 0.037532493,
          0.049728081 0.9946698 0.090327866,
          0.23907652 0.90506566 0.3517082,
          0.11596063 0.98209691 0.1484552,
          -0.94318587 -0.31921881 -0.092195258,
          0.36289874 0.63339001 0.68346298,
          -0.87219954 -0.48747703 -0.040425308,
          -0.1683723 -0.31713912 -0.93331325,
          -0.9320783 -0.36201119 -0.013340157,
          -0.046964139 -0.38141635 -0.92320961,
          -0.29826429 -0.35732102 -0.88507634,
          -0.0082939379 0.98376173 0.17928812,
          -0.78992862 -0.22519702 -0.57034999,
          0.098324664 0.95349139 0.28493258,
          0.12931652 0.98170012 -0.13979304,
          0.16409558 0.92808944 0.33424953,
          0.23878114 0.96897835 -0.06375365,
          -0.17154561 -0.43472096 -0.88407576,
          -0.7829861 -0.43285871 -0.4467282,
          -0.86584401 -0.30131954 -0.39940044,
          -0.43249506 0.73917353 -0.51630479,
          -0.97444302 -0.22457777 0.0050617051,
          -0.92309737 -0.38241425 0.04062935,
          -0.22201729 0.89412326 -0.38891149,
          -0.51544601 -0.029064877 -0.85642904,
          -0.77426565 -0.1378472 -0.61766565,
          -0.68509614 0.59868741 -0.41499001,
          -0.63926536 -0.041543942 -0.76786321,
          -0.85458356 -0.25056395 -0.45486775,
          -0.28211516 0.83464384 -0.47305489,
          -0.92211831 -0.29389611 -0.25164053,
          -0.51631063 0.66627687 -0.53805059,
          -0.96331394 -0.24033929 -0.1194291,
          -0.43811315 0.69813293 -0.56627506,
          0.23497975 0.96342731 -0.12881188,
          -0.51918465 -0.026260696 -0.85425854,
          -0.61578888 -0.025424832 -0.78750092,
          -0.82846445 0.48991159 -0.27135482,
          0.0084974859 0.95937794 -0.2819961,
          -0.86231703 -0.19299962 -0.46814606,
          -0.92252225 -0.24738953 -0.29622838,
          -0.97801483 -0.20337428 -0.046108924,
          -0.97864878 0.197311 -0.057575271,
          -0.30194905 0.75304604 -0.58459264,
          -0.99973238 -0.023121413 0.00074567762,
          -0.10166041 0.9184854 -0.38216451,
          -0.64125788 -0.045565721 -0.76597136,
          -0.73874897 -0.05849361 -0.67143762,
          0.12181111 0.9519285 -0.28105903,
          -0.91898108 -0.20754607 -0.33525887,
          -0.86623812 -0.12572172 -0.48355532,
          -0.48521486 0.68885332 -0.53856087,
          -0.95897532 -0.22650331 -0.17047754,
          -0.3674756 0.69277346 -0.62050521,
          -0.16612053 0.84030116 -0.51604062,
          -0.33074966 0.71902233 -0.61123776,
          -0.98895162 -0.13712291 -0.056320388,
          -0.61967272 -0.034200255 -0.78411496,
          -0.59684235 0.66963702 -0.44200182,
          0.49827853 0.86530203 -0.054507952,
          0.35249895 0.92793018 -0.12120291,
          0.35761598 0.931898 -0.060638692,
          -0.92015326 -0.1623978 -0.3562935,
          -0.96286625 -0.18563883 -0.19602756,
          -0.23646183 0.7813893 -0.57750911,
          -0.99853641 -0.053302631 -0.0091597149,
          -0.89742291 0.41224724 -0.15711252,
          0.2299559 0.94063497 -0.24965216,
          -0.76023704 -0.062812746 -0.64660209,
          -0.97714508 0.20977759 -0.034363274,
          -0.91435421 -0.099597253 -0.39247516,
          -0.0050518126 0.91190684 -0.41036618,
          -0.9633435 -0.1600765 -0.21527861,
          -0.31570217 0.70815498 -0.63154471,
          -0.84504765 -0.069703192 -0.53012842,
          -0.25782374 0.69329077 -0.67295974,
          -0.98558527 -0.14239933 -0.091346391,
          -0.23036775 0.71795368 -0.65686625,
          -0.067510329 0.85780752 -0.50951821,
          -0.72538316 -0.041249484 -0.68710834,
          -0.7284801 -0.033939306 -0.68422574,
          -0.81818742 -0.040147498 -0.57354838,
          0.50239187 0.85648084 -0.11850406,
          -0.99995279 -0.0084440727 -0.0048243161,
          -0.96267879 -0.13470453 -0.23474303,
          -0.36496857 0.73369646 -0.57313824,
          0.095482618 0.91030288 -0.40278003,
          -0.98758066 -0.11676017 -0.10512708,
          -0.13325562 0.76569247 -0.62925208,
          -0.72472799 0.62807477 -0.28335756,
          -0.99275953 0.1200164 0.0049598995,
          0.34306815 0.90422344 -0.25433087,
          -0.84274077 -0.075343266 -0.53302109,
          -0.1403361 0.67741889 -0.72208691,
          -0.96028668 -0.095841289 -0.26203829,
          -0.90172541 -0.078396425 -0.42514151,
          -0.88751948 0.44325125 -0.1258474,
          -0.98790407 -0.10262754 -0.11624592,
          -0.14729327 0.67449063 -0.72344118,
          -0.16455226 0.71856683 -0.67571026,
          -0.99970371 -0.020610185 -0.012952797,
          0.19466299 0.90200955 -0.38533762,
          -0.81398922 -0.054553665 -0.57831275,
          0.0024102805 0.84885305 -0.52862346,
          -0.18462855 0.72664118 -0.66174388,
          0.64027065 0.7667712 -0.045994967,
          0.60346699 0.79262722 -0.087004058,
          -0.98773998 -0.089288637 -0.12805194,
          -0.99071962 0.13377802 0.024046373,
          -0.99973541 -0.017360032 -0.01509205,
          -0.45965278 0.77226949 -0.43854207,
          -0.06219634 0.77937132 -0.62346786,
          0.45996934 0.86173022 -0.21412481,
          -0.90997213 -0.080551878 -0.40677038,
          0.080792494 0.83876604 -0.53846478,
          -0.95513046 -0.074926414 -0.28655195,
          -0.94199628 0.33521056 -0.016641807,
          -0.047450785 0.62492806 -0.77923894,
          -0.9842028 -0.068724804 -0.16316229,
          -0.082336619 0.65123391 -0.75439727,
          -0.64775819 0.70872176 -0.27950472,
          -0.99974179 -0.015369697 -0.016736334,
          -0.083559111 0.70468742 -0.70458043,
          -0.89013165 -0.054768167 -0.45240039,
          -0.89237738 -0.043735791 -0.44916579,
          -0.94131517 -0.038751099 -0.33529699,
          -0.065769769 0.70027697 -0.71083516,
          0.29300472 0.88779777 -0.35491341,
          -0.98883444 0.14222121 0.044492688,
          0.82695258 0.56141061 -0.031106936,
          0.72458267 0.68458855 -0.079489253,
          0.72921413 0.68312556 -0.039827887,
          -0.99973917 -0.013404087 -0.018490607,
          -0.26924211 0.78791338 -0.55380619,
          -0.93497777 0.35366648 0.027142771,
          0.99879813 0.013667296 0.047069725,
          0.99876511 0.0057567242 0.049346566,
          0.15827946 0.85053557 -0.50153452,
          0.99874753 0.0021753181 0.049988464,
          0.99118602 -0.13222466 0.008179279,
          0.99693274 -0.078009926 0.0063020405,
          0.99782467 -0.065855503 0.0030214253,
          0.99777305 -0.0663561 0.0067808223,
          -0.95919943 -0.075078376 -0.27257979,
          -0.99428993 0.092911549 0.052487701,
          0.96619105 -0.25753087 0.012360117,
          0.97686458 -0.21339707 0.01404513,
          0.5926863 0.78146207 -0.19503844,
          0.92030221 -0.39074603 0.019009575,
          0.95146787 -0.30671039 0.025252338,
          -0.025901319 0.59984773 -0.79969496,
          0.99705166 -0.075734891 0.012345294,
          0.99758071 -0.068245247 0.013240648,
          0.0054144976 0.76331007 -0.64600962,
          0.97354358 -0.22533347 0.037918143,
          -0.81086391 0.57827109 -0.090012766,
          0.85045254 -0.5255785 0.022309646,
          0.88732618 -0.45985851 0.03438732,
          -0.98621351 -0.056358561 -0.15558541,
          -0.99932957 -0.015713653 -0.033070061,
          0.94535965 -0.32130158 0.055322301,
          0.99610019 -0.085520782 0.021695545,
          0.99723732 -0.071428113 0.020392917,
          -0.41876432 0.82123768 -0.38756302,
          -0.040460426 0.63038158 -0.77523035,
          0.96885246 -0.2391073 0.064440913,
          0.76651818 -0.64165157 0.027080916,
          0.82012779 -0.57097816 0.037072524,
          -0.9505567 -0.054078143 -0.3058067,
          0.88924736 -0.45168421 0.072253115,
          -0.98372787 -0.027365189 -0.17756918,
          -0.99116051 0.11411458 0.067666315,
          -0.036765382 0.65850168 -0.75168067,
          0.66418678 -0.74703181 0.028274527,
          0.73113412 -0.68057072 0.047606986,
          0.82272303 0.56502217 -0.062263697,
          0.9459337 -0.31473765 0.078420751,
          0.42862621 0.84160417 -0.32860613,
          0.99609584 -0.083300538 0.029226152,
          0.9966104 -0.076714925 0.029709285,
          -0.031310823 0.69794834 -0.71546334,
          0.96484238 -0.24692756 0.090033188,
          0.061902195 0.76212585 -0.64446282,
          0.81817031 -0.56953472 0.078914993,
          -0.93817097 0.33917153 0.069267958,
          -0.10131846 0.77458739 -0.62429881,
          0.54470402 -0.83802575 0.031789221,
          0.61334389 -0.7876569 0.058361288,
          0.88030964 -0.461393 0.11032474,
          -0.76984322 0.63592482 -0.054231185,
          -0.9927479 0.094697684 0.074053928,
          0.93600041 -0.33321545 0.11344907,
          0.25419679 0.83391345 -0.48986983,
          0.71339494 0.68038023 -0.16778098,
          0.7165069 -0.69032049 0.10037719,
          -0.98828077 -0.053991091 -0.14278007,
          0.99462682 -0.094569542 0.042121328,
          0.99547803 -0.085213877 0.041977599,
          -0.60499465 0.76867026 -0.2076721,
          0.95718151 -0.2633324 0.12024865,
          0.0034930648 0.57337594 -0.81928498,
          0.41947323 -0.90710914 0.034572087,
          0.49181432 -0.86911201 0.05256414,
          -0.95859659 0.26678002 0.099605195,
          0.80603045 -0.57865947 0.12437104,
          -0.24393147 0.83069241 -0.50044757,
          -0.99971807 -0.0075772689 -0.022503885,
          -0.99512404 0.064480513 0.074635662,
          0.86242437 -0.48123771 0.15695424,
          -0.013414583 0.6167376 -0.78705448,
          0.61705935 -0.77810812 0.1174116,
          0.13286158 0.78634894 -0.60332674,
          0.92442298 -0.34894639 0.15387908,
          0.0096432343 0.61415625 -0.78912568,
          0.69911426 -0.69852453 0.15265262,
          -0.98160398 -0.044823181 -0.18559226,
          0.89532095 0.44298792 -0.046499204,
          0.95284474 0.30309644 -0.01481544,
          0.89700794 0.44139829 -0.0233298,
          0.27678823 -0.96029794 0.034873262,
          0.36433047 -0.92922866 0.061623849,
          0.9925099 -0.10888877 0.055383548,
          0.99436617 -0.094007462 0.04897505,
          0.54408509 0.7773506 -0.31574935,
          -0.945014 0.30283296 0.12345421,
          0.78607249 -0.59243751 0.17637476,
          -0.00083408819 0.68697399 -0.72668153,
          0.94521934 -0.29446045 0.14090219,
          -0.83959049 0.54156053 0.042427704,
          0.4948355 -0.86113143 0.11657824,
          -0.014177663 0.71062011 -0.70343304,
          -0.5687995 0.80449599 -0.17103626,
          0.83776629 -0.50458878 0.20865762,
          0.58789504 -0.79113877 0.16875687,
          0.39275578 0.80323583 -0.44783387,
          0.8136819 0.56940347 -0.11705321,
          -0.36335865 0.8676495 -0.33934486,
          0.1321127 -0.99054426 0.036990412,
          0.21809961 -0.97347748 0.069095373,
          -0.95558238 0.26056951 0.13771646,
          0.67490608 -0.70690292 0.2116366,
          -0.070837706 0.81754661 -0.57148904,
          0.34731162 -0.9290812 0.1272122,
          -0.84296483 0.53057188 0.088904448,
          -0.9999764 -0.001107792 -0.0067840745,
          0.99277687 -0.10922406 0.0496406,
          0.99413574 -0.0986505 0.044297002,
          0.034428921 0.69148117 -0.72157365,
          0.75687933 -0.61100578 0.23196056,
          0.0070556849 0.55338877 -0.83289319,
          -0.992028 0.082491308 0.095266789,
          0.45732987 -0.869605 0.18610942,
          0.0017949806 0.61037701 -0.79210901,
          -0.012757353 -0.99926639 0.036112733,
          0.06070029 -0.9959994 0.065580674,
          0.94667971 -0.29968852 0.11825609,
          0.17812033 0.76024121 -0.62474519,
          0.95423794 0.29794866 -0.025627373,
          0.02779888 0.58161622 -0.81298828,
          0.55130345 -0.79993159 0.23701096,
          -0.95856291 0.23088965 0.16687456,
          -0.84470081 0.52129441 0.1213781,
          0.22948493 -0.96341008 0.13848357,
          -0.99923247 -0.0080206357 -0.038342983,
          -0.99999917 0.001269192 0.00042711588,
          0.63800585 -0.72008806 0.2728034,
          0.67162824 0.69689858 -0.25149155,
          0.31332827 -0.93030483 0.19067866,
          -0.6138404 0.78517872 -0.081820272,
          0.02267997 0.66535342 -0.74618399,
          -0.16372781 -0.98589933 0.034580849,
          -0.075185269 -0.9954465 0.058597039,
          -0.35893768 0.89305705 -0.27131692,
          0.4968971 0.76099271 -0.41711316,
          -0.17498478 0.87708437 -0.44732907,
          0.99395168 -0.10405343 0.035114825,
          0.99474335 -0.097526096 0.031216383,
          0.089913331 0.71351016 -0.6948517,
          0.43009198 -0.86670446 0.25267467,
          -0.84473532 0.51316231 0.15194306,
          0.95367146 -0.29121995 0.075509779,
          0.013193513 0.60661256 -0.79488826,
          0.71916884 -0.63749617 0.2763961,
          0.88406998 0.45513728 -0.10616193,
          0.098034866 -0.98613262 0.13390945,
          -0.020998992 0.77934027 -0.62624907,
          -0.67779738 0.73497987 0.019884471,
          0.53328568 -0.79089242 0.30015928,
          -0.98953879 0.090483852 0.11236489,
          0.002162874 0.54514635 -0.8383382,
          0.18551655 -0.96299338 0.19551812,
          0.29226235 0.76975608 -0.5675019,
          -0.86680377 0.4570215 0.19945566,
          -0.21175684 -0.97485638 0.069383763,
          0.79175752 0.58112508 -0.18818533,
          -0.30281153 -0.95242053 0.034646783,
          0.31526816 -0.9134683 0.2572583,
          -0.95581138 0.21863014 0.1965338,
          -0.64653963 0.76220649 0.032059349,
          0.60009813 -0.7386902 0.30695128,
          0.01232524 0.55199569 -0.83375597,
          0.92130268 -0.37856394 0.088829637,
          -0.29422235 0.92177391 -0.25251973,
          -0.13427092 0.90465903 -0.40442994,
          -0.057357512 -0.98996812 0.12912558,
          -0.99219716 0.055605549 0.11159316,
          -0.98795378 0.043623716 0.1484738,
          0.99373972 -0.10961319 0.021598464,
          0.99541146 -0.094024204 0.017761163,
          0.032863289 0.66137868 -0.74933195,
          0.95700741 -0.28785703 0.03571162,
          0.045373518 0.63496333 -0.7712087,
          0.43237773 -0.84746432 0.30798343,
          -0.0047622174 0.54499018 -0.83842891,
          0.050857011 -0.97888434 0.19798739,
          0.61679077 0.70209062 -0.35586238,
          -0.05522057 0.84541273 -0.53125143,
          0.94548965 0.31997761 -0.060528442,
          -0.63779861 0.76737267 0.065971866,
          -0.43905663 -0.89791 0.031415302,
          -0.37012815 -0.92689687 0.062188696,
          0.11839838 0.70061749 -0.70364553,
          0.63644773 -0.72333288 0.26781332,
          0.015959213 0.72910434 -0.6842165,
          0.19578212 -0.94501126 0.26196048,
          -0.39699635 0.90970981 -0.12174617,
          0.49617642 -0.80549562 0.32401517,
          -0.93822789 0.26178971 0.22626211,
          0.86229092 -0.49533078 0.10536493,
          0.38371813 0.74582714 -0.54452026,
          -0.84869981 0.47224444 0.23810469,
          -0.20022108 -0.96920085 0.14339183,
          -0.34758785 0.93193567 -0.10333733,
          0.29741195 -0.89786536 0.32462904,
          -0.6119349 0.78070301 0.12664407,
          0.93021631 -0.36519137 0.036508374,
          0.86633855 0.47205141 -0.16317229,
          -0.11527857 0.92997092 -0.34909162,
          0.99516469 -0.098020792 0.0062656566,
          0.99624568 -0.086477146 0.0040306603,
          0.0020744815 0.56663203 -0.82396835,
          0.64943802 -0.73766112 0.18462504,
          0.72909772 -0.65496719 0.19858135,
          0.00094688049 0.55932766 -0.82894611,
          0.96559936 -0.25999019 -0.004793914,
          -0.027858568 0.86112893 -0.50762284,
          -0.95406199 0.14386731 0.26280782,
          -0.079643562 -0.97831964 0.19117428,
          -0.95915556 0.087910563 0.26887241,
          -0.90098488 0.16026984 0.40316224,
          0.75437075 0.5948832 -0.27755895,
          0.51178676 -0.81271237 0.27851954,
          0.057871003 0.63540971 -0.77000368,
          0.009428855 0.79482353 -0.60676742,
          -0.56854123 -0.82209677 0.030297082,
          -0.49251625 -0.86873823 0.052169293,
          0.067904919 -0.9617188 0.26549208,
          0.013012232 0.61848795 -0.78568667,
          0.38653582 -0.85886824 0.33605862,
          -0.32358861 0.94327921 -0.074261919,
          -0.18717474 0.94706845 -0.26081991,
          0.74555278 -0.65647852 0.1148351,
          0.22677095 0.72279525 -0.65279555,
          -0.34626508 -0.92931837 0.12832786,
          0.034437329 0.71755219 -0.69565296,
          0.99637723 -0.084129281 -0.012438588,
          0.99732238 -0.07216911 -0.011824518,
          -0.014105205 0.55889761 -0.8291167,
          -0.79176497 0.53806025 0.28913558,
          0.87676889 -0.47950521 0.03675843,
          -0.14944281 0.95461196 -0.25764906,
          0.1816656 -0.9280892 0.32503548,
          -0.25294253 0.96542126 -0.063103504,
          0.52985591 0.70610863 -0.46974814,
          0.97376925 -0.22378625 -0.041150533,
          0.93808073 0.3322446 -0.098072015,
          -0.60391182 0.76737911 0.21545272,
          0.55103695 -0.81257778 0.18993606,
          -0.033977505 0.89395136 -0.44687414,
          0.94180143 -0.33588925 -0.013728892,
          0.016008647 0.83483523 -0.55026722,
          -0.19177139 -0.95948845 0.20641151,
          -0.0050644493 0.58391166 -0.81180143,
          0.40269265 -0.86993551 0.28469461,
          -0.86265963 0.33446416 0.37941045,
          0.12555857 0.66771489 -0.73375189,
          -0.68013185 -0.73252159 0.028859442,
          -0.60375357 -0.79526943 0.055030596,
          -0.13087784 0.96444654 -0.22959501,
          0.28242061 -0.89606243 0.34250665,
          0.84230995 0.49115077 -0.22200249,
          0.029800527 0.77099299 -0.63614601,
          -0.070283748 -0.96271676 0.26122159,
          -0.0008798067 0.63383287 -0.77346957,
          0.6652419 -0.73956048 0.10248724,
          0.99736685 -0.068373308 -0.02417526,
          0.99786127 -0.060996022 -0.023505114,
          -0.038813725 0.92650491 -0.37427565,
          0.97894913 -0.18906112 -0.076905817,
          0.30433983 0.71979147 -0.6239211,
          -0.025162559 0.5831998 -0.81193894,
          -0.48082599 -0.86970717 0.11142723,
          0.013965892 0.68237627 -0.73086774,
          -0.1196188 0.97527474 -0.18582398,
          -0.50437587 0.83176214 0.23189813,
          0.76886153 -0.6389752 0.023720259,
          0.075344428 -0.94380456 0.32180157,
          0.66775578 0.63106751 -0.39478606,
          0.95980304 -0.27283347 -0.065880299,
          -0.34994975 0.93308127 0.083034083,
          0.40217128 -0.88780308 0.22375025,
          -0.0087974723 0.93418217 -0.35668799,
          0.032029226 0.8491807 -0.52713025,
          0.88798547 -0.4574047 -0.047568601,
          -0.016278518 0.62265819 -0.78232473,
          0.054762986 0.62342989 -0.77995914,
          -0.32201761 -0.92866915 0.18406105,
          0.030720526 0.80390936 -0.5939579,
          -0.7836132 -0.62076175 0.024600109,
          -0.72582299 -0.68591481 0.051980235,
          -0.79448986 0.35440311 0.49313724,
          -0.81652433 0.24496134 0.52276397,
          0.28462347 -0.91350567 0.29068381,
          -0.7175101 0.33275825 0.61192423,
          0.21283424 0.68980056 -0.69200933,
          0.99750555 -0.060633481 -0.036142845,
          0.99812031 -0.0515908 -0.033081751,
          0.91754729 0.36529016 -0.15706715,
          0.18104862 -0.92007053 0.34740701,
          0.0058493246 0.94388825 -0.33021331,
          0.022918779 0.88139075 -0.47183186,
          0.59013218 -0.80408603 0.072039612,
          0.4265804 0.70449078 -0.56720537,
          0.9807564 -0.15549892 -0.11805534,
          0.015899245 0.7448321 -0.66706258,
          -0.19370583 -0.94358552 0.26856029,
          -0.024590142 0.60154539 -0.79846019,
          -0.60649961 -0.78634149 0.11758086,
          -0.00033672134 0.69588286 -0.71815526,
          -0.20225608 0.97740144 0.06147429,
          0.69124365 -0.72262168 -0.00046911658,
          0.95940518 -0.24792884 -0.13443595,
          -0.030630527 0.64461708 -0.76389188,
          -0.096694142 0.98871547 -0.11442096,
          0.91208488 -0.39238471 -0.1188924,
          -0.0014382617 0.9650079 -0.26221719,
          -0.046098534 -0.94153875 0.33373606,
          0.02903329 0.89588732 -0.44333172,
          0.28251374 -0.93076146 0.23209752,
          0.80860251 0.51104081 -0.2915464,
          0.79698044 -0.59808654 -0.084349446,
          0.039438263 0.8342939 -0.54990774,
          0.99770314 -0.049278203 -0.046476968,
          0.99823254 -0.042064104 -0.041980863,
          0.095133677 0.65363181 -0.75080961,
          -0.55456543 0.71157175 0.43141961,
          -0.86674505 -0.49824113 0.022556093,
          -0.81825072 -0.57367456 0.03692377,
          0.036513388 0.9087522 -0.41573581,
          -0.45543548 -0.87234324 0.17775196,
          0.014758761 0.77935755 -0.6264056,
          -0.016115647 0.6815902 -0.73155665,
          0.17710313 -0.94415593 0.27785641,
          0.33593103 0.69760531 -0.63284856,
          0.98240262 -0.12566294 -0.13818093,
          0.56981647 0.65774792 -0.49262249,
          0.054398187 -0.93391639 0.3533285,
          0.038747251 0.85862541 -0.51113725,
          0.0070411111 0.6445663 -0.76451606,
          -0.32567433 -0.91135651 0.25172555,
          0.0013788708 0.74515325 -0.66689193,
          0.962713 -0.20077506 -0.18130937,
          -0.036181726 0.99745911 -0.06137038,
          0.041961551 0.93352211 -0.35605577,
          0.034624893 0.97003484 -0.24048637,
          -0.71652538 -0.69015324 0.10139017,
          0.91026503 -0.35257658 -0.21704261,
          0.90560079 0.37306225 -0.20177157,
          -0.024500918 0.66070664 -0.75024426,
          0.47561768 -0.87852651 0.044487305,
          0.58874643 -0.80800694 -0.022415826,
          0.8548708 -0.48886234 -0.17380948,
          0.042109441 0.87479866 -0.48265341,
          -0.49228045 0.67177105 0.55351937,
          0.70874506 -0.6993376 -0.092775702,
          -0.57447517 0.39134336 0.71890807,
          -0.028111396 0.7109828 -0.70264727,
          -0.16668002 -0.93072069 0.32554102,
          0.016918303 0.81019598 -0.58591485,
          -0.015825123 0.74042261 -0.67195529,
          0.18754159 -0.95729047 0.22005282,
          0.99771363 -0.037842974 -0.055996288,
          0.9982025 -0.032466162 -0.050377533,
          0.21450338 0.69839776 -0.68280959,
          -0.89274526 -0.44908547 0.036443394,
          0.51576298 0.66367811 -0.54177487,
          -0.92995006 -0.36728027 0.017271165,
          -0.0010120552 0.78537166 -0.61902374,
          -0.57818788 -0.7958169 0.17992842,
          0.046068393 0.88953286 -0.45454273,
          0.061013427 -0.95430875 0.29252735,
          0.7024225 0.58112562 -0.41096935,
          0.0962262 0.69339937 -0.71409935,
          0.98193955 -0.09378542 -0.16431414,
          0.018659167 0.83727014 -0.54647118,
          0.055178683 0.9801541 -0.19040295,
          0.96846557 -0.1470008 -0.20116009,
          0.062217571 0.94556135 -0.31944147,
          -0.052210853 -0.93476814 0.35140103,
          -0.011122158 0.72013342 -0.69374645,
          0.93007082 -0.27894476 -0.23907778,
          0.048630696 0.91525537 -0.3999283,
          -0.45519346 -0.85757053 0.23952398,
          -0.017951479 0.78183925 -0.62322158,
          -0.80590177 -0.58537 0.088680796,
          -0.03093862 0.75547189 -0.65445024,
          0.019953484 0.85479277 -0.5185858,
          0.85785043 -0.43379238 -0.27553019,
          0.45409888 0.68420911 -0.5706594,
          0.45698729 -0.88930053 -0.017527431,
          -0.15283871 0.96691966 0.20422225,
          0.35739881 -0.93263328 0.049611971,
          0.7861439 -0.56928802 -0.24060167,
          -0.021338739 0.7385354 -0.673877,
          0.62827504 -0.76663411 -0.13244943,
          -0.00025243938 0.81317556 -0.58201849,
          -0.28952688 -0.90199548 0.32027873,
          0.67230886 0.59443754 -0.44118571,
          0.85615289 0.43308073 -0.28185689,
          -0.97493201 -0.22223282 0.0109703,
          -0.95391506 -0.29923815 0.022419713,
          0.99748987 -0.029753802 -0.064256005,
          0.99796188 -0.028798956 -0.056946032,
          0.021344082 0.87144148 -0.49003494,
          0.1707347 0.74254429 -0.64767098,
          0.074223414 -0.97418231 0.21321334,
          0.068401553 0.96116662 -0.26735774,
          0.0017625389 0.83771533 -0.54610437,
          -0.70378268 -0.69560796 0.14428963,
          -0.027264692 0.79746073 -0.60275453,
          0.98000789 -0.068737492 -0.18670753,
          -0.020590372 0.81250823 -0.58258617,
          -0.053964373 -0.95029843 0.30662805,
          0.054109719 0.92848158 -0.36741549,
          0.96405673 -0.096618243 -0.24750663,
          0.083022013 0.74142963 -0.66587502,
          0.93951124 -0.19583482 -0.28101131,
          0.026321001 0.89917022 -0.43680689,
          -0.029890388 0.77229506 -0.63456053,
          0.86968672 -0.36289862 -0.334589,
          0.00042612862 0.85459483 -0.51929522,
          -0.025253952 0.99967837 -0.0023226717,
          -0.89121759 -0.44748819 0.074064761,
          0.61505705 0.63518536 -0.46716648,
          -0.54978514 -0.79905146 0.24342,
          -0.0040535419 0.7765215 -0.63007772,
          -0.020412499 0.8368606 -0.54703552,
          -0.14704047 -0.92575431 0.34836486,
          0.7851584 -0.50649309 -0.35635811,
          0.82717711 0.46731412 -0.31208286,
          0.41572598 0.72609609 -0.54768276,
          0.00030625306 0.87147325 -0.49044314,
          0.3650105 -0.9304505 -0.032084364,
          0.68658525 -0.64861786 -0.32847461,
          -0.032384526 0.83187205 -0.55402184,
          0.99693054 -0.029990615 -0.072319962,
          0.99768138 -0.029261801 -0.061446454,
          -0.024823008 0.85919923 -0.51103866,
          0.053373072 0.95276761 -0.29897353,
          -0.41555285 -0.85910487 0.2987555,
          -0.023160337 0.82366478 -0.5666039,
          0.97611856 -0.063812189 -0.2076554,
          0.17765184 0.80075914 -0.57203549,
          -0.99673694 -0.080413096 0.0070135994,
          -0.98700279 -0.16024819 0.012082938,
          -0.0067257448 0.80627269 -0.591506,
          -0.78194988 -0.60691726 0.1421473,
          -0.059107024 -0.97126788 0.23053254,
          -0.036514334 0.84469432 -0.53400224,
          0.0017273622 0.89709705 -0.44183034,
          0.93077147 -0.12389937 -0.34396726,
          0.79600072 0.5100348 -0.32595611,
          0.96389884 -0.075763129 -0.25526267,
          -0.026594438 0.87629575 -0.48103902,
          0.99713475 -0.013830035 -0.074372239,
          0.9975844 -0.027768021 -0.063673265,
          0.99771738 -0.018830096 -0.064850248,
          0.99760795 -0.0080098556 -0.068660378,
          -0.038183898 0.99532515 0.088712536,
          0.99704736 0.0064970548 -0.076514676,
          0.98801357 -0.016437555 -0.15348974,
          0.093801536 0.80694079 -0.58313638,
          -0.16432525 -0.94636518 0.27819121,
          -0.039019968 0.87346435 -0.48532218,
          0.66188848 0.64081299 -0.38892478,
          0.78354764 -0.43804783 -0.44064432,
          -0.023448812 0.8985613 -0.43822125,
          -0.022566125 0.86051673 -0.50892234,
          -0.68029469 -0.70444375 0.20238116,
          0.023444083 0.86997712 -0.49253461,
          -0.94537449 -0.32184789 0.051778864,
          0.36760721 0.77782792 -0.50975353,
          0.97531378 -0.04562889 -0.2160579,
          0.96108121 -0.039733529 -0.27339381,
          -0.26187626 -0.90065891 0.34674856,
          -0.043360021 0.88373369 -0.46597737,
          0.064738438 0.84674352 -0.52804786,
          0.69435441 -0.57937539 -0.42684439,
          -0.038342088 0.87103206 -0.48972756,
          0.59011406 -0.70803988 -0.38787252,
          0.22050311 0.84730411 -0.48317111,
          -0.04182354 0.90217036 -0.42934787,
          -0.86869943 -0.48181224 0.11497079,
          0.84080929 0.47837371 -0.25337389,
          -0.51123017 -0.8023665 0.30798045,
          -0.039359994 0.89566135 -0.44299167,
          -0.02919665 0.91652262 -0.3989161,
          -0.99776679 0.066782624 -0.0012875681,
          -0.99985313 -0.017126452 -0.00062368735,
          0.0022987016 0.89327514 -0.44950458,
          0.95021522 -0.068918079 -0.30387747,
          0.16089267 0.90802717 -0.38678187,
          -0.17547891 -0.95949525 0.22039969,
          0.91707283 -0.084570341 -0.38964766,
          0.56898123 0.72325855 -0.39135352,
          -0.046125256 0.90231138 -0.42861018,
          0.86135548 -0.14021839 -0.48826793,
          0.80513787 -0.23545149 -0.54434884,
          0.86381239 -0.24319033 -0.4412331,
          0.002446752 0.90869808 -0.41744691,
          -0.28218675 -0.91050547 0.30224267,
          0.71934372 -0.46736187 -0.51392376,
          0.2369266 0.87960511 -0.41250554,
          -0.76902717 -0.61010551 0.19070533,
          0.45371962 0.80193871 -0.38862941,
          -0.053701032 0.91615307 -0.3972151,
          -0.98262393 -0.18318015 0.029922066,
          -0.38227618 -0.86010659 0.33775964,
          -0.0062647569 0.92181182 -0.38758704,
          0.95376229 -0.054383554 -0.29560098,
          0.096889868 0.91926396 -0.38153139,
          0.89708877 -0.044327553 -0.4396213,
          0.58838642 -0.66762429 -0.45615706,
          0.82057577 0.52528089 -0.22524568,
          0.33348563 0.90362269 -0.26880005,
          -0.93916363 -0.33382145 0.080839016,
          -0.018096007 0.93251413 -0.36068001,
          0.45628858 0.8341465 -0.30983922,
          -0.64708167 -0.71579564 0.26253006,
          0.084173165 0.93467879 -0.34538454,
          0.71233779 0.66369098 -0.22823055,
          0.89424342 -0.071120463 -0.44189429,
          -0.29362077 -0.92646056 0.23549472,
          -0.042875379 0.93925995 -0.34051788,
          0.78024977 -0.15340248 -0.60636461,
          0.12359542 0.95497888 -0.26970282,
          -0.97644883 0.2156437 -0.0067434022,
          -0.99162704 0.12827066 -0.014920277,
          0.84843338 -0.078418739 -0.52346092,
          0.28323457 0.92396271 -0.25704303,
          0.70874429 -0.26043937 -0.65563172,
          -0.85377032 -0.49342749 0.16614984,
          0.58868992 0.79444695 -0.14932664,
          0.078327946 0.96262413 -0.2592673,
          -0.39597997 -0.87331998 0.28374654,
          0.67652404 0.7138384 -0.18096967,
          0.27668682 0.9396677 -0.2011696,
          0.90509844 -0.065068461 -0.420194,
          0.86148196 0.49029142 -0.13214846,
          -0.99969506 -0.02440244 0.0038034674,
          -0.041345239 0.96411991 -0.26222774,
          -0.49186435 -0.80878174 0.32239971,
          0.021996561 0.96757668 -0.25161803,
          0.33355206 0.93641162 -0.10897891,
          0.54829055 0.82927257 -0.10809528,
          0.8189407 0.57372862 -0.013101879,
          -0.73914576 -0.6245113 0.25228795,
          0.87462175 0.48062485 -0.063533947,
          0.2768178 0.95384544 -0.11640803,
          -0.98025984 -0.1918819 0.047666684,
          0.58768839 0.80863494 -0.027057234,
          0.82920045 -0.064086005 -0.55526537,
          0.75860071 -0.06974259 -0.64781243,
          0.03859029 0.98720849 -0.15469387,
          0.6853025 -0.14231959 -0.71421689,
          0.5859561 0.81023908 0.012970822,
          -0.41837865 -0.87978137 0.22570801,
          0.22103402 0.97205698 -0.079052992,
          0.78048927 0.62510335 0.0090796025,
          -0.93014628 -0.34825975 0.11637478,
          0.92120862 0.38801008 0.028689222,
          -0.93549442 0.3531324 -0.012157019,
          -0.96089536 0.27571216 -0.025747871,
          0.57066482 0.81993467 0.045263935,
          0.78601348 0.61531591 0.059742045,
          -0.50703126 -0.81967443 0.26655799,
          0.058213215 0.99767971 -0.035304219,
          -0.61337745 -0.72815841 0.30586502,
          0.53773129 0.84012789 0.07092388,
          0.82933038 -0.054992981 -0.55604583,
          0.18907923 0.9819504 0.0047611007,
          0.8260234 -0.041974876 -0.56207067,
          0.73107916 -0.036074255 -0.68133837,
          0.83266795 0.54132164 0.11676987,
          0.91835058 0.39130789 0.059249848,
          0.46326363 0.69518751 0.54963732,
          0.48992234 0.49390918 0.71835226,
          0.63575792 0.41027027 0.65382743,
          0.81074154 0.56769174 0.14291367,
          -0.99124354 0.12926877 -0.026940815,
          0.58875442 -0.24255314 -0.77106178,
          0.92180485 0.37404639 0.10180944,
          0.21889953 0.96898907 0.11464438,
          0.54562908 0.82603806 0.14124466,
          0.75552553 0.63275814 0.16970068,
          -0.83637577 -0.50494474 0.21332225,
          0.73931152 -0.054782629 -0.67113137,
          0.93606991 0.32457176 0.13574366,
          0.57485271 0.64837253 0.4991568,
          0.75208092 0.32543302 0.57312107,
          -0.99965841 -0.025408633 0.006125886,
          0.93246752 0.32818127 0.15100139,
          0.51541609 0.82910991 0.21661741,
          0.91934836 0.34558406 0.18806987,
          0.65203762 -0.057102356 -0.75603336,
          0.79152501 0.56029141 0.24405274,
          0.56411964 -0.094893791 -0.82022208,
          0.74312919 0.48285177 0.46326357,
          0.85292345 0.22404873 0.4715122,
          0.78711551 0.53742707 0.30269009,
          -0.52637053 -0.82447755 0.20777631,
          0.92162329 0.31381255 0.22832482,
          0.87889379 0.26383156 0.39741516,
          0.92865092 0.1440988 0.34182304,
          -0.87071341 0.49132502 -0.021398546,
          -0.91149122 0.40900978 -0.043529887,
          -0.61680788 -0.73750913 0.27500606,
          0.71558309 -0.64841998 0.25979301,
          -0.97714567 -0.20096461 0.06927897,
          0.79689193 -0.58630335 0.14564224,
          0.81738937 -0.57256699 0.063575685,
          0.83405983 -0.55153739 -0.012275356,
          0.72618186 -0.045026816 -0.68602669,
          0.4527404 -0.87439001 0.17455208,
          -0.69954449 -0.65669709 0.28175607,
          0.4814201 -0.86556929 0.13792937,
          0.53529072 -0.83588856 0.1214668,
          0.35167882 -0.9186492 0.18001598,
          0.36643362 -0.91965407 0.14129044,
          0.41654739 -0.90191716 0.11416628,
          0.28975445 -0.94422579 0.15646091,
          0.55673367 -0.32772067 -0.76331317,
          0.42158496 -0.27233583 -0.86492747,
          0.24016778 -0.95961404 0.14649366,
          0.43050128 -0.36131725 -0.82711458,
          0.23183893 -0.96791106 0.096948154,
          -0.95627397 0.28695273 -0.056552749,
          0.16185027 -0.97225946 0.16886689,
          0.7357133 -0.63605011 -0.2327363,
          -0.91356671 -0.37417707 0.15933461,
          0.67585212 -0.70990962 -0.19812196,
          0.54250801 -0.83417922 -0.099146739,
          0.14171807 -0.98157364 0.12817697,
          0.18310802 -0.98007578 0.07696107,
          0.90170532 -0.26261711 -0.34345296,
          0.2400239 -0.97029966 0.030121267,
          0.27183387 -0.96234006 0.0028255112,
          0.20303303 -0.97757649 -0.05587443,
          0.30970532 -0.95031971 -0.031226147,
          0.1017075 -0.98906243 0.10682351,
          0.37741297 -0.9217959 -0.088610224,
          0.63032508 -0.039961286 -0.77530211,
          0.40582347 -0.9055385 -0.12372294,
          0.62934166 -0.72328377 -0.28423539,
          0.43420693 -0.12220067 -0.89248604,
          0.453926 -0.88026953 -0.13811852,
          0.49135694 -0.84705824 -0.20263436,
          -0.65572518 -0.73043561 0.19101939,
          0.37040111 -0.90434599 -0.21204092,
          0.58740163 -0.7661261 -0.26078764,
          0.55160725 -0.80336487 -0.22435308,
          0.16693431 -0.98560041 0.026922543,
          0.083828904 -0.99491578 0.055816237,
          0.5283969 -0.044025764 -0.84785521,
          -0.029084556 -0.9853949 0.16778265,
          -0.005129192 -0.99190617 0.12687019,
          0.90015221 -0.18729444 -0.39325163,
          -0.9898935 0.13558491 -0.041564226,
          0.03536503 -0.99373472 0.10602168,
          -0.036620017 -0.99720782 0.065080963,
          0.29293934 -0.36299923 -0.88454401,
          0.83319521 -0.32200849 -0.44955122,
          0.1233846 -0.99235165 0.0038241001,
          -0.71549433 -0.65383351 0.24610896,
          0.25274631 -0.96306241 -0.092898972,
          0.28698075 -0.9489243 -0.1310904,
          0.22830957 -0.94593072 -0.23041229,
          0.32615963 -0.92962211 -0.17153051,
          -0.78838533 0.61460721 -0.02658158,
          -0.83612233 0.54474205 -0.064463407,
          -0.9995957 -0.026944393 0.0090898946,
          0.4983601 -0.79812801 -0.33856899,
          0.46071687 -0.8349207 -0.30107731,
          0.43074244 -0.7997455 -0.4181726,
          0.42212623 -0.86876285 -0.25896063,
          -0.7999022 -0.54736078 0.24607442,
          0.11135262 -0.99277514 -0.044700339,
          0.035404269 -0.99872494 0.035986435,
          -0.15260315 -0.97346294 0.1705353,
          0.62636179 -0.033467639 -0.77881384,
          0.7836293 -0.32789266 -0.52764714,
          0.60144699 -0.023749763 -0.79855961,
          0.75384986 -0.36425182 -0.54683727,
          -0.12099834 -0.98320997 0.13659324,
          0.72572017 -0.40014929 -0.55965251,
          -0.095004246 -0.99103463 0.093940139,
          -0.18257782 -0.98165518 0.054941874,
          0.26515892 -0.260158 -0.92844415,
          0.67213708 -0.49704215 -0.54879957,
          0.63621712 -0.5325157 -0.55826062,
          0.60306823 -0.59106499 -0.53567803,
          0.56918585 -0.51749867 -0.63892311,
          0.0063166623 -0.99996531 -0.0054310123,
          0.052663576 -0.99585164 -0.074203163,
          -0.88824213 0.44901878 -0.096995063,
          0.49091101 -0.73607904 -0.46604085,
          0.42675507 -0.70670205 -0.5643158,
          0.11374824 -0.98835713 -0.10105315,
          0.35737601 -0.8589524 -0.36671966,
          0.14802194 -0.97879899 -0.14157049,
          -0.97061056 -0.22018541 0.097126581,
          0.31793255 -0.88792402 -0.33243042,
          0.27666375 -0.85706043 -0.43463156,
          0.18585265 -0.96498096 -0.18512313,
          0.081375875 -0.96709824 -0.24103765,
          0.2797111 -0.9176532 -0.28226668,
          -0.018588336 -0.99865246 -0.048453644,
          0.49992681 -0.024504976 -0.86572105,
          0.53432971 -0.63264316 -0.56058401,
          -0.094905056 -0.99517655 0.024835495,
          -0.084748171 -0.99406368 -0.068229422,
          0.40587401 -0.022468399 -0.91365284,
          0.66515535 -0.34253618 -0.66350389,
          -0.75258911 -0.63409621 0.17757145,
          -0.28113154 -0.94669467 0.15727149,
          0.64530611 -0.42890814 -0.63215345,
          0.6084711 -0.45240387 -0.6519922,
          0.24744016 -0.15982887 -0.95562971,
          0.37039691 -0.80835712 -0.45756432,
          -0.23203263 -0.96157169 0.14676826,
          -0.69050485 0.72244322 -0.035761211,
          -0.74535221 0.66316336 -0.068296917,
          -0.33247957 -0.93924636 0.085286587,
          -0.22227815 -0.96999925 0.098458499,
          -0.81127572 -0.54410452 0.21396747,
          0.50673246 -0.60768431 -0.61150801,
          -0.1294841 -0.99157572 -0.0033887753,
          0.21796423 -0.49087182 -0.84352618,
          0.096391506 -0.38039657 -0.91978645,
          0.34141645 -0.78792006 -0.51246166,
          0.1025293 -0.52157182 -0.84702468,
          0.47599566 -0.58495492 -0.65670079,
          -0.95913821 0.27163166 -0.079185039,
          -0.024374021 -0.99436373 -0.10318307,
          0.0063126758 -0.98933369 -0.14553072,
          0.20277789 -0.89800698 -0.39046729,
          -0.8942638 -0.40406075 0.19242437,
          0.16245332 -0.92154795 -0.35264477,
          0.11479996 -0.88326049 -0.45461202,
          -0.068141215 -0.96796608 -0.24165814,
          0.042599894 -0.98039985 -0.192358,
          0.1277049 -0.94589859 -0.29827422,
          0.31154019 -0.76838106 -0.55904675,
          0.50185627 -0.020972438 -0.86469674,
          0.49858579 -0.017515562 -0.8666634,
          0.36006394 -0.010142487 -0.93287253,
          -0.33309487 -0.92931134 0.15946241,
          -0.16041556 -0.98652625 -0.032137416,
          0.54808593 -0.40777135 -0.73029065,
          -0.98738086 0.14602934 -0.061273597,
          0.50993168 -0.44205037 -0.73794395,
          0.4804841 -0.48440772 -0.73108429,
          0.093384549 -0.24341291 -0.96541685,
          0.42521459 -0.54202145 -0.72484845,
          -0.38042775 -0.91266799 0.14937152,
          0.21104926 -0.84015381 -0.49959967,
          0.23983464 -0.74510658 -0.62233084,
          0.38760996 -0.59525013 -0.70387203,
          -0.82598889 0.55006027 -0.12319112,
          0.3541159 -0.65031248 -0.67208314,
          0.30824733 -0.57620627 -0.75694776,
          0.31570837 -0.689955 -0.65137583,
          -0.28746957 -0.95680791 0.043357857,
          -0.28027081 -0.95991403 -0.0036527182,
          0.17589457 -0.82103938 -0.54309797,
          -0.99947995 -0.029594285 0.01281395,
          -0.23571365 -0.9714548 -0.026733538,
          -0.21806815 -0.97289681 -0.076930217,
          -0.33745015 -0.93955714 -0.05796396,
          -0.41077852 -0.90470374 0.11301405,
          -0.43119398 -0.89880013 0.078931339,
          0.044743299 -0.91436291 -0.40241605,
          -0.1651527 -0.98140055 -0.097865663,
          0.0086086262 -0.93302763 -0.35970181,
          -0.055621941 -0.87795877 -0.47549406,
          0.35521087 -0.01224627 -0.93470609,
          -0.83671248 -0.52416658 0.15862419,
          -0.13702284 -0.98034722 -0.14192978,
          -0.024035553 -0.9527536 -0.30279198,
          -0.21824048 -0.94822747 -0.23072879,
          -0.10565481 -0.9759317 -0.19077359,
          -0.57280278 0.81844181 -0.045277141,
          -0.64759272 0.75643528 -0.091812283,
          0.14258559 -0.79727662 -0.58653164,
          -0.44961992 -0.87615204 0.17378014,
          0.37074509 -0.47857141 -0.79593825,
          -0.89703625 -0.40427902 0.1785623,
          -0.47840434 -0.86721241 0.13810138,
          0.046139859 -0.8570897 -0.51309705,
          0.069426835 -0.76320612 -0.64241445,
          0.25379378 -0.0040472294 -0.96724987,
          0.096784994 -0.14897369 -0.98409325,
          0.21272905 -0.60263848 -0.7691381,
          0.125696 -0.60541379 -0.78592283,
          -0.8904171 0.43226159 -0.14250383,
          0.1828008 -0.67823172 -0.7117483,
          0.1432696 -0.71497071 -0.68431777,
          -0.4043721 -0.91414452 0.028689634,
          0.010185592 -0.83274931 -0.55355656,
          -0.46474922 -0.88512003 -0.023893837,
          -0.37063268 -0.92837906 -0.027274407,
          0.36476341 -0.013076646 -0.93100846,
          -0.52555549 -0.8419432 0.12215994,
          -0.96114779 -0.24667163 0.1238873,
          -0.30486113 -0.94827449 -0.088516459,
          -0.75435406 -0.64759445 0.10757055,
          -0.68441343 -0.72406089 0.085523129,
          -0.12711914 -0.90394598 -0.40831649,
          -0.27834663 -0.95148307 -0.13116074,
          -0.15330717 -0.92274171 -0.35361671,
          -0.21504487 -0.86954492 -0.44457552,
          -0.029184625 -0.79734373 -0.60281938,
          -0.089039989 -0.79278749 -0.60295945,
          -0.24941881 -0.95170534 -0.17901729,
          -0.94524902 0.30269158 -0.12199211,
          -0.36266479 -0.90736592 -0.21251208,
          -0.18036386 -0.93913066 -0.29240802,
          -0.48001763 -0.87610263 0.045027591,
          -0.59826332 -0.79898125 0.060910653,
          -0.5965513 -0.78876173 0.1482617,
          -0.74030542 0.65598595 -0.14707281,
          0.038166862 -0.61286378 -0.78926629,
          -0.10091341 -0.84924668 -0.5182631,
          0.010576754 -0.68784475 -0.72578084,
          -0.031702634 -0.72068399 -0.6925385,
          -0.51775038 -0.85516644 0.024998527,
          0.37052277 -0.080513559 -0.9253273,
          -0.69055277 -0.7232762 -0.0029156196,
          -0.62249756 -0.78185564 -0.034620941,
          -0.16466773 -0.82687908 -0.53773183,
          -0.43979877 -0.89427006 -0.082814872,
          -0.9084208 -0.39489961 0.13720845,
          -0.3965621 -0.91150534 -0.1090714,
          -0.50205249 -0.8492384 -0.16351603,
          -0.28011417 -0.88185847 -0.37929109,
          -0.38932037 -0.90680659 -0.16165254,
          -0.30966157 -0.89042115 -0.33355668,
          -0.37428546 -0.8291927 -0.41515052,
          0.21681941 -0.0049387985 -0.97619933,
          -0.33149967 -0.90246606 -0.27506945,
          -0.54996401 -0.83517706 -0.0043496224,
          -0.98712903 0.14235765 -0.072873496,
          -0.21221037 -0.78581959 -0.58090836,
          0.28878632 -0.023556316 -0.95710379,
          -0.44965956 0.89182228 -0.049591653,
          -0.53318894 0.83943909 -0.10512671,
          -0.12187317 -0.71818662 -0.68509489,
          -0.29254383 -0.82306868 -0.4868021,
          -0.26747593 -0.7322318 -0.62633324,
          0.098731838 0.0011089038 -0.99511349,
          -0.51046342 -0.85683519 -0.072530217,
          -0.33149689 -0.79073024 -0.51464117,
          -0.96217 -0.24558873 0.11796205,
          0.22080465 -0.06084054 -0.97341859,
          -0.53869009 -0.83756161 -0.091124035,
          -0.43016329 -0.83246022 -0.34924155,
          -0.80981457 0.55878264 -0.17878072,
          -0.45303956 -0.83876169 -0.30204967,
          -0.51808321 -0.77024305 -0.37190813,
          -0.46993378 -0.8482011 -0.24437127,
          -0.83938956 -0.53299743 0.10648439,
          -0.36965469 -0.75471652 -0.54199481,
          0.13192144 -0.020070272 -0.99105698,
          -0.57945055 -0.80458319 -0.12993442,
          -0.65656668 -0.73769462 -0.15724763,
          -0.44668558 -0.77586728 -0.44553566,
          -0.9993 -0.033436265 0.016777679,
          -0.44144481 -0.69682491 -0.56529784,
          -0.31932265 -0.58874559 -0.742571,
          -0.43515238 -0.47308305 -0.76605159,
          -0.40486079 -0.56796753 -0.71658963,
          0.22599304 -0.0044587925 -0.97411871,
          0.22402012 -0.0030961188 -0.97457963,
          0.10248633 -0.0012010138 -0.99473369,
          -0.34372523 -0.65244848 -0.67539918,
          -0.37959251 -0.6752997 -0.63236052,
          -0.48220441 -0.74016225 -0.46865639,
          0.061554123 -0.058393151 -0.99639416,
          -0.60981774 0.76762515 -0.19716473,
          -0.56709075 -0.76528203 -0.30455142,
          -0.59141314 -0.77832276 -0.21081789,
          -0.67032987 -0.68050033 -0.29593438,
          -0.85277426 0.47263685 -0.22223967,
          -0.51792026 -0.70123601 -0.4899253,
          -0.024036275 -0.0191014 -0.99952859,
          -0.058086969 0.0028050097 -0.99830759,
          -0.58584112 -0.7093389 -0.39195481,
          -0.57400948 -0.65624917 -0.48974511,
          -0.77698958 -0.62926298 0.017762549,
          -0.47929311 -0.5503462 -0.68366462,
          -0.57400703 -0.44904965 -0.68474108,
          -0.57778311 -0.52282584 -0.62675339,
          -0.49806011 -0.61062074 -0.61569345,
          -0.53051579 -0.62825382 -0.56907839,
          -0.6187284 -0.65641689 -0.43161562,
          -0.6554569 -0.62044489 -0.43060943,
          -0.71859866 -0.53903913 -0.43937787,
          0.063210577 -0.0008270485 -0.99799991,
          -0.21021754 -0.006255588 -0.97763467,
          -0.59917241 -0.59710234 -0.53334922,
          -0.30918729 0.94927025 -0.057351489,
          -0.39859435 0.90931559 -0.11944772,
          -0.63876146 -0.56947201 -0.51738322,
          -0.96682245 -0.23750618 0.094048716,
          -0.74394679 -0.62636608 -0.23282783,
          -0.72587174 -0.59708613 -0.34146515,
          -0.77243328 -0.51082188 -0.37736967,
          -0.65671521 -0.47662425 -0.58442664,
          -0.7326048 -0.45666522 -0.5047248,
          -0.40858242 -0.17607836 -0.89557624,
          -0.35690913 -0.068907775 -0.93159419,
          -0.71577722 -0.6898073 -0.1087608,
          -0.2765677 -0.020696908 -0.96077156,
          -0.93091035 0.3227219 -0.17104562,
          -0.82925087 -0.52900004 -0.18028346,
          -0.81510687 -0.50603473 -0.28200999,
          -0.43004638 -0.074037127 -0.89976591,
          -0.48769048 -0.035988037 -0.87227458,
          -0.82758564 -0.43203625 -0.35839456,
          -0.69827777 0.67411447 -0.24078602,
          -0.56117392 -0.080314651 -0.8237921,
          -0.6184839 -0.042484324 -0.78464818,
          -0.81089401 -0.083095156 -0.57926357,
          0.99710202 0.07603763 -0.0024297405,
          0.98832953 0.15215953 -0.0072261104,
          0.98803258 0.15417333 -0.00471935,
          -0.99923098 -0.035193298 0.017289007,
          0.99764544 0.068559252 -0.0017846467,
          0.990161 0.13990906 -0.0026031963,
          0.97162455 0.23411833 -0.03367991,
          -0.9126479 -0.39738223 0.095715046,
          0.98793048 0.15340483 -0.021457115,
          0.99705899 0.075936757 -0.010343966,
          0.99801648 0.061816968 -0.01191026,
          -0.41125971 -0.368489 -0.8337155,
          0.98719466 0.15686734 -0.028971173,
          0.96830916 0.24239345 -0.06019095,
          0.069822401 -0.00092925871 -0.99755901,
          -0.044457398 -3.0021389e-005 -0.99901128,
          0.98658556 0.15869494 -0.038274176,
          0.99674588 0.078477427 -0.018413041,
          0.99774951 0.064419456 -0.018604156,
          0.98505396 0.1655589 -0.047530584,
          -0.48442528 0.84645969 -0.22099376,
          0.96264958 0.25520536 -0.090422437,
          -0.97280562 0.1984852 -0.11938541,
          0.98418868 0.16750972 -0.057561088,
          0.99617034 0.082933947 -0.027687415,
          0.99723285 0.069188476 -0.027195543,
          0.98228461 0.17437637 -0.068628915,
          0.95211899 0.27693549 -0.12952363,
          -0.85648149 -0.51513869 0.032735839,
          0.97992569 0.18161976 -0.082219779,
          0.9963541 0.076205425 -0.038356353,
          0.99519622 0.089641832 -0.039357144,
          0.97590816 0.19438438 -0.099086136,
          0.93110043 0.31314328 -0.18706532,
          -0.4198631 -0.27178562 -0.86593741,
          -0.47617799 0.46410033 0.74690396,
          -0.51938254 0.24632415 0.81827039,
          -0.38495824 0.28463414 0.87794691,
          0.9713273 0.20595664 -0.11876512,
          -0.30543673 0.66724962 0.67932791,
          0.99472636 0.089099824 -0.050802168,
          0.99322075 0.10151299 -0.056637038,
          -0.58927846 0.75378245 -0.29079705,
          -0.08158154 -0.0017688274 -0.99666512,
          0.92060387 0.33438072 -0.20168835,
          0.95768076 0.24216105 -0.15558153,
          -0.79819304 -0.59801966 -0.072528817,
          0.97905749 0.1784426 -0.098003425,
          -0.99928814 -0.034817673 0.014528497,
          -0.22240907 0.52929384 0.81876886,
          -0.24539208 0.31801727 0.91577721,
          -0.12148979 0.35955659 0.92518073,
          0.9153114 0.344221 -0.20908619,
          -0.8200776 0.49371952 -0.28933337,
          0.99377769 0.099203639 -0.05064214,
          0.99134374 0.11492731 -0.063476704,
          0.97490376 0.18850867 -0.11843647,
          -0.16359097 0.9847542 -0.059137668,
          0.98339415 0.16340624 -0.078959152,
          0.90169907 0.37471604 -0.21570064,
          0.9626227 0.24160141 -0.12241896,
          0.043327447 0.40901333 0.91149926,
          0.99480349 0.095236354 -0.036003564,
          0.99115849 0.12026518 -0.056046452,
          -0.55970508 -0.34427074 -0.7537958,
          0.9626351 0.24562711 -0.11402194,
          0.033840992 0.87097448 0.49016148,
          -0.094878718 -0.0014409212 -0.99548787,
          0.91553622 0.37100086 -0.15540899,
          0.060619548 0.66327417 0.74591732,
          -0.36196968 0.90366185 -0.22885208,
          0.966102 0.24186938 -0.090256363,
          0.17293313 0.41358963 0.89388913,
          0.17661914 0.65330857 0.73620218,
          0.995444 0.092583098 -0.022798192,
          0.99218434 0.11840192 -0.039386064,
          0.96764803 0.23977074 -0.078532167,
          0.93077356 0.35374913 -0.092316508,
          -0.88405824 0.39407369 -0.25129092,
          0.30767322 0.36734602 0.87772095,
          0.96989971 0.23645155 -0.058182973,
          -0.56151313 -0.24289754 -0.79101443,
          0.93894005 0.34001926 -0.052711893,
          0.99752557 0.069924861 -0.0073103006,
          0.99452102 0.10365146 -0.013581096,
          0.97246706 0.22921823 -0.042035744,
          0.43109667 0.33203536 0.83899236,
          0.97792953 0.20838514 -0.015149228,
          0.95591336 0.29353026 0.0083481967,
          0.98105192 0.19373718 0.0017407381,
          0.99823737 0.059080161 0.005645697,
          0.99509591 0.098861545 -0.0032471928,
          0.98340446 0.18046275 0.018679027,
          0.96405965 0.26084062 0.050510488,
          0.98518574 0.16847949 0.03199685,
          0.99861598 0.050399717 0.015039261,
          0.9964025 0.083626606 0.013740996,
          0.98646623 0.15745772 0.045732342,
          0.96717256 0.24030982 0.082634129,
          0.98735642 0.1488013 0.054641131,
          0.99880594 0.043282092 0.022657257,
          0.99699843 0.073001102 0.025790853,
          0.98649722 0.14825915 0.069589116,
          0.97093046 0.21741712 0.10011998,
          0.97037572 0.20854846 0.12197781,
          0.98828822 0.13428664 0.072480761,
          0.99891114 0.036315303 0.029289445,
          0.99735397 0.062587209 0.0369852,
          0.98946559 0.12145274 0.078785419,
          0.98728383 0.12938888 0.092354357,
          0.97225147 0.19145158 0.13443787,
          0.98879391 0.11613813 0.093800843,
          0.99834299 0.03722867 0.043879345,
          0.99692488 0.066081516 0.0421189,
          0.97085857 0.17848812 0.15992391,
          0.99482453 0.071991831 0.071704283,
          0.98868692 0.099994481 0.11180017,
          -1.0326156e-015 1 8.0656351e-016,
          -1.0628349e-015 1 8.7575155e-016,
          -1.0218943e-015 1 7.590528e-016,
          -1.0770432e-015 1 9.0939215e-016,
          -1.0258204e-015 1 9.0036193e-016,
          -9.4622972e-016 1 8.7069772e-016,
          -8.8137495e-016 1 8.6915496e-016,
          -1.0065816e-015 1 7.9628884e-016,
          -1.0003947e-015 1 8.5751429e-016,
          -9.1251738e-016 1 8.4361014e-016,
          -9.6072118e-016 1 8.3425678e-016,
          -9.7702889e-016 1 8.8826058e-016,
          -9.5021236e-016 1 8.8753637e-016,
          -9.7951494e-016 1 8.6968197e-016,
          -1.0244388e-015 1 8.5571196e-016,
          -9.8253058e-016 1 8.5239625e-016,
          -1.0260839e-015 1 8.3928937e-016,
          -1.0329493e-015 1 8.4216129e-016,
          -1.0409005e-015 1 8.8817842e-016,
          -1.0190958e-015 1 8.3689571e-016,
          -1.065814e-015 1 8.5164584e-016,
          -1.0004567e-015 1 8.1494718e-016,
          -9.8644536e-016 1 8.470826e-016,
          -9.8981528e-016 1 8.0192262e-016,
          -9.7070569e-016 1 8.8918745e-016,
          -1.0293935e-015 1 8.2929137e-016,
          -9.9013588e-016 1 9.1192446e-016,
          -1.0382791e-015 1 8.1959374e-016,
          -1.0270931e-015 1 8.8464534e-016,
          -9.872583e-016 1 7.7511503e-016,
          -1.0432715e-015 1 8.5283962e-016,
          -9.7295562e-016 1 8.2368554e-016,
          -1.0275582e-015 1 8.5915108e-016,
          -9.4151365e-016 1 8.9879704e-016,
          -9.9722205e-016 1 8.7714915e-016,
          -9.3511961e-016 1 9.4890052e-016,
          -9.283209e-016 1 8.6775153e-016,
          -9.1507436e-016 1 9.1507436e-016,
          -9.4151354e-016 1 8.9879704e-016,
          -1.0275582e-015 1 8.5915097e-016,
          -9.7295572e-016 1 8.2368554e-016,
          -9.9013599e-016 1 9.1192456e-016,
          -1.0293936e-015 1 8.2929147e-016,
          -9.7070579e-016 1 8.8918745e-016,
          -9.8981528e-016 1 8.0192267e-016,
          -1.0329493e-015 1 8.421614e-016,
          -9.8253058e-016 1 8.5239615e-016,
          -1.0244388e-015 1 8.5571186e-016,
          -9.7951494e-016 1 8.6968208e-016,
          -9.6072118e-016 1 8.3425662e-016,
          -9.1251738e-016 1 8.4361019e-016,
          -9.5021225e-016 1 8.8753626e-016,
          -1.0003947e-015 1 8.575144e-016,
          -1.0065816e-015 1 7.9628879e-016,
          -1.0218943e-015 1 7.5905285e-016,
          -1.0326156e-015 1 8.0656346e-016,
          0.99168187 -0.00042722229 -0.12871262,
          0.9969492 0.00077171176 -0.078050509,
          0.99698186 0 -0.077635661,
          0.98351902 0.00092155801 -0.18080291,
          0.96136653 -0.00087679405 -0.27527037,
          0.94461733 0.0061449124 -0.32811663,
          0.90693748 -0.0013093277 -0.42126343,
          0.88236111 0.0060251891 -0.47053435,
          0.83594787 -0.0051182429 -0.54878509,
          0.80041587 0.010623758 -0.59935093,
          0.74059725 -0.0051395479 -0.67192954,
          0.69812906 0.0096687963 -0.71590674,
          0.63041407 -0.0094100712 -0.77620214,
          0.57797384 0.0094793737 -0.81600034,
          0.50696343 -0.0079154 -0.86193126,
          0.4464902 0.014163244 -0.89467651,
          0.36678281 -0.0076002413 -0.93027556,
          0.30324665 0.011902068 -0.95283777,
          0.22729079 -0.0090169497 -0.97378528,
          0.15387642 0.015462616 -0.9879691,
          0.078527302 -0.0057495395 -0.99689543,
          0.0025581948 0.015834993 -0.99987143,
          -0.072664499 -0.0088843135 -0.9973169,
          -0.15076943 0.011660441 -0.98850018,
          -0.21701151 -0.0080814539 -0.97613567,
          -0.30102843 0.0141654 -0.95351005,
          -0.36597323 -0.007574447 -0.93059456,
          -0.44343826 0.009897518 -0.89625031,
          -0.50180328 -0.0095940689 -0.8649286,
          -0.57767379 0.0093061663 -0.8162148,
          -0.62639129 -0.0054069953 -0.77949011,
          -0.69680715 0.011047723 -0.71717352,
          -0.74003571 -0.0048075486 -0.67255038,
          -0.7981087 0.006105409 -0.60248274,
          -0.83013749 -0.0017333889 -0.55755609,
          -0.89203721 0.0070821275 -0.4519065,
          -0.89323211 -0.00012685909 -0.44959599,
          -0.94142509 0.0012552334 -0.33721998,
          -0.95761782 0.0034962231 -0.288021,
          -0.98046994 -0.0031918699 -0.19664302,
          -0.99024606 0.008230486 -0.13908677,
          -0.99911225 -0.003204732 -0.042005606,
          -0.99984187 0.007964856 0.015901171,
          -0.99393195 -0.0077300454 0.10972559,
          -0.98514074 0.0077913105 0.17157266,
          -0.96630973 -0.0067041018 0.25729468,
          -0.94737774 0.01269661 0.319866,
          -0.91452515 -0.0064696004 0.40447733,
          -0.88666391 0.010926394 0.46228537,
          -0.84582412 -0.0085127577 0.53339404,
          -0.80557126 0.01484 0.59231305,
          -0.75623238 -0.005547375 0.65427977,
          -0.70661002 0.015998812 0.70742232,
          -0.64881241 -0.0090546776 0.7608946,
          -0.58967727 0.012139823 0.80754781,
          -0.5312376 -0.0088634538 0.84717655,
          -0.45858696 0.015182315 0.88851988,
          -0.39320886 -0.0083636409 0.91941124,
          -0.31700984 0.011186637 0.94835627,
          -0.25029922 -0.010833769 0.96810794,
          -0.16541177 0.010609085 0.98616755,
          -0.10177884 -0.0068981461 0.99478322,
          -0.011286142 0.012946391 0.9998526,
          0.054288149 -0.0064052437 0.99850482,
          0.14160424 0.0081444969 0.98988986,
          0.19914767 -0.0039245677 0.97996163,
          0.29271495 0.0088390736 0.956159,
          0.34477633 0.0011901084 0.93868411,
          0.45670021 0.0036929247 0.88961309,
          0.45958072 -0.00043746107 0.88813591,
          0.55969608 -0.00088634557 0.82869756,
          0.60436535 0.0053673955 0.79668927,
          0.68159288 -0.00089913938 0.73173112,
          0.72055799 0.0058481577 0.6933701,
          0.78456682 -0.0056488481 0.62001866,
          0.8198294 0.0057038483 0.57257962,
          0.8684684 -0.0051228385 0.49571824,
          0.89746875 0.010775089 0.44094661,
          0.93503183 -0.0049677435 0.35452917,
          0.95485485 0.0095451549 0.29691941,
          0.97366822 -0.003390989 0.22794457,
          0.98778456 0.019996755 0.1545375,
          0.9958666 0.010818119 0.090181835,
          0.99750769 0.020811642 0.067419104,
          0.99874979 0 0.049988575,
          0 0 1,
          -0.078050524 0.99694943 0.00019292797,
          -0.077635661 0.99698186 4.4456048e-016,
          -0.12871262 0.99168199 -0.00010680557,
          -0.18080297 0.98351932 0.00023038957,
          -0.27527046 0.96136683 -0.00021919857,
          -0.32812241 0.94463396 0.0015362551,
          -0.42126375 0.9069382 -0.00032733218,
          -0.4705424 0.88237619 0.001506323,
          -0.54879183 0.83595812 -0.0012795764,
          -0.59938264 0.80045825 0.0026560801,
          -0.67193788 0.74060643 -0.0012849029,
          -0.71593809 0.69815964 0.002417305,
          -0.77623427 0.63044018 -0.0023526154,
          -0.81603473 0.57799816 0.0023699433,
          -0.86195654 0.50697833 -0.0019789082,
          -0.89476067 0.44653222 0.0035411441,
          -0.93030083 0.36679277 -0.0019001119,
          -0.95290112 0.30326679 0.0029757149,
          -0.97382236 0.22729945 -0.0022543231,
          -0.98807985 0.15389368 0.0038660872,
          -0.99691087 0.078528516 -0.0014374072,
          -0.99998897 0.0025584956 0.0039592138,
          -0.99735385 -0.072667189 -0.0022211606,
          -0.98856318 -0.15077904 0.002915296,
          -0.97616547 -0.21701813 -0.0020204252,
          -0.95359969 -0.30105674 0.0035416828,
          -0.93061966 -0.3659831 -0.0018936627,
          -0.89629143 -0.44345859 0.0024744931,
          -0.86496598 -0.50182498 -0.0023986206,
          -0.81624782 -0.57769722 0.0023266359,
          -0.77950072 -0.62639987 -0.0013517673,
          -0.71721458 -0.69684696 0.0027620886,
          -0.67255765 -0.74004376 -0.0012019002,
          -0.60249323 -0.79812253 0.0015263788,
          -0.55755687 -0.83013868 -0.0004333478,
          -0.45191714 -0.89205825 0.0017705736,
          -0.44959599 -0.89323211 -3.1714771e-005,
          -0.33722022 -0.94142574 0.00031380859,
          -0.28802264 -0.95762324 0.00087406073,
          -0.19664399 -0.98047471 -0.00079797133,
          -0.13909119 -0.99027753 0.0020576867,
          -0.042005811 -0.99911714 -0.00080118689,
          0.015901644 -0.99987167 0.0019912734,
          0.10972866 -0.99395978 -0.0019325652,
          0.17157754 -0.98516876 0.0019478831,
          0.25730014 -0.96633017 -0.0016760611,
          0.31989017 -0.94744933 0.0031743923,
          0.40448529 -0.91454309 -0.0016174316,
          0.46231127 -0.88671356 0.0027317514,
          0.53341216 -0.84585279 -0.0021282616,
          0.59237421 -0.80565453 0.0037103835,
          0.65428919 -0.75624329 -0.0013868638,
          0.70750725 -0.70669484 0.0040001837,
          0.7609238 -0.64883739 -0.002263756,
          0.8076036 -0.58971798 0.0030351654,
          0.84720773 -0.53125721 -0.0022159449,
          0.88861591 -0.45863652 0.0037959891,
          0.9194414 -0.39322174 -0.0020909789,
          0.948412 -0.31702846 0.0027968234,
          0.96626347 -0.25755256 -0.0012490109,
          0.98578018 -0.16800715 0.0033343541,
          0.99378163 -0.11134546 0.00052741956,
          0.99998337 0.0056128348 0.0013980718,
          0.99993074 0.011776201 2.7135659e-014,
          0.99168199 0.12871264 -0.00010680558,
          0.98351932 0.18080297 0.00023038957,
          0.96136683 0.27527046 -0.00021919857,
          0.94463396 0.32812241 0.0015362551,
          0.9069382 0.42126375 -0.00032733218,
          0.88237619 0.4705424 0.001506323,
          0.83595812 0.54879183 -0.0012795764,
          0.80045825 0.59938264 0.0026560801,
          0.74060643 0.67193788 -0.0012849029,
          0.69815964 0.71593809 0.002417305,
          0.63044018 0.77623427 -0.0023526154,
          0.57799816 0.81603473 0.0023699433,
          0.50697833 0.86195654 -0.0019789082,
          0.44653222 0.89476067 0.0035411441,
          0.36679277 0.93030083 -0.0019001119,
          0.30326679 0.95290112 0.0029757149,
          0.23699431 0.97151041 -0.0011244051,
          0.15827626 0.98738277 0.0048933942,
          0.096506886 0.99533051 0.0018914803,
          0.068843879 0.99761713 0.0045382995,
          0.055035613 0.99848449 -3.1514716e-016,
          -1.002714e-015 1 8.5777084e-016,
          -1.0181046e-015 1 8.8170735e-016,
          -1.0239445e-015 1 8.8534547e-016,
          -1.0024763e-015 1 8.3260459e-016,
          -9.998396e-016 1 8.6244524e-016,
          -1.0125234e-015 1 8.6951865e-016,
          -1.0041335e-015 1 8.5223939e-016,
          -1.0110173e-015 1 8.5785676e-016,
          -1.0207139e-015 1 8.2555267e-016,
          -1.0069685e-015 1 8.4494692e-016,
          -9.9025574e-016 1 8.6185115e-016,
          -9.7608964e-016 1 8.7226648e-016,
          -1.0197334e-015 1 8.57581e-016,
          -1.0321316e-015 1 8.461505e-016,
          -9.7181498e-016 1 8.5265126e-016,
          -9.9094893e-016 1 8.6015984e-016,
          -9.9556219e-016 1 8.5384839e-016,
          -9.8304505e-016 1 8.5472374e-016,
          -1.0073076e-015 1 8.6842016e-016,
          -9.9095782e-016 1 8.120741e-016,
          -9.9475983e-016 1 8.6951865e-016,
          -9.9525185e-016 1 9.0261059e-016,
          0.98480779 6.1424939e-016 -0.17364819,
          0.99619472 0 -0.087155744,
          0.99619472 4.1637585e-016 -0.087155744,
          0.98480779 8.2323212e-016 -0.17364819,
          0.93969262 7.855176e-016 -0.34202012,
          0.93969262 7.8551649e-016 -0.34202012,
          0.86602545 7.2393783e-016 -0.5,
          0.86602539 7.2394e-016 -0.5,
          0.7660445 6.4036215e-016 -0.64278764,
          0.7660445 6.4036157e-016 -0.64278764,
          0.64278764 5.6740794e-016 -0.7660445,
          0.64278764 5.3732594e-016 -0.7660445,
          0.52503258 5.0852009e-016 -0.85108215,
          0.47454241 4.9585446e-016 -0.88023263,
          0.36926728 3.8585101e-016 -0.92932326,
          0.31448233 3.1956232e-016 -0.94926333,
          0.20228201 1.9927617e-016 -0.97932732,
          0.14486676 1.3856795e-016 -0.98945117,
          0.029150499 2.7413973e-017 -0.99957514,
          -0.029150499 -3.0459331e-017 -0.99957514,
          -0.14486676 -1.5065938e-016 -0.98945117,
          -0.20228203 -2.1136789e-016 -0.97932732,
          -0.31448233 -3.2860924e-016 -0.94926333,
          -0.36926728 -3.8585474e-016 -0.92932326,
          -0.47454241 -4.9585738e-016 -0.88023263,
          -0.52503258 -5.0852232e-016 -0.85108215,
          -0.62018394 -5.5852246e-016 -0.78445655,
          -0.66484505 -5.5576563e-016 -0.74698132,
          -0.74698132 -6.2441898e-016 -0.66484505,
          -0.78445655 -6.5574575e-016 -0.62018394,
          -0.85108215 -7.1144203e-016 -0.52503258,
          -0.88023263 -8.6251406e-016 -0.47454241,
          -0.92932326 -1.038583e-015 -0.36926728,
          -0.94926333 -1.0552498e-015 -0.31448233,
          -0.97932732 -9.5368498e-016 -0.20228201,
          -0.98945117 -9.663783e-016 -0.14486676,
          -0.99957514 -1.1141043e-015 -0.029150499,
          -0.99957514 -1.1141036e-015 0.029150499,
          -0.98945117 -9.6637714e-016 0.14486676,
          -0.97932732 -9.5368265e-016 0.20228203,
          -0.94926333 -1.055249e-015 0.31448233,
          -0.92932326 -1.165278e-015 0.36926728,
          -0.88023263 -1.1037206e-015 0.47454241,
          -0.85108215 -1.0671682e-015 0.52503258,
          -0.7660445 -9.6053737e-016 0.64278764,
          -0.7660445 -9.6053653e-016 0.64278764,
          -0.66484505 -8.3364337e-016 0.74698132,
          -0.62018394 -6.9746371e-016 0.78445655,
          -0.5 -5.0029233e-016 0.86602539,
          -0.5 -4.1796579e-016 0.86602539,
          -0.36926728 -3.5631312e-016 0.92932326,
          -0.31448233 -3.2860773e-016 0.94926333,
          -0.20228201 -2.1136815e-016 0.97932732,
          -0.14486676 -1.5065992e-016 0.98945117,
          0 1.6929072e-022 1,
          0 7.4315756e-022 1,
          0.17364819 1.6733874e-016 0.98480779,
          0.17364819 1.8144804e-016 0.98480779,
          0.31448233 2.8097666e-016 0.94926333,
          0.36926728 3.3822211e-016 0.92932326,
          0.47454241 4.6631557e-016 0.88023263,
          0.52503258 5.8870532e-016 0.85108215,
          0.62018394 7.3755934e-016 0.78445655,
          0.66484505 8.3365237e-016 0.74698132,
          0.74698132 9.3664025e-016 0.66484505,
          0.78445655 8.6911319e-016 0.62018394,
          0.85108215 8.2595564e-016 0.52503258,
          0.88023263 7.3581302e-016 0.47454241,
          0.92932326 7.768488e-016 0.36926728,
          0.94926333 7.9351963e-016 0.31448233,
          0.98480779 6.1424924e-016 0.17364818,
          0.98480779 8.2323275e-016 0.17364819,
          0.99619472 4.1637556e-016 0.087155744,
          0.99619472 0 0.087155744,
          0 0 -1,
          -0.38242546 0.92398638 -8.6450237e-016,
          -0.41669112 0.90904814 -2.4222402e-015,
          -0.41669112 0.90904814 -1.2269329e-015,
          -0.34757638 0.93765175 -7.9573359e-017,
          -0.27656722 0.9609946 -1.3446279e-016,
          -0.24040723 0.97067219 -1.4027701e-016,
          -0.16723098 0.98591775 -2.1662076e-016,
          -0.1302148 0.99148589 -1.1303235e-016,
          -0.05579171 0.99844247 -6.9601339e-017,
          -0.018384827 0.99983108 2.1412978e-017,
          0.056349192 0.99841112 -7.8329332e-017,
          0.093676344 0.99560279 -1.161736e-016,
          0.16778146 0.98582423 -1.9128957e-016,
          0.20455948 0.97885424 -2.137487e-016,
          0.27710378 0.96083999 -2.8955017e-016,
          0.31287012 0.94979596 -1.9613281e-016,
          0.38294142 0.92377275 -1.4482209e-016,
          0.41724628 0.90879345 9.9842659e-017,
          0.48396322 0.87508833 1.7097207e-016,
          0.5163753 0.85636252 1.675053e-016,
          0.57889903 0.81539935 -2.6414426e-017,
          0.60901058 0.79316211 -3.0335151e-016,
          0.68039024 0.73285007 -2.7578286e-016,
          0.68039024 0.73285007 -5.9068684e-016,
          0.74582821 0.66613841 -1.5609878e-017,
          0.77023667 0.63775831 2.6656148e-016,
          0.81572241 0.57844359 2.4176994e-016,
          0.83679986 0.54750907 2.2884035e-016,
          0.87535846 0.48347452 2.0207605e-016,
          0.89283979 0.4503746 6.1413561e-017,
          0.93098211 0.36506486 -5.0144526e-017,
          0.93098211 0.36506486 -2.3653236e-016,
          0.96600264 0.25853252 -1.5543314e-017,
          0.96600264 0.25853252 8.1043418e-017,
          0.98591775 0.16723098 4.2062495e-017,
          0.99148589 0.1302148 3.7154051e-017,
          0.99844247 0.05579171 1.9571825e-017,
          0.99983108 0.018384827 1.3079515e-017,
          0.99841112 -0.056349196 -3.3541496e-018,
          0.99560279 -0.093676344 -1.2919236e-016,
          0.98582423 -0.16778146 -2.4778546e-016,
          0.97885424 -0.20455948 -2.4778549e-016,
          0.95548534 -0.29503864 -8.8960416e-017,
          0.95548534 -0.29503864 0,
          0.91644359 -0.40016392 0,
          0.87508833 -0.48396322 0,
          0.85636252 -0.5163753 7.6458216e-017,
          0.81539935 -0.57889903 1.6550206e-016,
          0.79316211 -0.60901058 1.4713902e-016,
          0.7454561 -0.66655475 7.4428759e-017,
          0.71998727 -0.69398725 8.589462e-017,
          0.66613841 -0.74582821 2.1496929e-016,
          0.63775831 -0.77023667 2.3703314e-016,
          0.56307495 -0.82640588 6.0468062e-016,
          0.56307489 -0.82640588 1.1006297e-016,
          0.46700633 -0.88425404 1.0294861e-015,
          0.46700633 -0.88425404 1.8687393e-015,
          0.38242546 -0.92398638 8.3720091e-016,
          0.34757638 -0.93765175 2.1544855e-016,
          0.27656722 -0.9609946 1.8741552e-016,
          0.24040723 -0.97067219 9.714789e-017,
          0.16723098 -0.98591775 1.9202948e-016,
          0.1302148 -0.99148589 1.0348276e-016,
          0.05579171 -0.99844247 6.7000147e-017,
          0.018384827 -0.99983108 -2.0767087e-017,
          -0.056349192 -0.99841112 7.8163115e-017,
          -0.093676344 -0.99560279 1.2986178e-016,
          -0.16778146 -0.98582423 2.301942e-016,
          -0.20455948 -0.97885424 -1.344154e-018,
          -0.27710378 -0.96083999 -1.7652159e-016,
          -0.31287012 -0.94979596 -4.0165791e-016,
          -0.38294142 -0.92377275 -2.9204198e-016,
          -0.41724628 -0.90879345 -2.9941651e-016,
          -0.48396322 -0.87508833 -2.640432e-016,
          -0.5163753 -0.85636252 -9.1046863e-017,
          -0.59405887 -0.8044216 1.1641179e-016,
          -0.59405881 -0.8044216 4.0867264e-016,
          -0.68039024 -0.73285007 2.8117451e-017,
          -0.68039024 -0.73285007 -4.3852954e-017,
          -0.74582821 -0.66613841 -1.4460605e-016,
          -0.77023667 -0.63775831 -2.9608987e-016,
          -0.81572241 -0.57844359 -2.9946551e-016,
          -0.83679986 -0.54750907 -3.007818e-016,
          -0.87535846 -0.48347452 -1.7530494e-016,
          -0.89283979 -0.4503746 3.3348756e-019,
          -0.92398643 -0.38242555 1.9510741e-016,
          -0.93765175 -0.34757638 2.3723344e-016,
          -0.9609946 -0.27656722 2.234285e-016,
          -0.97067219 -0.24040723 1.3316088e-016,
          -0.98591775 -0.16723098 2.0625754e-016,
          -0.99148589 -0.1302148 9.6990447e-017,
          -0.99844247 -0.05579171 6.1832929e-017,
          -0.99983108 -0.018384827 -2.709376e-017,
          -0.99841112 0.056349196 7.0343644e-017,
          -0.99560279 0.093676344 1.2528014e-016,
          -0.98251128 0.18620308 1.7641569e-016,
          -0.98251128 0.18620306 2.7239584e-016,
          -0.96083999 0.27710378 1.1768453e-016,
          -0.94979596 0.31287012 -4.8572767e-017,
          -0.92377275 0.38294142 -1.1148265e-016,
          -0.90879345 0.41724628 -1.1148264e-016,
          -0.87508833 0.48396322 -6.2909872e-017,
          -0.85636252 0.5163753 1.1670129e-016,
          -0.8044216 0.59405887 1.6811056e-016,
          -0.8044216 0.59405881 3.362211e-016,
          -0.7454561 0.66655475 1.0740688e-016,
          -0.71998727 0.69398725 0,
          -0.65206254 0.75816518 -1.936222e-017,
          -0.65206254 0.75816518 0,
          -0.57844359 0.81572241 -7.3362463e-017,
          -0.54750907 0.83679986 -8.8687955e-016,
          -0.51585215 0.85667765 -1.2897956e-015,
          -0.51585215 0.85667765 -2.4371385e-015,
          0.41168511 -0.91132617 0,
          0.37394494 -0.9274509 0,
          0.33550957 -0.94203681 0,
          0.25713775 -0.96637475 0,
          0.21720132 -0.97612691 0,
          0.11604106 -0.99324441 0,
          0.11604107 -0.99324441 0,
          -0.0068965689 -0.99997622 0,
          -0.0068965694 -0.99997622 0,
          -0.10932101 -0.99400651 0,
          -0.15008351 -0.98867333 0,
          -0.23064417 -0.9730382 0,
          -0.27044234 -0.96273625 0,
          -0.36766395 -0.92995876 0,
          -0.47915825 -0.87772852 0,
          -0.47915828 -0.87772852 0,
          -0.56657124 -0.82401276 0,
          -0.59996039 -0.8000297 0,
          -0.66353846 -0.74814224 0,
          -0.69372731 -0.72023773 0,
          -0.76387388 -0.64536554 0,
          -0.76387393 -0.64536554 0,
          -0.83739197 -0.54660285 0,
          -0.89821619 -0.43955421 0,
          -0.89821607 -0.43955418 0,
          -0.9454242 -0.32584241 0,
          -0.97830057 -0.20719109 0,
          -0.99634683 -0.085399009 0,
          -0.99928963 0.037687629 0,
          -0.98708409 0.16020297 0,
          -0.98708409 0.16020298 0,
          -0.95991546 0.2802898 0,
          -0.91819543 0.3961277 0,
          -0.86255652 0.5059607 0,
          -0.8061744 0.59167796 0,
          -0.78117442 0.62431282 0,
          -0.72735369 0.68626285 0,
          -0.69853276 0.71557808 0,
          -0.63750708 0.77044463 0,
          -0.60530221 0.79599589 0,
          -0.52055609 0.85382748 0,
          -0.41168514 0.91132617 0,
          -0.31614095 0.94871223 0,
          -0.27688062 0.96090442 0,
          -0.19715917 0.98037159 0,
          -0.15669809 0.98764658 0,
          -0.054675948 0.99850416 0,
          -0.054675952 0.99850416 0,
          0.068442933 0.99765503 0,
          0.17030559 0.98539132 0,
          0.2106625 0.97755885 0,
          0.30971751 0.95082873 0,
          0.42421573 0.90556115 0,
          0.4242157 0.90556121 0,
          0.53228325 0.84656638 0,
          0.61622363 0.78757137 0,
          0.64807302 0.7615782 0,
          0.72269583 0.69116628 0,
          0.72269583 0.69116622 0,
          0.80215442 0.59711671 0,
          0.80215436 0.59711671 0,
          0.86945307 0.49401551 0,
          0.86945319 0.49401551 0,
          0.92357183 0.3834255 0,
          0.95799786 0.28677535 0,
          0.96897519 0.24715817 0,
          0.98597813 0.16687505 0,
          0.99200374 0.12620914 0,
          0.99901193 0.04444506 0,
          0.99999446 0.003346897 0,
          0.99690163 -0.078658663 0,
          0.99282628 -0.11956606 0,
          0.97967941 -0.20057002 0,
          0.97060794 -0.24066657 0,
          0.94083989 -0.33885142 0,
          0.89206797 -0.45190132 0,
          0.84106958 -0.54092699 0,
          0.81812614 -0.57503885 0,
          0.7682212 -0.64018464 0,
          0.74125957 -0.67121851 0,
          0.6837272 -0.7297377 0,
          0.65315628 -0.75722313 0,
          0.57213122 -0.82016224 0,
          0.52055609 -0.8538276 0 ]
      normalBinding PER_VERTEX_INDEXED
      materialBinding OVERALL

    }
    coordIndex [ 1516, 1591, 1523, 1587, 1584, -1, 1523, 1584,
        1527, 1580, 1525, 1576, 1521, 1572, 1518, 1514,
        -1, 1572, 1568, 1514, 1564, 1510, 1560, 1506,
        1556, 1502, 1551, 1495, 1546, 1491, 1542, 1487,
        1483, -1, 1542, 1538, 1483, 1534, 1479, 1475,
        -1, 1534, 1529, 1475, 1532, 1471, 1536, 1467,
        1463, -1, 1536, 1540, 1463, 1544, 1459, 1454,
        -1, 1544, 1548, 1454, 1450, -1, 1548, 1554,
        1450, 1558, 1446, 1442, -1, 1558, 1562, 1442,
        1438, -1, 1562, 1566, 1438, 1433, -1, 1566,
        1570, 1433, 1574, 1429, 1425, -1, 1574, 1578,
        1425, 1422, -1, 1578, 1582, 1422, 1427, -1,
        1582, 1586, 1427, 1431, -1, 1586, 1590, 1431,
        1594, 1435, 1440, -1, 1594, 1599, 1440, 1603,
        1444, 1448, -1, 1603, 1607, 1448, 1611, 1452,
        1457, -1, 1611, 1615, 1457, 1619, 1460, 1464,
        -1, 1619, 1623, 1464, 1627, 1468, 1472, -1,
        1627, 1631, 1472, 1633, 1476, 1629, 1481, 1625,
        1485, 1489, -1, 1625, 1621, 1489, 1617, 1493,
        1613, 1497, 1609, 1500, 1504, -1, 1609, 1605,
        1504, 1601, 1508, 1597, 1512, 1591, 1516, -1,
        1593, 1519, 1589, 1522, 1585, 1526, 1528, -1,
        1585, 1528, 1581, 1524, 1577, 1573, -1, 1524,
        1520, 1573, 1569, -1, 1520, 1517, 1569, 1565,
        -1, 1517, 1513, 1565, 1561, -1, 1513, 1509,
        1561, 1505, 1557, 1501, 1553, 1498, 1552, 1494,
        1547, 1490, 1543, 1486, 1539, 1482, 1535, 1478,
        1530, 1474, 1531, 1533, -1, 1474, 1470, 1533,
        1466, 1537, 1462, 1541, 1456, 1545, 1455, 1549,
        1451, 1550, 1447, 1555, 1443, 1559, 1439, 1563,
        1434, 1567, 1430, 1571, 1575, -1, 1430, 1426,
        1575, 1424, 1579, 1423, 1583, 1428, 1588, 1432,
        1592, 1436, 1595, 1598, -1, 1436, 1437, 1598,
        1441, 1602, 1445, 1606, 1449, 1610, 1453, 1614,
        1458, 1618, 1622, -1, 1458, 1461, 1622, 1465,
        1626, 1469, 1630, 1473, 1634, 1477, 1635, 1632,
        -1, 1477, 1480, 1632, 1628, -1, 1480, 1484,
        1628, 1624, -1, 1484, 1488, 1624, 1620, -1,
        1488, 1492, 1620, 1616, -1, 1492, 1496, 1616,
        1612, -1, 1496, 1499, 1612, 1608, -1, 1499,
        1503, 1608, 1604, -1, 1503, 1507, 1604, 1600,
        -1, 1507, 1511, 1600, 1596, -1, 1511, 1515,
        1596, 1593, -1, 1593, 1515, 1519, -1, 1287,
        1408, 1292, 1407, 1406, -1, 1292, 1406, 1296,
        1405, 1300, 1404, 1304, 1403, 1308, 1402, 1312,
        1401, 1316, 1400, 1320, 1324, -1, 1400, 1399,
        1324, 1398, 1328, 1397, 1334, 1396, 1336, 1340,
        -1, 1396, 1395, 1340, 1342, -1, 1395, 1394,
        1342, 1393, 1338, 1392, 1332, 1391, 1330, 1390,
        1323, 1389, 1319, 1388, 1315, 1387, 1311, 1386,
        1307, 1421, 1303, 1420, 1299, 1419, 1295, 1418,
        1291, 1417, 1285, 1416, 1283, 1415, 1279, 1414,
        1275, 1413, 1268, 1271, -1, 1413, 1412, 1271,
        1411, 1273, 1277, -1, 1411, 1410, 1277, 1409,
        1281, 1287, -1, 1287, 1409, 1408, -1, 13,
        1345, 23, 1384, 136, 1383, 181, 1382, 179,
        1381, 225, 1380, 251, 1379, 249, 1378, 338,
        1377, 337, 1376, 1168, 1375, 261, 259, -1,
        1375, 1374, 259, 265, -1, 1374, 1373, 265,
        268, -1, 1373, 1372, 268, 276, -1, 1372,
        1371, 276, 286, -1, 1371, 1370, 286, 293,
        -1, 1370, 1369, 293, 306, -1, 1369, 1368,
        306, 321, -1, 1368, 1367, 321, 339, -1,
        1367, 1366, 339, 357, -1, 1366, 1365, 357,
        373, -1, 1365, 1364, 373, 390, -1, 1364,
        1363, 390, 415, -1, 1363, 1362, 415, 439,
        -1, 439, 1362, 474, 1361, 506, 1360, 538,
        1359, 576, 1358, 616, 1357, 649, 1356, 691,
        1355, 731, 1354, 770, 1353, 805, 1352, 848,
        1351, 912, 1350, 964, 1349, 1025, 1348, 1088,
        1347, 1144, 1346, 1216, 1345, 13, -1, 258,
        1288, 18, 1290, 22, 1294, 847, 1298, 842,
        1302, 833, 1306, 821, 1310, 820, 1314, 1242,
        1236, -1, 1314, 1318, 1236, 1230, -1, 1318,
        1322, 1230, 1220, -1, 1322, 1326, 1220, 1211,
        -1, 1326, 1327, 1211, 1210, -1, 1327, 1333,
        1210, 1198, -1, 1333, 1335, 1198, 1197, -1,
        1335, 1339, 1197, 605, -1, 1339, 1343, 605,
        543, -1, 1343, 1341, 543, 541, -1, 1341,
        1337, 541, 469, -1, 1337, 1331, 469, 468,
        -1, 1331, 1329, 468, 426, -1, 1329, 1325,
        426, 384, -1, 1325, 1321, 384, 290, -1,
        1321, 1317, 290, 245, -1, 1317, 1313, 245,
        244, -1, 244, 1313, 201, 1309, 200, 1305,
        156, 1301, 96, 1297, 95, 1293, 94, 1289,
        1179, 1286, 1117, 1284, 1116, 1280, 989, 1276,
        988, 1270, 925, 1269, 816, 1272, 815, 1274,
        755, 1278, 717, 1282, 704, 1288, 258, -1,
        258, 18, 256, 255, -1, 255, 18, 17,
        7, 16, 12, -1, 12, 7, 11, 6,
        1267, 1265, 1266, 1262, 1263, 1261, 1264, 1260,
        1259, 1258, 1255, 1256, 1252, 825, 818, 802,
        789, 776, 779, 761, 748, 724, 690, 705,
        664, 629, 588, 598, 556, 520, 502, 460,
        472, 431, 441, 397, 376, 331, 312, 257,
        221, 206, 168, 158, 134, 14, 23, 13,
        -1, 23, 136, 134, 154, 187, 180, 211,
        232, 297, 267, 343, 386, 435, 470, 527,
        569, 621, 648, 647, 678, 672, 699, 708,
        727, 757, 1226, 1233, 1229, 1232, 1223, 396,
        1221, 366, 1217, 1215, 1212, 1207, 1204, 1205,
        648, 1194, 597, 1193, 1189, 1191, 1188, 1192,
        299, 317, -1, 1191, 1192, 1193, 317, 1201,
        342, 1205, 1207, -1, 648, 569, 597, 547,
        1189, 1188, -1, 648, 1204, 678, 1212, 699,
        1218, 727, 1223, 1226, 1229, -1, 1212, 1217,
        1218, 1219, 1223, 1221, -1, 1219, 1217, 1221,
        -1, 396, 428, 1232, 1233, -1, 154, 136,
        180, 181, 179, -1, 134, 187, 168, 221,
        -1, 556, 502, 588, 535, 574, 505, 544,
        482, 519, 449, 552, 493, 585, 527, 621,
        -1, 527, 493, 435, 393, 343, 354, 297,
        312, 247, 221, 187, -1, 187, 211, 247,
        297, -1, 493, 449, 393, 354, -1, 502,
        472, 535, 505, -1, 472, 441, 505, 482,
        -1, 441, 376, 482, 411, 449, 354, -1,
        354, 411, 312, 376, -1, 1258, 1260, 1256,
        1257, 831, 835, 817, 822, 799, 807, 787,
        792, 769, 777, 752, 760, 729, 739, 707,
        719, 685, 701, 680, 697, 666, 69, 662,
        686, 655, 670, 625, 640, 592, 603, 575,
        543, 540, 541, 469, -1, 543, 603, 605,
        1196, 1197, 1198, -1, 603, 640, 1196, 1200,
        1198, 1209, 1210, 1211, -1, 640, 670, 1200,
        703, 1209, 55, 1211, 57, 1220, 77, 1227,
        1224, 81, 75, 80, 71, 67, 68, 69,
        62, 686, 703, 670, -1, 69, 697, 67,
        710, 730, 725, 100, 749, 98, 767, 784,
        786, 797, 801, 814, 827, 836, 839, 843,
        845, 20, 5, 19, 4, 18, 7, -1,
        18, 22, 19, 21, 20, 846, 843, 841,
        836, 826, 814, 810, 797, 114, 784, 102,
        98, 99, 100, 78, 80, 79, 81, 82,
        1227, 1220, -1, 1220, 82, 1230, 83, 1231,
        85, 90, 89, 92, 78, 99, -1, 1231,
        90, 1230, 1236, -1, 82, 79, 83, 84,
        85, 89, -1, 89, 84, 78, 79, -1,
        100, 80, 730, 67, -1, 22, 847, 21,
        846, -1, 847, 842, 846, 841, -1, 842,
        833, 841, 832, 826, 810, -1, 833, 821,
        832, 819, 810, 122, 114, 123, 121, 125,
        135, 111, 110, 107, 106, 105, 104, 133,
        99, 92, -1, 92, 133, 90, 105, 1236,
        111, 1242, 125, 820, 122, 819, -1, 821,
        820, 819, -1, 122, 125, 123, -1, 105,
        107, 111, -1, 99, 102, 104, 106, -1,
        106, 102, 110, 112, 135, 115, 121, 114,
        -1, 114, 115, 102, 112, -1, 697, 701,
        710, 725, -1, 701, 719, 725, 749, -1,
        719, 739, 749, 767, -1, 739, 760, 767,
        786, -1, 760, 777, 786, 801, -1, 777,
        792, 801, 812, 827, 828, 839, 837, 845,
        1265, 5, 6, 3, 7, 4, -1, 5,
        3, 4, -1, 1265, 837, 1262, 835, 1257,
        -1, 1262, 1257, 1261, 1260, -1, 835, 837,
        822, 828, 807, 812, 792, -1, 1224, 77,
        75, 76, 71, 72, 68, 131, 63, 57,
        56, 55, 58, 703, 62, -1, 58, 62,
        56, 63, -1, 63, 62, 68, -1, 131,
        72, 57, 76, 77, -1, 1256, 831, 825,
        817, 808, 794, 788, 773, 758, 735, 746,
        720, 705, 674, 629, 643, 598, 606, 562,
        581, 534, 513, 487, 463, 433, 409, 401,
        372, 367, 346, 273, 300, 231, 242, 208,
        219, 184, 163, 65, 140, 70, 1, 0,
        2, 1163, 1100, 1064, 1002, 913, 938, 849,
        870, 806, 771, 770, 731, -1, 770, 805,
        806, 849, -1, 805, 848, 849, 913, -1,
        848, 912, 913, 965, 1064, 1026, 1122, 1089,
        1183, 1145, 1228, 116, 117, 113, 165, 158,
        191, 206, 223, 234, 273, 302, 367, 397,
        431, -1, 367, 431, 401, 460, 433, 487,
        -1, 460, 520, 487, 534, -1, 534, 520,
        562, 598, -1, 397, 302, 331, 234, 257,
        206, -1, 273, 231, 223, 198, 191, 165,
        -1, 158, 113, 14, 15, 13, 1216, -1,
        113, 116, 15, 1216, -1, 1216, 116, 1144,
        1145, 1088, 1089, 1025, 1026, 964, 965, 912,
        -1, 1064, 1122, 1163, 1202, 0, 70, -1,
        1002, 1100, 938, 1038, 870, 976, 823, 901,
        834, 914, 793, 852, 759, 803, 726, 775,
        747, 790, 762, 811, 728, 785, 751, 778,
        744, 766, 706, 736, 695, 922, 927, 967,
        930, 1006, 1007, 1044, 1012, 1074, 1076, 1077,
        1079, 1103, 1059, 1101, 1099, 1102, 1109, 1120,
        1111, 1127, 1137, 1131, 1143, 1138, 1139, 1125,
        1140, 1149, 1150, 1148, 1159, 1158, 88, 86,
        87, 124, 152, 161, 176, 185, 203, 210,
        228, 236, 254, 275, 309, 318, 351, 356,
        392, 394, 423, 436, 465, 473, 500, 511,
        537, 554, 580, 590, 617, 609, 633, 635,
        658, 667, 688, 693, 713, 720, 735, -1,
        720, 693, 674, 643, -1, 693, 667, 643,
        606, -1, 667, 635, 606, 609, 581, 558,
        513, 522, 477, 429, 378, 389, 333, 350,
        292, 246, 213, 224, 193, 205, 171, 178,
        146, 157, 36, 101, 37, 103, 1208, 1147,
        1096, 1030, 980, 919, 829, 790, 775, -1,
        513, 477, 463, 420, 409, 369, 372, 329,
        346, 300, -1, 477, 378, 420, 369, -1,
        609, 590, 558, 554, 522, 484, 429, 443,
        389, 350, -1, 554, 511, 484, 473, 443,
        405, 350, 305, 246, 224, -1, 473, 436,
        405, 361, 305, 325, 253, 230, 205, 178,
        -1, 205, 224, 253, 305, -1, 436, 394,
        361, 325, -1, 394, 356, 325, 283, 230,
        240, 209, 216, 186, 162, 101, 119, 103,
        118, 1147, 1075, 1030, 968, 919, 907, 858,
        850, 811, 785, -1, 811, 790, 858, 919,
        -1, 101, 157, 186, 209, -1, 157, 178,
        209, 230, -1, 356, 318, 283, 240, -1,
        318, 275, 240, 216, -1, 275, 236, 216,
        189, 162, 164, 119, 120, 118, 1172, 1075,
        1020, 968, 957, 907, 891, 850, 809, 785,
        778, -1, 236, 210, 189, 164, -1, 210,
        185, 164, 141, 120, 142, 1172, 1104, 1020,
        957, -1, 185, 161, 141, 128, 142, 1190,
        1104, 1049, 957, 891, -1, 161, 124, 128,
        126, 1190, 1132, 1049, 1050, 891, 1063, 844,
        1046, 1031, 1014, 1013, 966, 998, 990, 800,
        766, 778, -1, 778, 809, 800, 844, 1028,
        1031, 1013, -1, 844, 809, 891, -1, 1013,
        998, 1028, 800, -1, 124, 86, 126, 1206,
        1132, 1071, 1050, 1062, 1063, 1046, -1, 86,
        1158, 1206, 1155, 1071, 1072, 1062, 1084, 1069,
        1043, 1061, 1041, 1014, 966, -1, 1014, 1046,
        1061, 1062, 1069, -1, 1158, 1148, 1155, 1108,
        1072, 1107, 1098, 1077, 1094, 1074, 1043, 1044,
        1041, 1006, 966, 967, 963, 922, 736, -1,
        1043, 1084, 1094, 1072, 1098, -1, 1149, 1125,
        1148, 1108, -1, 1120, 1102, 1127, 1130, 1131,
        1138, -1, 1138, 1130, 1125, 1123, 1124, 1077,
        1107, -1, 1107, 1108, 1124, 1125, -1, 1077,
        1123, 1103, 1102, 1101, -1, 1102, 1123, 1130,
        -1, 870, 823, 771, 783, 732, 692, 691,
        649, -1, 691, 731, 732, 771, -1, 823,
        834, 783, 750, 692, 650, 649, 616, -1,
        834, 793, 750, 714, 650, 614, 616, 576,
        -1, 793, 759, 714, 671, 614, 634, 577,
        539, 538, 506, -1, 538, 576, 577, 614,
        -1, 759, 726, 671, 634, -1, 1100, 2,
        1038, 1126, 1058, 1157, 993, 1085, 1009, 1110,
        944, 1047, 873, 980, 829, -1, 829, 775,
        873, 803, 944, 852, 1009, 914, 993, 901,
        1058, 976, 1038, -1, 980, 1047, 1096, 1169,
        1208, 35, 37, 36, -1, 1047, 1110, 1169,
        1185, 35, 45, 36, 74, 146, 151, 171,
        193, -1, 1110, 1085, 1185, 1157, 1235, 1213,
        73, 108, 109, 1, 153, 140, 175, 163,
        197, 219, 218, 239, 237, 270, 333, 320,
        378, 369, -1, 369, 320, 329, 284, 300,
        242, -1, 320, 270, 284, 239, 242, 219,
        -1, 333, 292, 237, 213, 218, 195, 197,
        175, -1, 175, 195, 153, 173, 109, 151,
        74, -1, 109, 74, 73, 45, 1235, 1185,
        -1, 151, 173, 193, 213, -1, 173, 195,
        213, -1, 1, 108, 2, 1126, -1, 108,
        1213, 1126, 1157, -1, 705, 724, 746, 761,
        776, -1, 746, 776, 758, 788, -1, 776,
        802, 788, 808, -1, 808, 802, 825, -1,
        817, 799, 794, 780, 773, 754, 735, 713,
        -1, 799, 787, 780, 769, 763, 743, 733,
        711, 713, 688, -1, 713, 754, 733, 763,
        -1, 763, 754, 780, -1, 769, 752, 743,
        722, 711, 683, 688, 658, -1, 752, 729,
        722, 707, 696, 685, 675, 669, 656, 636,
        624, 587, 571, 550, 532, 498, 500, 465,
        -1, 465, 498, 423, 457, 422, 480, 445,
        490, 452, 508, 479, 523, 492, 563, 529,
        559, 524, 575, 540, -1, 575, 559, 592,
        563, 594, 565, 593, 549, 578, 531, 567,
        517, 550, 498, -1, 498, 517, 457, 480,
        -1, 480, 517, 490, 531, 508, 549, 523,
        565, 563, -1, 550, 587, 567, 602, 578,
        619, 593, 631, 627, 662, 655, -1, 655,
        625, 627, 594, 593, -1, 592, 594, 625,
        -1, 662, 631, 666, 619, 652, 602, 636,
        587, -1, 636, 669, 652, 680, 666, -1,
        680, 669, 685, -1, 423, 422, 392, 388,
        351, 309, -1, 422, 445, 388, 406, 348,
        363, 304, 323, 248, 264, 229, 241, 207,
        217, 183, 192, 160, 169, 139, 148, 50,
        48, 47, 49, 1222, 1238, 1195, 1153, 54,
        53, 51, 52, 44, 1129, 1128, 1093, 1121,
        1106, 1035, 1097, 961, 1087, 1070, 955, 888,
        897, 840, 838, 798, 796, 768, 772, 740,
        737, 698, 663, 626, 623, 584, 611, 572,
        573, 546, -1, 573, 611, 612, 651, 12,
        684, 16, 702, 17, 255, -1, 255, 702,
        256, 258, -1, 258, 702, 704, 716, 717,
        753, 755, 781, 813, 765, 795, 772, 796,
        -1, 772, 765, 737, 734, 700, 689, 659,
        684, 651, -1, 737, 700, 663, 659, 623,
        651, 611, -1, 765, 781, 734, 753, 689,
        716, 684, 702, -1, 755, 813, 815, 816,
        -1, 1070, 888, 961, 931, 996, 972, 46,
        129, 127, 137, 130, 32, 1175, 1113, 1222,
        1134, 47, 1151, 1152, 1140, 138, 1150, 1162,
        1159, 88, -1, 47, 1152, 50, 138, 139,
        91, 160, 150, 183, 172, 207, 196, 229,
        220, 248, 228, 254, -1, 248, 254, 304,
        348, -1, 254, 309, 348, 388, -1, 228,
        220, 203, 176, -1, 220, 196, 176, 152,
        -1, 196, 172, 152, 87, -1, 172, 150,
        87, 91, 88, 1162, -1, 91, 138, 1162,
        -1, 1222, 1195, 1175, 130, -1, 1195, 54,
        130, 127, -1, 961, 996, 1035, 42, 1121,
        1128, -1, 1128, 42, 44, 43, 51, 54,
        -1, 54, 43, 127, 46, -1, 43, 42,
        46, 996, -1, 500, 537, 532, 571, -1,
        722, 696, 683, 660, 658, 633, -1, 633,
        660, 617, 645, 608, 624, 571, -1, 571,
        537, 608, 580, 617, -1, 624, 645, 656,
        675, -1, 645, 660, 675, 696, -1, 1263,
        1264, 1266, 612, 11, 12, -1, 1267, 1266,
        11, -1, 612, 1264, 573, 1259, 546, 1254,
        516, 1250, 486, 1246, 459, 1240, 428, 1233,
        -1, 1233, 1240, 1237, 1241, 1234, 1239, 782,
        791, 764, 779, 748, -1, 779, 791, 789,
        804, 818, 1248, 1252, 1253, 1255, 1259, -1,
        1259, 1253, 1254, 1251, 1249, 1248, 1244, 804,
        791, -1, 1248, 1251, 1253, -1, 791, 1239,
        1244, 1245, 1247, 1250, 1249, 1254, -1, 1244,
        1247, 1249, -1, 1250, 1245, 1246, 1243, 1241,
        1239, -1, 1239, 1243, 1245, -1, 1241, 1240,
        1246, -1, 1237, 1234, 1233, 757, -1, 1234,
        782, 757, 764, 738, 748, 715, 690, 653,
        664, 622, 588, 574, -1, 757, 738, 708,
        679, 672, 638, 647, 615, 621, 585, -1,
        585, 615, 552, 583, 519, 544, -1, 615,
        638, 583, 613, 544, 574, -1, 574, 613,
        622, 653, -1, 638, 679, 613, 653, -1,
        653, 679, 715, 738, -1, 1140, 1151, 1146,
        1135, 1143, 1137, -1, 1143, 1139, 1146, 1140,
        -1, 1151, 1134, 1135, 1133, 1136, 1111, 1137,
        -1, 1135, 1136, 1137, -1, 1134, 1113, 1133,
        1114, 1119, 1118, 1092, 1112, 40, 34, 33,
        32, 137, -1, 34, 1112, 32, 1113, -1,
        1113, 1112, 1114, 1118, -1, 1133, 1119, 1111,
        1105, 1109, 1081, 1099, 1083, 1059, 1057, 1052,
        1016, 1011, 991, 1010, 930, 1007, -1, 1007,
        1012, 1010, 1048, 1011, 1052, -1, 1012, 1076,
        1048, 1079, 1052, 1059, -1, 1119, 1092, 1105,
        1095, 1081, 1091, 1078, 1054, 1060, 1053, 983,
        1051, 1022, 1018, 1017, 1015, 948, 985, 947,
        910, 909, 911, 884, 886, 639, 889, 875,
        890, 894, 915, 723, 939, 756, 952, 934,
        935, 933, 960, 932, 959, 745, 956, 928,
        774, 926, 924, 709, 905, 668, 742, 878,
        900, 665, 698, 626, -1, 698, 900, 740,
        742, 741, 905, 924, -1, 924, 774, 741,
        768, 740, -1, 768, 774, 798, 824, 840,
        888, -1, 774, 956, 824, 865, 866, 868,
        904, 1029, 971, 1004, 1036, 1005, 1000, 986,
        999, 946, 979, 949, 910, 911, -1, 824,
        866, 888, 931, -1, 866, 904, 931, 972,
        -1, 904, 971, 972, 974, 41, 1065, 39,
        1067, 1068, 1033, 1055, 1042, 1018, 1032, 1015,
        982, 985, 981, 910, 979, -1, 981, 982,
        979, 999, -1, 1042, 1033, 1032, 1027, 982,
        1008, 999, 1000, -1, 1008, 1027, 1000, 1040,
        1039, 1037, 1036, 974, 971, -1, 1036, 1000,
        1039, -1, 974, 1037, 1065, 1040, 1033, 1027,
        -1, 1065, 1033, 1067, -1, 972, 41, 129,
        137, -1, 137, 41, 33, 39, 38, 1090,
        1086, 1073, 1054, 1051, 1053, -1, 1054, 1091,
        1086, 1092, 38, 40, 33, -1, 1092, 1091,
        1095, -1, 39, 1068, 1090, 1056, 1073, 1066,
        1051, 1018, -1, 1066, 1056, 1018, 1055, -1,
        1055, 1056, 1068, -1, 956, 959, 865, 960,
        992, 935, 994, 995, 868, 1029, -1, 994,
        868, 992, 865, -1, 926, 709, 928, 745,
        -1, 1017, 948, 1022, 984, 983, 978, 1024,
        977, 1021, 954, 1016, 991, -1, 1016, 1057,
        1021, 1023, 1024, 1060, 983, -1, 1060, 1023,
        1078, 1080, 1081, 1083, -1, 1080, 1023, 1083,
        1057, -1, 991, 954, 970, 953, 930, 929,
        927, 898, 695, 654, 620, 582, 548, 542,
        509, 503, 478, 471, 446, 442, 419, 402,
        385, 368, 360, 345, 334, 324, 314, 303,
        294, 287, 286, 276, -1, 970, 930, 991,
        -1, 286, 293, 294, 307, 314, 330, 334,
        353, 360, 379, 385, 407, 419, 446, -1,
        293, 306, 307, 322, 349, 340, 362, 358,
        382, 404, 410, 434, 476, 512, 566, 607,
        676, 718, 744, 751, -1, 744, 706, 676,
        661, 628, 586, 566, 526, 476, 444, 410,
        387, 382, 362, -1, 628, 566, 676, -1,
        706, 695, 661, 620, 586, 548, 491, 453,
        416, 398, 371, 379, 353, -1, 548, 509,
        453, 478, 432, 446, 407, -1, 407, 379,
        432, 398, 453, -1, 586, 491, 526, 444,
        -1, 491, 416, 444, 387, -1, 416, 371,
        387, 362, -1, 362, 371, 349, 353, 330,
        -1, 330, 307, 349, -1, 306, 321, 322,
        340, -1, 321, 339, 340, 358, -1, 339,
        357, 358, 374, 404, 424, 434, 467, 512,
        501, 555, 589, 646, 687, 751, 728, -1,
        751, 718, 646, 607, 555, 512, -1, 357,
        373, 374, 391, 424, 413, 451, 483, 536,
        579, 589, 632, 687, 673, 728, 762, -1,
        589, 501, 536, 451, -1, 501, 467, 451,
        424, -1, 373, 390, 391, 413, -1, 390,
        415, 413, 440, 483, 521, 579, 557, 618,
        657, 712, 694, 747, 726, -1, 726, 694,
        634, 657, 595, 557, 539, 507, 506, 474,
        -1, 595, 539, 634, -1, 557, 521, 507,
        475, 474, 439, -1, 521, 440, 475, 439,
        -1, 415, 439, 440, -1, 747, 762, 712,
        673, 618, 632, 579, -1, 276, 287, 277,
        303, 289, 324, 308, 345, 328, 368, 352,
        402, 30, 851, 26, 462, 24, 31, 25,
        29, 28, 347, 332, 319, 301, 316, 298,
        299, 282, -1, 299, 316, 317, 341, 342,
        365, 366, 395, 396, 427, 428, 458, 459,
        485, 486, 515, 516, 545, 546, 572, -1,
        316, 319, 341, 347, 375, 29, 421, 448,
        489, 854, 525, 481, 514, 461, 497, 471,
        503, -1, 471, 461, 442, 462, 851, -1,
        402, 442, 851, -1, 461, 481, 462, 853,
        31, 448, 29, -1, 853, 481, 448, 854,
        -1, 341, 375, 365, 400, 395, 427, -1,
        375, 421, 400, 455, 430, 499, 464, 528,
        494, 518, 485, 515, -1, 515, 518, 545,
        553, 572, 584, -1, 584, 553, 626, 591,
        665, 630, 878, 668, -1, 485, 458, 494,
        464, -1, 458, 427, 464, 430, -1, 427,
        400, 430, -1, 421, 489, 455, 533, 499,
        564, 528, 561, 518, 553, -1, 553, 561,
        591, 630, -1, 24, 25, 26, 30, -1,
        25, 28, 30, 332, 352, 311, 328, 296,
        308, 280, 289, 269, 277, 268, 276, -1,
        268, 269, 265, 266, 259, 260, 261, 262,
        -1, 332, 301, 311, 285, 296, 274, 280,
        269, -1, 269, 274, 266, 260, -1, 260,
        274, 271, 281, 272, 282, -1, 282, 281,
        298, 301, -1, 301, 281, 285, 274, -1,
        272, 262, 271, 260, -1, 630, 561, 596,
        564, 601, 533, 570, 855, 525, 489, -1,
        533, 489, 855, -1, 630, 596, 668, 637,
        677, 642, 682, 872, 874, 604, 644, 600,
        875, 639, -1, 875, 894, 644, 893, 887,
        723, 682, 721, 677, 709, 668, -1, 723,
        893, 894, -1, 709, 721, 745, 932, -1,
        932, 721, 933, 934, -1, 934, 721, 756,
        723, -1, 887, 682, 644, 874, -1, 872,
        642, 604, 570, 560, 525, 514, -1, 604,
        560, 600, 551, 599, 860, 859, 497, 857,
        530, 862, 861, 864, 568, 610, 582, 654,
        -1, 582, 568, 542, 530, 503, 497, -1,
        530, 568, 861, -1, 860, 551, 497, 514,
        -1, 514, 551, 560, -1, 600, 599, 639,
        641, 681, 882, 908, 881, 943, 941, 984,
        978, -1, 984, 948, 943, 947, 908, 909,
        681, 884, 639, -1, 570, 642, 601, 637,
        596, -1, 978, 941, 937, 920, 936, 921,
        903, 902, 899, 654, 898, -1, 898, 929,
        899, 903, -1, 929, 953, 903, 936, -1,
        941, 881, 920, 906, 921, 896, 902, 883,
        654, 876, 871, 869, 867, 641, 864, 862,
        -1, 864, 610, 867, 871, -1, 610, 654,
        871, -1, 978, 937, 977, 950, 954, 953,
        -1, 953, 950, 936, 937, -1, 641, 863,
        862, 857, -1, 857, 863, 859, 599, -1,
        641, 599, 863, -1, 869, 879, 641, 880,
        882, 881, -1, 880, 879, 881, 895, 906,
        896, -1, 896, 895, 883, 877, 876, 869,
        -1, 869, 877, 879, 895, -1, 1029, 995,
        997, 975, 1001, 940, 1003, 1005, 1004, -1,
        1003, 1004, 1001, 1029, 997, -1, 1005, 940,
        986, 973, 946, 962, 942, 917, 918, 916,
        890, 915, -1, 916, 917, 915, 939, -1,
        890, 889, 918, 892, 942, 945, 946, 949,
        -1, 945, 892, 949, 911, -1, 911, 892,
        886, 889, -1, 973, 940, 962, 917, -1,
        917, 940, 939, 952, -1, 995, 935, 975,
        969, 940, 952, -1, 935, 952, 969, -1,
        813, 856, 816, 923, 925, 987, 988, 989,
        -1, 987, 1045, 989, 1115, 1116, 1117, -1,
        1115, 1178, 1117, 1179, -1, 1178, 1225, 1179,
        94, -1, 1225, 97, 94, 93, 95, 96,
        -1, 93, 155, 96, 156, -1, 155, 177,
        156, 199, 200, 201, -1, 199, 222, 201,
        243, 244, 245, -1, 243, 288, 245, 290,
        -1, 288, 335, 290, 383, 384, 425, 426,
        466, 468, 469, -1, 466, 504, 469, 540,
        -1, 540, 504, 524, 488, 496, 450, 454,
        412, 399, 359, 344, 291, 323, 264, -1,
        264, 291, 241, 252, 217, 227, 192, 204,
        169, 182, 159, 170, 145, 1166, 167, 194,
        188, 212, 222, 243, -1, 222, 199, 188,
        166, 167, 147, 60, 1165, 1164, 27, 1161,
        8, 1160, 1154, 1153, 53, -1, 1165, 147,
        27, 144, 9, 93, 10, 97, 1225, -1,
        93, 144, 155, 166, 177, 199, -1, 144,
        147, 166, -1, 27, 9, 8, 10, 1142,
        1203, 1129, 1141, 1093, 1082, 1034, 1019, 955,
        951, 897, 885, 838, 830, 796, 795, -1,
        795, 830, 813, 856, -1, 830, 885, 856,
        923, -1, 885, 951, 923, 987, -1, 987,
        951, 1045, 1019, 1082, -1, 1045, 1082, 1115,
        1178, -1, 1082, 1141, 1178, 1203, 1225, 10,
        -1, 955, 1087, 1034, 1097, 1106, -1, 1093,
        1034, 1106, -1, 1129, 52, 1142, 53, 1156,
        1154, 8, -1, 8, 1142, 1156, -1, 167,
        60, 145, 59, 132, 49, 48, -1, 48,
        148, 132, 159, 145, -1, 159, 148, 169,
        -1, 49, 59, 1238, 61, 1153, 1160, -1,
        1160, 61, 1161, 1164, -1, 1164, 61, 60,
        59, -1, 1166, 170, 194, 190, 215, 235,
        233, 263, 288, 335, -1, 288, 243, 233,
        212, 215, 194, -1, 170, 182, 190, 214,
        235, 238, 278, 279, 326, 327, 370, 380,
        417, 450, 447, 488, 466, 504, -1, 466,
        425, 447, 408, 417, 370, -1, 425, 383,
        408, 364, 370, 326, -1, 450, 380, 412,
        359, -1, 235, 278, 263, 315, 335, 383,
        -1, 383, 315, 364, 326, -1, 315, 278,
        326, -1, 182, 204, 214, 238, -1, 204,
        227, 238, 279, -1, 227, 252, 279, 310,
        327, 380, -1, 380, 310, 359, 291, -1,
        252, 291, 310, -1, 524, 496, 529, 454,
        492, 479, -1, 479, 454, 438, 399, 381,
        344, 323, -1, 323, 363, 381, 418, 438,
        452, 479, -1, 452, 418, 445, 406, -1,
        363, 406, 418, -1, 963, 736, 958, 766,
        990, -1, 990, 966, 958, 963, -1, 70,
        1202, 66, 1122, 1183, -1, 70, 66, 65,
        64, 149, 143, 174, 165, 198, -1, 198,
        231, 174, 208, 184, -1, 174, 184, 149,
        65, -1, 165, 143, 117, 64, 1228, 1183,
        -1, 66, 1183, 64, -1, 179, 202, 180,
        232, -1, 232, 202, 267, 226, 250, 225,
        251, -1, 251, 249, 250, 295, 355, 336,
        403, 437, 495, 1177, 1182, 1180, 1181, 1176,
        272, 1174, 262, 1170, 1167, 377, 337, 336,
        338, 249, -1, 295, 249, 336, -1, 336,
        377, 437, 1171, 1176, 1173, 1174, 1170, -1,
        1173, 1171, 1170, 377, -1, 437, 1176, 1177,
        1180, -1, 337, 1168, 1167, 261, 262, -1,
        272, 282, 1181, 1182, -1, 225, 226, 179,
        202, -1, 282, 1187, 1182, 1186, 1184, 1188,
        547, -1, 1186, 1187, 1188, 299, -1, 282,
        299, 1187, -1, 1182, 1184, 495, 547, 456,
        510, 470, 569, -1, 510, 547, 569, -1,
        495, 456, 403, 414, 355, 313, 250, 267,
        -1, 267, 313, 386, 414, 470, 456, -1,
        342, 1214, 1207, 1215, -1, 1215, 1214, 366,
        342, -1, 1201, 1205, 1199, 1194, 1193, -1,
        1199, 1193, 1201, -1, 1635, 1632, 1633, 1629,
        -1, 1632, 1628, 1629, 1625, -1, 1628, 1624,
        1625, 1621, -1, 1624, 1620, 1621, 1617, -1,
        1620, 1616, 1617, 1613, -1, 1616, 1612, 1613,
        1609, -1, 1612, 1608, 1609, 1605, -1, 1608,
        1604, 1605, 1601, -1, 1604, 1600, 1601, 1597,
        -1, 1600, 1596, 1597, 1591, -1, 1596, 1593,
        1591, 1589, 1587, 1585, 1584, 1581, 1580, 1577,
        1576, 1573, 1572, 1569, 1568, 1565, 1564, 1561,
        1560, 1557, 1556, 1553, 1551, 1552, 1547, -1,
        1551, 1547, 1546, 1543, 1542, 1539, 1538, 1535,
        1534, 1530, 1529, 1531, 1532, 1533, 1536, 1537,
        1540, 1541, 1544, 1545, 1548, 1549, 1550, -1,
        1548, 1550, 1554, 1555, 1558, 1559, 1562, 1563,
        1566, 1567, 1570, 1571, 1574, 1575, 1578, 1579,
        1582, 1583, 1586, 1588, 1590, 1592, 1594, 1595,
        1598, -1, 1594, 1598, 1599, 1602, 1603, 1606,
        1607, 1610, 1611, 1614, 1615, 1618, 1619, 1622,
        1623, 1626, 1627, 1630, 1631, 1634, 1633, 1635,
        -1, 1527, 1525, 1528, 1524, -1, 1525, 1521,
        1524, 1520, -1, 1521, 1518, 1520, 1517, -1,
        1518, 1514, 1517, 1513, -1, 1514, 1510, 1513,
        1509, -1, 1510, 1506, 1509, 1505, -1, 1506,
        1502, 1505, 1501, -1, 1502, 1495, 1501, 1498,
        -1, 1498, 1495, 1494, 1491, 1490, 1487, 1486,
        1483, 1482, 1479, 1478, 1475, 1474, 1471, 1470,
        1467, 1466, 1463, 1462, 1459, 1456, 1454, 1455,
        1451, -1, 1454, 1450, 1451, 1447, -1, 1450,
        1446, 1447, 1443, -1, 1446, 1442, 1443, 1439,
        -1, 1442, 1438, 1439, 1434, -1, 1438, 1433,
        1434, 1430, -1, 1433, 1429, 1430, 1426, -1,
        1429, 1425, 1426, 1424, -1, 1425, 1422, 1424,
        1423, -1, 1422, 1427, 1423, 1428, -1, 1427,
        1431, 1428, 1432, -1, 1431, 1435, 1432, 1436,
        -1, 1436, 1435, 1437, 1440, 1441, 1444, 1445,
        1448, 1449, 1452, 1453, 1457, 1458, 1460, 1461,
        1464, 1465, 1468, 1469, 1472, 1473, 1476, 1477,
        1480, -1, 1476, 1481, 1480, 1484, -1, 1481,
        1485, 1484, 1488, -1, 1485, 1489, 1488, 1492,
        -1, 1489, 1493, 1492, 1496, -1, 1493, 1497,
        1496, 1499, -1, 1497, 1500, 1499, 1503, -1,
        1500, 1504, 1503, 1507, -1, 1504, 1508, 1507,
        1511, -1, 1508, 1512, 1511, 1515, -1, 1512,
        1516, 1515, 1519, -1, 1519, 1516, 1522, 1523,
        1526, 1527, 1528, -1, 1421, 1386, 1385, 1387,
        1388, -1, 1388, 1389, 1385, 1390, 1391, -1,
        1391, 1392, 1385, 1393, 1394, -1, 1394, 1395,
        1385, 1396, 1397, -1, 1397, 1398, 1385, 1399,
        1400, -1, 1400, 1401, 1385, 1402, 1403, -1,
        1403, 1404, 1385, 1405, 1406, -1, 1406, 1407,
        1385, 1408, 1409, -1, 1409, 1410, 1385, 1411,
        1412, -1, 1412, 1413, 1385, 1414, 1415, -1,
        1415, 1416, 1385, 1417, 1418, -1, 1418, 1419,
        1385, 1420, 1421, -1, 1384, 1345, 1344, 1346,
        1347, -1, 1347, 1348, 1344, 1349, 1350, -1,
        1350, 1351, 1344, 1352, 1353, -1, 1353, 1354,
        1344, 1355, 1356, -1, 1356, 1357, 1344, 1358,
        1359, -1, 1359, 1360, 1344, 1361, 1362, -1,
        1362, 1363, 1344, 1364, 1365, -1, 1365, 1366,
        1344, 1367, 1368, -1, 1368, 1369, 1344, 1370,
        1371, -1, 1371, 1372, 1344, 1373, 1374, -1,
        1374, 1375, 1344, 1376, 1377, -1, 1377, 1378,
        1344, 1379, 1380, -1, 1380, 1381, 1344, 1382,
        1383, -1, 1384, 1344, 1383, -1, 1343, 1342,
        1341, 1338, 1337, 1332, 1331, 1330, 1329, 1323,
        1325, 1321, -1, 1323, 1319, 1321, 1317, -1,
        1319, 1315, 1317, 1313, -1, 1315, 1311, 1313,
        1309, -1, 1311, 1307, 1309, 1305, -1, 1307,
        1303, 1305, 1301, -1, 1303, 1299, 1301, 1297,
        -1, 1299, 1295, 1297, 1293, -1, 1295, 1291,
        1293, 1289, -1, 1291, 1285, 1289, 1286, -1,
        1286, 1285, 1284, 1283, 1280, 1279, 1276, 1275,
        1270, 1268, 1269, 1271, 1272, 1273, 1274, 1277,
        1278, 1281, 1282, 1287, 1288, 1290, -1, 1287,
        1292, 1290, 1294, -1, 1292, 1296, 1294, 1298,
        -1, 1296, 1300, 1298, 1302, -1, 1300, 1304,
        1302, 1306, -1, 1304, 1308, 1306, 1310, -1,
        1308, 1312, 1310, 1314, -1, 1312, 1316, 1314,
        1318, -1, 1316, 1320, 1318, 1322, -1, 1320,
        1324, 1322, 1326, -1, 1326, 1324, 1327, 1328,
        1333, 1334, 1335, 1336, 1339, 1340, 1343, 1342,
        -1 ]
    materialIndex 0
    normalIndex [ 1810, 1810, 1809, 1809, 1808, -1, 1809, 1808,
        1807, 1806, 1805, 1804, 1803, 1802, 1802, 1801,
        -1, 1802, 1801, 1801, 1800, 1799, 1798, 1797,
        1796, 1795, 1794, 1793, 1792, 1791, 1790, 1790,
        1788, -1, 1790, 1789, 1788, 1786, 1787, 1784,
        -1, 1786, 1785, 1784, 1783, 1782, 1781, 1781,
        1779, -1, 1781, 1780, 1779, 1778, 1778, 1777,
        -1, 1778, 1776, 1777, 1775, -1, 1776, 1775,
        1775, 1773, 1774, 1772, -1, 1773, 1771, 1772,
        1770, -1, 1771, 1769, 1770, 1768, -1, 1769,
        1768, 1768, 1767, 1767, 1766, -1, 1767, 1765,
        1766, 1764, -1, 1765, 1763, 1764, 1762, -1,
        1763, 1761, 1762, 1760, -1, 1761, 1760, 1760,
        1759, 1759, 1758, -1, 1759, 1758, 1758, 1756,
        1757, 1755, -1, 1756, 1755, 1755, 1754, 1754,
        1753, -1, 1754, 1753, 1753, 1752, 1752, 1750,
        -1, 1752, 1751, 1750, 1749, 1749, 1747, -1,
        1749, 1748, 1747, 1746, 1745, 1744, 1743, 1741,
        1742, 1740, -1, 1741, 1740, 1740, 1739, 1738,
        1737, 1736, 1734, 1735, 1732, -1, 1734, 1733,
        1732, 1731, 1730, 1729, 1728, 1727, 1727, -1,
        1726, 1725, 1724, 1723, 1721, 1722, 1720, -1,
        1721, 1720, 1719, 1717, 1718, 1716, -1, 1717,
        1715, 1716, 1714, -1, 1715, 1713, 1714, 1712,
        -1, 1713, 1711, 1712, 1709, -1, 1711, 1710,
        1709, 1708, 1707, 1706, 1705, 1704, 1703, 1702,
        1701, 1700, 1699, 1698, 1697, 1696, 1695, 1694,
        1693, 1691, 1692, 1689, -1, 1691, 1690, 1689,
        1688, 1687, 1686, 1685, 1684, 1683, 1682, 1681,
        1680, 1679, 1678, 1677, 1676, 1675, 1674, 1673,
        1672, 1671, 1669, 1670, 1667, -1, 1669, 1668,
        1667, 1666, 1665, 1664, 1663, 1662, 1661, 1660,
        1659, 1658, 1658, 1656, -1, 1658, 1657, 1656,
        1655, 1654, 1653, 1652, 1651, 1650, 1649, 1648,
        1646, 1647, 1644, -1, 1646, 1645, 1644, 1643,
        1642, 1641, 1640, 1639, 1638, 1636, 1637, 1635,
        -1, 1636, 1634, 1635, 1633, -1, 1634, 1632,
        1633, 1631, -1, 1632, 1630, 1631, 1629, -1,
        1630, 1628, 1629, 1627, -1, 1628, 1626, 1627,
        1625, -1, 1626, 1624, 1625, 1623, -1, 1624,
        1622, 1623, 1621, -1, 1622, 1620, 1621, 1619,
        -1, 1620, 1618, 1619, 1617, -1, 1618, 1614,
        1617, 1616, -1, 1616, 1614, 1615, -1, 1612,
        1611, 1609, 1610, 1608, -1, 1609, 1608, 1607,
        1606, 1605, 1604, 1603, 1602, 1601, 1600, 1599,
        1598, 1597, 1595, 1596, 1593, -1, 1595, 1594,
        1593, 1592, 1591, 1590, 1589, 1587, 1588, 1586,
        -1, 1587, 1585, 1586, 1583, -1, 1585, 1584,
        1583, 1582, 1581, 1580, 1579, 1578, 1577, 1576,
        1575, 1574, 1573, 1572, 1571, 1570, 1569, 1568,
        1567, 1566, 1565, 1564, 1563, 1562, 1561, 1560,
        1559, 1558, 1557, 1556, 1555, 1554, 1553, 1552,
        1551, 1549, 1550, 1547, -1, 1549, 1548, 1547,
        1545, 1546, 1543, -1, 1545, 1544, 1543, 1539,
        1542, 1541, -1, 1541, 1539, 1540, -1, 1516,
        1515, 1514, 1513, 1512, 1511, 1510, 1509, 1508,
        1507, 1506, 1505, 1504, 1503, 1502, 1501, 1500,
        1499, 1498, 1497, 1496, 1494, 1495, 1493, -1,
        1494, 1492, 1493, 1491, -1, 1492, 1490, 1491,
        1489, -1, 1490, 1488, 1489, 1487, -1, 1488,
        1486, 1487, 1485, -1, 1486, 1484, 1485, 1483,
        -1, 1484, 1482, 1483, 1481, -1, 1482, 1480,
        1481, 1479, -1, 1480, 1478, 1479, 1477, -1,
        1478, 1476, 1477, 1475, -1, 1476, 1474, 1475,
        1473, -1, 1474, 1472, 1473, 1471, -1, 1472,
        1470, 1471, 1469, -1, 1470, 1467, 1469, 1468,
        -1, 1468, 1467, 1466, 1465, 1464, 1463, 1462,
        1461, 1460, 1459, 1458, 1457, 1456, 1455, 1454,
        1453, 1452, 1451, 1450, 1449, 1448, 1447, 1446,
        1445, 1444, 1443, 1442, 1441, 1440, 1439, 1438,
        1437, 1436, 1435, 1434, 1432, 1433, -1, 1430,
        1429, 1428, 1427, 1426, 1425, 1424, 1423, 1422,
        1421, 1420, 1419, 1418, 1417, 1416, 1414, 1415,
        1413, -1, 1414, 1412, 1413, 1411, -1, 1412,
        1410, 1411, 1409, -1, 1410, 1408, 1409, 1407,
        -1, 1408, 1406, 1407, 1405, -1, 1406, 1404,
        1405, 1403, -1, 1404, 1402, 1403, 1401, -1,
        1402, 1400, 1401, 1399, -1, 1400, 1398, 1399,
        1397, -1, 1398, 1396, 1397, 1395, -1, 1396,
        1394, 1395, 1393, -1, 1394, 1392, 1393, 1391,
        -1, 1392, 1390, 1391, 1389, -1, 1390, 1388,
        1389, 1387, -1, 1388, 1386, 1387, 1385, -1,
        1386, 1384, 1385, 1383, -1, 1384, 1381, 1383,
        1382, -1, 1382, 1381, 1380, 1379, 1378, 1377,
        1376, 1375, 1374, 1373, 1372, 1371, 1370, 1369,
        1368, 1367, 1366, 1365, 1364, 1363, 1362, 1361,
        1360, 1359, 1358, 1357, 1356, 1355, 1354, 1353,
        1352, 1351, 1350, 1349, 1346, 1347, 1348, -1,
        258, 18, 256, 255, -1, 255, 18, 17,
        7, 16, 12, -1, 12, 7, 11, 6,
        1289, 1287, 1288, 1283, 1284, 1282, 1286, 1281,
        1280, 1278, 1275, 1276, 1271, 831, 824, 808,
        795, 782, 785, 767, 754, 730, 692, 711,
        665, 629, 588, 598, 556, 520, 502, 460,
        472, 431, 441, 397, 376, 331, 312, 257,
        221, 206, 168, 158, 134, 14, 23, 13,
        -1, 23, 136, 134, 154, 187, 180, 211,
        232, 297, 267, 343, 386, 435, 470, 527,
        569, 621, 648, 647, 679, 673, 701, 714,
        733, 763, 1241, 1249, 1244, 1248, 1238, 1235,
        1236, 1227, 1231, 1229, 1225, 1220, 1217, 1218,
        648, 1206, 597, 1205, 1200, 1202, 1199, 1204,
        1198, 1203, -1, 1202, 1204, 1205, 1203, 1214,
        1213, 1218, 1220, -1, 648, 569, 597, 547,
        1200, 1199, -1, 648, 1217, 679, 1225, 701,
        1232, 733, 1238, 1241, 1244, -1, 1225, 1231,
        1232, 1233, 1238, 1236, -1, 1233, 1231, 1236,
        -1, 1235, 1247, 1248, 1249, -1, 154, 136,
        180, 181, 179, -1, 134, 187, 168, 221,
        -1, 556, 502, 588, 535, 574, 505, 544,
        482, 519, 449, 552, 493, 585, 527, 621,
        -1, 527, 493, 435, 393, 343, 354, 297,
        312, 247, 221, 187, -1, 187, 211, 247,
        297, -1, 493, 449, 393, 354, -1, 502,
        472, 535, 505, -1, 472, 441, 505, 482,
        -1, 441, 376, 482, 411, 449, 354, -1,
        354, 411, 312, 376, -1, 1278, 1281, 1276,
        1277, 837, 841, 823, 828, 805, 813, 793,
        798, 775, 783, 758, 766, 735, 745, 713,
        725, 687, 703, 681, 699, 667, 69, 663,
        688, 656, 671, 625, 640, 592, 603, 575,
        543, 540, 541, 469, -1, 543, 603, 605,
        1208, 1209, 1210, -1, 603, 640, 1208, 1212,
        1210, 1222, 1223, 1224, -1, 640, 671, 1212,
        708, 1222, 55, 1224, 57, 1234, 77, 1242,
        1239, 81, 75, 80, 71, 67, 68, 69,
        62, 688, 708, 671, -1, 69, 699, 67,
        716, 736, 731, 100, 755, 98, 773, 790,
        792, 803, 807, 820, 833, 842, 845, 849,
        851, 20, 5, 19, 4, 18, 7, -1,
        18, 22, 19, 21, 20, 852, 849, 847,
        842, 832, 820, 816, 803, 114, 790, 102,
        98, 99, 100, 78, 80, 79, 81, 82,
        1242, 1234, -1, 1234, 82, 1245, 83, 1246,
        85, 90, 89, 92, 78, 99, -1, 1246,
        90, 1245, 1252, -1, 82, 79, 83, 84,
        85, 89, -1, 89, 84, 78, 79, -1,
        100, 80, 736, 67, -1, 22, 853, 21,
        852, -1, 853, 848, 852, 847, -1, 848,
        839, 847, 838, 832, 816, -1, 839, 827,
        838, 825, 816, 122, 114, 123, 121, 125,
        135, 111, 110, 107, 106, 105, 104, 133,
        99, 92, -1, 92, 133, 90, 105, 1252,
        111, 1259, 125, 826, 122, 825, -1, 827,
        826, 825, -1, 122, 125, 123, -1, 105,
        107, 111, -1, 99, 102, 104, 106, -1,
        106, 102, 110, 112, 135, 115, 121, 114,
        -1, 114, 115, 102, 112, -1, 699, 703,
        716, 731, -1, 703, 725, 731, 755, -1,
        725, 745, 755, 773, -1, 745, 766, 773,
        792, -1, 766, 783, 792, 807, -1, 783,
        798, 807, 818, 833, 834, 845, 843, 851,
        1287, 5, 6, 3, 7, 4, -1, 5,
        3, 4, -1, 1287, 843, 1283, 841, 1277,
        -1, 1283, 1277, 1282, 1281, -1, 841, 843,
        828, 834, 813, 818, 798, -1, 1239, 77,
        75, 76, 71, 72, 68, 131, 63, 57,
        56, 55, 58, 708, 62, -1, 58, 62,
        56, 63, -1, 63, 62, 68, -1, 131,
        72, 57, 76, 77, -1, 1276, 837, 831,
        823, 814, 800, 794, 779, 764, 741, 752,
        726, 711, 675, 629, 643, 598, 606, 562,
        581, 534, 513, 487, 463, 433, 409, 401,
        372, 367, 346, 273, 300, 231, 242, 208,
        219, 184, 163, 65, 140, 70, 1, 0,
        2, 1169, 1106, 1070, 1008, 919, 944, 855,
        876, 812, 777, 776, 737, -1, 776, 811,
        812, 855, -1, 811, 854, 855, 919, -1,
        854, 918, 919, 971, 1070, 1032, 1128, 1095,
        1193, 1151, 1243, 116, 117, 113, 165, 158,
        191, 206, 223, 234, 273, 302, 367, 397,
        431, -1, 367, 431, 401, 460, 433, 487,
        -1, 460, 520, 487, 534, -1, 534, 520,
        562, 598, -1, 397, 302, 331, 234, 257,
        206, -1, 273, 231, 223, 198, 191, 165,
        -1, 158, 113, 14, 15, 13, 1230, -1,
        113, 116, 15, 1230, -1, 1230, 116, 1150,
        1151, 1094, 1095, 1031, 1032, 970, 971, 918,
        -1, 1070, 1128, 1169, 1215, 0, 70, -1,
        1008, 1106, 944, 1044, 876, 982, 829, 907,
        840, 920, 799, 858, 765, 809, 732, 781,
        753, 796, 768, 817, 734, 791, 757, 784,
        750, 772, 712, 742, 697, 928, 933, 973,
        936, 1012, 1013, 1050, 1018, 1080, 1082, 1083,
        1085, 1109, 1065, 1107, 1105, 1108, 1115, 1126,
        1117, 1133, 1143, 1137, 1149, 1144, 1145, 1131,
        1146, 1155, 1156, 1154, 1165, 1164, 88, 86,
        87, 124, 152, 161, 176, 185, 203, 210,
        228, 236, 254, 275, 309, 318, 351, 356,
        392, 394, 423, 436, 465, 473, 500, 511,
        537, 554, 580, 590, 617, 609, 633, 635,
        659, 668, 690, 695, 719, 726, 741, -1,
        726, 695, 675, 643, -1, 695, 668, 643,
        606, -1, 668, 635, 606, 609, 581, 558,
        513, 522, 477, 429, 378, 389, 333, 350,
        292, 246, 213, 224, 193, 205, 171, 178,
        146, 157, 36, 101, 37, 103, 1221, 1153,
        1102, 1036, 986, 925, 835, 796, 781, -1,
        513, 477, 463, 420, 409, 369, 372, 329,
        346, 300, -1, 477, 378, 420, 369, -1,
        609, 590, 558, 554, 522, 484, 429, 443,
        389, 350, -1, 554, 511, 484, 473, 443,
        405, 350, 305, 246, 224, -1, 473, 436,
        405, 361, 305, 325, 253, 230, 205, 178,
        -1, 205, 224, 253, 305, -1, 436, 394,
        361, 325, -1, 394, 356, 325, 283, 230,
        240, 209, 216, 186, 162, 101, 119, 103,
        118, 1153, 1081, 1036, 974, 925, 913, 864,
        856, 817, 791, -1, 817, 796, 864, 925,
        -1, 101, 157, 186, 209, -1, 157, 178,
        209, 230, -1, 356, 318, 283, 240, -1,
        318, 275, 240, 216, -1, 275, 236, 216,
        189, 162, 164, 119, 120, 118, 1180, 1081,
        1026, 974, 963, 913, 897, 856, 815, 791,
        784, -1, 236, 210, 189, 164, -1, 210,
        185, 164, 141, 120, 142, 1180, 1110, 1026,
        963, -1, 185, 161, 141, 128, 142, 1201,
        1110, 1055, 963, 897, -1, 161, 124, 128,
        126, 1201, 1138, 1055, 1056, 897, 1069, 850,
        1052, 1037, 1020, 1019, 972, 1004, 996, 806,
        772, 784, -1, 784, 815, 806, 850, 1034,
        1037, 1019, -1, 850, 815, 897, -1, 1019,
        1004, 1034, 806, -1, 124, 86, 126, 1219,
        1138, 1077, 1056, 1068, 1069, 1052, -1, 86,
        1164, 1219, 1161, 1077, 1078, 1068, 1090, 1075,
        1049, 1067, 1047, 1020, 972, -1, 1020, 1052,
        1067, 1068, 1075, -1, 1164, 1154, 1161, 1114,
        1078, 1113, 1104, 1083, 1100, 1080, 1049, 1050,
        1047, 1012, 972, 973, 969, 928, 742, -1,
        1049, 1090, 1100, 1078, 1104, -1, 1155, 1131,
        1154, 1114, -1, 1126, 1108, 1133, 1136, 1137,
        1144, -1, 1144, 1136, 1131, 1129, 1130, 1083,
        1113, -1, 1113, 1114, 1130, 1131, -1, 1083,
        1129, 1109, 1108, 1107, -1, 1108, 1129, 1136,
        -1, 876, 829, 777, 789, 738, 694, 693,
        649, -1, 693, 737, 738, 777, -1, 829,
        840, 789, 756, 694, 650, 649, 616, -1,
        840, 799, 756, 720, 650, 614, 616, 576,
        -1, 799, 765, 720, 672, 614, 634, 577,
        539, 538, 506, -1, 538, 576, 577, 614,
        -1, 765, 732, 672, 634, -1, 1106, 2,
        1044, 1132, 1064, 1163, 999, 1091, 1015, 1116,
        950, 1053, 879, 986, 835, -1, 835, 781,
        879, 809, 950, 858, 1015, 920, 999, 907,
        1064, 982, 1044, -1, 986, 1053, 1102, 1176,
        1221, 35, 37, 36, -1, 1053, 1116, 1176,
        1195, 35, 45, 36, 74, 146, 151, 171,
        193, -1, 1116, 1091, 1195, 1163, 1251, 1226,
        73, 108, 109, 1, 153, 140, 175, 163,
        197, 219, 218, 239, 237, 270, 333, 320,
        378, 369, -1, 369, 320, 329, 284, 300,
        242, -1, 320, 270, 284, 239, 242, 219,
        -1, 333, 292, 237, 213, 218, 195, 197,
        175, -1, 175, 195, 153, 173, 109, 151,
        74, -1, 109, 74, 73, 45, 1251, 1195,
        -1, 151, 173, 193, 213, -1, 173, 195,
        213, -1, 1, 108, 2, 1132, -1, 108,
        1226, 1132, 1163, -1, 711, 730, 752, 767,
        782, -1, 752, 782, 764, 794, -1, 782,
        808, 794, 814, -1, 814, 808, 831, -1,
        823, 805, 800, 786, 779, 760, 741, 719,
        -1, 805, 793, 786, 775, 769, 749, 739,
        717, 719, 690, -1, 719, 760, 739, 769,
        -1, 769, 760, 786, -1, 775, 758, 749,
        728, 717, 684, 690, 659, -1, 758, 735,
        728, 713, 698, 687, 676, 670, 657, 636,
        624, 587, 571, 550, 532, 498, 500, 465,
        -1, 465, 498, 423, 457, 422, 480, 445,
        490, 452, 508, 479, 523, 492, 563, 529,
        559, 524, 575, 540, -1, 575, 559, 592,
        563, 594, 565, 593, 549, 578, 531, 567,
        517, 550, 498, -1, 498, 517, 457, 480,
        -1, 480, 517, 490, 531, 508, 549, 523,
        565, 563, -1, 550, 587, 567, 602, 578,
        619, 593, 631, 627, 663, 656, -1, 656,
        625, 627, 594, 593, -1, 592, 594, 625,
        -1, 663, 631, 667, 619, 653, 602, 636,
        587, -1, 636, 670, 653, 681, 667, -1,
        681, 670, 687, -1, 423, 422, 392, 388,
        351, 309, -1, 422, 445, 388, 406, 348,
        363, 304, 323, 248, 264, 229, 241, 207,
        217, 183, 192, 160, 169, 139, 148, 50,
        48, 47, 49, 1237, 1254, 1207, 1159, 54,
        53, 51, 52, 44, 1135, 1134, 1099, 1127,
        1112, 1041, 1103, 967, 1093, 1076, 961, 894,
        903, 846, 844, 804, 802, 774, 778, 746,
        743, 700, 664, 626, 623, 584, 611, 572,
        573, 546, -1, 573, 611, 612, 651, 652,
        685, 686, 704, 705, 706, -1, 706, 704,
        707, 709, -1, 709, 704, 710, 722, 723,
        759, 761, 787, 819, 771, 801, 778, 802,
        -1, 778, 771, 743, 740, 702, 691, 660,
        685, 651, -1, 743, 702, 664, 660, 623,
        651, 611, -1, 771, 787, 740, 759, 691,
        722, 685, 704, -1, 761, 819, 821, 822,
        -1, 1076, 894, 967, 937, 1002, 978, 46,
        129, 127, 137, 130, 32, 1184, 1119, 1237,
        1140, 47, 1157, 1158, 1146, 138, 1156, 1168,
        1165, 88, -1, 47, 1158, 50, 138, 139,
        91, 160, 150, 183, 172, 207, 196, 229,
        220, 248, 228, 254, -1, 248, 254, 304,
        348, -1, 254, 309, 348, 388, -1, 228,
        220, 203, 176, -1, 220, 196, 176, 152,
        -1, 196, 172, 152, 87, -1, 172, 150,
        87, 91, 88, 1168, -1, 91, 138, 1168,
        -1, 1237, 1207, 1184, 130, -1, 1207, 54,
        130, 127, -1, 967, 1002, 1041, 42, 1127,
        1134, -1, 1134, 42, 44, 43, 51, 54,
        -1, 54, 43, 127, 46, -1, 43, 42,
        46, 1002, -1, 500, 537, 532, 571, -1,
        728, 698, 684, 661, 659, 633, -1, 633,
        661, 617, 645, 608, 624, 571, -1, 571,
        537, 608, 580, 617, -1, 624, 645, 657,
        676, -1, 645, 661, 676, 698, -1, 1284,
        1286, 1288, 1285, 11, 12, -1, 1289, 1288,
        11, -1, 1285, 1286, 1279, 1280, 1273, 1274,
        1268, 1269, 1263, 1264, 1256, 1257, 1247, 1249,
        -1, 1249, 1257, 1253, 1258, 1250, 1255, 788,
        797, 770, 785, 754, -1, 785, 797, 795,
        810, 824, 1266, 1271, 1272, 1275, 1280, -1,
        1280, 1272, 1274, 1270, 1267, 1266, 1261, 810,
        797, -1, 1266, 1270, 1272, -1, 797, 1255,
        1261, 1262, 1265, 1269, 1267, 1274, -1, 1261,
        1265, 1267, -1, 1269, 1262, 1264, 1260, 1258,
        1255, -1, 1255, 1260, 1262, -1, 1258, 1257,
        1264, -1, 1253, 1250, 1249, 763, -1, 1250,
        788, 763, 770, 744, 754, 721, 692, 654,
        665, 622, 588, 574, -1, 763, 744, 714,
        680, 673, 638, 647, 615, 621, 585, -1,
        585, 615, 552, 583, 519, 544, -1, 615,
        638, 583, 613, 544, 574, -1, 574, 613,
        622, 654, -1, 638, 680, 613, 654, -1,
        654, 680, 721, 744, -1, 1146, 1157, 1152,
        1141, 1149, 1143, -1, 1149, 1145, 1152, 1146,
        -1, 1157, 1140, 1141, 1139, 1142, 1117, 1143,
        -1, 1141, 1142, 1143, -1, 1140, 1119, 1139,
        1120, 1125, 1124, 1098, 1118, 40, 34, 33,
        32, 137, -1, 34, 1118, 32, 1119, -1,
        1119, 1118, 1120, 1124, -1, 1139, 1125, 1117,
        1111, 1115, 1087, 1105, 1089, 1065, 1063, 1058,
        1022, 1017, 997, 1016, 936, 1013, -1, 1013,
        1018, 1016, 1054, 1017, 1058, -1, 1018, 1082,
        1054, 1085, 1058, 1065, -1, 1125, 1098, 1111,
        1101, 1087, 1097, 1084, 1060, 1066, 1059, 989,
        1057, 1028, 1024, 1023, 1021, 954, 991, 953,
        916, 915, 917, 890, 892, 639, 895, 881,
        896, 900, 921, 729, 945, 762, 958, 940,
        941, 939, 966, 938, 965, 751, 962, 934,
        780, 932, 930, 715, 911, 669, 748, 884,
        906, 666, 700, 626, -1, 700, 906, 746,
        748, 747, 911, 930, -1, 930, 780, 747,
        774, 746, -1, 774, 780, 804, 830, 846,
        894, -1, 780, 962, 830, 871, 872, 874,
        910, 1035, 977, 1010, 1042, 1011, 1006, 992,
        1005, 952, 985, 955, 916, 917, -1, 830,
        872, 894, 937, -1, 872, 910, 937, 978,
        -1, 910, 977, 978, 980, 41, 1071, 39,
        1073, 1074, 1039, 1061, 1048, 1024, 1038, 1021,
        988, 991, 987, 916, 985, -1, 987, 988,
        985, 1005, -1, 1048, 1039, 1038, 1033, 988,
        1014, 1005, 1006, -1, 1014, 1033, 1006, 1046,
        1045, 1043, 1042, 980, 977, -1, 1042, 1006,
        1045, -1, 980, 1043, 1071, 1046, 1039, 1033,
        -1, 1071, 1039, 1073, -1, 978, 41, 129,
        137, -1, 137, 41, 33, 39, 38, 1096,
        1092, 1079, 1060, 1057, 1059, -1, 1060, 1097,
        1092, 1098, 38, 40, 33, -1, 1098, 1097,
        1101, -1, 39, 1074, 1096, 1062, 1079, 1072,
        1057, 1024, -1, 1072, 1062, 1024, 1061, -1,
        1061, 1062, 1074, -1, 962, 965, 871, 966,
        998, 941, 1000, 1001, 874, 1035, -1, 1000,
        874, 998, 871, -1, 932, 715, 934, 751,
        -1, 1023, 954, 1028, 990, 989, 984, 1030,
        983, 1027, 960, 1022, 997, -1, 1022, 1063,
        1027, 1029, 1030, 1066, 989, -1, 1066, 1029,
        1084, 1086, 1087, 1089, -1, 1086, 1029, 1089,
        1063, -1, 997, 960, 976, 959, 936, 935,
        933, 904, 697, 655, 620, 582, 548, 542,
        509, 503, 478, 471, 446, 442, 419, 402,
        385, 368, 360, 345, 334, 324, 314, 303,
        294, 287, 286, 276, -1, 976, 936, 997,
        -1, 286, 293, 294, 307, 314, 330, 334,
        353, 360, 379, 385, 407, 419, 446, -1,
        293, 306, 307, 322, 349, 340, 362, 358,
        382, 404, 410, 434, 476, 512, 566, 607,
        677, 724, 750, 757, -1, 750, 712, 677,
        662, 628, 586, 566, 526, 476, 444, 410,
        387, 382, 362, -1, 628, 566, 677, -1,
        712, 697, 662, 620, 586, 548, 491, 453,
        416, 398, 371, 379, 353, -1, 548, 509,
        453, 478, 432, 446, 407, -1, 407, 379,
        432, 398, 453, -1, 586, 491, 526, 444,
        -1, 491, 416, 444, 387, -1, 416, 371,
        387, 362, -1, 362, 371, 349, 353, 330,
        -1, 330, 307, 349, -1, 306, 321, 322,
        340, -1, 321, 339, 340, 358, -1, 339,
        357, 358, 374, 404, 424, 434, 467, 512,
        501, 555, 589, 646, 689, 757, 734, -1,
        757, 724, 646, 607, 555, 512, -1, 357,
        373, 374, 391, 424, 413, 451, 483, 536,
        579, 589, 632, 689, 674, 734, 768, -1,
        589, 501, 536, 451, -1, 501, 467, 451,
        424, -1, 373, 390, 391, 413, -1, 390,
        415, 413, 440, 483, 521, 579, 557, 618,
        658, 718, 696, 753, 732, -1, 732, 696,
        634, 658, 595, 557, 539, 507, 506, 474,
        -1, 595, 539, 634, -1, 557, 521, 507,
        475, 474, 439, -1, 521, 440, 475, 439,
        -1, 415, 439, 440, -1, 753, 768, 718,
        674, 618, 632, 579, -1, 276, 287, 277,
        303, 289, 324, 308, 345, 328, 368, 352,
        402, 30, 857, 26, 462, 24, 31, 25,
        29, 28, 347, 332, 319, 301, 316, 298,
        299, 282, -1, 299, 316, 317, 341, 342,
        365, 366, 395, 396, 427, 428, 458, 459,
        485, 486, 515, 516, 545, 546, 572, -1,
        316, 319, 341, 347, 375, 29, 421, 448,
        489, 860, 525, 481, 514, 461, 497, 471,
        503, -1, 471, 461, 442, 462, 857, -1,
        402, 442, 857, -1, 461, 481, 462, 859,
        31, 448, 29, -1, 859, 481, 448, 860,
        -1, 341, 375, 365, 400, 395, 427, -1,
        375, 421, 400, 455, 430, 499, 464, 528,
        494, 518, 485, 515, -1, 515, 518, 545,
        553, 572, 584, -1, 584, 553, 626, 591,
        666, 630, 884, 669, -1, 485, 458, 494,
        464, -1, 458, 427, 464, 430, -1, 427,
        400, 430, -1, 421, 489, 455, 533, 499,
        564, 528, 561, 518, 553, -1, 553, 561,
        591, 630, -1, 24, 25, 26, 30, -1,
        25, 28, 30, 332, 352, 311, 328, 296,
        308, 280, 289, 269, 277, 268, 276, -1,
        268, 269, 265, 266, 259, 260, 261, 262,
        -1, 332, 301, 311, 285, 296, 274, 280,
        269, -1, 269, 274, 266, 260, -1, 260,
        274, 271, 281, 272, 282, -1, 282, 281,
        298, 301, -1, 301, 281, 285, 274, -1,
        272, 262, 271, 260, -1, 630, 561, 596,
        564, 601, 533, 570, 861, 525, 489, -1,
        533, 489, 861, -1, 630, 596, 669, 637,
        678, 642, 683, 878, 880, 604, 644, 600,
        881, 639, -1, 881, 900, 644, 899, 893,
        729, 683, 727, 678, 715, 669, -1, 729,
        899, 900, -1, 715, 727, 751, 938, -1,
        938, 727, 939, 940, -1, 940, 727, 762,
        729, -1, 893, 683, 644, 880, -1, 878,
        642, 604, 570, 560, 525, 514, -1, 604,
        560, 600, 551, 599, 866, 865, 497, 863,
        530, 868, 867, 870, 568, 610, 582, 655,
        -1, 582, 568, 542, 530, 503, 497, -1,
        530, 568, 867, -1, 866, 551, 497, 514,
        -1, 514, 551, 560, -1, 600, 599, 639,
        641, 682, 888, 914, 887, 949, 947, 990,
        984, -1, 990, 954, 949, 953, 914, 915,
        682, 890, 639, -1, 570, 642, 601, 637,
        596, -1, 984, 947, 943, 926, 942, 927,
        909, 908, 905, 655, 904, -1, 904, 935,
        905, 909, -1, 935, 959, 909, 942, -1,
        947, 887, 926, 912, 927, 902, 908, 889,
        655, 882, 877, 875, 873, 641, 870, 868,
        -1, 870, 610, 873, 877, -1, 610, 655,
        877, -1, 984, 943, 983, 956, 960, 959,
        -1, 959, 956, 942, 943, -1, 641, 869,
        868, 863, -1, 863, 869, 865, 599, -1,
        641, 599, 869, -1, 875, 885, 641, 886,
        888, 887, -1, 886, 885, 887, 901, 912,
        902, -1, 902, 901, 889, 883, 882, 875,
        -1, 875, 883, 885, 901, -1, 1035, 1001,
        1003, 981, 1007, 946, 1009, 1011, 1010, -1,
        1009, 1010, 1007, 1035, 1003, -1, 1011, 946,
        992, 979, 952, 968, 948, 923, 924, 922,
        896, 921, -1, 922, 923, 921, 945, -1,
        896, 895, 924, 898, 948, 951, 952, 955,
        -1, 951, 898, 955, 917, -1, 917, 898,
        892, 895, -1, 979, 946, 968, 923, -1,
        923, 946, 945, 958, -1, 1001, 941, 981,
        975, 946, 958, -1, 941, 958, 975, -1,
        819, 862, 822, 929, 931, 993, 994, 995,
        -1, 993, 1051, 995, 1121, 1122, 1123, -1,
        1121, 1187, 1123, 1188, -1, 1187, 1240, 1188,
        94, -1, 1240, 97, 94, 93, 95, 96,
        -1, 93, 155, 96, 156, -1, 155, 177,
        156, 199, 200, 201, -1, 199, 222, 201,
        243, 244, 245, -1, 243, 288, 245, 290,
        -1, 288, 335, 290, 383, 384, 425, 426,
        466, 468, 469, -1, 466, 504, 469, 540,
        -1, 540, 504, 524, 488, 496, 450, 454,
        412, 399, 359, 344, 291, 323, 264, -1,
        264, 291, 241, 252, 217, 227, 192, 204,
        169, 182, 159, 170, 145, 1172, 167, 194,
        188, 212, 222, 243, -1, 222, 199, 188,
        166, 167, 147, 60, 1171, 1170, 27, 1167,
        8, 1166, 1160, 1159, 53, -1, 1171, 147,
        27, 144, 9, 93, 10, 97, 1240, -1,
        93, 144, 155, 166, 177, 199, -1, 144,
        147, 166, -1, 27, 9, 8, 10, 1148,
        1216, 1135, 1147, 1099, 1088, 1040, 1025, 961,
        957, 903, 891, 844, 836, 802, 801, -1,
        801, 836, 819, 862, -1, 836, 891, 862,
        929, -1, 891, 957, 929, 993, -1, 993,
        957, 1051, 1025, 1088, -1, 1051, 1088, 1121,
        1187, -1, 1088, 1147, 1187, 1216, 1240, 10,
        -1, 961, 1093, 1040, 1103, 1112, -1, 1099,
        1040, 1112, -1, 1135, 52, 1148, 53, 1162,
        1160, 8, -1, 8, 1148, 1162, -1, 167,
        60, 145, 59, 132, 49, 48, -1, 48,
        148, 132, 159, 145, -1, 159, 148, 169,
        -1, 49, 59, 1254, 61, 1159, 1166, -1,
        1166, 61, 1167, 1170, -1, 1170, 61, 60,
        59, -1, 1172, 170, 194, 190, 215, 235,
        233, 263, 288, 335, -1, 288, 243, 233,
        212, 215, 194, -1, 170, 182, 190, 214,
        235, 238, 278, 279, 326, 327, 370, 380,
        417, 450, 447, 488, 466, 504, -1, 466,
        425, 447, 408, 417, 370, -1, 425, 383,
        408, 364, 370, 326, -1, 450, 380, 412,
        359, -1, 235, 278, 263, 315, 335, 383,
        -1, 383, 315, 364, 326, -1, 315, 278,
        326, -1, 182, 204, 214, 238, -1, 204,
        227, 238, 279, -1, 227, 252, 279, 310,
        327, 380, -1, 380, 310, 359, 291, -1,
        252, 291, 310, -1, 524, 496, 529, 454,
        492, 479, -1, 479, 454, 438, 399, 381,
        344, 323, -1, 323, 363, 381, 418, 438,
        452, 479, -1, 452, 418, 445, 406, -1,
        363, 406, 418, -1, 969, 742, 964, 772,
        996, -1, 996, 972, 964, 969, -1, 70,
        1215, 66, 1128, 1193, -1, 70, 66, 65,
        64, 149, 143, 174, 165, 198, -1, 198,
        231, 174, 208, 184, -1, 174, 184, 149,
        65, -1, 165, 143, 117, 64, 1243, 1193,
        -1, 66, 1193, 64, -1, 179, 202, 180,
        232, -1, 232, 202, 267, 226, 250, 225,
        251, -1, 251, 249, 250, 295, 355, 336,
        403, 437, 495, 1186, 1192, 1189, 1190, 1185,
        1183, 1182, 1177, 1178, 1174, 377, 337, 336,
        338, 249, -1, 295, 249, 336, -1, 336,
        377, 437, 1179, 1185, 1181, 1182, 1178, -1,
        1181, 1179, 1178, 377, -1, 437, 1185, 1186,
        1189, -1, 337, 1175, 1174, 1173, 1177, -1,
        1183, 1191, 1190, 1192, -1, 225, 226, 179,
        202, -1, 1191, 1197, 1192, 1196, 1194, 1199,
        547, -1, 1196, 1197, 1199, 1198, -1, 1191,
        1198, 1197, -1, 1192, 1194, 495, 547, 456,
        510, 470, 569, -1, 510, 547, 569, -1,
        495, 456, 403, 414, 355, 313, 250, 267,
        -1, 267, 313, 386, 414, 470, 456, -1,
        1213, 1228, 1220, 1229, -1, 1229, 1228, 1227,
        1213, -1, 1214, 1218, 1211, 1206, 1205, -1,
        1211, 1205, 1214, -1, 1431, 1431, 1431, 1431,
        -1, 1431, 1431, 1431, 1431, -1, 1431, 1431,
        1431, 1431, -1, 1431, 1431, 1431, 1431, -1,
        1431, 1431, 1431, 1431, -1, 1431, 1431, 1431,
        1431, -1, 1431, 1431, 1431, 1431, -1, 1431,
        1431, 1431, 1431, -1, 1431, 1431, 1431, 1431,
        -1, 1431, 1431, 1431, 1431, -1, 1431, 1431,
        1431, 1431, 1431, 1431, 1431, 1431, 1431, 1431,
        1431, 1431, 1431, 1431, 1431, 1431, 1431, 1431,
        1431, 1431, 1431, 1431, 1431, 1431, 1431, -1,
        1431, 1431, 1431, 1431, 1431, 1431, 1431, 1431,
        1431, 1431, 1431, 1431, 1431, 1431, 1431, 1431,
        1431, 1431, 1431, 1431, 1431, 1431, 1431, -1,
        1431, 1431, 1431, 1431, 1431, 1431, 1431, 1431,
        1431, 1431, 1431, 1431, 1431, 1431, 1431, 1431,
        1431, 1431, 1431, 1431, 1431, 1431, 1431, 1431,
        1431, -1, 1431, 1431, 1431, 1431, 1431, 1431,
        1431, 1431, 1431, 1431, 1431, 1431, 1431, 1431,
        1431, 1431, 1431, 1431, 1431, 1431, 1431, 1431,
        -1, 1613, 1613, 1613, 1613, -1, 1613, 1613,
        1613, 1613, -1, 1613, 1613, 1613, 1613, -1,
        1613, 1613, 1613, 1613, -1, 1613, 1613, 1613,
        1613, -1, 1613, 1613, 1613, 1613, -1, 1613,
        1613, 1613, 1613, -1, 1613, 1613, 1613, 1613,
        -1, 1613, 1613, 1613, 1613, 1613, 1613, 1613,
        1613, 1613, 1613, 1613, 1613, 1613, 1613, 1613,
        1613, 1613, 1613, 1613, 1613, 1613, 1613, 1613,
        1613, -1, 1613, 1613, 1613, 1613, -1, 1613,
        1613, 1613, 1613, -1, 1613, 1613, 1613, 1613,
        -1, 1613, 1613, 1613, 1613, -1, 1613, 1613,
        1613, 1613, -1, 1613, 1613, 1613, 1613, -1,
        1613, 1613, 1613, 1613, -1, 1613, 1613, 1613,
        1613, -1, 1613, 1613, 1613, 1613, -1, 1613,
        1613, 1613, 1613, -1, 1613, 1613, 1613, 1613,
        -1, 1613, 1613, 1613, 1613, 1613, 1613, 1613,
        1613, 1613, 1613, 1613, 1613, 1613, 1613, 1613,
        1613, 1613, 1613, 1613, 1613, 1613, 1613, 1613,
        1613, -1, 1613, 1613, 1613, 1613, -1, 1613,
        1613, 1613, 1613, -1, 1613, 1613, 1613, 1613,
        -1, 1613, 1613, 1613, 1613, -1, 1613, 1613,
        1613, 1613, -1, 1613, 1613, 1613, 1613, -1,
        1613, 1613, 1613, 1613, -1, 1613, 1613, 1613,
        1613, -1, 1613, 1613, 1613, 1613, -1, 1613,
        1613, 1613, 1613, -1, 1613, 1613, 1613, 1613,
        1613, 1613, 1613, -1, 1535, 1518, 1517, 1519,
        1520, -1, 1520, 1521, 1517, 1522, 1523, -1,
        1523, 1524, 1517, 1525, 1526, -1, 1526, 1527,
        1517, 1528, 1529, -1, 1529, 1530, 1517, 1531,
        1532, -1, 1532, 1533, 1517, 1534, 1535, -1,
        1535, 1518, 1517, 1519, 1520, -1, 1520, 1536,
        1517, 1537, 1538, -1, 1538, 1524, 1517, 1525,
        1526, -1, 1526, 1527, 1517, 1528, 1529, -1,
        1529, 1530, 1517, 1531, 1532, -1, 1532, 1533,
        1517, 1534, 1535, -1, 1431, 1431, 1431, 1431,
        1431, -1, 1431, 1431, 1431, 1431, 1431, -1,
        1431, 1431, 1431, 1431, 1431, -1, 1431, 1431,
        1431, 1431, 1431, -1, 1431, 1431, 1431, 1431,
        1431, -1, 1431, 1431, 1431, 1431, 1431, -1,
        1431, 1431, 1431, 1431, 1431, -1, 1431, 1431,
        1431, 1431, 1431, -1, 1431, 1431, 1431, 1431,
        1431, -1, 1431, 1431, 1431, 1431, 1431, -1,
        1431, 1431, 1431, 1431, 1431, -1, 1431, 1431,
        1431, 1431, 1431, -1, 1431, 1431, 1431, 1431,
        1431, -1, 1431, 1431, 1431, -1, 1291, 1293,
        1294, 1295, 1296, 1340, 1339, 1338, 1337, 1309,
        1310, 1312, -1, 1309, 1333, 1312, 1331, -1,
        1333, 1318, 1331, 1320, -1, 1318, 1329, 1320,
        1324, -1, 1329, 1326, 1324, 1327, -1, 1326,
        1325, 1327, 1323, -1, 1325, 1321, 1323, 1319,
        -1, 1321, 1317, 1319, 1315, -1, 1317, 1313,
        1315, 1311, -1, 1313, 1307, 1311, 1308, -1,
        1308, 1307, 1306, 1305, 1302, 1301, 1298, 1297,
        1292, 1290, 1291, 1293, 1294, 1295, 1296, 1299,
        1300, 1303, 1304, 1309, 1310, 1312, -1, 1309,
        1314, 1312, 1316, -1, 1314, 1318, 1316, 1320,
        -1, 1318, 1322, 1320, 1324, -1, 1322, 1326,
        1324, 1327, -1, 1326, 1325, 1327, 1328, -1,
        1325, 1330, 1328, 1319, -1, 1330, 1317, 1319,
        1332, -1, 1317, 1334, 1332, 1311, -1, 1334,
        1335, 1311, 1308, -1, 1308, 1335, 1306, 1336,
        1341, 1301, 1342, 1343, 1344, 1345, 1291, 1293,
        -1 ]

  }
}

